workflow_id,workflow_version,method,model_flag,preset,stage,stage_role,stage_root,cfg_id,row_idx,run_root,parent_cfg_id,dataset_seed,budget,experiment_id,status,return_code,completed,objective_metric,objective_direction,objective_value,final_eval_rmse,final_eval_mse,final_round_seconds,final_train_seconds,final_candidate_generation_seconds,final_candidate_simulation_seconds,final_acquisition_seconds,final_selected_simulation_seconds,final_eval_seconds,active.candidate_method,active.log_every,active.marker.greedy_score_weight,active.marker.include_anchor_state_markers,active.marker.k_density,active.marker.pca_explained_variance,active.marker.preselect_factor,active.marker.settling_fraction,active.marker.weights.diversity,active.marker.weights.sparsity,dataset_manifest_path,final_marker_diversity_weight,final_marker_pca_components,final_marker_sparsity_weight,final_max_score,final_mean_marker_diversity,final_mean_marker_sparsity,final_mean_score,final_mean_selected_to_train_distance,final_p90_marker_diversity,final_p90_marker_sparsity,final_p90_score,final_preselect_size,final_round_idx,final_selected_indices,final_selected_max_score,final_selected_mean_marker_diversity,final_selected_mean_marker_sparsity,final_selected_mean_score,final_selected_min_score,final_train_size,history_path,manifest_dataset_manifest_path,manifest_telemetry_path,qbc_K,qbc_P,qbc_T,qbc_enable_logging,qbc_n0,qbc_n_test,run_manifest_path,stage1_overrides_raw,stage2_overrides_raw,stage3_overrides_raw
marker_directed_sm4_v1,1,marker_directed,SM4,default,stageA_policy,broad_policy_search,/Users/jonaswiendl/local/Repos/ml-surrogates-for-power-systems/hpo/results/marker_directed/stage1_policy_search/marker_directed_policy_search_20260302_112434,cfg_00000_91a9696479,0,/Users/jonaswiendl/local/Repos/ml-surrogates-for-power-systems/hpo/results/marker_directed/stage1_policy_search/marker_directed_policy_search_20260302_112434/runs/cfg_00000_91a9696479,,s01,b1024,thesis_marker_hpo_stage1,completed,0,True,final_eval_rmse,minimize,0.007370723417876112,0.007370723417876112,5.432756370282732e-05,25.806181813008152,19.515025331988,0.0008136200485751033,5.675909538054839,0.5839871260104701,0.0,0.02533760096412152,lhs,5,0.7,true,10,0.9,3,0.05,0.4,0.4,,0.5,3,0.5,1.0,0.23688745539693373,0.5042826589043682,0.07536222785711288,0.40484861180072207,0.33418402960409727,0.5482638074596539,0.10239501297473907,192,14,"[637, 18, 545, 303, 633, 1873, 447, 2030, 1862, 384, 1291, 289, 1240, 544, 1148, 1928, 1008, 1954, 1234, 1487, 360, 1118, 92, 600, 263, 1281, 381, 1377, 1613, 1413, 394, 375, 88, 25, 1513, 1476, 1975, 1516, 260, 428, 1918, 5, 1036, 924, 1013, 1726, 1067, 293, 1570, 2047, 78, 1685, 388, 1486, 1101, 94, 1980, 1464, 1874, 392, 1604, 1095, 1517, 2033]",1.0,0.40484861180072207,0.6193982086906875,0.13566823303699493,0.10342025756835938,960,/Users/jonaswiendl/local/Repos/ml-surrogates-for-power-systems/hpo/results/marker_directed/stage1_policy_search/marker_directed_policy_search_20260302_112434/runs/cfg_00000_91a9696479/qbc/history.jsonl,,,64,2048,15,true,64,256,/Users/jonaswiendl/local/Repos/ml-surrogates-for-power-systems/hpo/results/marker_directed/stage1_policy_search/marker_directed_policy_search_20260302_112434/runs/cfg_00000_91a9696479/run_manifest.json,active.candidate_method=lhs;;active.log_every=5;;active.marker.greedy_score_weight=0.7;;active.marker.include_anchor_state_markers=true;;active.marker.k_density=10;;active.marker.pca_explained_variance=0.9;;active.marker.preselect_factor=3;;active.marker.settling_fraction=0.05;;active.marker.weights.diversity=0.4;;active.marker.weights.sparsity=0.4;;qbc_K=64;;qbc_P=2048;;qbc_T=15;;qbc_enable_logging=true;;qbc_n0=64;;qbc_n_test=256,,
marker_directed_sm4_v1,1,marker_directed,SM4,default,stageA_policy,broad_policy_search,/Users/jonaswiendl/local/Repos/ml-surrogates-for-power-systems/hpo/results/marker_directed/stage1_policy_search/marker_directed_policy_search_20260302_112434,cfg_00001_68313930cf,1,/Users/jonaswiendl/local/Repos/ml-surrogates-for-power-systems/hpo/results/marker_directed/stage1_policy_search/marker_directed_policy_search_20260302_112434/runs/cfg_00001_68313930cf,,s01,b1024,thesis_marker_hpo_stage1,completed,0,True,final_eval_rmse,minimize,0.007558639739772083,0.007558639739772083,5.713303471566178e-05,25.784062260063365,19.499304638942704,0.0008368769194930792,5.670683605945669,0.5858096949523315,0.0,0.022655168897472322,lhs,5,0.7,true,10,0.9,3,0.05,0.6,0.4,,0.6,3,0.4,1.0,0.2349465823219806,0.5068100454450637,0.08088427782058716,0.39678022587080264,0.3305900083485338,0.5456257983017923,0.11096398532390594,192,14,"[637, 18, 1178, 303, 92, 1403, 447, 2030, 1712, 458, 839, 1548, 1389, 1073, 140, 1671, 1302, 1037, 1050, 1848, 1613, 1377, 325, 1041, 1253, 1381, 2000, 1652, 1119, 1843, 600, 305, 189, 241, 1539, 1003, 963, 1296, 243, 455, 267, 6, 1051, 1547, 807, 1048, 683, 1570, 1412, 742, 1165, 1246, 1504, 543, 1345, 1307, 327, 1295, 1300, 88, 1032, 686, 786, 492]",1.0,0.39678022587080264,0.6226078205981205,0.14399354159832,0.11202532052993774,960,/Users/jonaswiendl/local/Repos/ml-surrogates-for-power-systems/hpo/results/marker_directed/stage1_policy_search/marker_directed_policy_search_20260302_112434/runs/cfg_00001_68313930cf/qbc/history.jsonl,,,64,2048,15,true,64,256,/Users/jonaswiendl/local/Repos/ml-surrogates-for-power-systems/hpo/results/marker_directed/stage1_policy_search/marker_directed_policy_search_20260302_112434/runs/cfg_00001_68313930cf/run_manifest.json,active.candidate_method=lhs;;active.log_every=5;;active.marker.greedy_score_weight=0.7;;active.marker.include_anchor_state_markers=true;;active.marker.k_density=10;;active.marker.pca_explained_variance=0.9;;active.marker.preselect_factor=3;;active.marker.settling_fraction=0.05;;active.marker.weights.diversity=0.6;;active.marker.weights.sparsity=0.4;;qbc_K=64;;qbc_P=2048;;qbc_T=15;;qbc_enable_logging=true;;qbc_n0=64;;qbc_n_test=256,,
marker_directed_sm4_v1,1,marker_directed,SM4,default,stageA_policy,broad_policy_search,/Users/jonaswiendl/local/Repos/ml-surrogates-for-power-systems/hpo/results/marker_directed/stage1_policy_search/marker_directed_policy_search_20260302_112434,cfg_00002_de025da292,2,/Users/jonaswiendl/local/Repos/ml-surrogates-for-power-systems/hpo/results/marker_directed/stage1_policy_search/marker_directed_policy_search_20260302_112434/runs/cfg_00002_de025da292,,s01,b1024,thesis_marker_hpo_stage1,completed,0,True,final_eval_rmse,minimize,0.008973795798283158,0.008973795798283158,8.052901102928445e-05,25.640029603033327,19.453190629021265,0.0008477549999952316,5.5852882149629295,0.5735055459663272,0.0,0.022923177923075855,lhs,5,0.7,true,10,0.9,3,0.05,0.8,0.4,,0.6666666666666666,3,0.3333333333333333,1.0,0.23240656791162595,0.5076526240607815,0.08302387595176697,0.39572731137052664,0.32677618395545893,0.5525367769753591,0.11676613241434097,192,14,"[637, 18, 1031, 303, 92, 518, 2030, 447, 353, 1281, 1019, 607, 825, 872, 1222, 600, 1328, 88, 1073, 305, 1412, 1637, 642, 1694, 373, 2043, 1312, 1829, 332, 1377, 1892, 1329, 737, 1240, 1376, 1975, 1446, 783, 1757, 178, 405, 988, 1683, 6, 1445, 569, 683, 1048, 1220, 2013, 505, 717, 288, 578, 943, 601, 1894, 878, 636, 127, 847, 1630, 1289, 631]",1.0,0.39572731137052664,0.6131879753612198,0.14938634634017944,0.11799733340740204,960,/Users/jonaswiendl/local/Repos/ml-surrogates-for-power-systems/hpo/results/marker_directed/stage1_policy_search/marker_directed_policy_search_20260302_112434/runs/cfg_00002_de025da292/qbc/history.jsonl,,,64,2048,15,true,64,256,/Users/jonaswiendl/local/Repos/ml-surrogates-for-power-systems/hpo/results/marker_directed/stage1_policy_search/marker_directed_policy_search_20260302_112434/runs/cfg_00002_de025da292/run_manifest.json,active.candidate_method=lhs;;active.log_every=5;;active.marker.greedy_score_weight=0.7;;active.marker.include_anchor_state_markers=true;;active.marker.k_density=10;;active.marker.pca_explained_variance=0.9;;active.marker.preselect_factor=3;;active.marker.settling_fraction=0.05;;active.marker.weights.diversity=0.8;;active.marker.weights.sparsity=0.4;;qbc_K=64;;qbc_P=2048;;qbc_T=15;;qbc_enable_logging=true;;qbc_n0=64;;qbc_n_test=256,,
marker_directed_sm4_v1,1,marker_directed,SM4,default,stageA_policy,broad_policy_search,/Users/jonaswiendl/local/Repos/ml-surrogates-for-power-systems/hpo/results/marker_directed/stage1_policy_search/marker_directed_policy_search_20260302_112434,cfg_00003_70fcf57679,3,/Users/jonaswiendl/local/Repos/ml-surrogates-for-power-systems/hpo/results/marker_directed/stage1_policy_search/marker_directed_policy_search_20260302_112434/runs/cfg_00003_70fcf57679,,s01,b1024,thesis_marker_hpo_stage1,completed,0,True,final_eval_rmse,minimize,0.008315421877642877,0.008315421877642877,6.914624100318179e-05,25.905333653092384,19.66182518308051,0.0008022540714591742,5.637947899987921,0.5763178570196033,0.0,0.023902137065306306,lhs,5,0.9,true,10,0.9,3,0.05,0.4,0.4,,0.5,3,0.5,1.0,0.23633717519407027,0.5056908222043988,0.09457153081893921,0.4028163459211985,0.33086007728606087,0.5495114774019974,0.12034846097230911,192,14,"[637, 18, 88, 303, 1551, 1570, 2030, 66, 373, 384, 1137, 1367, 1757, 1078, 1621, 1928, 865, 1613, 78, 1168, 950, 611, 600, 623, 579, 560, 956, 1374, 1246, 481, 1237, 1329, 1369, 959, 1987, 1263, 1377, 176, 53, 1343, 712, 497, 1576, 415, 665, 5, 1711, 1345, 1685, 1244, 140, 941, 1371, 447, 966, 287, 27, 199, 1563, 867, 1648, 361, 1604, 1157]",1.0,0.4028163459211985,0.6297457741515043,0.15386784076690674,0.12169584631919861,960,/Users/jonaswiendl/local/Repos/ml-surrogates-for-power-systems/hpo/results/marker_directed/stage1_policy_search/marker_directed_policy_search_20260302_112434/runs/cfg_00003_70fcf57679/qbc/history.jsonl,,,64,2048,15,true,64,256,/Users/jonaswiendl/local/Repos/ml-surrogates-for-power-systems/hpo/results/marker_directed/stage1_policy_search/marker_directed_policy_search_20260302_112434/runs/cfg_00003_70fcf57679/run_manifest.json,active.candidate_method=lhs;;active.log_every=5;;active.marker.greedy_score_weight=0.9;;active.marker.include_anchor_state_markers=true;;active.marker.k_density=10;;active.marker.pca_explained_variance=0.9;;active.marker.preselect_factor=3;;active.marker.settling_fraction=0.05;;active.marker.weights.diversity=0.4;;active.marker.weights.sparsity=0.4;;qbc_K=64;;qbc_P=2048;;qbc_T=15;;qbc_enable_logging=true;;qbc_n0=64;;qbc_n_test=256,,
marker_directed_sm4_v1,1,marker_directed,SM4,default,stageA_policy,broad_policy_search,/Users/jonaswiendl/local/Repos/ml-surrogates-for-power-systems/hpo/results/marker_directed/stage1_policy_search/marker_directed_policy_search_20260302_112434,cfg_00004_ae7479ac6d,4,/Users/jonaswiendl/local/Repos/ml-surrogates-for-power-systems/hpo/results/marker_directed/stage1_policy_search/marker_directed_policy_search_20260302_112434/runs/cfg_00004_ae7479ac6d,,s01,b1024,thesis_marker_hpo_stage1,completed,0,True,final_eval_rmse,minimize,0.008038652452682402,0.008038652452682402,6.46199332550168e-05,26.02094561699778,19.836799759068526,0.0008400519145652652,5.5676637180149555,0.5847928819712251,0.0,0.026244924985803664,lhs,5,0.9,true,10,0.9,3,0.05,0.6,0.4,,0.6,3,0.4,1.0,0.2335694659508062,0.5039519502164402,0.10039728879928589,0.40932930683381247,0.32823575855598014,0.5459707474396222,0.13048356771469116,192,14,"[637, 18, 1659, 713, 303, 384, 1570, 1546, 438, 1613, 1877, 1435, 1114, 1030, 195, 1597, 1240, 1296, 1621, 395, 1246, 1281, 2030, 1736, 88, 1928, 191, 1475, 1637, 654, 231, 982, 237, 293, 1757, 703, 1209, 1412, 1841, 879, 1632, 1328, 941, 1220, 518, 388, 1999, 1345, 780, 593, 1034, 1676, 855, 1036, 163, 286, 1150, 1048, 53, 1864, 1166, 361, 1086, 1972]",1.0,0.40932930683381247,0.6285760264524831,0.1663321703672409,0.1314333975315094,960,/Users/jonaswiendl/local/Repos/ml-surrogates-for-power-systems/hpo/results/marker_directed/stage1_policy_search/marker_directed_policy_search_20260302_112434/runs/cfg_00004_ae7479ac6d/qbc/history.jsonl,,,64,2048,15,true,64,256,/Users/jonaswiendl/local/Repos/ml-surrogates-for-power-systems/hpo/results/marker_directed/stage1_policy_search/marker_directed_policy_search_20260302_112434/runs/cfg_00004_ae7479ac6d/run_manifest.json,active.candidate_method=lhs;;active.log_every=5;;active.marker.greedy_score_weight=0.9;;active.marker.include_anchor_state_markers=true;;active.marker.k_density=10;;active.marker.pca_explained_variance=0.9;;active.marker.preselect_factor=3;;active.marker.settling_fraction=0.05;;active.marker.weights.diversity=0.6;;active.marker.weights.sparsity=0.4;;qbc_K=64;;qbc_P=2048;;qbc_T=15;;qbc_enable_logging=true;;qbc_n0=64;;qbc_n_test=256,,
marker_directed_sm4_v1,1,marker_directed,SM4,default,stageA_policy,broad_policy_search,/Users/jonaswiendl/local/Repos/ml-surrogates-for-power-systems/hpo/results/marker_directed/stage1_policy_search/marker_directed_policy_search_20260302_112434,cfg_00005_1bbf6f3a14,5,/Users/jonaswiendl/local/Repos/ml-surrogates-for-power-systems/hpo/results/marker_directed/stage1_policy_search/marker_directed_policy_search_20260302_112434/runs/cfg_00005_1bbf6f3a14,,s01,b1024,thesis_marker_hpo_stage1,completed,0,True,final_eval_rmse,minimize,0.008150807507821019,0.008150807507821019,6.64356630295515e-05,25.62209957896266,19.454879533033818,0.0008313140133395791,5.555847579031251,0.5818812879733741,0.0,0.024248525965958834,lhs,5,0.9,true,10,0.9,3,0.05,0.8,0.4,,0.6666666666666666,3,0.3333333333333333,1.0,0.23630082899334282,0.5077849097948182,0.10390539467334747,0.4122712086802318,0.33181482474368273,0.5532500802773779,0.13634942471981049,192,14,"[637, 18, 1659, 1551, 1345, 1570, 2030, 438, 1426, 384, 1784, 1086, 839, 220, 1003, 1328, 1240, 42, 1685, 1205, 286, 703, 92, 1541, 88, 658, 374, 1637, 1362, 481, 1087, 1897, 1300, 1999, 846, 1928, 712, 1245, 1763, 1377, 180, 1884, 362, 1268, 1246, 1153, 941, 1621, 1835, 309, 502, 1432, 611, 163, 140, 1921, 865, 1504, 1412, 1502, 1972, 792, 361, 1764]",1.0,0.4122712086802318,0.6290578889034841,0.17323517799377441,0.13788408041000366,960,/Users/jonaswiendl/local/Repos/ml-surrogates-for-power-systems/hpo/results/marker_directed/stage1_policy_search/marker_directed_policy_search_20260302_112434/runs/cfg_00005_1bbf6f3a14/qbc/history.jsonl,,,64,2048,15,true,64,256,/Users/jonaswiendl/local/Repos/ml-surrogates-for-power-systems/hpo/results/marker_directed/stage1_policy_search/marker_directed_policy_search_20260302_112434/runs/cfg_00005_1bbf6f3a14/run_manifest.json,active.candidate_method=lhs;;active.log_every=5;;active.marker.greedy_score_weight=0.9;;active.marker.include_anchor_state_markers=true;;active.marker.k_density=10;;active.marker.pca_explained_variance=0.9;;active.marker.preselect_factor=3;;active.marker.settling_fraction=0.05;;active.marker.weights.diversity=0.8;;active.marker.weights.sparsity=0.4;;qbc_K=64;;qbc_P=2048;;qbc_T=15;;qbc_enable_logging=true;;qbc_n0=64;;qbc_n_test=256,,
marker_directed_sm4_v1,1,marker_directed,SM4,default,stageA_policy,broad_policy_search,/Users/jonaswiendl/local/Repos/ml-surrogates-for-power-systems/hpo/results/marker_directed/stage1_policy_search/marker_directed_policy_search_20260302_112434,cfg_00006_80602130cb,6,/Users/jonaswiendl/local/Repos/ml-surrogates-for-power-systems/hpo/results/marker_directed/stage1_policy_search/marker_directed_policy_search_20260302_112434/runs/cfg_00006_80602130cb,,s01,b1024,thesis_marker_hpo_stage1,completed,0,True,final_eval_rmse,minimize,0.008286901485692102,0.008286901485692102,6.867273623356596e-05,25.630917404894717,19.36569672403857,0.000826483010314405,5.5789769110269845,0.6574958369601518,0.0,0.023187038023024797,lhs,5,0.7,true,10,0.9,5,0.05,0.4,0.4,,0.5,3,0.5,1.0,0.23615692288831935,0.5045124529476231,0.07407283782958984,0.3867346961775759,0.3371648263012229,0.5476295674649672,0.10233037173748016,320,14,"[637, 18, 671, 303, 1551, 1377, 2030, 1952, 771, 1378, 1291, 9, 1662, 544, 846, 600, 410, 1319, 1223, 703, 1315, 772, 1328, 998, 709, 241, 676, 1036, 1486, 833, 2008, 841, 585, 447, 1306, 1467, 175, 6, 392, 555, 1568, 1903, 569, 27, 1726, 1203, 1613, 1004, 5, 257, 1056, 860, 1802, 127, 1475, 1092, 1245, 1442, 1024, 554, 179, 1032, 930, 481]",1.0,0.3867346961775759,0.6109098543818064,0.12913638353347778,0.09681102633476257,960,/Users/jonaswiendl/local/Repos/ml-surrogates-for-power-systems/hpo/results/marker_directed/stage1_policy_search/marker_directed_policy_search_20260302_112434/runs/cfg_00006_80602130cb/qbc/history.jsonl,,,64,2048,15,true,64,256,/Users/jonaswiendl/local/Repos/ml-surrogates-for-power-systems/hpo/results/marker_directed/stage1_policy_search/marker_directed_policy_search_20260302_112434/runs/cfg_00006_80602130cb/run_manifest.json,active.candidate_method=lhs;;active.log_every=5;;active.marker.greedy_score_weight=0.7;;active.marker.include_anchor_state_markers=true;;active.marker.k_density=10;;active.marker.pca_explained_variance=0.9;;active.marker.preselect_factor=5;;active.marker.settling_fraction=0.05;;active.marker.weights.diversity=0.4;;active.marker.weights.sparsity=0.4;;qbc_K=64;;qbc_P=2048;;qbc_T=15;;qbc_enable_logging=true;;qbc_n0=64;;qbc_n_test=256,,
marker_directed_sm4_v1,1,marker_directed,SM4,default,stageA_policy,broad_policy_search,/Users/jonaswiendl/local/Repos/ml-surrogates-for-power-systems/hpo/results/marker_directed/stage1_policy_search/marker_directed_policy_search_20260302_112434,cfg_00007_c63918e61a,7,/Users/jonaswiendl/local/Repos/ml-surrogates-for-power-systems/hpo/results/marker_directed/stage1_policy_search/marker_directed_policy_search_20260302_112434/runs/cfg_00007_c63918e61a,,s01,b1024,thesis_marker_hpo_stage1,completed,0,True,final_eval_rmse,minimize,0.007988394149726278,0.007988394149726278,6.381444109138101e-05,25.874513527029194,19.574409377994016,0.0008075239602476358,5.615313014015555,0.6556523869512603,0.0,0.023778664995916188,lhs,5,0.7,true,10,0.9,5,0.05,0.6,0.4,,0.6,3,0.4,1.0,0.23279455371646915,0.5030215359432779,0.08120012283325195,0.38763831280718175,0.33077656722589666,0.5472160206518423,0.11255931854248047,320,14,"[637, 18, 874, 1345, 1551, 1570, 789, 309, 2008, 771, 969, 535, 1554, 384, 96, 332, 395, 1296, 1943, 78, 1281, 370, 879, 799, 1328, 632, 1036, 1843, 404, 1516, 1159, 1086, 394, 447, 742, 1695, 688, 1707, 1343, 2030, 295, 1150, 1820, 1636, 428, 1476, 1268, 481, 847, 1757, 1781, 5, 1048, 1569, 1694, 293, 905, 963, 1377, 2004, 92, 1948, 1980, 163]",1.0,0.38763831280718175,0.6175982252805718,0.1413278877735138,0.10624948889017105,960,/Users/jonaswiendl/local/Repos/ml-surrogates-for-power-systems/hpo/results/marker_directed/stage1_policy_search/marker_directed_policy_search_20260302_112434/runs/cfg_00007_c63918e61a/qbc/history.jsonl,,,64,2048,15,true,64,256,/Users/jonaswiendl/local/Repos/ml-surrogates-for-power-systems/hpo/results/marker_directed/stage1_policy_search/marker_directed_policy_search_20260302_112434/runs/cfg_00007_c63918e61a/run_manifest.json,active.candidate_method=lhs;;active.log_every=5;;active.marker.greedy_score_weight=0.7;;active.marker.include_anchor_state_markers=true;;active.marker.k_density=10;;active.marker.pca_explained_variance=0.9;;active.marker.preselect_factor=5;;active.marker.settling_fraction=0.05;;active.marker.weights.diversity=0.6;;active.marker.weights.sparsity=0.4;;qbc_K=64;;qbc_P=2048;;qbc_T=15;;qbc_enable_logging=true;;qbc_n0=64;;qbc_n_test=256,,
marker_directed_sm4_v1,1,marker_directed,SM4,default,stageA_policy,broad_policy_search,/Users/jonaswiendl/local/Repos/ml-surrogates-for-power-systems/hpo/results/marker_directed/stage1_policy_search/marker_directed_policy_search_20260302_112434,cfg_00008_e8a2996014,8,/Users/jonaswiendl/local/Repos/ml-surrogates-for-power-systems/hpo/results/marker_directed/stage1_policy_search/marker_directed_policy_search_20260302_112434/runs/cfg_00008_e8a2996014,,s01,b1024,thesis_marker_hpo_stage1,completed,0,True,final_eval_rmse,minimize,0.007480316165611025,0.007480316165611025,5.5955129937501624e-05,25.881223054951988,19.603822397999465,0.0008054659701883793,5.582575344014913,0.6635712470160797,0.0,0.026083171018399298,lhs,5,0.7,true,10,0.9,5,0.05,0.8,0.4,,0.6666666666666666,3,0.3333333333333333,1.0,0.23255170133630193,0.5031633691720714,0.085818350315094,0.3813436069662849,0.33149690471336096,0.5467846618619987,0.12053923308849335,320,14,"[637, 18, 545, 303, 355, 1377, 1482, 2030, 1636, 1475, 1859, 2046, 829, 1389, 1501, 2013, 2024, 807, 1030, 288, 1050, 197, 2032, 310, 309, 1108, 42, 1456, 6, 1884, 1637, 286, 271, 839, 541, 661, 1538, 1989, 447, 419, 519, 27, 600, 886, 1546, 1648, 1892, 285, 1412, 1675, 246, 1763, 255, 1295, 1991, 959, 95, 1909, 1464, 1450, 1306, 1087, 41, 1528]",1.0,0.3813436069662849,0.6079597548538773,0.1475696861743927,0.11429373919963837,960,/Users/jonaswiendl/local/Repos/ml-surrogates-for-power-systems/hpo/results/marker_directed/stage1_policy_search/marker_directed_policy_search_20260302_112434/runs/cfg_00008_e8a2996014/qbc/history.jsonl,,,64,2048,15,true,64,256,/Users/jonaswiendl/local/Repos/ml-surrogates-for-power-systems/hpo/results/marker_directed/stage1_policy_search/marker_directed_policy_search_20260302_112434/runs/cfg_00008_e8a2996014/run_manifest.json,active.candidate_method=lhs;;active.log_every=5;;active.marker.greedy_score_weight=0.7;;active.marker.include_anchor_state_markers=true;;active.marker.k_density=10;;active.marker.pca_explained_variance=0.9;;active.marker.preselect_factor=5;;active.marker.settling_fraction=0.05;;active.marker.weights.diversity=0.8;;active.marker.weights.sparsity=0.4;;qbc_K=64;;qbc_P=2048;;qbc_T=15;;qbc_enable_logging=true;;qbc_n0=64;;qbc_n_test=256,,
marker_directed_sm4_v1,1,marker_directed,SM4,default,stageA_policy,broad_policy_search,/Users/jonaswiendl/local/Repos/ml-surrogates-for-power-systems/hpo/results/marker_directed/stage1_policy_search/marker_directed_policy_search_20260302_112434,cfg_00009_ba4fc28812,9,/Users/jonaswiendl/local/Repos/ml-surrogates-for-power-systems/hpo/results/marker_directed/stage1_policy_search/marker_directed_policy_search_20260302_112434/runs/cfg_00009_ba4fc28812,,s01,b1024,thesis_marker_hpo_stage1,completed,0,True,final_eval_rmse,minimize,0.007503941256384015,0.007503941256384015,5.6309134379262105e-05,25.78571317589376,19.47923749999609,0.0008343099616467953,5.61362428101711,0.6627154350280762,0.0,0.02470930991694331,lhs,5,0.9,true,10,0.9,5,0.05,0.4,0.4,,0.5,3,0.5,1.0,0.23707234335054117,0.5067704024787918,0.09117753803730011,0.39876336631596865,0.33433903807549853,0.5467651584478771,0.11760935187339783,320,14,"[637, 18, 874, 303, 1551, 1570, 2030, 1618, 1403, 529, 218, 384, 1757, 707, 1924, 1116, 320, 1621, 1474, 1613, 1928, 1483, 1832, 1246, 642, 1771, 1637, 1286, 855, 447, 1325, 1021, 1377, 1546, 123, 1281, 1274, 879, 66, 1073, 1926, 1153, 1475, 790, 1087, 1726, 1906, 965, 1036, 1517, 849, 163, 1044, 1467, 1884, 712, 649, 941, 1, 1584, 407, 1918, 1100, 16]",1.0,0.39876336631596865,0.6155072620281419,0.1475697010755539,0.11318695545196533,960,/Users/jonaswiendl/local/Repos/ml-surrogates-for-power-systems/hpo/results/marker_directed/stage1_policy_search/marker_directed_policy_search_20260302_112434/runs/cfg_00009_ba4fc28812/qbc/history.jsonl,,,64,2048,15,true,64,256,/Users/jonaswiendl/local/Repos/ml-surrogates-for-power-systems/hpo/results/marker_directed/stage1_policy_search/marker_directed_policy_search_20260302_112434/runs/cfg_00009_ba4fc28812/run_manifest.json,active.candidate_method=lhs;;active.log_every=5;;active.marker.greedy_score_weight=0.9;;active.marker.include_anchor_state_markers=true;;active.marker.k_density=10;;active.marker.pca_explained_variance=0.9;;active.marker.preselect_factor=5;;active.marker.settling_fraction=0.05;;active.marker.weights.diversity=0.4;;active.marker.weights.sparsity=0.4;;qbc_K=64;;qbc_P=2048;;qbc_T=15;;qbc_enable_logging=true;;qbc_n0=64;;qbc_n_test=256,,
marker_directed_sm4_v1,1,marker_directed,SM4,default,stageA_policy,broad_policy_search,/Users/jonaswiendl/local/Repos/ml-surrogates-for-power-systems/hpo/results/marker_directed/stage1_policy_search/marker_directed_policy_search_20260302_112434,cfg_00010_6330521a2d,10,/Users/jonaswiendl/local/Repos/ml-surrogates-for-power-systems/hpo/results/marker_directed/stage1_policy_search/marker_directed_policy_search_20260302_112434/runs/cfg_00010_6330521a2d,,s01,b1024,thesis_marker_hpo_stage1,completed,0,True,final_eval_rmse,minimize,0.008248872030095224,0.008248872030095224,6.804388976888731e-05,25.730079523986205,19.480852384935133,0.0008268849924206734,5.56054672296159,0.659053968032822,0.0,0.023915971047244966,lhs,5,0.9,true,10,0.9,5,0.05,0.6,0.4,,0.6,3,0.4,1.0,0.23641955852407917,0.5051512625369338,0.09142860770225525,0.40457923519936867,0.3315776961923177,0.5516976843108298,0.12182965129613876,320,14,"[637, 18, 545, 1345, 1385, 1377, 1482, 1245, 502, 1548, 384, 1685, 1853, 1362, 1438, 162, 1432, 973, 1237, 257, 88, 27, 834, 600, 1149, 1405, 1648, 222, 217, 1051, 952, 1475, 1637, 2030, 1152, 1030, 267, 447, 712, 1007, 1547, 1987, 1109, 1820, 309, 303, 84, 749, 102, 779, 1343, 190, 950, 1366, 163, 77, 613, 611, 1570, 499, 1446, 1757, 1150, 1848]",1.0,0.40457923519936867,0.6221210435561149,0.15596821904182434,0.11676076054573059,960,/Users/jonaswiendl/local/Repos/ml-surrogates-for-power-systems/hpo/results/marker_directed/stage1_policy_search/marker_directed_policy_search_20260302_112434/runs/cfg_00010_6330521a2d/qbc/history.jsonl,,,64,2048,15,true,64,256,/Users/jonaswiendl/local/Repos/ml-surrogates-for-power-systems/hpo/results/marker_directed/stage1_policy_search/marker_directed_policy_search_20260302_112434/runs/cfg_00010_6330521a2d/run_manifest.json,active.candidate_method=lhs;;active.log_every=5;;active.marker.greedy_score_weight=0.9;;active.marker.include_anchor_state_markers=true;;active.marker.k_density=10;;active.marker.pca_explained_variance=0.9;;active.marker.preselect_factor=5;;active.marker.settling_fraction=0.05;;active.marker.weights.diversity=0.6;;active.marker.weights.sparsity=0.4;;qbc_K=64;;qbc_P=2048;;qbc_T=15;;qbc_enable_logging=true;;qbc_n0=64;;qbc_n_test=256,,
marker_directed_sm4_v1,1,marker_directed,SM4,default,stageA_policy,broad_policy_search,/Users/jonaswiendl/local/Repos/ml-surrogates-for-power-systems/hpo/results/marker_directed/stage1_policy_search/marker_directed_policy_search_20260302_112434,cfg_00011_7f0c93b57e,11,/Users/jonaswiendl/local/Repos/ml-surrogates-for-power-systems/hpo/results/marker_directed/stage1_policy_search/marker_directed_policy_search_20260302_112434/runs/cfg_00011_7f0c93b57e,,s01,b1024,thesis_marker_hpo_stage1,completed,0,True,final_eval_rmse,minimize,0.00889848479406672,0.00889848479406672,7.918303163023666e-05,26.03996480302885,19.70192435802892,0.0007949949940666556,5.641028845100664,0.6668544189305976,0.0,0.02470004605129361,lhs,5,0.9,true,10,0.9,5,0.05,0.8,0.4,,0.6666666666666666,3,0.3333333333333333,1.0,0.235178814882346,0.5027745544915045,0.09727715700864792,0.40140665182817614,0.3302247266700669,0.5500028667595069,0.13107801973819733,320,14,"[637, 18, 656, 1345, 1377, 92, 384, 814, 1302, 502, 1086, 839, 1551, 1688, 195, 1704, 1328, 304, 1114, 88, 807, 197, 237, 2030, 27, 1637, 959, 2034, 267, 1975, 1798, 7, 447, 568, 1569, 1240, 712, 2005, 636, 1032, 1178, 861, 303, 357, 1848, 387, 1354, 1, 552, 1129, 411, 783, 140, 1547, 57, 1697, 1051, 1568, 1048, 902, 2021, 1890, 941, 1570]",1.0,0.40140665182817614,0.6263966037112072,0.16488727927207947,0.12450738996267319,960,/Users/jonaswiendl/local/Repos/ml-surrogates-for-power-systems/hpo/results/marker_directed/stage1_policy_search/marker_directed_policy_search_20260302_112434/runs/cfg_00011_7f0c93b57e/qbc/history.jsonl,,,64,2048,15,true,64,256,/Users/jonaswiendl/local/Repos/ml-surrogates-for-power-systems/hpo/results/marker_directed/stage1_policy_search/marker_directed_policy_search_20260302_112434/runs/cfg_00011_7f0c93b57e/run_manifest.json,active.candidate_method=lhs;;active.log_every=5;;active.marker.greedy_score_weight=0.9;;active.marker.include_anchor_state_markers=true;;active.marker.k_density=10;;active.marker.pca_explained_variance=0.9;;active.marker.preselect_factor=5;;active.marker.settling_fraction=0.05;;active.marker.weights.diversity=0.8;;active.marker.weights.sparsity=0.4;;qbc_K=64;;qbc_P=2048;;qbc_T=15;;qbc_enable_logging=true;;qbc_n0=64;;qbc_n_test=256,,
marker_directed_sm4_v1,1,marker_directed,SM4,default,stageA_policy,broad_policy_search,/Users/jonaswiendl/local/Repos/ml-surrogates-for-power-systems/hpo/results/marker_directed/stage1_policy_search/marker_directed_policy_search_20260302_112434,cfg_00012_04a14ecd99,12,/Users/jonaswiendl/local/Repos/ml-surrogates-for-power-systems/hpo/results/marker_directed/stage1_policy_search/marker_directed_policy_search_20260302_112434/runs/cfg_00012_04a14ecd99,,s01,b1024,thesis_marker_hpo_stage1,completed,0,True,final_eval_rmse,minimize,0.007933302924832806,0.007933302924832806,6.293729529716074e-05,25.747660569963045,19.515796851017512,0.0009026570478454232,5.622079927008599,0.5806552889989689,0.0,0.023529785103164613,lhs,5,0.7,true,20,0.9,3,0.05,0.4,0.4,,0.5,3,0.5,1.0,0.2377641291982219,0.6521852351983037,0.07187040150165558,0.39491904009410117,0.3342942468388878,0.6904507457619409,0.0974259153008461,192,14,"[637, 18, 1178, 303, 355, 1308, 447, 2030, 1546, 151, 71, 1757, 1073, 600, 1685, 1476, 1328, 1943, 519, 78, 454, 648, 453, 1884, 1377, 481, 1801, 392, 991, 192, 169, 1613, 901, 1475, 1208, 405, 1041, 905, 377, 712, 74, 6, 1062, 1464, 1036, 27, 918, 1168, 994, 288, 267, 1965, 1973, 611, 1570, 1903, 88, 1874, 127, 686, 636, 56, 1395, 821]",1.0,0.39491904009410117,0.7581327974226928,0.12856850028038025,0.09855961799621582,960,/Users/jonaswiendl/local/Repos/ml-surrogates-for-power-systems/hpo/results/marker_directed/stage1_policy_search/marker_directed_policy_search_20260302_112434/runs/cfg_00012_04a14ecd99/qbc/history.jsonl,,,64,2048,15,true,64,256,/Users/jonaswiendl/local/Repos/ml-surrogates-for-power-systems/hpo/results/marker_directed/stage1_policy_search/marker_directed_policy_search_20260302_112434/runs/cfg_00012_04a14ecd99/run_manifest.json,active.candidate_method=lhs;;active.log_every=5;;active.marker.greedy_score_weight=0.7;;active.marker.include_anchor_state_markers=true;;active.marker.k_density=20;;active.marker.pca_explained_variance=0.9;;active.marker.preselect_factor=3;;active.marker.settling_fraction=0.05;;active.marker.weights.diversity=0.4;;active.marker.weights.sparsity=0.4;;qbc_K=64;;qbc_P=2048;;qbc_T=15;;qbc_enable_logging=true;;qbc_n0=64;;qbc_n_test=256,,
marker_directed_sm4_v1,1,marker_directed,SM4,default,stageA_policy,broad_policy_search,/Users/jonaswiendl/local/Repos/ml-surrogates-for-power-systems/hpo/results/marker_directed/stage1_policy_search/marker_directed_policy_search_20260302_112434,cfg_00013_3fcfd41d12,13,/Users/jonaswiendl/local/Repos/ml-surrogates-for-power-systems/hpo/results/marker_directed/stage1_policy_search/marker_directed_policy_search_20260302_112434/runs/cfg_00013_3fcfd41d12,,s01,b1024,thesis_marker_hpo_stage1,completed,0,True,final_eval_rmse,minimize,0.007759285767853552,0.007759285767853552,6.0206515627214685e-05,25.870100014959462,19.656029512989335,0.000808057957328856,5.602942523080856,0.5818325480213389,0.0,0.024192498065531254,lhs,5,0.7,true,20,0.9,3,0.05,0.6,0.4,,0.6,3,0.4,1.0,0.23422034779675763,0.6524960283792567,0.07764239609241486,0.3934283715479777,0.3321086992072521,0.6976021659293213,0.1087886393070221,192,14,"[637, 18, 545, 303, 1, 1873, 2030, 447, 823, 424, 502, 384, 1073, 78, 1825, 1521, 1947, 950, 919, 1905, 1480, 600, 1623, 648, 481, 1377, 1263, 1440, 1176, 717, 1389, 2006, 163, 1950, 666, 2020, 1884, 1613, 902, 909, 88, 905, 1918, 1203, 1557, 1035, 178, 405, 199, 136, 991, 504, 1316, 1048, 1988, 820, 92, 1032, 283, 2036, 1246, 6, 124, 1253]",1.0,0.3934283715479777,0.7546415053268956,0.13845834136009216,0.10948703438043594,960,/Users/jonaswiendl/local/Repos/ml-surrogates-for-power-systems/hpo/results/marker_directed/stage1_policy_search/marker_directed_policy_search_20260302_112434/runs/cfg_00013_3fcfd41d12/qbc/history.jsonl,,,64,2048,15,true,64,256,/Users/jonaswiendl/local/Repos/ml-surrogates-for-power-systems/hpo/results/marker_directed/stage1_policy_search/marker_directed_policy_search_20260302_112434/runs/cfg_00013_3fcfd41d12/run_manifest.json,active.candidate_method=lhs;;active.log_every=5;;active.marker.greedy_score_weight=0.7;;active.marker.include_anchor_state_markers=true;;active.marker.k_density=20;;active.marker.pca_explained_variance=0.9;;active.marker.preselect_factor=3;;active.marker.settling_fraction=0.05;;active.marker.weights.diversity=0.6;;active.marker.weights.sparsity=0.4;;qbc_K=64;;qbc_P=2048;;qbc_T=15;;qbc_enable_logging=true;;qbc_n0=64;;qbc_n_test=256,,
marker_directed_sm4_v1,1,marker_directed,SM4,default,stageA_policy,broad_policy_search,/Users/jonaswiendl/local/Repos/ml-surrogates-for-power-systems/hpo/results/marker_directed/stage1_policy_search/marker_directed_policy_search_20260302_112434,cfg_00014_2d81f6740f,14,/Users/jonaswiendl/local/Repos/ml-surrogates-for-power-systems/hpo/results/marker_directed/stage1_policy_search/marker_directed_policy_search_20260302_112434/runs/cfg_00014_2d81f6740f,,s01,b1024,thesis_marker_hpo_stage1,completed,0,True,final_eval_rmse,minimize,0.007639683699489899,0.007639683699489899,5.836476702825166e-05,26.223810211988166,20.014368284028023,0.0008315390441566706,5.597553438041359,0.5828084929380566,0.0,0.023682537022978067,lhs,5,0.7,true,20,0.9,3,0.05,0.8,0.4,,0.6666666666666666,3,0.3333333333333333,1.0,0.2322196929384669,0.6489594503484472,0.08318133652210236,0.3986682619965798,0.33025458590065443,0.6936394200107302,0.11703077703714371,192,14,"[637, 18, 1472, 303, 92, 544, 1613, 384, 1377, 638, 839, 1366, 1675, 507, 634, 162, 1226, 1378, 1118, 215, 2013, 88, 1253, 1071, 2030, 2021, 74, 394, 1711, 1975, 35, 1438, 488, 447, 1413, 1442, 1242, 217, 89, 185, 163, 1412, 1517, 971, 1967, 924, 455, 202, 238, 331, 591, 1761, 847, 717, 395, 973, 286, 611, 1307, 27, 1116, 2042, 1211, 1271]",1.0,0.3986682619965798,0.7508329279440735,0.14947912096977234,0.1185271143913269,960,/Users/jonaswiendl/local/Repos/ml-surrogates-for-power-systems/hpo/results/marker_directed/stage1_policy_search/marker_directed_policy_search_20260302_112434/runs/cfg_00014_2d81f6740f/qbc/history.jsonl,,,64,2048,15,true,64,256,/Users/jonaswiendl/local/Repos/ml-surrogates-for-power-systems/hpo/results/marker_directed/stage1_policy_search/marker_directed_policy_search_20260302_112434/runs/cfg_00014_2d81f6740f/run_manifest.json,active.candidate_method=lhs;;active.log_every=5;;active.marker.greedy_score_weight=0.7;;active.marker.include_anchor_state_markers=true;;active.marker.k_density=20;;active.marker.pca_explained_variance=0.9;;active.marker.preselect_factor=3;;active.marker.settling_fraction=0.05;;active.marker.weights.diversity=0.8;;active.marker.weights.sparsity=0.4;;qbc_K=64;;qbc_P=2048;;qbc_T=15;;qbc_enable_logging=true;;qbc_n0=64;;qbc_n_test=256,,
marker_directed_sm4_v1,1,marker_directed,SM4,default,stageA_policy,broad_policy_search,/Users/jonaswiendl/local/Repos/ml-surrogates-for-power-systems/hpo/results/marker_directed/stage1_policy_search/marker_directed_policy_search_20260302_112434,cfg_00015_fea1407f77,15,/Users/jonaswiendl/local/Repos/ml-surrogates-for-power-systems/hpo/results/marker_directed/stage1_policy_search/marker_directed_policy_search_20260302_112434/runs/cfg_00015_fea1407f77,,s01,b1024,thesis_marker_hpo_stage1,completed,0,True,final_eval_rmse,minimize,0.009994006326387927,0.009994006326387927,9.988016245188192e-05,25.92924138100352,19.767890288028866,0.0008642339380457997,5.550095279002562,0.580437217024155,0.0,0.025358984945341945,lhs,5,0.9,true,20,0.9,3,0.05,0.4,0.4,,0.5,3,0.5,1.0,0.2363128627695098,0.6496297320963275,0.08326853811740875,0.4040667664528421,0.335280254380561,0.6910543709498469,0.11015982925891876,192,14,"[637, 18, 1659, 303, 78, 1377, 2030, 1281, 458, 1786, 1137, 384, 566, 1928, 5, 1689, 1077, 88, 1613, 1030, 447, 959, 1315, 1570, 7, 504, 1296, 1880, 481, 496, 237, 960, 1207, 1353, 1604, 1594, 1245, 854, 560, 1343, 839, 1945, 712, 1464, 843, 1475, 460, 842, 397, 1726, 92, 1178, 1890, 1318, 703, 309, 1075, 94, 394, 1300, 1820, 1288, 698, 888]",1.0,0.4040667664528421,0.7674785569869307,0.1430177092552185,0.1107187420129776,960,/Users/jonaswiendl/local/Repos/ml-surrogates-for-power-systems/hpo/results/marker_directed/stage1_policy_search/marker_directed_policy_search_20260302_112434/runs/cfg_00015_fea1407f77/qbc/history.jsonl,,,64,2048,15,true,64,256,/Users/jonaswiendl/local/Repos/ml-surrogates-for-power-systems/hpo/results/marker_directed/stage1_policy_search/marker_directed_policy_search_20260302_112434/runs/cfg_00015_fea1407f77/run_manifest.json,active.candidate_method=lhs;;active.log_every=5;;active.marker.greedy_score_weight=0.9;;active.marker.include_anchor_state_markers=true;;active.marker.k_density=20;;active.marker.pca_explained_variance=0.9;;active.marker.preselect_factor=3;;active.marker.settling_fraction=0.05;;active.marker.weights.diversity=0.4;;active.marker.weights.sparsity=0.4;;qbc_K=64;;qbc_P=2048;;qbc_T=15;;qbc_enable_logging=true;;qbc_n0=64;;qbc_n_test=256,,
marker_directed_sm4_v1,1,marker_directed,SM4,default,stageA_policy,broad_policy_search,/Users/jonaswiendl/local/Repos/ml-surrogates-for-power-systems/hpo/results/marker_directed/stage1_policy_search/marker_directed_policy_search_20260302_112434,cfg_00016_7e20479164,16,/Users/jonaswiendl/local/Repos/ml-surrogates-for-power-systems/hpo/results/marker_directed/stage1_policy_search/marker_directed_policy_search_20260302_112434/runs/cfg_00016_7e20479164,,s01,b1024,thesis_marker_hpo_stage1,completed,0,True,final_eval_rmse,minimize,0.007748205380099196,0.007748205380099196,6.003468661219813e-05,25.739807715988718,19.541417706059292,0.0008127170149236917,5.59120234393049,0.5782672690693289,0.0,0.023721219040453434,lhs,5,0.9,true,20,0.9,3,0.05,0.6,0.4,,0.6,3,0.4,1.0,0.23579477967678958,0.650377387617492,0.08792181313037872,0.40878064060246455,0.33555149757429875,0.6983118513747141,0.11930413544178009,192,14,"[637, 18, 88, 303, 1412, 2030, 1570, 16, 66, 384, 1432, 1362, 1928, 687, 956, 534, 1004, 1613, 1302, 1006, 1050, 565, 1296, 803, 1036, 1637, 163, 1246, 814, 1778, 1272, 463, 1153, 178, 1237, 108, 1240, 1834, 447, 783, 202, 117, 89, 1008, 1283, 1374, 1936, 1576, 102, 500, 941, 140, 1345, 1681, 1474, 712, 481, 1033, 1435, 1377, 159, 1245, 1685, 1475]",1.0,0.40878064060246455,0.773429818340966,0.1535758376121521,0.12042345851659775,960,/Users/jonaswiendl/local/Repos/ml-surrogates-for-power-systems/hpo/results/marker_directed/stage1_policy_search/marker_directed_policy_search_20260302_112434/runs/cfg_00016_7e20479164/qbc/history.jsonl,,,64,2048,15,true,64,256,/Users/jonaswiendl/local/Repos/ml-surrogates-for-power-systems/hpo/results/marker_directed/stage1_policy_search/marker_directed_policy_search_20260302_112434/runs/cfg_00016_7e20479164/run_manifest.json,active.candidate_method=lhs;;active.log_every=5;;active.marker.greedy_score_weight=0.9;;active.marker.include_anchor_state_markers=true;;active.marker.k_density=20;;active.marker.pca_explained_variance=0.9;;active.marker.preselect_factor=3;;active.marker.settling_fraction=0.05;;active.marker.weights.diversity=0.6;;active.marker.weights.sparsity=0.4;;qbc_K=64;;qbc_P=2048;;qbc_T=15;;qbc_enable_logging=true;;qbc_n0=64;;qbc_n_test=256,,
marker_directed_sm4_v1,1,marker_directed,SM4,default,stageA_policy,broad_policy_search,/Users/jonaswiendl/local/Repos/ml-surrogates-for-power-systems/hpo/results/marker_directed/stage1_policy_search/marker_directed_policy_search_20260302_112434,cfg_00017_8c003b9ef9,17,/Users/jonaswiendl/local/Repos/ml-surrogates-for-power-systems/hpo/results/marker_directed/stage1_policy_search/marker_directed_policy_search_20260302_112434/runs/cfg_00017_8c003b9ef9,,s01,b1024,thesis_marker_hpo_stage1,completed,0,True,final_eval_rmse,minimize,0.007565296326198362,0.007565296326198362,5.723370850319043e-05,25.953940470935777,19.75139655196108,0.0007843100465834141,5.597073319018818,0.5753061219584197,0.0,0.024800340994261205,lhs,5,0.9,true,20,0.9,3,0.05,0.8,0.4,,0.6666666666666666,3,0.3333333333333333,1.0,0.23605459243986923,0.6481848253497013,0.09445038437843323,0.40719396998993107,0.3345319314012388,0.7039681867337058,0.12866847217082977,192,14,"[637, 18, 545, 713, 303, 1570, 1637, 1613, 438, 1034, 1302, 1485, 1087, 1283, 1246, 1004, 1036, 384, 1146, 1362, 88, 1244, 1296, 1030, 959, 123, 1745, 1192, 703, 1240, 1333, 1153, 1685, 969, 803, 712, 163, 248, 1621, 172, 1475, 1374, 2030, 447, 1274, 1377, 1345, 1892, 541, 1541, 1474, 1412, 1866, 1245, 1999, 941, 140, 200, 790, 481, 1924, 1048, 814, 1763]",1.0,0.40719396998993107,0.7910902953696586,0.16389994323253632,0.13010746240615845,960,/Users/jonaswiendl/local/Repos/ml-surrogates-for-power-systems/hpo/results/marker_directed/stage1_policy_search/marker_directed_policy_search_20260302_112434/runs/cfg_00017_8c003b9ef9/qbc/history.jsonl,,,64,2048,15,true,64,256,/Users/jonaswiendl/local/Repos/ml-surrogates-for-power-systems/hpo/results/marker_directed/stage1_policy_search/marker_directed_policy_search_20260302_112434/runs/cfg_00017_8c003b9ef9/run_manifest.json,active.candidate_method=lhs;;active.log_every=5;;active.marker.greedy_score_weight=0.9;;active.marker.include_anchor_state_markers=true;;active.marker.k_density=20;;active.marker.pca_explained_variance=0.9;;active.marker.preselect_factor=3;;active.marker.settling_fraction=0.05;;active.marker.weights.diversity=0.8;;active.marker.weights.sparsity=0.4;;qbc_K=64;;qbc_P=2048;;qbc_T=15;;qbc_enable_logging=true;;qbc_n0=64;;qbc_n_test=256,,
marker_directed_sm4_v1,1,marker_directed,SM4,default,stageA_policy,broad_policy_search,/Users/jonaswiendl/local/Repos/ml-surrogates-for-power-systems/hpo/results/marker_directed/stage1_policy_search/marker_directed_policy_search_20260302_112434,cfg_00018_636ff8a9b3,18,/Users/jonaswiendl/local/Repos/ml-surrogates-for-power-systems/hpo/results/marker_directed/stage1_policy_search/marker_directed_policy_search_20260302_112434/runs/cfg_00018_636ff8a9b3,,s01,b1024,thesis_marker_hpo_stage1,completed,0,True,final_eval_rmse,minimize,0.007933960487699664,0.007933960487699664,6.294772902037948e-05,25.759912141016684,19.520509132067673,0.0007750960066914558,5.55046932597179,0.6611520058941096,0.0,0.0223702359944582,lhs,5,0.7,true,20,0.9,5,0.05,0.4,0.4,,0.5,3,0.5,1.0,0.23744613852980112,0.6476738136999364,0.07066652178764343,0.3779432264767182,0.339274151811195,0.6832282781738415,0.09812332689762115,320,14,"[637, 18, 412, 303, 1551, 1570, 2030, 771, 1378, 1431, 1137, 1006, 1656, 1708, 1928, 1814, 1832, 742, 384, 1964, 399, 879, 1541, 1286, 394, 453, 1281, 375, 88, 1256, 447, 1502, 481, 1899, 1426, 257, 1004, 887, 1245, 404, 1820, 833, 1475, 475, 1319, 422, 1013, 1092, 888, 177, 86, 1806, 1036, 860, 1574, 1539, 1467, 249, 581, 258, 1439, 638, 140, 665]",1.0,0.3779432264767182,0.7471610561612396,0.12150956690311432,0.09270957112312317,960,/Users/jonaswiendl/local/Repos/ml-surrogates-for-power-systems/hpo/results/marker_directed/stage1_policy_search/marker_directed_policy_search_20260302_112434/runs/cfg_00018_636ff8a9b3/qbc/history.jsonl,,,64,2048,15,true,64,256,/Users/jonaswiendl/local/Repos/ml-surrogates-for-power-systems/hpo/results/marker_directed/stage1_policy_search/marker_directed_policy_search_20260302_112434/runs/cfg_00018_636ff8a9b3/run_manifest.json,active.candidate_method=lhs;;active.log_every=5;;active.marker.greedy_score_weight=0.7;;active.marker.include_anchor_state_markers=true;;active.marker.k_density=20;;active.marker.pca_explained_variance=0.9;;active.marker.preselect_factor=5;;active.marker.settling_fraction=0.05;;active.marker.weights.diversity=0.4;;active.marker.weights.sparsity=0.4;;qbc_K=64;;qbc_P=2048;;qbc_T=15;;qbc_enable_logging=true;;qbc_n0=64;;qbc_n_test=256,,
marker_directed_sm4_v1,1,marker_directed,SM4,default,stageA_policy,broad_policy_search,/Users/jonaswiendl/local/Repos/ml-surrogates-for-power-systems/hpo/results/marker_directed/stage1_policy_search/marker_directed_policy_search_20260302_112434,cfg_00019_8c113a95d0,19,/Users/jonaswiendl/local/Repos/ml-surrogates-for-power-systems/hpo/results/marker_directed/stage1_policy_search/marker_directed_policy_search_20260302_112434/runs/cfg_00019_8c113a95d0,,s01,b1024,thesis_marker_hpo_stage1,completed,0,True,final_eval_rmse,minimize,0.00793991138351584,0.00793991138351584,6.304219277808443e-05,25.983479115064256,19.69532782607712,0.0008816641056910157,5.592746125999838,0.6668256820412353,0.0,0.023222596966661513,lhs,5,0.7,true,20,0.9,5,0.05,0.6,0.4,,0.6,3,0.4,1.0,0.23448698542662136,0.6458790813261256,0.07612797617912292,0.3890877517147041,0.3323806022708912,0.6861339961111212,0.10753783583641052,320,14,"[637, 18, 1659, 404, 303, 1308, 384, 1570, 622, 585, 1841, 1656, 127, 365, 892, 422, 308, 1312, 2015, 991, 2045, 1181, 1905, 1281, 1652, 728, 381, 246, 117, 346, 215, 1546, 447, 1315, 481, 2030, 569, 678, 258, 102, 703, 267, 1568, 5, 141, 1377, 1802, 1420, 1036, 1996, 1486, 257, 1467, 382, 1444, 459, 458, 1300, 941, 199, 231, 1786, 1552, 1695]",1.0,0.3890877517147041,0.7483776937595712,0.1360761672258377,0.10207636654376984,960,/Users/jonaswiendl/local/Repos/ml-surrogates-for-power-systems/hpo/results/marker_directed/stage1_policy_search/marker_directed_policy_search_20260302_112434/runs/cfg_00019_8c113a95d0/qbc/history.jsonl,,,64,2048,15,true,64,256,/Users/jonaswiendl/local/Repos/ml-surrogates-for-power-systems/hpo/results/marker_directed/stage1_policy_search/marker_directed_policy_search_20260302_112434/runs/cfg_00019_8c113a95d0/run_manifest.json,active.candidate_method=lhs;;active.log_every=5;;active.marker.greedy_score_weight=0.7;;active.marker.include_anchor_state_markers=true;;active.marker.k_density=20;;active.marker.pca_explained_variance=0.9;;active.marker.preselect_factor=5;;active.marker.settling_fraction=0.05;;active.marker.weights.diversity=0.6;;active.marker.weights.sparsity=0.4;;qbc_K=64;;qbc_P=2048;;qbc_T=15;;qbc_enable_logging=true;;qbc_n0=64;;qbc_n_test=256,,
marker_directed_sm4_v1,1,marker_directed,SM4,default,stageA_policy,broad_policy_search,/Users/jonaswiendl/local/Repos/ml-surrogates-for-power-systems/hpo/results/marker_directed/stage1_policy_search/marker_directed_policy_search_20260302_112434,cfg_00020_1c0f9a07d7,20,/Users/jonaswiendl/local/Repos/ml-surrogates-for-power-systems/hpo/results/marker_directed/stage1_policy_search/marker_directed_policy_search_20260302_112434/runs/cfg_00020_1c0f9a07d7,,s01,b1024,thesis_marker_hpo_stage1,completed,0,True,final_eval_rmse,minimize,0.008770270258047228,0.008770270258047228,7.69176403991878e-05,25.7910699180793,19.54029547306709,0.0008926090085878968,5.558800505939871,0.6623788330471143,0.0,0.024253602954559028,lhs,5,0.7,true,20,0.9,5,0.05,0.8,0.4,,0.6666666666666666,3,0.3333333333333333,1.0,0.23312979963375152,0.6478782620949273,0.08504320681095123,0.37981447484590025,0.32980314791245846,0.6960939777537616,0.11909250169992447,320,14,"[637, 18, 366, 1884, 1308, 303, 660, 1469, 384, 478, 930, 1189, 1695, 226, 1519, 578, 1234, 1024, 395, 205, 959, 118, 127, 392, 579, 6, 1272, 1377, 1030, 841, 1412, 1814, 621, 88, 1004, 815, 601, 67, 703, 1348, 854, 1028, 1673, 455, 310, 1339, 1036, 447, 981, 305, 428, 500, 1367, 1438, 2030, 469, 1437, 397, 969, 272, 372, 1855, 1270, 195]",1.0,0.37981447484590025,0.7574908120849916,0.14571234583854675,0.11244839429855347,960,/Users/jonaswiendl/local/Repos/ml-surrogates-for-power-systems/hpo/results/marker_directed/stage1_policy_search/marker_directed_policy_search_20260302_112434/runs/cfg_00020_1c0f9a07d7/qbc/history.jsonl,,,64,2048,15,true,64,256,/Users/jonaswiendl/local/Repos/ml-surrogates-for-power-systems/hpo/results/marker_directed/stage1_policy_search/marker_directed_policy_search_20260302_112434/runs/cfg_00020_1c0f9a07d7/run_manifest.json,active.candidate_method=lhs;;active.log_every=5;;active.marker.greedy_score_weight=0.7;;active.marker.include_anchor_state_markers=true;;active.marker.k_density=20;;active.marker.pca_explained_variance=0.9;;active.marker.preselect_factor=5;;active.marker.settling_fraction=0.05;;active.marker.weights.diversity=0.8;;active.marker.weights.sparsity=0.4;;qbc_K=64;;qbc_P=2048;;qbc_T=15;;qbc_enable_logging=true;;qbc_n0=64;;qbc_n_test=256,,
marker_directed_sm4_v1,1,marker_directed,SM4,default,stageA_policy,broad_policy_search,/Users/jonaswiendl/local/Repos/ml-surrogates-for-power-systems/hpo/results/marker_directed/stage1_policy_search/marker_directed_policy_search_20260302_112434,cfg_00021_5d4b0d0c03,21,/Users/jonaswiendl/local/Repos/ml-surrogates-for-power-systems/hpo/results/marker_directed/stage1_policy_search/marker_directed_policy_search_20260302_112434/runs/cfg_00021_5d4b0d0c03,,s01,b1024,thesis_marker_hpo_stage1,completed,0,True,final_eval_rmse,minimize,0.00796990459053639,0.00796990459053639,6.351937918225303e-05,25.9445536340354,19.662974238977768,0.0007983220275491476,5.589168978040107,0.6631496830377728,0.0,0.023866449017077684,lhs,5,0.9,true,20,0.9,5,0.05,0.4,0.4,,0.5,3,0.5,1.0,0.23904610949673444,0.647537611555687,0.08076190948486328,0.3914745963044461,0.33765264187363625,0.6907778027923323,0.10754652321338654,320,14,"[637, 18, 1659, 1551, 303, 1570, 2030, 988, 271, 1862, 384, 1137, 969, 1438, 1240, 2013, 192, 308, 1036, 967, 1004, 78, 1325, 2025, 797, 88, 1464, 1114, 1594, 518, 1377, 1086, 447, 1688, 310, 94, 1613, 67, 388, 5, 1300, 686, 246, 716, 910, 107, 476, 1502, 1648, 202, 1283, 736, 1820, 1630, 1685, 163, 334, 1245, 1604, 880, 1202, 437, 1328, 1975]",1.0,0.3914745963044461,0.7680379154404312,0.13690537214279175,0.10267315059900284,960,/Users/jonaswiendl/local/Repos/ml-surrogates-for-power-systems/hpo/results/marker_directed/stage1_policy_search/marker_directed_policy_search_20260302_112434/runs/cfg_00021_5d4b0d0c03/qbc/history.jsonl,,,64,2048,15,true,64,256,/Users/jonaswiendl/local/Repos/ml-surrogates-for-power-systems/hpo/results/marker_directed/stage1_policy_search/marker_directed_policy_search_20260302_112434/runs/cfg_00021_5d4b0d0c03/run_manifest.json,active.candidate_method=lhs;;active.log_every=5;;active.marker.greedy_score_weight=0.9;;active.marker.include_anchor_state_markers=true;;active.marker.k_density=20;;active.marker.pca_explained_variance=0.9;;active.marker.preselect_factor=5;;active.marker.settling_fraction=0.05;;active.marker.weights.diversity=0.4;;active.marker.weights.sparsity=0.4;;qbc_K=64;;qbc_P=2048;;qbc_T=15;;qbc_enable_logging=true;;qbc_n0=64;;qbc_n_test=256,,
marker_directed_sm4_v1,1,marker_directed,SM4,default,stageA_policy,broad_policy_search,/Users/jonaswiendl/local/Repos/ml-surrogates-for-power-systems/hpo/results/marker_directed/stage1_policy_search/marker_directed_policy_search_20260302_112434,cfg_00022_ee7baeab3c,22,/Users/jonaswiendl/local/Repos/ml-surrogates-for-power-systems/hpo/results/marker_directed/stage1_policy_search/marker_directed_policy_search_20260302_112434/runs/cfg_00022_ee7baeab3c,,s01,b1024,thesis_marker_hpo_stage1,completed,0,True,final_eval_rmse,minimize,0.007681457976177654,0.007681457976177654,5.900479663978331e-05,25.770131377968937,19.499997021979652,0.0008043360430747271,5.57280089892447,0.6679914899868891,0.0,0.02402126498054713,lhs,5,0.9,true,20,0.9,5,0.05,0.6,0.4,,0.6,3,0.4,1.0,0.23485514608203856,0.644209400156252,0.09066931903362274,0.39598171313627284,0.32782818019524435,0.6954427054949655,0.12044154852628708,320,14,"[637, 18, 545, 303, 1551, 1403, 1377, 2030, 1618, 1987, 384, 1086, 1483, 1201, 1689, 449, 1438, 1748, 1296, 1907, 853, 565, 1391, 1924, 217, 88, 1570, 447, 712, 1263, 481, 1245, 959, 2021, 1623, 1819, 163, 1726, 665, 5, 267, 362, 1048, 1854, 66, 589, 1142, 1989, 1190, 1374, 824, 1928, 94, 984, 442, 1757, 1006, 1328, 1343, 636, 1118, 1475, 67, 513]",1.0,0.39598171313627284,0.7613991780117582,0.1527523547410965,0.1155162900686264,960,/Users/jonaswiendl/local/Repos/ml-surrogates-for-power-systems/hpo/results/marker_directed/stage1_policy_search/marker_directed_policy_search_20260302_112434/runs/cfg_00022_ee7baeab3c/qbc/history.jsonl,,,64,2048,15,true,64,256,/Users/jonaswiendl/local/Repos/ml-surrogates-for-power-systems/hpo/results/marker_directed/stage1_policy_search/marker_directed_policy_search_20260302_112434/runs/cfg_00022_ee7baeab3c/run_manifest.json,active.candidate_method=lhs;;active.log_every=5;;active.marker.greedy_score_weight=0.9;;active.marker.include_anchor_state_markers=true;;active.marker.k_density=20;;active.marker.pca_explained_variance=0.9;;active.marker.preselect_factor=5;;active.marker.settling_fraction=0.05;;active.marker.weights.diversity=0.6;;active.marker.weights.sparsity=0.4;;qbc_K=64;;qbc_P=2048;;qbc_T=15;;qbc_enable_logging=true;;qbc_n0=64;;qbc_n_test=256,,
marker_directed_sm4_v1,1,marker_directed,SM4,default,stageA_policy,broad_policy_search,/Users/jonaswiendl/local/Repos/ml-surrogates-for-power-systems/hpo/results/marker_directed/stage1_policy_search/marker_directed_policy_search_20260302_112434,cfg_00023_5a81c411c1,23,/Users/jonaswiendl/local/Repos/ml-surrogates-for-power-systems/hpo/results/marker_directed/stage1_policy_search/marker_directed_policy_search_20260302_112434/runs/cfg_00023_5a81c411c1,,s01,b1024,thesis_marker_hpo_stage1,completed,0,True,final_eval_rmse,minimize,0.008345628735533043,0.008345628735533043,6.964951899135485e-05,25.82311710808426,19.513387089944445,0.000826402916572988,5.615099329967052,0.6666871530469507,0.0,0.022717091953381896,lhs,5,0.9,true,20,0.9,5,0.05,0.8,0.4,,0.6666666666666666,3,0.3333333333333333,1.0,0.23577785484494146,0.6484165105485798,0.09049658477306366,0.40408537569497327,0.332270534415478,0.7007972568680018,0.1233760342001915,320,14,"[637, 18, 1659, 303, 1782, 1403, 1570, 2030, 1778, 1086, 984, 1291, 1007, 1987, 1246, 1237, 1453, 541, 286, 1853, 1371, 88, 909, 1104, 793, 82, 197, 1377, 410, 1374, 1482, 1637, 1964, 712, 742, 1348, 1844, 866, 331, 1021, 1241, 1440, 1412, 611, 1685, 1405, 236, 384, 305, 1670, 568, 1056, 1954, 1041, 488, 555, 1395, 475, 1162, 2033, 1178, 289, 1362, 657]",1.0,0.40408537569497327,0.7691107418185382,0.1579807996749878,0.11748476326465607,960,/Users/jonaswiendl/local/Repos/ml-surrogates-for-power-systems/hpo/results/marker_directed/stage1_policy_search/marker_directed_policy_search_20260302_112434/runs/cfg_00023_5a81c411c1/qbc/history.jsonl,,,64,2048,15,true,64,256,/Users/jonaswiendl/local/Repos/ml-surrogates-for-power-systems/hpo/results/marker_directed/stage1_policy_search/marker_directed_policy_search_20260302_112434/runs/cfg_00023_5a81c411c1/run_manifest.json,active.candidate_method=lhs;;active.log_every=5;;active.marker.greedy_score_weight=0.9;;active.marker.include_anchor_state_markers=true;;active.marker.k_density=20;;active.marker.pca_explained_variance=0.9;;active.marker.preselect_factor=5;;active.marker.settling_fraction=0.05;;active.marker.weights.diversity=0.8;;active.marker.weights.sparsity=0.4;;qbc_K=64;;qbc_P=2048;;qbc_T=15;;qbc_enable_logging=true;;qbc_n0=64;;qbc_n_test=256,,
marker_directed_sm4_v1,1,marker_directed,SM4,default,stageA_policy,broad_policy_search,/Users/jonaswiendl/local/Repos/ml-surrogates-for-power-systems/hpo/results/marker_directed/stage1_policy_search/marker_directed_policy_search_20260302_112434,cfg_00024_49e3c6faf6,24,/Users/jonaswiendl/local/Repos/ml-surrogates-for-power-systems/hpo/results/marker_directed/stage1_policy_search/marker_directed_policy_search_20260302_112434/runs/cfg_00024_49e3c6faf6,,s01,b1024,thesis_marker_hpo_stage1,completed,0,True,final_eval_rmse,minimize,0.008212172324308549,0.008212172324308549,6.743977428413928e-05,25.533784848987125,19.376749227987602,0.0007673099171370268,5.544815895962529,0.5822918739868328,0.0,0.02454319898970425,lhs,5,0.7,true,10,0.95,3,0.05,0.4,0.4,,0.5,4,0.5,1.0,0.33616436986576725,0.6798047482870271,0.10524874180555344,0.535980955393546,0.46775595924536706,0.728382825552082,0.141398623585701,192,14,"[637, 18, 1324, 1551, 1844, 1482, 1377, 1372, 1369, 384, 438, 686, 1256, 1884, 562, 771, 88, 2030, 1362, 1187, 1411, 579, 1086, 39, 2000, 1423, 1036, 1509, 525, 980, 1289, 2032, 616, 1228, 1955, 1087, 92, 1438, 1464, 1648, 1697, 303, 235, 1413, 1967, 481, 1437, 1495, 361, 634, 1642, 1351, 560, 916, 886, 36, 1140, 1847, 1945, 780, 178, 231, 1231, 502]",1.0,0.535980955393546,0.8031735210518367,0.17434921860694885,0.14265188574790955,960,/Users/jonaswiendl/local/Repos/ml-surrogates-for-power-systems/hpo/results/marker_directed/stage1_policy_search/marker_directed_policy_search_20260302_112434/runs/cfg_00024_49e3c6faf6/qbc/history.jsonl,,,64,2048,15,true,64,256,/Users/jonaswiendl/local/Repos/ml-surrogates-for-power-systems/hpo/results/marker_directed/stage1_policy_search/marker_directed_policy_search_20260302_112434/runs/cfg_00024_49e3c6faf6/run_manifest.json,active.candidate_method=lhs;;active.log_every=5;;active.marker.greedy_score_weight=0.7;;active.marker.include_anchor_state_markers=true;;active.marker.k_density=10;;active.marker.pca_explained_variance=0.95;;active.marker.preselect_factor=3;;active.marker.settling_fraction=0.05;;active.marker.weights.diversity=0.4;;active.marker.weights.sparsity=0.4;;qbc_K=64;;qbc_P=2048;;qbc_T=15;;qbc_enable_logging=true;;qbc_n0=64;;qbc_n_test=256,,
marker_directed_sm4_v1,1,marker_directed,SM4,default,stageA_policy,broad_policy_search,/Users/jonaswiendl/local/Repos/ml-surrogates-for-power-systems/hpo/results/marker_directed/stage1_policy_search/marker_directed_policy_search_20260302_112434,cfg_00025_2fe80a2473,25,/Users/jonaswiendl/local/Repos/ml-surrogates-for-power-systems/hpo/results/marker_directed/stage1_policy_search/marker_directed_policy_search_20260302_112434/runs/cfg_00025_2fe80a2473,,s01,b1024,thesis_marker_hpo_stage1,completed,0,True,final_eval_rmse,minimize,0.007551347162961969,0.007551347162961969,5.702284397557378e-05,25.725303385057487,19.412757777958177,0.0008285789517685771,5.708859773003496,0.5751191029557958,0.0,0.023183949990198016,lhs,5,0.7,true,10,0.95,3,0.05,0.6,0.4,,0.6,4,0.4,1.0,0.3346037705934046,0.679246894805948,0.11137686669826508,0.5300829519076499,0.4649770383619902,0.7316999869431742,0.15129424631595612,192,14,"[637, 18, 88, 303, 1551, 1570, 2030, 1741, 430, 438, 636, 686, 384, 1685, 310, 1873, 1051, 70, 580, 1017, 1057, 1328, 1844, 1793, 161, 579, 1351, 879, 340, 271, 5, 1034, 39, 425, 1036, 790, 726, 897, 127, 1423, 1407, 255, 1440, 1064, 1438, 1289, 1011, 1563, 1395, 559, 1495, 32, 56, 1558, 1143, 1656, 1137, 985, 92, 388, 1319, 66, 592, 1798]",1.0,0.5300829519076499,0.8037029660232322,0.18456381559371948,0.15320958197116852,960,/Users/jonaswiendl/local/Repos/ml-surrogates-for-power-systems/hpo/results/marker_directed/stage1_policy_search/marker_directed_policy_search_20260302_112434/runs/cfg_00025_2fe80a2473/qbc/history.jsonl,,,64,2048,15,true,64,256,/Users/jonaswiendl/local/Repos/ml-surrogates-for-power-systems/hpo/results/marker_directed/stage1_policy_search/marker_directed_policy_search_20260302_112434/runs/cfg_00025_2fe80a2473/run_manifest.json,active.candidate_method=lhs;;active.log_every=5;;active.marker.greedy_score_weight=0.7;;active.marker.include_anchor_state_markers=true;;active.marker.k_density=10;;active.marker.pca_explained_variance=0.95;;active.marker.preselect_factor=3;;active.marker.settling_fraction=0.05;;active.marker.weights.diversity=0.6;;active.marker.weights.sparsity=0.4;;qbc_K=64;;qbc_P=2048;;qbc_T=15;;qbc_enable_logging=true;;qbc_n0=64;;qbc_n_test=256,,
marker_directed_sm4_v1,1,marker_directed,SM4,default,stageA_policy,broad_policy_search,/Users/jonaswiendl/local/Repos/ml-surrogates-for-power-systems/hpo/results/marker_directed/stage1_policy_search/marker_directed_policy_search_20260302_112434,cfg_00026_770ac97fd4,26,/Users/jonaswiendl/local/Repos/ml-surrogates-for-power-systems/hpo/results/marker_directed/stage1_policy_search/marker_directed_policy_search_20260302_112434/runs/cfg_00026_770ac97fd4,,s01,b1024,thesis_marker_hpo_stage1,completed,0,True,final_eval_rmse,minimize,0.006987283213133905,0.006987283213133905,4.882212670054287e-05,25.830336060957052,19.635527857928537,0.0007947229314595461,5.5861767519963905,0.5790620259940624,0.0,0.024161142064258456,lhs,5,0.7,true,10,0.95,3,0.05,0.8,0.4,,0.6666666666666666,4,0.3333333333333333,1.0,0.3325043715780584,0.6788376546877131,0.12182386219501495,0.5401197854332151,0.4638042333855215,0.7387778525140346,0.16649235785007477,192,14,"[637, 18, 1178, 303, 1767, 438, 2030, 1736, 1901, 199, 745, 1176, 1170, 96, 1196, 1225, 1051, 622, 950, 1868, 384, 6, 1804, 1892, 119, 1413, 1424, 300, 1364, 1410, 1771, 967, 44, 99, 1423, 1784, 1245, 1621, 1822, 1791, 1570, 2013, 1075, 1684, 866, 991, 1030, 127, 1440, 889, 559, 1495, 1741, 1997, 1450, 1140, 925, 84, 1832, 586, 1527, 1351, 1008, 1987]",1.0,0.5401197854332151,0.8054486823307003,0.20140331983566284,0.16878965497016907,960,/Users/jonaswiendl/local/Repos/ml-surrogates-for-power-systems/hpo/results/marker_directed/stage1_policy_search/marker_directed_policy_search_20260302_112434/runs/cfg_00026_770ac97fd4/qbc/history.jsonl,,,64,2048,15,true,64,256,/Users/jonaswiendl/local/Repos/ml-surrogates-for-power-systems/hpo/results/marker_directed/stage1_policy_search/marker_directed_policy_search_20260302_112434/runs/cfg_00026_770ac97fd4/run_manifest.json,active.candidate_method=lhs;;active.log_every=5;;active.marker.greedy_score_weight=0.7;;active.marker.include_anchor_state_markers=true;;active.marker.k_density=10;;active.marker.pca_explained_variance=0.95;;active.marker.preselect_factor=3;;active.marker.settling_fraction=0.05;;active.marker.weights.diversity=0.8;;active.marker.weights.sparsity=0.4;;qbc_K=64;;qbc_P=2048;;qbc_T=15;;qbc_enable_logging=true;;qbc_n0=64;;qbc_n_test=256,,
marker_directed_sm4_v1,1,marker_directed,SM4,default,stageA_policy,broad_policy_search,/Users/jonaswiendl/local/Repos/ml-surrogates-for-power-systems/hpo/results/marker_directed/stage1_policy_search/marker_directed_policy_search_20260302_112434,cfg_00027_3ee4f28858,27,/Users/jonaswiendl/local/Repos/ml-surrogates-for-power-systems/hpo/results/marker_directed/stage1_policy_search/marker_directed_policy_search_20260302_112434/runs/cfg_00027_3ee4f28858,,s01,b1024,thesis_marker_hpo_stage1,completed,0,True,final_eval_rmse,minimize,0.007600189099526061,0.007600189099526061,5.776287434855476e-05,25.846507149981335,19.624495928990655,0.0007941490039229393,5.614527838071808,0.5767630980117247,0.0,0.025265196920372546,lhs,5,0.9,true,10,0.95,3,0.05,0.4,0.4,,0.5,4,0.5,1.0,0.34115906043599853,0.6832013473547427,0.10400676727294922,0.5520078970116497,0.4701506910958792,0.7324839999336215,0.13903437554836273,192,14,"[637, 18, 1535, 438, 303, 1467, 1423, 1570, 308, 771, 1952, 1711, 385, 1683, 1051, 1177, 6, 1832, 1961, 88, 441, 1724, 867, 1413, 1548, 807, 2005, 9, 879, 1097, 1332, 481, 92, 1835, 376, 1259, 306, 1013, 1411, 485, 137, 1646, 1797, 99, 1947, 1377, 287, 85, 855, 1509, 1787, 1923, 1536, 52, 1075, 325, 1073, 1036, 1822, 186, 1140, 1892, 968, 616]",1.0,0.5520078970116497,0.7984788754687525,0.1749817579984665,0.14017896354198456,960,/Users/jonaswiendl/local/Repos/ml-surrogates-for-power-systems/hpo/results/marker_directed/stage1_policy_search/marker_directed_policy_search_20260302_112434/runs/cfg_00027_3ee4f28858/qbc/history.jsonl,,,64,2048,15,true,64,256,/Users/jonaswiendl/local/Repos/ml-surrogates-for-power-systems/hpo/results/marker_directed/stage1_policy_search/marker_directed_policy_search_20260302_112434/runs/cfg_00027_3ee4f28858/run_manifest.json,active.candidate_method=lhs;;active.log_every=5;;active.marker.greedy_score_weight=0.9;;active.marker.include_anchor_state_markers=true;;active.marker.k_density=10;;active.marker.pca_explained_variance=0.95;;active.marker.preselect_factor=3;;active.marker.settling_fraction=0.05;;active.marker.weights.diversity=0.4;;active.marker.weights.sparsity=0.4;;qbc_K=64;;qbc_P=2048;;qbc_T=15;;qbc_enable_logging=true;;qbc_n0=64;;qbc_n_test=256,,
marker_directed_sm4_v1,1,marker_directed,SM4,default,stageA_policy,broad_policy_search,/Users/jonaswiendl/local/Repos/ml-surrogates-for-power-systems/hpo/results/marker_directed/stage1_policy_search/marker_directed_policy_search_20260302_112434,cfg_00028_4563d58a98,28,/Users/jonaswiendl/local/Repos/ml-surrogates-for-power-systems/hpo/results/marker_directed/stage1_policy_search/marker_directed_policy_search_20260302_112434/runs/cfg_00028_4563d58a98,,s01,b1024,thesis_marker_hpo_stage1,completed,0,True,final_eval_rmse,minimize,0.007213733233971301,0.007213733233971301,5.2037947170902044e-05,25.846100993920118,19.60958194907289,0.0008462700061500072,5.621398551971652,0.5860054730437696,0.0,0.023620059015229344,lhs,5,0.9,true,10,0.95,3,0.05,0.6,0.4,,0.6,4,0.4,1.0,0.3392844764168401,0.6847394147365056,0.11235800385475159,0.5443626567068096,0.4643882776498927,0.7351000912923265,0.15121057629585266,192,14,"[637, 18, 627, 303, 438, 1516, 1423, 2030, 1961, 1411, 1086, 666, 636, 384, 1377, 1328, 1685, 1701, 1832, 9, 1923, 1413, 1051, 28, 1399, 1833, 1478, 632, 969, 1527, 395, 508, 481, 1583, 1901, 197, 1835, 879, 1405, 1437, 1161, 804, 485, 509, 257, 1469, 1245, 1395, 1036, 92, 1892, 1764, 595, 943, 1075, 516, 6, 1450, 807, 1748, 1142, 1236, 559, 518]",1.0,0.5443626567068096,0.8087616570601495,0.18727098405361176,0.1527828425168991,960,/Users/jonaswiendl/local/Repos/ml-surrogates-for-power-systems/hpo/results/marker_directed/stage1_policy_search/marker_directed_policy_search_20260302_112434/runs/cfg_00028_4563d58a98/qbc/history.jsonl,,,64,2048,15,true,64,256,/Users/jonaswiendl/local/Repos/ml-surrogates-for-power-systems/hpo/results/marker_directed/stage1_policy_search/marker_directed_policy_search_20260302_112434/runs/cfg_00028_4563d58a98/run_manifest.json,active.candidate_method=lhs;;active.log_every=5;;active.marker.greedy_score_weight=0.9;;active.marker.include_anchor_state_markers=true;;active.marker.k_density=10;;active.marker.pca_explained_variance=0.95;;active.marker.preselect_factor=3;;active.marker.settling_fraction=0.05;;active.marker.weights.diversity=0.6;;active.marker.weights.sparsity=0.4;;qbc_K=64;;qbc_P=2048;;qbc_T=15;;qbc_enable_logging=true;;qbc_n0=64;;qbc_n_test=256,,
marker_directed_sm4_v1,1,marker_directed,SM4,default,stageA_policy,broad_policy_search,/Users/jonaswiendl/local/Repos/ml-surrogates-for-power-systems/hpo/results/marker_directed/stage1_policy_search/marker_directed_policy_search_20260302_112434,cfg_00029_2a3e4ccce2,29,/Users/jonaswiendl/local/Repos/ml-surrogates-for-power-systems/hpo/results/marker_directed/stage1_policy_search/marker_directed_policy_search_20260302_112434/runs/cfg_00029_2a3e4ccce2,,s01,b1024,thesis_marker_hpo_stage1,completed,0,True,final_eval_rmse,minimize,0.009353276754512559,0.009353276754512559,8.748378604650497e-05,25.814281023922376,19.627262647030875,0.0008707559900358319,5.573230737936683,0.5847242859890684,0.0,0.02347937400918454,lhs,5,0.9,true,10,0.95,3,0.05,0.8,0.4,,0.6666666666666666,4,0.3333333333333333,1.0,0.3402426072790514,0.6837469666461191,0.11395944654941559,0.5607597488456418,0.47001911387827117,0.7388435136090139,0.15854991972446442,192,14,"[637, 18, 88, 1395, 1423, 438, 308, 1438, 508, 816, 1377, 155, 1685, 525, 953, 384, 1923, 1041, 636, 1149, 1118, 1405, 1627, 1844, 1289, 222, 979, 1806, 2046, 803, 879, 481, 50, 1559, 1901, 988, 1835, 1892, 1046, 807, 1162, 959, 1366, 846, 1097, 1161, 231, 115, 303, 1658, 1507, 1036, 998, 79, 963, 55, 1741, 707, 1675, 1413, 666, 1116, 1655, 981]",1.0,0.5607597488456418,0.8045295050313981,0.19826261699199677,0.16062448918819427,960,/Users/jonaswiendl/local/Repos/ml-surrogates-for-power-systems/hpo/results/marker_directed/stage1_policy_search/marker_directed_policy_search_20260302_112434/runs/cfg_00029_2a3e4ccce2/qbc/history.jsonl,,,64,2048,15,true,64,256,/Users/jonaswiendl/local/Repos/ml-surrogates-for-power-systems/hpo/results/marker_directed/stage1_policy_search/marker_directed_policy_search_20260302_112434/runs/cfg_00029_2a3e4ccce2/run_manifest.json,active.candidate_method=lhs;;active.log_every=5;;active.marker.greedy_score_weight=0.9;;active.marker.include_anchor_state_markers=true;;active.marker.k_density=10;;active.marker.pca_explained_variance=0.95;;active.marker.preselect_factor=3;;active.marker.settling_fraction=0.05;;active.marker.weights.diversity=0.8;;active.marker.weights.sparsity=0.4;;qbc_K=64;;qbc_P=2048;;qbc_T=15;;qbc_enable_logging=true;;qbc_n0=64;;qbc_n_test=256,,
marker_directed_sm4_v1,1,marker_directed,SM4,default,stageA_policy,broad_policy_search,/Users/jonaswiendl/local/Repos/ml-surrogates-for-power-systems/hpo/results/marker_directed/stage1_policy_search/marker_directed_policy_search_20260302_112434,cfg_00030_6016ce5503,30,/Users/jonaswiendl/local/Repos/ml-surrogates-for-power-systems/hpo/results/marker_directed/stage1_policy_search/marker_directed_policy_search_20260302_112434/runs/cfg_00030_6016ce5503,,s01,b1024,thesis_marker_hpo_stage1,completed,0,True,final_eval_rmse,minimize,0.007195773728269919,0.007195773728269919,5.1779159548459575e-05,25.90281259594485,19.606139565003105,0.0008033739868551493,5.599627707968466,0.6682142789941281,0.0,0.023456156020984054,lhs,5,0.7,true,10,0.95,5,0.05,0.4,0.4,,0.5,4,0.5,1.0,0.3353326413920258,0.6803515469055967,0.10516218841075897,0.5070733131646987,0.4702334593175877,0.7282134224385852,0.1415083408355713,320,14,"[637, 149, 1092, 1345, 1637, 1570, 578, 237, 2044, 438, 1056, 1285, 1551, 1955, 636, 1612, 1149, 1704, 1317, 1807, 214, 2030, 1030, 190, 1423, 1814, 616, 1221, 672, 1337, 384, 1496, 481, 1574, 1628, 305, 1920, 525, 703, 1196, 1013, 759, 1219, 86, 6, 1601, 1967, 1621, 1036, 137, 453, 849, 842, 1162, 1145, 235, 1413, 909, 1450, 355, 1865, 226, 303, 1798]",1.0,0.5070733131646987,0.7970119124198778,0.16588309407234192,0.1347006857395172,960,/Users/jonaswiendl/local/Repos/ml-surrogates-for-power-systems/hpo/results/marker_directed/stage1_policy_search/marker_directed_policy_search_20260302_112434/runs/cfg_00030_6016ce5503/qbc/history.jsonl,,,64,2048,15,true,64,256,/Users/jonaswiendl/local/Repos/ml-surrogates-for-power-systems/hpo/results/marker_directed/stage1_policy_search/marker_directed_policy_search_20260302_112434/runs/cfg_00030_6016ce5503/run_manifest.json,active.candidate_method=lhs;;active.log_every=5;;active.marker.greedy_score_weight=0.7;;active.marker.include_anchor_state_markers=true;;active.marker.k_density=10;;active.marker.pca_explained_variance=0.95;;active.marker.preselect_factor=5;;active.marker.settling_fraction=0.05;;active.marker.weights.diversity=0.4;;active.marker.weights.sparsity=0.4;;qbc_K=64;;qbc_P=2048;;qbc_T=15;;qbc_enable_logging=true;;qbc_n0=64;;qbc_n_test=256,,
marker_directed_sm4_v1,1,marker_directed,SM4,default,stageA_policy,broad_policy_search,/Users/jonaswiendl/local/Repos/ml-surrogates-for-power-systems/hpo/results/marker_directed/stage1_policy_search/marker_directed_policy_search_20260302_112434,cfg_00031_9c70c2f046,31,/Users/jonaswiendl/local/Repos/ml-surrogates-for-power-systems/hpo/results/marker_directed/stage1_policy_search/marker_directed_policy_search_20260302_112434/runs/cfg_00031_9c70c2f046,,s01,b1024,thesis_marker_hpo_stage1,completed,0,True,final_eval_rmse,minimize,0.008417237784845311,0.008417237784845311,7.08498919266276e-05,25.74434607697185,19.48934688209556,0.0009025019826367497,5.5549225399736315,0.6709024009760469,0.0,0.02369679999537766,lhs,5,0.7,true,10,0.95,5,0.05,0.6,0.4,,0.6,4,0.4,1.0,0.33410823966883807,0.6777218842664653,0.11502595990896225,0.525152381297908,0.46236084081655626,0.7320325157562158,0.15528541803359985,320,14,"[637, 149, 883, 438, 1143, 1516, 636, 1683, 425, 525, 2044, 301, 473, 1051, 953, 1741, 17, 278, 1347, 1656, 991, 2030, 1092, 1807, 1220, 344, 155, 1476, 879, 355, 1377, 1423, 2010, 1289, 481, 1475, 1621, 1984, 803, 303, 1797, 1457, 118, 1351, 790, 886, 1397, 1625, 1778, 1623, 2013, 1637, 774, 1086, 96, 1892, 489, 1495, 305, 132, 1995, 453, 554, 503]",1.0,0.525152381297908,0.8007515347158657,0.18747055530548096,0.14768925309181213,960,/Users/jonaswiendl/local/Repos/ml-surrogates-for-power-systems/hpo/results/marker_directed/stage1_policy_search/marker_directed_policy_search_20260302_112434/runs/cfg_00031_9c70c2f046/qbc/history.jsonl,,,64,2048,15,true,64,256,/Users/jonaswiendl/local/Repos/ml-surrogates-for-power-systems/hpo/results/marker_directed/stage1_policy_search/marker_directed_policy_search_20260302_112434/runs/cfg_00031_9c70c2f046/run_manifest.json,active.candidate_method=lhs;;active.log_every=5;;active.marker.greedy_score_weight=0.7;;active.marker.include_anchor_state_markers=true;;active.marker.k_density=10;;active.marker.pca_explained_variance=0.95;;active.marker.preselect_factor=5;;active.marker.settling_fraction=0.05;;active.marker.weights.diversity=0.6;;active.marker.weights.sparsity=0.4;;qbc_K=64;;qbc_P=2048;;qbc_T=15;;qbc_enable_logging=true;;qbc_n0=64;;qbc_n_test=256,,
marker_directed_sm4_v1,1,marker_directed,SM4,default,stageA_policy,broad_policy_search,/Users/jonaswiendl/local/Repos/ml-surrogates-for-power-systems/hpo/results/marker_directed/stage1_policy_search/marker_directed_policy_search_20260302_112434,cfg_00032_d6c42f615f,32,/Users/jonaswiendl/local/Repos/ml-surrogates-for-power-systems/hpo/results/marker_directed/stage1_policy_search/marker_directed_policy_search_20260302_112434/runs/cfg_00032_d6c42f615f,,s01,b1024,thesis_marker_hpo_stage1,completed,0,True,final_eval_rmse,minimize,0.007284852370234504,0.007284852370234504,5.3069074056111276e-05,26.046015633968636,19.745638337917626,0.0008235910208895802,5.599786555976607,0.6705894230399281,0.0,0.024538152036257088,lhs,5,0.7,true,10,0.95,5,0.05,0.8,0.4,,0.6666666666666666,4,0.3333333333333333,1.0,0.3328631448612121,0.6724867579058851,0.11786659061908722,0.5173795267909747,0.4660350806657608,0.7302584207775361,0.16384629905223846,320,14,"[637, 18, 883, 1551, 1345, 1397, 1568, 287, 2030, 8, 1757, 384, 579, 1576, 1389, 1513, 154, 1051, 392, 1707, 1405, 525, 88, 1380, 1570, 1351, 1220, 438, 1113, 1423, 256, 97, 1923, 6, 157, 572, 1464, 150, 901, 5, 1984, 1186, 1149, 1411, 1258, 567, 1637, 304, 203, 411, 1228, 376, 1748, 360, 532, 216, 1142, 2026, 1495, 1148, 127, 527, 777, 1666]",1.0,0.5173795267909747,0.7962882780955891,0.19149336218833923,0.15478667616844177,960,/Users/jonaswiendl/local/Repos/ml-surrogates-for-power-systems/hpo/results/marker_directed/stage1_policy_search/marker_directed_policy_search_20260302_112434/runs/cfg_00032_d6c42f615f/qbc/history.jsonl,,,64,2048,15,true,64,256,/Users/jonaswiendl/local/Repos/ml-surrogates-for-power-systems/hpo/results/marker_directed/stage1_policy_search/marker_directed_policy_search_20260302_112434/runs/cfg_00032_d6c42f615f/run_manifest.json,active.candidate_method=lhs;;active.log_every=5;;active.marker.greedy_score_weight=0.7;;active.marker.include_anchor_state_markers=true;;active.marker.k_density=10;;active.marker.pca_explained_variance=0.95;;active.marker.preselect_factor=5;;active.marker.settling_fraction=0.05;;active.marker.weights.diversity=0.8;;active.marker.weights.sparsity=0.4;;qbc_K=64;;qbc_P=2048;;qbc_T=15;;qbc_enable_logging=true;;qbc_n0=64;;qbc_n_test=256,,
marker_directed_sm4_v1,1,marker_directed,SM4,default,stageA_policy,broad_policy_search,/Users/jonaswiendl/local/Repos/ml-surrogates-for-power-systems/hpo/results/marker_directed/stage1_policy_search/marker_directed_policy_search_20260302_112434,cfg_00033_91a896fb25,33,/Users/jonaswiendl/local/Repos/ml-surrogates-for-power-systems/hpo/results/marker_directed/stage1_policy_search/marker_directed_policy_search_20260302_112434/runs/cfg_00033_91a896fb25,,s01,b1024,thesis_marker_hpo_stage1,completed,0,True,final_eval_rmse,minimize,0.006831337613684519,0.006831337613684519,4.66671735921409e-05,25.79596771893557,19.454002292943187,0.0008085599401965737,5.629974129027687,0.6810714500024915,0.0,0.02534484409261495,lhs,5,0.9,true,10,0.95,5,0.05,0.4,0.4,,0.5,4,0.5,1.0,0.3402098161263226,0.6870841680352322,0.1029023602604866,0.5266975586002846,0.46634850472120565,0.7407776701511706,0.13597753643989563,320,14,"[637, 18, 1691, 438, 303, 1467, 1423, 2030, 308, 1377, 1452, 1806, 1955, 1854, 1421, 1475, 1051, 955, 357, 991, 1041, 1778, 1637, 1832, 6, 525, 1984, 31, 1873, 1161, 1681, 384, 544, 1118, 1876, 572, 783, 481, 248, 579, 1901, 1668, 1289, 728, 938, 611, 231, 592, 1075, 127, 1741, 1332, 1056, 1639, 1030, 1658, 1013, 379, 529, 765, 93, 1892, 415, 1378]",1.0,0.5266975586002846,0.8136450292890958,0.1679568886756897,0.12974002957344055,960,/Users/jonaswiendl/local/Repos/ml-surrogates-for-power-systems/hpo/results/marker_directed/stage1_policy_search/marker_directed_policy_search_20260302_112434/runs/cfg_00033_91a896fb25/qbc/history.jsonl,,,64,2048,15,true,64,256,/Users/jonaswiendl/local/Repos/ml-surrogates-for-power-systems/hpo/results/marker_directed/stage1_policy_search/marker_directed_policy_search_20260302_112434/runs/cfg_00033_91a896fb25/run_manifest.json,active.candidate_method=lhs;;active.log_every=5;;active.marker.greedy_score_weight=0.9;;active.marker.include_anchor_state_markers=true;;active.marker.k_density=10;;active.marker.pca_explained_variance=0.95;;active.marker.preselect_factor=5;;active.marker.settling_fraction=0.05;;active.marker.weights.diversity=0.4;;active.marker.weights.sparsity=0.4;;qbc_K=64;;qbc_P=2048;;qbc_T=15;;qbc_enable_logging=true;;qbc_n0=64;;qbc_n_test=256,,
marker_directed_sm4_v1,1,marker_directed,SM4,default,stageA_policy,broad_policy_search,/Users/jonaswiendl/local/Repos/ml-surrogates-for-power-systems/hpo/results/marker_directed/stage1_policy_search/marker_directed_policy_search_20260302_112434,cfg_00034_92accc25ce,34,/Users/jonaswiendl/local/Repos/ml-surrogates-for-power-systems/hpo/results/marker_directed/stage1_policy_search/marker_directed_policy_search_20260302_112434/runs/cfg_00034_92accc25ce,,s01,b1024,thesis_marker_hpo_stage1,completed,0,True,final_eval_rmse,minimize,0.007387171596812389,0.007387171596812389,5.457030420075171e-05,26.028823839966208,19.724668462062255,0.0008264000061899424,5.605578294023871,0.6680697699775919,0.0,0.025166108971461654,lhs,5,0.9,true,10,0.95,5,0.05,0.6,0.4,,0.6,4,0.4,1.0,0.33833054134429724,0.682722276895195,0.1108231246471405,0.541848696621784,0.4661917594637954,0.7354870224326191,0.15071238577365875,320,14,"[637, 18, 88, 303, 1423, 438, 1806, 1701, 1377, 1516, 714, 1097, 2030, 1362, 1685, 749, 1413, 1961, 1051, 384, 1804, 96, 879, 92, 969, 355, 1364, 1751, 6, 1040, 1778, 428, 0, 2001, 481, 42, 55, 1980, 1173, 273, 7, 1030, 1010, 1388, 954, 1984, 1189, 767, 607, 818, 1892, 1073, 1741, 1469, 1567, 1467, 807, 1901, 1187, 1399, 1161, 820, 1013, 1748]",1.0,0.541848696621784,0.8043802578695464,0.18652434647083282,0.14403042197227478,960,/Users/jonaswiendl/local/Repos/ml-surrogates-for-power-systems/hpo/results/marker_directed/stage1_policy_search/marker_directed_policy_search_20260302_112434/runs/cfg_00034_92accc25ce/qbc/history.jsonl,,,64,2048,15,true,64,256,/Users/jonaswiendl/local/Repos/ml-surrogates-for-power-systems/hpo/results/marker_directed/stage1_policy_search/marker_directed_policy_search_20260302_112434/runs/cfg_00034_92accc25ce/run_manifest.json,active.candidate_method=lhs;;active.log_every=5;;active.marker.greedy_score_weight=0.9;;active.marker.include_anchor_state_markers=true;;active.marker.k_density=10;;active.marker.pca_explained_variance=0.95;;active.marker.preselect_factor=5;;active.marker.settling_fraction=0.05;;active.marker.weights.diversity=0.6;;active.marker.weights.sparsity=0.4;;qbc_K=64;;qbc_P=2048;;qbc_T=15;;qbc_enable_logging=true;;qbc_n0=64;;qbc_n_test=256,,
marker_directed_sm4_v1,1,marker_directed,SM4,default,stageA_policy,broad_policy_search,/Users/jonaswiendl/local/Repos/ml-surrogates-for-power-systems/hpo/results/marker_directed/stage1_policy_search/marker_directed_policy_search_20260302_112434,cfg_00035_aef1351b28,35,/Users/jonaswiendl/local/Repos/ml-surrogates-for-power-systems/hpo/results/marker_directed/stage1_policy_search/marker_directed_policy_search_20260302_112434/runs/cfg_00035_aef1351b28,,s01,b1024,thesis_marker_hpo_stage1,completed,0,True,final_eval_rmse,minimize,0.007097840636492597,0.007097840636492597,5.037934170104563e-05,25.83662687591277,19.542168795946054,0.000822787987999618,5.593885008012876,0.6719008680665866,0.0,0.023307565017603338,lhs,5,0.9,true,10,0.95,5,0.05,0.8,0.4,,0.6666666666666666,4,0.3333333333333333,1.0,0.33478965947625,0.6804060006269008,0.11453519761562347,0.5399215345824508,0.4566109442182128,0.735639295874498,0.1561935544013977,320,14,"[637, 18, 88, 303, 1551, 438, 1806, 1423, 2030, 1377, 1475, 1097, 1231, 960, 1362, 384, 1324, 268, 1622, 1804, 96, 1337, 78, 790, 879, 2032, 2019, 665, 516, 1222, 31, 592, 1450, 1701, 1764, 2018, 6, 1347, 1030, 1748, 899, 1116, 1693, 807, 1413, 39, 841, 1563, 0, 938, 1775, 1150, 813, 1901, 189, 1677, 1892, 1798, 1685, 414, 2026, 1442, 28, 1017]",1.0,0.5399215345824508,0.8025552321615608,0.19438932836055756,0.15002229809761047,960,/Users/jonaswiendl/local/Repos/ml-surrogates-for-power-systems/hpo/results/marker_directed/stage1_policy_search/marker_directed_policy_search_20260302_112434/runs/cfg_00035_aef1351b28/qbc/history.jsonl,,,64,2048,15,true,64,256,/Users/jonaswiendl/local/Repos/ml-surrogates-for-power-systems/hpo/results/marker_directed/stage1_policy_search/marker_directed_policy_search_20260302_112434/runs/cfg_00035_aef1351b28/run_manifest.json,active.candidate_method=lhs;;active.log_every=5;;active.marker.greedy_score_weight=0.9;;active.marker.include_anchor_state_markers=true;;active.marker.k_density=10;;active.marker.pca_explained_variance=0.95;;active.marker.preselect_factor=5;;active.marker.settling_fraction=0.05;;active.marker.weights.diversity=0.8;;active.marker.weights.sparsity=0.4;;qbc_K=64;;qbc_P=2048;;qbc_T=15;;qbc_enable_logging=true;;qbc_n0=64;;qbc_n_test=256,,
marker_directed_sm4_v1,1,marker_directed,SM4,default,stageA_policy,broad_policy_search,/Users/jonaswiendl/local/Repos/ml-surrogates-for-power-systems/hpo/results/marker_directed/stage1_policy_search/marker_directed_policy_search_20260302_112434,cfg_00036_c2ee057005,36,/Users/jonaswiendl/local/Repos/ml-surrogates-for-power-systems/hpo/results/marker_directed/stage1_policy_search/marker_directed_policy_search_20260302_112434/runs/cfg_00036_c2ee057005,,s01,b1024,thesis_marker_hpo_stage1,completed,0,True,final_eval_rmse,minimize,0.007686552752675905,0.007686552752675905,5.9083093219669536e-05,25.77621793502476,19.570534442085773,0.0008281670743599534,5.600406495039351,0.5756580160232261,0.0,0.024169945972971618,lhs,5,0.7,true,20,0.95,3,0.05,0.4,0.4,,0.5,4,0.5,1.0,0.3308408222750922,0.8447216304004683,0.09755295515060425,0.5308025632430405,0.4676990665457722,0.8965793328887492,0.13350766897201538,192,14,"[637, 18, 874, 303, 1423, 1701, 1873, 1411, 613, 92, 2030, 636, 438, 1046, 555, 422, 1036, 384, 1377, 1844, 1804, 1438, 790, 1719, 759, 214, 609, 2046, 1173, 579, 395, 1901, 137, 544, 2032, 992, 507, 991, 1405, 1741, 1030, 6, 442, 1920, 1189, 481, 1256, 1057, 598, 1395, 1621, 189, 1495, 1081, 344, 909, 943, 235, 1469, 1143, 1413, 55, 1388, 860]",1.0,0.5308025632430405,0.9642545836901288,0.1653839498758316,0.1344449669122696,960,/Users/jonaswiendl/local/Repos/ml-surrogates-for-power-systems/hpo/results/marker_directed/stage1_policy_search/marker_directed_policy_search_20260302_112434/runs/cfg_00036_c2ee057005/qbc/history.jsonl,,,64,2048,15,true,64,256,/Users/jonaswiendl/local/Repos/ml-surrogates-for-power-systems/hpo/results/marker_directed/stage1_policy_search/marker_directed_policy_search_20260302_112434/runs/cfg_00036_c2ee057005/run_manifest.json,active.candidate_method=lhs;;active.log_every=5;;active.marker.greedy_score_weight=0.7;;active.marker.include_anchor_state_markers=true;;active.marker.k_density=20;;active.marker.pca_explained_variance=0.95;;active.marker.preselect_factor=3;;active.marker.settling_fraction=0.05;;active.marker.weights.diversity=0.4;;active.marker.weights.sparsity=0.4;;qbc_K=64;;qbc_P=2048;;qbc_T=15;;qbc_enable_logging=true;;qbc_n0=64;;qbc_n_test=256,,
marker_directed_sm4_v1,1,marker_directed,SM4,default,stageA_policy,broad_policy_search,/Users/jonaswiendl/local/Repos/ml-surrogates-for-power-systems/hpo/results/marker_directed/stage1_policy_search/marker_directed_policy_search_20260302_112434,cfg_00037_a2c86c98fb,37,/Users/jonaswiendl/local/Repos/ml-surrogates-for-power-systems/hpo/results/marker_directed/stage1_policy_search/marker_directed_policy_search_20260302_112434/runs/cfg_00037_a2c86c98fb,,s01,b1024,thesis_marker_hpo_stage1,completed,0,True,final_eval_rmse,minimize,0.00794192486817892,0.00794192486817892,6.307417061179876e-05,25.844996225903742,19.634018409997225,0.0008190569933503866,5.596665726043284,0.5851788449799642,0.0,0.02384206699207425,lhs,5,0.7,true,20,0.95,3,0.05,0.6,0.4,,0.6,4,0.4,1.0,0.3322179397222797,0.8451183254337991,0.10892732441425323,0.5293627564076323,0.4642896358405906,0.9082666688098071,0.1492973417043686,192,14,"[637, 18, 88, 1698, 1551, 438, 1469, 2030, 1145, 1358, 140, 1984, 1656, 1337, 1498, 1051, 268, 1741, 1094, 1832, 1861, 1075, 525, 1095, 772, 1806, 6, 5, 97, 1423, 666, 959, 1923, 478, 1413, 1228, 580, 185, 1236, 428, 1086, 1377, 1486, 943, 92, 2013, 325, 1137, 1013, 384, 372, 455, 1073, 272, 1575, 1177, 1244, 309, 1892, 1033, 895, 636, 2046, 1087]",1.0,0.5293627564076323,0.9666916498527133,0.1825522780418396,0.15110445022583008,960,/Users/jonaswiendl/local/Repos/ml-surrogates-for-power-systems/hpo/results/marker_directed/stage1_policy_search/marker_directed_policy_search_20260302_112434/runs/cfg_00037_a2c86c98fb/qbc/history.jsonl,,,64,2048,15,true,64,256,/Users/jonaswiendl/local/Repos/ml-surrogates-for-power-systems/hpo/results/marker_directed/stage1_policy_search/marker_directed_policy_search_20260302_112434/runs/cfg_00037_a2c86c98fb/run_manifest.json,active.candidate_method=lhs;;active.log_every=5;;active.marker.greedy_score_weight=0.7;;active.marker.include_anchor_state_markers=true;;active.marker.k_density=20;;active.marker.pca_explained_variance=0.95;;active.marker.preselect_factor=3;;active.marker.settling_fraction=0.05;;active.marker.weights.diversity=0.6;;active.marker.weights.sparsity=0.4;;qbc_K=64;;qbc_P=2048;;qbc_T=15;;qbc_enable_logging=true;;qbc_n0=64;;qbc_n_test=256,,
marker_directed_sm4_v1,1,marker_directed,SM4,default,stageA_policy,broad_policy_search,/Users/jonaswiendl/local/Repos/ml-surrogates-for-power-systems/hpo/results/marker_directed/stage1_policy_search/marker_directed_policy_search_20260302_112434,cfg_00038_5ec8610ab3,38,/Users/jonaswiendl/local/Repos/ml-surrogates-for-power-systems/hpo/results/marker_directed/stage1_policy_search/marker_directed_policy_search_20260302_112434/runs/cfg_00038_5ec8610ab3,,s01,b1024,thesis_marker_hpo_stage1,completed,0,True,final_eval_rmse,minimize,0.0070581270575151974,0.0070581270575151974,4.9817157560028136e-05,25.853502404061146,19.570483912946656,0.0007944860262796283,5.66727982298471,0.5863848170265555,0.0,0.023817555978894234,lhs,5,0.7,true,20,0.95,3,0.05,0.8,0.4,,0.6666666666666666,4,0.3333333333333333,1.0,0.3325198942209744,0.8480956936260232,0.11427564918994904,0.5267725562507939,0.4617796459005299,0.9137435256022198,0.15744934976100922,192,14,"[637, 18, 1465, 438, 953, 1637, 303, 2030, 1358, 636, 1987, 1551, 1086, 1137, 256, 1362, 1051, 1707, 895, 525, 1307, 1220, 1423, 88, 170, 579, 1231, 1844, 1570, 1281, 1053, 639, 1755, 384, 1442, 481, 981, 1741, 1439, 6, 1056, 28, 527, 484, 74, 1806, 580, 325, 169, 1162, 1332, 1778, 969, 963, 1685, 1760, 725, 1824, 442, 1708, 1013, 474, 95, 1324]",1.0,0.5267725562507939,0.9780675505948664,0.19095391035079956,0.15857677161693573,960,/Users/jonaswiendl/local/Repos/ml-surrogates-for-power-systems/hpo/results/marker_directed/stage1_policy_search/marker_directed_policy_search_20260302_112434/runs/cfg_00038_5ec8610ab3/qbc/history.jsonl,,,64,2048,15,true,64,256,/Users/jonaswiendl/local/Repos/ml-surrogates-for-power-systems/hpo/results/marker_directed/stage1_policy_search/marker_directed_policy_search_20260302_112434/runs/cfg_00038_5ec8610ab3/run_manifest.json,active.candidate_method=lhs;;active.log_every=5;;active.marker.greedy_score_weight=0.7;;active.marker.include_anchor_state_markers=true;;active.marker.k_density=20;;active.marker.pca_explained_variance=0.95;;active.marker.preselect_factor=3;;active.marker.settling_fraction=0.05;;active.marker.weights.diversity=0.8;;active.marker.weights.sparsity=0.4;;qbc_K=64;;qbc_P=2048;;qbc_T=15;;qbc_enable_logging=true;;qbc_n0=64;;qbc_n_test=256,,
marker_directed_sm4_v1,1,marker_directed,SM4,default,stageA_policy,broad_policy_search,/Users/jonaswiendl/local/Repos/ml-surrogates-for-power-systems/hpo/results/marker_directed/stage1_policy_search/marker_directed_policy_search_20260302_112434,cfg_00039_9ea7de651d,39,/Users/jonaswiendl/local/Repos/ml-surrogates-for-power-systems/hpo/results/marker_directed/stage1_policy_search/marker_directed_policy_search_20260302_112434/runs/cfg_00039_9ea7de651d,,s01,b1024,thesis_marker_hpo_stage1,completed,0,True,final_eval_rmse,minimize,0.007392773563448451,0.007392773563448451,5.465310096042231e-05,25.835476569947787,19.619865043088794,0.0008107200264930725,5.608304979978129,0.5774457320803776,0.0,0.02445413894020021,lhs,5,0.9,true,20,0.95,3,0.05,0.4,0.4,,0.5,4,0.5,1.0,0.3394116387303781,0.8521407837597729,0.09991060942411423,0.550004428751329,0.47419591766831354,0.9030445583176514,0.13453899323940277,192,14,"[637, 18, 545, 303, 438, 1467, 1423, 2030, 954, 1377, 424, 636, 1051, 1014, 1868, 992, 1036, 92, 525, 1832, 441, 338, 1683, 926, 879, 247, 592, 88, 1961, 1452, 1427, 1017, 1826, 1279, 579, 709, 1741, 1797, 221, 481, 1173, 287, 703, 1921, 56, 346, 1892, 875, 889, 113, 1778, 1783, 985, 1030, 1413, 65, 268, 455, 1860, 1411, 941, 1345, 1513, 468]",1.0,0.550004428751329,0.9578267426490792,0.16893784701824188,0.13586442172527313,960,/Users/jonaswiendl/local/Repos/ml-surrogates-for-power-systems/hpo/results/marker_directed/stage1_policy_search/marker_directed_policy_search_20260302_112434/runs/cfg_00039_9ea7de651d/qbc/history.jsonl,,,64,2048,15,true,64,256,/Users/jonaswiendl/local/Repos/ml-surrogates-for-power-systems/hpo/results/marker_directed/stage1_policy_search/marker_directed_policy_search_20260302_112434/runs/cfg_00039_9ea7de651d/run_manifest.json,active.candidate_method=lhs;;active.log_every=5;;active.marker.greedy_score_weight=0.9;;active.marker.include_anchor_state_markers=true;;active.marker.k_density=20;;active.marker.pca_explained_variance=0.95;;active.marker.preselect_factor=3;;active.marker.settling_fraction=0.05;;active.marker.weights.diversity=0.4;;active.marker.weights.sparsity=0.4;;qbc_K=64;;qbc_P=2048;;qbc_T=15;;qbc_enable_logging=true;;qbc_n0=64;;qbc_n_test=256,,
marker_directed_sm4_v1,1,marker_directed,SM4,default,stageA_policy,broad_policy_search,/Users/jonaswiendl/local/Repos/ml-surrogates-for-power-systems/hpo/results/marker_directed/stage1_policy_search/marker_directed_policy_search_20260302_112434,cfg_00040_33f834991f,40,/Users/jonaswiendl/local/Repos/ml-surrogates-for-power-systems/hpo/results/marker_directed/stage1_policy_search/marker_directed_policy_search_20260302_112434/runs/cfg_00040_33f834991f,,s01,b1024,thesis_marker_hpo_stage1,completed,0,True,final_eval_rmse,minimize,0.007455249772907855,0.007455249772907855,5.558074917644262e-05,25.92659389099572,19.659905669046566,0.0007857669843360782,5.65871550294105,0.5784103659680113,0.0,0.024279542034491897,lhs,5,0.9,true,20,0.95,3,0.05,0.6,0.4,,0.6,4,0.4,1.0,0.33345601972081745,0.8473700685265327,0.10400401055812836,0.545681852395563,0.46606259255027127,0.9088354889875265,0.14463132619857788,192,14,"[637, 18, 1178, 303, 1767, 438, 1423, 2030, 1806, 1377, 473, 268, 955, 257, 1036, 555, 1051, 1873, 384, 310, 1329, 790, 803, 1892, 1559, 1353, 2032, 589, 376, 639, 428, 508, 137, 79, 5, 757, 92, 1041, 1764, 481, 969, 346, 886, 151, 1835, 1890, 1381, 1734, 1113, 1086, 306, 39, 1148, 1013, 1150, 1685, 1413, 1748, 1367, 1804, 1057, 1476, 634, 1450]",1.0,0.545681852395563,0.9708973037508786,0.18211016058921814,0.14569097757339478,960,/Users/jonaswiendl/local/Repos/ml-surrogates-for-power-systems/hpo/results/marker_directed/stage1_policy_search/marker_directed_policy_search_20260302_112434/runs/cfg_00040_33f834991f/qbc/history.jsonl,,,64,2048,15,true,64,256,/Users/jonaswiendl/local/Repos/ml-surrogates-for-power-systems/hpo/results/marker_directed/stage1_policy_search/marker_directed_policy_search_20260302_112434/runs/cfg_00040_33f834991f/run_manifest.json,active.candidate_method=lhs;;active.log_every=5;;active.marker.greedy_score_weight=0.9;;active.marker.include_anchor_state_markers=true;;active.marker.k_density=20;;active.marker.pca_explained_variance=0.95;;active.marker.preselect_factor=3;;active.marker.settling_fraction=0.05;;active.marker.weights.diversity=0.6;;active.marker.weights.sparsity=0.4;;qbc_K=64;;qbc_P=2048;;qbc_T=15;;qbc_enable_logging=true;;qbc_n0=64;;qbc_n_test=256,,
marker_directed_sm4_v1,1,marker_directed,SM4,default,stageA_policy,broad_policy_search,/Users/jonaswiendl/local/Repos/ml-surrogates-for-power-systems/hpo/results/marker_directed/stage1_policy_search/marker_directed_policy_search_20260302_112434,cfg_00041_1c26e099e7,41,/Users/jonaswiendl/local/Repos/ml-surrogates-for-power-systems/hpo/results/marker_directed/stage1_policy_search/marker_directed_policy_search_20260302_112434/runs/cfg_00041_1c26e099e7,,s01,b1024,thesis_marker_hpo_stage1,completed,0,True,final_eval_rmse,minimize,0.006730115259851214,0.006730115259851214,4.5294451410882175e-05,25.806678246008232,19.648685332969762,0.0008070869371294975,5.551659816992469,0.5769886809866875,0.0,0.02380538498982787,lhs,5,0.9,true,20,0.95,3,0.05,0.8,0.4,,0.6666666666666666,4,0.3333333333333333,1.0,0.3341036824626421,0.8480233928192746,0.11038294434547424,0.5619973203639941,0.4625361320738137,0.9122696898470625,0.15380141139030457,192,14,"[637, 18, 88, 303, 1423, 438, 1806, 1438, 1086, 1377, 899, 955, 1114, 595, 1328, 92, 555, 1162, 80, 910, 1928, 1748, 1381, 1173, 6, 1516, 384, 376, 1844, 1148, 508, 1075, 518, 826, 268, 647, 1901, 879, 666, 1892, 1142, 191, 1437, 1041, 1764, 991, 65, 167, 1432, 1245, 481, 616, 916, 963, 1107, 1137, 1143, 1149, 1798, 903, 1413, 686, 2046, 55]",1.0,0.5619973203639941,0.9679828763921371,0.19782564043998718,0.15553343296051025,960,/Users/jonaswiendl/local/Repos/ml-surrogates-for-power-systems/hpo/results/marker_directed/stage1_policy_search/marker_directed_policy_search_20260302_112434/runs/cfg_00041_1c26e099e7/qbc/history.jsonl,,,64,2048,15,true,64,256,/Users/jonaswiendl/local/Repos/ml-surrogates-for-power-systems/hpo/results/marker_directed/stage1_policy_search/marker_directed_policy_search_20260302_112434/runs/cfg_00041_1c26e099e7/run_manifest.json,active.candidate_method=lhs;;active.log_every=5;;active.marker.greedy_score_weight=0.9;;active.marker.include_anchor_state_markers=true;;active.marker.k_density=20;;active.marker.pca_explained_variance=0.95;;active.marker.preselect_factor=3;;active.marker.settling_fraction=0.05;;active.marker.weights.diversity=0.8;;active.marker.weights.sparsity=0.4;;qbc_K=64;;qbc_P=2048;;qbc_T=15;;qbc_enable_logging=true;;qbc_n0=64;;qbc_n_test=256,,
marker_directed_sm4_v1,1,marker_directed,SM4,default,stageA_policy,broad_policy_search,/Users/jonaswiendl/local/Repos/ml-surrogates-for-power-systems/hpo/results/marker_directed/stage1_policy_search/marker_directed_policy_search_20260302_112434,cfg_00042_eff8b4eafb,42,/Users/jonaswiendl/local/Repos/ml-surrogates-for-power-systems/hpo/results/marker_directed/stage1_policy_search/marker_directed_policy_search_20260302_112434/runs/cfg_00042_eff8b4eafb,,s01,b1024,thesis_marker_hpo_stage1,completed,0,True,final_eval_rmse,minimize,0.007958857796399658,0.007958857796399658,6.334341742331162e-05,26.14231931406539,19.885229044943117,0.0008329390548169613,5.565305476076901,0.6616721299942583,0.0,0.02460715896449983,lhs,5,0.7,true,20,0.95,5,0.05,0.4,0.4,,0.5,4,0.5,1.0,0.3347065663261596,0.8475939706147502,0.09954233467578888,0.5235056118616688,0.46844227217597595,0.8989162422192747,0.13378354907035828,320,14,"[637, 18, 545, 303, 416, 438, 2030, 1411, 384, 1147, 1017, 636, 1678, 1056, 1955, 1882, 308, 1212, 1377, 1111, 1832, 1737, 1253, 1351, 1984, 246, 96, 221, 1873, 453, 1867, 1417, 1092, 1412, 572, 947, 448, 516, 1189, 88, 481, 1030, 1423, 325, 964, 1378, 1928, 74, 407, 485, 1036, 263, 264, 2013, 1594, 1495, 1935, 1575, 273, 941, 741, 1892, 99, 718]",1.0,0.5235056118616688,0.9722367258106577,0.165387824177742,0.12697124481201172,960,/Users/jonaswiendl/local/Repos/ml-surrogates-for-power-systems/hpo/results/marker_directed/stage1_policy_search/marker_directed_policy_search_20260302_112434/runs/cfg_00042_eff8b4eafb/qbc/history.jsonl,,,64,2048,15,true,64,256,/Users/jonaswiendl/local/Repos/ml-surrogates-for-power-systems/hpo/results/marker_directed/stage1_policy_search/marker_directed_policy_search_20260302_112434/runs/cfg_00042_eff8b4eafb/run_manifest.json,active.candidate_method=lhs;;active.log_every=5;;active.marker.greedy_score_weight=0.7;;active.marker.include_anchor_state_markers=true;;active.marker.k_density=20;;active.marker.pca_explained_variance=0.95;;active.marker.preselect_factor=5;;active.marker.settling_fraction=0.05;;active.marker.weights.diversity=0.4;;active.marker.weights.sparsity=0.4;;qbc_K=64;;qbc_P=2048;;qbc_T=15;;qbc_enable_logging=true;;qbc_n0=64;;qbc_n_test=256,,
marker_directed_sm4_v1,1,marker_directed,SM4,default,stageA_policy,broad_policy_search,/Users/jonaswiendl/local/Repos/ml-surrogates-for-power-systems/hpo/results/marker_directed/stage1_policy_search/marker_directed_policy_search_20260302_112434,cfg_00043_1683d33c22,43,/Users/jonaswiendl/local/Repos/ml-surrogates-for-power-systems/hpo/results/marker_directed/stage1_policy_search/marker_directed_policy_search_20260302_112434/runs/cfg_00043_1683d33c22,,s01,b1024,thesis_marker_hpo_stage1,completed,0,True,final_eval_rmse,minimize,0.007453715176187297,0.007453715176187297,5.555786992772482e-05,25.914580354932696,19.61357698496431,0.0008817570051178336,5.60637132904958,0.6647219241131097,0.0,0.024298436008393764,lhs,5,0.7,true,20,0.95,5,0.05,0.6,0.4,,0.6,4,0.4,1.0,0.3357624407294617,0.8458075682925206,0.11270637810230255,0.5352305903647556,0.47297071700786936,0.9049203670439967,0.15538321435451508,320,14,"[637, 18, 883, 1551, 1345, 1377, 636, 1372, 2030, 1877, 1907, 438, 384, 1662, 1594, 1612, 127, 1981, 189, 596, 1092, 197, 2015, 1362, 547, 460, 1699, 1438, 96, 1036, 1173, 1142, 1146, 1847, 1423, 8, 88, 901, 2035, 790, 1630, 1328, 1412, 372, 703, 1967, 1279, 1013, 6, 1411, 1223, 428, 247, 1147, 1119, 455, 688, 167, 86, 759, 1017, 1083, 1073, 1325]",1.0,0.5352305903647556,0.9652591136909691,0.18652427196502686,0.147055983543396,960,/Users/jonaswiendl/local/Repos/ml-surrogates-for-power-systems/hpo/results/marker_directed/stage1_policy_search/marker_directed_policy_search_20260302_112434/runs/cfg_00043_1683d33c22/qbc/history.jsonl,,,64,2048,15,true,64,256,/Users/jonaswiendl/local/Repos/ml-surrogates-for-power-systems/hpo/results/marker_directed/stage1_policy_search/marker_directed_policy_search_20260302_112434/runs/cfg_00043_1683d33c22/run_manifest.json,active.candidate_method=lhs;;active.log_every=5;;active.marker.greedy_score_weight=0.7;;active.marker.include_anchor_state_markers=true;;active.marker.k_density=20;;active.marker.pca_explained_variance=0.95;;active.marker.preselect_factor=5;;active.marker.settling_fraction=0.05;;active.marker.weights.diversity=0.6;;active.marker.weights.sparsity=0.4;;qbc_K=64;;qbc_P=2048;;qbc_T=15;;qbc_enable_logging=true;;qbc_n0=64;;qbc_n_test=256,,
marker_directed_sm4_v1,1,marker_directed,SM4,default,stageA_policy,broad_policy_search,/Users/jonaswiendl/local/Repos/ml-surrogates-for-power-systems/hpo/results/marker_directed/stage1_policy_search/marker_directed_policy_search_20260302_112434,cfg_00044_fc98f5d417,44,/Users/jonaswiendl/local/Repos/ml-surrogates-for-power-systems/hpo/results/marker_directed/stage1_policy_search/marker_directed_policy_search_20260302_112434/runs/cfg_00044_fc98f5d417,,s01,b1024,thesis_marker_hpo_stage1,completed,0,True,final_eval_rmse,minimize,0.008005225149565311,0.008005225149565311,6.408362969523296e-05,25.909675995935686,19.510972868069075,0.0008048840099945664,5.702592571033165,0.6647333970759064,0.0,0.025938833015970886,lhs,5,0.7,true,20,0.95,5,0.05,0.8,0.4,,0.6666666666666666,4,0.3333333333333333,1.0,0.3262553944203201,0.8412700298723016,0.12128086388111115,0.5249492489221871,0.458923330463851,0.9019844646327232,0.1656944453716278,320,14,"[637, 18, 627, 303, 355, 1377, 2030, 384, 409, 1824, 6, 438, 1741, 1056, 740, 1087, 96, 632, 127, 9, 1413, 1195, 1209, 1748, 813, 955, 592, 1479, 1296, 1253, 1637, 93, 1423, 1554, 879, 1883, 991, 585, 707, 1036, 611, 726, 79, 137, 914, 2039, 901, 1549, 1324, 2013, 1062, 1332, 88, 1832, 1774, 1259, 1892, 335, 1464, 943, 516, 1048, 909, 413]",1.0,0.5249492489221871,0.9704266005639023,0.19967100024223328,0.15592458844184875,960,/Users/jonaswiendl/local/Repos/ml-surrogates-for-power-systems/hpo/results/marker_directed/stage1_policy_search/marker_directed_policy_search_20260302_112434/runs/cfg_00044_fc98f5d417/qbc/history.jsonl,,,64,2048,15,true,64,256,/Users/jonaswiendl/local/Repos/ml-surrogates-for-power-systems/hpo/results/marker_directed/stage1_policy_search/marker_directed_policy_search_20260302_112434/runs/cfg_00044_fc98f5d417/run_manifest.json,active.candidate_method=lhs;;active.log_every=5;;active.marker.greedy_score_weight=0.7;;active.marker.include_anchor_state_markers=true;;active.marker.k_density=20;;active.marker.pca_explained_variance=0.95;;active.marker.preselect_factor=5;;active.marker.settling_fraction=0.05;;active.marker.weights.diversity=0.8;;active.marker.weights.sparsity=0.4;;qbc_K=64;;qbc_P=2048;;qbc_T=15;;qbc_enable_logging=true;;qbc_n0=64;;qbc_n_test=256,,
marker_directed_sm4_v1,1,marker_directed,SM4,default,stageA_policy,broad_policy_search,/Users/jonaswiendl/local/Repos/ml-surrogates-for-power-systems/hpo/results/marker_directed/stage1_policy_search/marker_directed_policy_search_20260302_112434,cfg_00045_1281a08028,45,/Users/jonaswiendl/local/Repos/ml-surrogates-for-power-systems/hpo/results/marker_directed/stage1_policy_search/marker_directed_policy_search_20260302_112434/runs/cfg_00045_1281a08028,,s01,b1024,thesis_marker_hpo_stage1,completed,0,True,final_eval_rmse,minimize,0.007178524691107571,0.007178524691107571,5.1531216740841046e-05,26.083553961943835,19.84096485504415,0.0008027069270610809,5.545765758026391,0.6673961380729452,0.0,0.0239775920053944,lhs,5,0.9,true,20,0.95,5,0.05,0.4,0.4,,0.5,4,0.5,1.0,0.3380869816449563,0.8519867961048005,0.10100862383842468,0.5249274644565309,0.4724510270249184,0.9046577010996337,0.13531394302845,320,14,"[637, 18, 586, 713, 303, 438, 92, 1961, 384, 1030, 1377, 1551, 1423, 96, 886, 1051, 1036, 1778, 2030, 1873, 596, 1804, 1832, 554, 749, 582, 1413, 325, 1161, 1195, 376, 967, 1017, 572, 481, 1751, 1053, 409, 31, 1684, 163, 428, 611, 1162, 430, 137, 2013, 1378, 508, 468, 757, 1245, 1741, 1256, 7, 1013, 1146, 937, 803, 441, 661, 1475, 1113, 531]",1.0,0.5249274644565309,0.9727101281193158,0.16549037396907806,0.12948963046073914,960,/Users/jonaswiendl/local/Repos/ml-surrogates-for-power-systems/hpo/results/marker_directed/stage1_policy_search/marker_directed_policy_search_20260302_112434/runs/cfg_00045_1281a08028/qbc/history.jsonl,,,64,2048,15,true,64,256,/Users/jonaswiendl/local/Repos/ml-surrogates-for-power-systems/hpo/results/marker_directed/stage1_policy_search/marker_directed_policy_search_20260302_112434/runs/cfg_00045_1281a08028/run_manifest.json,active.candidate_method=lhs;;active.log_every=5;;active.marker.greedy_score_weight=0.9;;active.marker.include_anchor_state_markers=true;;active.marker.k_density=20;;active.marker.pca_explained_variance=0.95;;active.marker.preselect_factor=5;;active.marker.settling_fraction=0.05;;active.marker.weights.diversity=0.4;;active.marker.weights.sparsity=0.4;;qbc_K=64;;qbc_P=2048;;qbc_T=15;;qbc_enable_logging=true;;qbc_n0=64;;qbc_n_test=256,,
marker_directed_sm4_v1,1,marker_directed,SM4,default,stageA_policy,broad_policy_search,/Users/jonaswiendl/local/Repos/ml-surrogates-for-power-systems/hpo/results/marker_directed/stage1_policy_search/marker_directed_policy_search_20260302_112434,cfg_00046_3994d06360,46,/Users/jonaswiendl/local/Repos/ml-surrogates-for-power-systems/hpo/results/marker_directed/stage1_policy_search/marker_directed_policy_search_20260302_112434/runs/cfg_00046_3994d06360,,s01,b1024,thesis_marker_hpo_stage1,completed,0,True,final_eval_rmse,minimize,0.007599541910790438,0.007599541910790438,5.7753037253860384e-05,25.888389811036177,19.544211067957804,0.0008734500734135509,5.631926864036359,0.6816139469156042,0.0,0.025018502958118916,lhs,5,0.9,true,20,0.95,5,0.05,0.6,0.4,,0.6,4,0.4,1.0,0.33460964248573694,0.8449953119445651,0.10789341479539871,0.5371051119835561,0.464746678934139,0.9059611322449057,0.14751483500003815,320,14,"[637, 18, 545, 438, 1143, 1516, 1423, 1377, 308, 1147, 1137, 1328, 955, 1378, 263, 1873, 384, 2030, 448, 1892, 1051, 925, 879, 1036, 355, 790, 1142, 1413, 428, 968, 92, 6, 1161, 1637, 1362, 306, 905, 1580, 1806, 303, 1901, 569, 1764, 579, 268, 589, 31, 1748, 1980, 1798, 1113, 481, 1450, 1140, 1357, 1844, 516, 1073, 1721, 990, 727, 1153, 1013, 1150]",1.0,0.5371051119835561,0.9767470977205942,0.18389147520065308,0.14016731083393097,960,/Users/jonaswiendl/local/Repos/ml-surrogates-for-power-systems/hpo/results/marker_directed/stage1_policy_search/marker_directed_policy_search_20260302_112434/runs/cfg_00046_3994d06360/qbc/history.jsonl,,,64,2048,15,true,64,256,/Users/jonaswiendl/local/Repos/ml-surrogates-for-power-systems/hpo/results/marker_directed/stage1_policy_search/marker_directed_policy_search_20260302_112434/runs/cfg_00046_3994d06360/run_manifest.json,active.candidate_method=lhs;;active.log_every=5;;active.marker.greedy_score_weight=0.9;;active.marker.include_anchor_state_markers=true;;active.marker.k_density=20;;active.marker.pca_explained_variance=0.95;;active.marker.preselect_factor=5;;active.marker.settling_fraction=0.05;;active.marker.weights.diversity=0.6;;active.marker.weights.sparsity=0.4;;qbc_K=64;;qbc_P=2048;;qbc_T=15;;qbc_enable_logging=true;;qbc_n0=64;;qbc_n_test=256,,
marker_directed_sm4_v1,1,marker_directed,SM4,default,stageA_policy,broad_policy_search,/Users/jonaswiendl/local/Repos/ml-surrogates-for-power-systems/hpo/results/marker_directed/stage1_policy_search/marker_directed_policy_search_20260302_112434,cfg_00047_00943a7843,47,/Users/jonaswiendl/local/Repos/ml-surrogates-for-power-systems/hpo/results/marker_directed/stage1_policy_search/marker_directed_policy_search_20260302_112434/runs/cfg_00047_00943a7843,,s01,b1024,thesis_marker_hpo_stage1,completed,0,True,final_eval_rmse,minimize,0.007295612260406134,0.007295612260406134,5.32259582541883e-05,25.973521314910613,19.58352251793258,0.0008064019493758678,5.6872990489937365,0.6727372509194538,0.0,0.024507974041625857,lhs,5,0.9,true,20,0.95,5,0.05,0.8,0.4,,0.6666666666666666,4,0.3333333333333333,1.0,0.335009093099249,0.8486238493652325,0.11160784959793091,0.5408841870331803,0.4628632131874262,0.9191933856498328,0.155644491314888,320,14,"[637, 18, 1659, 438, 303, 1467, 1423, 2030, 1377, 1097, 301, 1008, 1784, 183, 589, 384, 579, 950, 395, 88, 230, 1413, 1894, 1210, 1584, 1748, 376, 1367, 1594, 1666, 1328, 1984, 518, 325, 1411, 879, 803, 5, 1228, 790, 1797, 1438, 1673, 1450, 1741, 1199, 1901, 1378, 1030, 1892, 306, 1161, 959, 1149, 1036, 468, 1150, 955, 1582, 707, 1935, 1148, 71, 1017]",1.0,0.5408841870331803,0.9753980249523244,0.19234998524188995,0.1480434238910675,960,/Users/jonaswiendl/local/Repos/ml-surrogates-for-power-systems/hpo/results/marker_directed/stage1_policy_search/marker_directed_policy_search_20260302_112434/runs/cfg_00047_00943a7843/qbc/history.jsonl,,,64,2048,15,true,64,256,/Users/jonaswiendl/local/Repos/ml-surrogates-for-power-systems/hpo/results/marker_directed/stage1_policy_search/marker_directed_policy_search_20260302_112434/runs/cfg_00047_00943a7843/run_manifest.json,active.candidate_method=lhs;;active.log_every=5;;active.marker.greedy_score_weight=0.9;;active.marker.include_anchor_state_markers=true;;active.marker.k_density=20;;active.marker.pca_explained_variance=0.95;;active.marker.preselect_factor=5;;active.marker.settling_fraction=0.05;;active.marker.weights.diversity=0.8;;active.marker.weights.sparsity=0.4;;qbc_K=64;;qbc_P=2048;;qbc_T=15;;qbc_enable_logging=true;;qbc_n0=64;;qbc_n_test=256,,
marker_directed_sm4_v1,1,marker_directed,SM4,default,stageA_policy,broad_policy_search,/Users/jonaswiendl/local/Repos/ml-surrogates-for-power-systems/hpo/results/marker_directed/stage1_policy_search/marker_directed_policy_search_20260302_112434,cfg_00048_99d4bb5aa7,48,/Users/jonaswiendl/local/Repos/ml-surrogates-for-power-systems/hpo/results/marker_directed/stage1_policy_search/marker_directed_policy_search_20260302_112434/runs/cfg_00048_99d4bb5aa7,,s02,b1024,thesis_marker_hpo_stage1,completed,0,True,final_eval_rmse,minimize,0.00892461204722659,0.00892461204722659,7.964870019350201e-05,25.654554393026046,19.435322161996737,0.0008175850380212069,5.608453987981193,0.5826021370012313,0.0,0.022956767003051937,lhs,5,0.7,true,10,0.9,3,0.05,0.4,0.4,,0.5,3,0.5,0.8618020415306091,0.24035847918466863,0.5105618295487301,0.35439783334732056,0.3580484140285842,0.3367428825933641,0.5442920289023395,0.48234689235687256,192,14,"[786, 1516, 1242, 1480, 1406, 1587, 1982, 1187, 105, 865, 643, 1949, 446, 917, 1894, 1348, 90, 1177, 1194, 1240, 1574, 399, 935, 1970, 1510, 1612, 62, 1400, 1424, 885, 1174, 15, 835, 1771, 112, 1856, 819, 523, 1056, 209, 1328, 1844, 548, 1088, 650, 344, 1272, 1919, 214, 408, 72, 1902, 998, 672, 1453, 1344, 522, 1298, 275, 1233, 1038, 1176, 248, 349]",0.8618020415306091,0.3580484140285842,0.5680897760553769,0.5701697468757629,0.4863583743572235,960,/Users/jonaswiendl/local/Repos/ml-surrogates-for-power-systems/hpo/results/marker_directed/stage1_policy_search/marker_directed_policy_search_20260302_112434/runs/cfg_00048_99d4bb5aa7/qbc/history.jsonl,,,64,2048,15,true,64,256,/Users/jonaswiendl/local/Repos/ml-surrogates-for-power-systems/hpo/results/marker_directed/stage1_policy_search/marker_directed_policy_search_20260302_112434/runs/cfg_00048_99d4bb5aa7/run_manifest.json,active.candidate_method=lhs;;active.log_every=5;;active.marker.greedy_score_weight=0.7;;active.marker.include_anchor_state_markers=true;;active.marker.k_density=10;;active.marker.pca_explained_variance=0.9;;active.marker.preselect_factor=3;;active.marker.settling_fraction=0.05;;active.marker.weights.diversity=0.4;;active.marker.weights.sparsity=0.4;;qbc_K=64;;qbc_P=2048;;qbc_T=15;;qbc_enable_logging=true;;qbc_n0=64;;qbc_n_test=256,,
marker_directed_sm4_v1,1,marker_directed,SM4,default,stageA_policy,broad_policy_search,/Users/jonaswiendl/local/Repos/ml-surrogates-for-power-systems/hpo/results/marker_directed/stage1_policy_search/marker_directed_policy_search_20260302_112434,cfg_00049_b8cafac7b6,49,/Users/jonaswiendl/local/Repos/ml-surrogates-for-power-systems/hpo/results/marker_directed/stage1_policy_search/marker_directed_policy_search_20260302_112434/runs/cfg_00049_b8cafac7b6,,s02,b1024,thesis_marker_hpo_stage1,completed,0,True,final_eval_rmse,minimize,0.007840072973372155,0.007840072973372155,6.146674422780052e-05,25.79269181995187,19.591282097040676,0.000882643973454833,5.5857050160411745,0.58487006300129,0.0,0.025227332022041082,lhs,5,0.7,true,10,0.9,3,0.05,0.6,0.4,,0.6,3,0.4,0.9805022478103638,0.23540556825907427,0.5061308450838986,0.35148465633392334,0.35774010279635887,0.32855324869087255,0.5447313964107009,0.48181822896003723,192,14,"[1516, 786, 898, 1480, 391, 255, 1187, 1553, 1654, 362, 672, 105, 1969, 643, 1894, 854, 785, 1128, 1088, 1298, 1771, 88, 1328, 1510, 527, 982, 1224, 1694, 1008, 1884, 1874, 631, 298, 969, 1574, 667, 1185, 411, 473, 2031, 1018, 135, 74, 1476, 1048, 569, 1245, 1111, 519, 62, 1915, 943, 2000, 930, 1595, 1625, 551, 865, 908, 2010, 180, 644, 89, 722]",0.9805022478103638,0.35774010279635887,0.5810767198514922,0.5843195915222168,0.4867982864379883,960,/Users/jonaswiendl/local/Repos/ml-surrogates-for-power-systems/hpo/results/marker_directed/stage1_policy_search/marker_directed_policy_search_20260302_112434/runs/cfg_00049_b8cafac7b6/qbc/history.jsonl,,,64,2048,15,true,64,256,/Users/jonaswiendl/local/Repos/ml-surrogates-for-power-systems/hpo/results/marker_directed/stage1_policy_search/marker_directed_policy_search_20260302_112434/runs/cfg_00049_b8cafac7b6/run_manifest.json,active.candidate_method=lhs;;active.log_every=5;;active.marker.greedy_score_weight=0.7;;active.marker.include_anchor_state_markers=true;;active.marker.k_density=10;;active.marker.pca_explained_variance=0.9;;active.marker.preselect_factor=3;;active.marker.settling_fraction=0.05;;active.marker.weights.diversity=0.6;;active.marker.weights.sparsity=0.4;;qbc_K=64;;qbc_P=2048;;qbc_T=15;;qbc_enable_logging=true;;qbc_n0=64;;qbc_n_test=256,,
marker_directed_sm4_v1,1,marker_directed,SM4,default,stageA_policy,broad_policy_search,/Users/jonaswiendl/local/Repos/ml-surrogates-for-power-systems/hpo/results/marker_directed/stage1_policy_search/marker_directed_policy_search_20260302_112434,cfg_00050_c3afd75c12,50,/Users/jonaswiendl/local/Repos/ml-surrogates-for-power-systems/hpo/results/marker_directed/stage1_policy_search/marker_directed_policy_search_20260302_112434/runs/cfg_00050_c3afd75c12,,s02,b1024,thesis_marker_hpo_stage1,completed,0,True,final_eval_rmse,minimize,0.006698924200569078,0.006698924200569078,4.4875585444970056e-05,25.841004645917565,19.591641072998755,0.0007999190129339695,5.633022103109397,0.5872850979212672,0.0,0.02393857203423977,lhs,5,0.7,true,10,0.9,3,0.05,0.8,0.4,,0.6666666666666666,3,0.3333333333333333,0.9540913105010986,0.23667129134007384,0.5056939573004594,0.37000414729118347,0.37585086327284634,0.32894750747778867,0.5447128438420902,0.5152721405029297,192,14,"[1516, 786, 1849, 1480, 651, 1858, 89, 643, 1894, 1930, 914, 1547, 105, 88, 1717, 854, 1944, 324, 1771, 865, 1235, 828, 1383, 399, 222, 1612, 488, 1187, 408, 1510, 2024, 15, 1769, 1625, 1231, 344, 25, 1915, 425, 140, 1049, 617, 1700, 1302, 304, 1328, 454, 1573, 2000, 1533, 998, 1218, 374, 523, 1541, 634, 1879, 1936, 1091, 20, 1376, 705, 1931, 1298]",0.9540913105010986,0.37585086327284634,0.5712031691632469,0.6232863664627075,0.5204857587814331,960,/Users/jonaswiendl/local/Repos/ml-surrogates-for-power-systems/hpo/results/marker_directed/stage1_policy_search/marker_directed_policy_search_20260302_112434/runs/cfg_00050_c3afd75c12/qbc/history.jsonl,,,64,2048,15,true,64,256,/Users/jonaswiendl/local/Repos/ml-surrogates-for-power-systems/hpo/results/marker_directed/stage1_policy_search/marker_directed_policy_search_20260302_112434/runs/cfg_00050_c3afd75c12/run_manifest.json,active.candidate_method=lhs;;active.log_every=5;;active.marker.greedy_score_weight=0.7;;active.marker.include_anchor_state_markers=true;;active.marker.k_density=10;;active.marker.pca_explained_variance=0.9;;active.marker.preselect_factor=3;;active.marker.settling_fraction=0.05;;active.marker.weights.diversity=0.8;;active.marker.weights.sparsity=0.4;;qbc_K=64;;qbc_P=2048;;qbc_T=15;;qbc_enable_logging=true;;qbc_n0=64;;qbc_n_test=256,,
marker_directed_sm4_v1,1,marker_directed,SM4,default,stageA_policy,broad_policy_search,/Users/jonaswiendl/local/Repos/ml-surrogates-for-power-systems/hpo/results/marker_directed/stage1_policy_search/marker_directed_policy_search_20260302_112434,cfg_00051_82482996bc,51,/Users/jonaswiendl/local/Repos/ml-surrogates-for-power-systems/hpo/results/marker_directed/stage1_policy_search/marker_directed_policy_search_20260302_112434/runs/cfg_00051_82482996bc,,s02,b1024,thesis_marker_hpo_stage1,completed,0,True,final_eval_rmse,minimize,0.007552376384888169,0.007552376384888169,5.703838905901648e-05,25.96827105002012,19.74947431497276,0.0008201949531212449,5.607255180017091,0.5825481329811737,0.0,0.023758925963193178,lhs,5,0.9,true,10,0.9,3,0.05,0.4,0.4,,0.5,3,0.5,0.9139680862426758,0.24174498608206307,0.5126306802686056,0.37924617528915405,0.3765011405654214,0.3367417733154856,0.5479305011761497,0.4914107024669647,192,14,"[1516, 786, 1480, 643, 508, 105, 1537, 89, 1051, 1328, 1102, 1612, 72, 818, 1591, 2047, 1815, 917, 1894, 846, 1771, 1510, 679, 1298, 2000, 36, 743, 1843, 969, 2031, 1506, 1522, 408, 1187, 1146, 1023, 1675, 853, 2013, 1448, 569, 1046, 1542, 1465, 43, 672, 98, 718, 246, 356, 1250, 893, 1788, 1709, 1768, 1698, 343, 1616, 1124, 15, 1546, 338, 1091, 771]",0.9139680862426758,0.3765011405654214,0.568285118759346,0.584708571434021,0.5090460777282715,960,/Users/jonaswiendl/local/Repos/ml-surrogates-for-power-systems/hpo/results/marker_directed/stage1_policy_search/marker_directed_policy_search_20260302_112434/runs/cfg_00051_82482996bc/qbc/history.jsonl,,,64,2048,15,true,64,256,/Users/jonaswiendl/local/Repos/ml-surrogates-for-power-systems/hpo/results/marker_directed/stage1_policy_search/marker_directed_policy_search_20260302_112434/runs/cfg_00051_82482996bc/run_manifest.json,active.candidate_method=lhs;;active.log_every=5;;active.marker.greedy_score_weight=0.9;;active.marker.include_anchor_state_markers=true;;active.marker.k_density=10;;active.marker.pca_explained_variance=0.9;;active.marker.preselect_factor=3;;active.marker.settling_fraction=0.05;;active.marker.weights.diversity=0.4;;active.marker.weights.sparsity=0.4;;qbc_K=64;;qbc_P=2048;;qbc_T=15;;qbc_enable_logging=true;;qbc_n0=64;;qbc_n_test=256,,
marker_directed_sm4_v1,1,marker_directed,SM4,default,stageA_policy,broad_policy_search,/Users/jonaswiendl/local/Repos/ml-surrogates-for-power-systems/hpo/results/marker_directed/stage1_policy_search/marker_directed_policy_search_20260302_112434,cfg_00052_a93cd77e5c,52,/Users/jonaswiendl/local/Repos/ml-surrogates-for-power-systems/hpo/results/marker_directed/stage1_policy_search/marker_directed_policy_search_20260302_112434/runs/cfg_00052_a93cd77e5c,,s02,b1024,thesis_marker_hpo_stage1,completed,0,True,final_eval_rmse,minimize,0.0075489697575699295,0.0075489697575699295,5.69869444007054e-05,25.88210710103158,19.638718573958613,0.0008355540921911597,5.639606854063459,0.5744604849023744,0.0,0.0239956839941442,lhs,5,0.9,true,10,0.9,3,0.05,0.6,0.4,,0.6,4,0.4,1.0,0.3327838574325095,0.6727828986692976,0.2756311893463135,0.521373492852351,0.4584285552145205,0.7301970513765327,0.36158010363578796,192,14,"[786, 1516, 1880, 894, 1574, 1453, 1480, 1313, 1883, 1510, 1223, 1775, 275, 1815, 1894, 105, 1768, 551, 605, 446, 1249, 52, 1767, 236, 359, 146, 1048, 70, 1049, 81, 1847, 1458, 928, 171, 558, 1298, 1688, 349, 123, 1989, 1187, 2045, 2031, 508, 1929, 1969, 1418, 104, 315, 527, 178, 811, 1088, 211, 1248, 1167, 112, 845, 936, 427, 1631, 975, 1473, 1587]",1.0,0.521373492852351,0.7696049630751833,0.44027167558670044,0.384061723947525,960,/Users/jonaswiendl/local/Repos/ml-surrogates-for-power-systems/hpo/results/marker_directed/stage1_policy_search/marker_directed_policy_search_20260302_112434/runs/cfg_00052_a93cd77e5c/qbc/history.jsonl,,,64,2048,15,true,64,256,/Users/jonaswiendl/local/Repos/ml-surrogates-for-power-systems/hpo/results/marker_directed/stage1_policy_search/marker_directed_policy_search_20260302_112434/runs/cfg_00052_a93cd77e5c/run_manifest.json,active.candidate_method=lhs;;active.log_every=5;;active.marker.greedy_score_weight=0.9;;active.marker.include_anchor_state_markers=true;;active.marker.k_density=10;;active.marker.pca_explained_variance=0.9;;active.marker.preselect_factor=3;;active.marker.settling_fraction=0.05;;active.marker.weights.diversity=0.6;;active.marker.weights.sparsity=0.4;;qbc_K=64;;qbc_P=2048;;qbc_T=15;;qbc_enable_logging=true;;qbc_n0=64;;qbc_n_test=256,,
marker_directed_sm4_v1,1,marker_directed,SM4,default,stageA_policy,broad_policy_search,/Users/jonaswiendl/local/Repos/ml-surrogates-for-power-systems/hpo/results/marker_directed/stage1_policy_search/marker_directed_policy_search_20260302_112434,cfg_00053_a1bdad3d0f,53,/Users/jonaswiendl/local/Repos/ml-surrogates-for-power-systems/hpo/results/marker_directed/stage1_policy_search/marker_directed_policy_search_20260302_112434/runs/cfg_00053_a1bdad3d0f,,s02,b1024,thesis_marker_hpo_stage1,completed,0,True,final_eval_rmse,minimize,0.008267709295350641,0.008267709295350641,6.835501699242741e-05,25.96692777099088,19.74866044393275,0.0008842759998515248,5.610915979952551,0.5770103560062125,0.0,0.02468438190408051,lhs,5,0.9,true,10,0.9,3,0.05,0.8,0.4,,0.6666666666666666,3,0.3333333333333333,0.9373523592948914,0.23618885065443257,0.5061028570772159,0.37951570749282837,0.38490129946555507,0.3307912078692983,0.5475608091620505,0.5229983329772949,192,14,"[1516, 786, 105, 1612, 1480, 643, 1767, 1287, 427, 1894, 475, 1547, 2031, 1224, 1771, 1428, 65, 1376, 88, 508, 1091, 1810, 1533, 81, 399, 1249, 1658, 198, 180, 355, 1476, 1400, 935, 1869, 917, 644, 1944, 248, 246, 1131, 672, 1761, 1185, 743, 19, 1148, 1048, 569, 684, 1768, 773, 52, 408, 839, 1298, 132, 1025, 835, 1700, 889, 865, 101, 969, 1448]",0.9373523592948914,0.38490129946555507,0.5682999418338162,0.6368701457977295,0.5625144243240356,960,/Users/jonaswiendl/local/Repos/ml-surrogates-for-power-systems/hpo/results/marker_directed/stage1_policy_search/marker_directed_policy_search_20260302_112434/runs/cfg_00053_a1bdad3d0f/qbc/history.jsonl,,,64,2048,15,true,64,256,/Users/jonaswiendl/local/Repos/ml-surrogates-for-power-systems/hpo/results/marker_directed/stage1_policy_search/marker_directed_policy_search_20260302_112434/runs/cfg_00053_a1bdad3d0f/run_manifest.json,active.candidate_method=lhs;;active.log_every=5;;active.marker.greedy_score_weight=0.9;;active.marker.include_anchor_state_markers=true;;active.marker.k_density=10;;active.marker.pca_explained_variance=0.9;;active.marker.preselect_factor=3;;active.marker.settling_fraction=0.05;;active.marker.weights.diversity=0.8;;active.marker.weights.sparsity=0.4;;qbc_K=64;;qbc_P=2048;;qbc_T=15;;qbc_enable_logging=true;;qbc_n0=64;;qbc_n_test=256,,
marker_directed_sm4_v1,1,marker_directed,SM4,default,stageA_policy,broad_policy_search,/Users/jonaswiendl/local/Repos/ml-surrogates-for-power-systems/hpo/results/marker_directed/stage1_policy_search/marker_directed_policy_search_20260302_112434,cfg_00054_87b419945a,54,/Users/jonaswiendl/local/Repos/ml-surrogates-for-power-systems/hpo/results/marker_directed/stage1_policy_search/marker_directed_policy_search_20260302_112434/runs/cfg_00054_87b419945a,,s02,b1024,thesis_marker_hpo_stage1,completed,0,True,final_eval_rmse,minimize,0.008943752783765566,0.008943752783765566,7.999071385711432e-05,25.91051193594467,19.65181400196161,0.0008100830018520355,5.566563596948981,0.662614197935909,0.0,0.02406770794186741,lhs,5,0.7,true,10,0.9,5,0.05,0.4,0.4,,0.5,3,0.5,0.9108057022094727,0.23491659834323522,0.5045968432000822,0.3285295367240906,0.3416759898016095,0.3275559889570082,0.5374223173197198,0.44401952624320984,320,14,"[1480, 786, 768, 1516, 832, 1187, 105, 982, 222, 564, 569, 1008, 1894, 1282, 1930, 1510, 175, 508, 1396, 1221, 1298, 271, 901, 643, 1771, 90, 1983, 315, 425, 1625, 703, 1328, 157, 391, 450, 324, 1180, 235, 1048, 535, 1430, 273, 1088, 998, 1177, 745, 551, 497, 706, 4, 1273, 135, 1412, 1099, 1612, 255, 2022, 347, 2000, 865, 702, 1767, 1654, 442]",0.9108057022094727,0.3416759898016095,0.5691779719533435,0.5339353084564209,0.4247641861438751,960,/Users/jonaswiendl/local/Repos/ml-surrogates-for-power-systems/hpo/results/marker_directed/stage1_policy_search/marker_directed_policy_search_20260302_112434/runs/cfg_00054_87b419945a/qbc/history.jsonl,,,64,2048,15,true,64,256,/Users/jonaswiendl/local/Repos/ml-surrogates-for-power-systems/hpo/results/marker_directed/stage1_policy_search/marker_directed_policy_search_20260302_112434/runs/cfg_00054_87b419945a/run_manifest.json,active.candidate_method=lhs;;active.log_every=5;;active.marker.greedy_score_weight=0.7;;active.marker.include_anchor_state_markers=true;;active.marker.k_density=10;;active.marker.pca_explained_variance=0.9;;active.marker.preselect_factor=5;;active.marker.settling_fraction=0.05;;active.marker.weights.diversity=0.4;;active.marker.weights.sparsity=0.4;;qbc_K=64;;qbc_P=2048;;qbc_T=15;;qbc_enable_logging=true;;qbc_n0=64;;qbc_n_test=256,,
marker_directed_sm4_v1,1,marker_directed,SM4,default,stageA_policy,broad_policy_search,/Users/jonaswiendl/local/Repos/ml-surrogates-for-power-systems/hpo/results/marker_directed/stage1_policy_search/marker_directed_policy_search_20260302_112434,cfg_00055_6241f3822a,55,/Users/jonaswiendl/local/Repos/ml-surrogates-for-power-systems/hpo/results/marker_directed/stage1_policy_search/marker_directed_policy_search_20260302_112434/runs/cfg_00055_6241f3822a,,s02,b1024,thesis_marker_hpo_stage1,completed,0,True,final_eval_rmse,minimize,0.00832384382042521,0.00832384382042521,6.928637594683096e-05,25.826207197038457,19.500213967985474,0.0007945570396259427,5.628945093951188,0.6675978890853003,0.0,0.024204890010878444,lhs,5,0.7,true,10,0.9,5,0.05,0.6,0.4,,0.6,3,0.4,0.9622923731803894,0.23735979019245187,0.5071295676474106,0.3763292133808136,0.3574279143367704,0.3301874271498317,0.5395998329163016,0.5043050646781921,320,14,"[1480, 786, 1654, 1516, 1187, 327, 832, 1868, 61, 865, 747, 643, 434, 1694, 1059, 695, 1612, 324, 567, 2000, 105, 1363, 780, 1088, 1510, 1872, 1894, 89, 1023, 420, 187, 1300, 1553, 65, 522, 1122, 852, 1771, 2007, 15, 1930, 74, 1783, 425, 1708, 1144, 818, 175, 828, 862, 684, 1133, 551, 180, 1009, 768, 1717, 1625, 1191, 822, 998, 796, 1933, 2031]",0.9622923731803894,0.3574279143367704,0.5630226911195906,0.5880345106124878,0.4840572476387024,960,/Users/jonaswiendl/local/Repos/ml-surrogates-for-power-systems/hpo/results/marker_directed/stage1_policy_search/marker_directed_policy_search_20260302_112434/runs/cfg_00055_6241f3822a/qbc/history.jsonl,,,64,2048,15,true,64,256,/Users/jonaswiendl/local/Repos/ml-surrogates-for-power-systems/hpo/results/marker_directed/stage1_policy_search/marker_directed_policy_search_20260302_112434/runs/cfg_00055_6241f3822a/run_manifest.json,active.candidate_method=lhs;;active.log_every=5;;active.marker.greedy_score_weight=0.7;;active.marker.include_anchor_state_markers=true;;active.marker.k_density=10;;active.marker.pca_explained_variance=0.9;;active.marker.preselect_factor=5;;active.marker.settling_fraction=0.05;;active.marker.weights.diversity=0.6;;active.marker.weights.sparsity=0.4;;qbc_K=64;;qbc_P=2048;;qbc_T=15;;qbc_enable_logging=true;;qbc_n0=64;;qbc_n_test=256,,
marker_directed_sm4_v1,1,marker_directed,SM4,default,stageA_policy,broad_policy_search,/Users/jonaswiendl/local/Repos/ml-surrogates-for-power-systems/hpo/results/marker_directed/stage1_policy_search/marker_directed_policy_search_20260302_112434,cfg_00056_44c4a5c01f,56,/Users/jonaswiendl/local/Repos/ml-surrogates-for-power-systems/hpo/results/marker_directed/stage1_policy_search/marker_directed_policy_search_20260302_112434/runs/cfg_00056_44c4a5c01f,,s02,b1024,thesis_marker_hpo_stage1,completed,0,True,final_eval_rmse,minimize,0.007269189909614256,0.007269189909614256,5.2841121942037717e-05,26.04509499494452,19.78315680893138,0.0009096720023080707,5.572211691993289,0.6599274089094251,0.0,0.02436269004829228,lhs,5,0.7,true,10,0.9,5,0.05,0.8,0.4,,0.6666666666666666,3,0.3333333333333333,0.9573175311088562,0.23307111208720357,0.504881392324461,0.37311363220214844,0.3630929576142633,0.3289606865240208,0.5439597251335357,0.5176566243171692,320,14,"[1480, 786, 768, 1516, 977, 1768, 631, 180, 1553, 445, 427, 1260, 832, 420, 1251, 854, 548, 425, 1298, 96, 1328, 1088, 1870, 800, 349, 1956, 643, 88, 1894, 1771, 255, 89, 1879, 319, 1624, 917, 982, 625, 401, 1410, 235, 304, 1300, 1510, 1883, 1213, 1448, 1050, 190, 998, 1913, 1087, 1840, 292, 408, 2000, 1373, 1969, 1973, 2001, 849, 1110, 4, 1625]",0.9573175311088562,0.3630929576142633,0.5741902088587754,0.6123857498168945,0.49063557386398315,960,/Users/jonaswiendl/local/Repos/ml-surrogates-for-power-systems/hpo/results/marker_directed/stage1_policy_search/marker_directed_policy_search_20260302_112434/runs/cfg_00056_44c4a5c01f/qbc/history.jsonl,,,64,2048,15,true,64,256,/Users/jonaswiendl/local/Repos/ml-surrogates-for-power-systems/hpo/results/marker_directed/stage1_policy_search/marker_directed_policy_search_20260302_112434/runs/cfg_00056_44c4a5c01f/run_manifest.json,active.candidate_method=lhs;;active.log_every=5;;active.marker.greedy_score_weight=0.7;;active.marker.include_anchor_state_markers=true;;active.marker.k_density=10;;active.marker.pca_explained_variance=0.9;;active.marker.preselect_factor=5;;active.marker.settling_fraction=0.05;;active.marker.weights.diversity=0.8;;active.marker.weights.sparsity=0.4;;qbc_K=64;;qbc_P=2048;;qbc_T=15;;qbc_enable_logging=true;;qbc_n0=64;;qbc_n_test=256,,
marker_directed_sm4_v1,1,marker_directed,SM4,default,stageA_policy,broad_policy_search,/Users/jonaswiendl/local/Repos/ml-surrogates-for-power-systems/hpo/results/marker_directed/stage1_policy_search/marker_directed_policy_search_20260302_112434,cfg_00057_d56fbde3c4,57,/Users/jonaswiendl/local/Repos/ml-surrogates-for-power-systems/hpo/results/marker_directed/stage1_policy_search/marker_directed_policy_search_20260302_112434/runs/cfg_00057_d56fbde3c4,,s02,b1024,thesis_marker_hpo_stage1,completed,0,True,final_eval_rmse,minimize,0.0077694485742468445,0.0077694485742468445,6.0364331147866324e-05,26.031730563030578,19.703049540985376,0.0008948559407144785,5.628942835028283,0.6700296989874914,0.0,0.024313783971592784,lhs,5,0.9,true,10,0.9,5,0.05,0.4,0.4,,0.5,3,0.5,0.9309617280960083,0.23859154330785193,0.5082401356761943,0.37292784452438354,0.3719237572894858,0.33417309869033407,0.544671020108092,0.4892420768737793,320,14,"[1516, 786, 1480, 1823, 105, 1510, 1271, 865, 1088, 446, 180, 1982, 1355, 2047, 832, 1506, 551, 1767, 198, 1746, 1894, 1771, 1712, 597, 1843, 115, 1970, 15, 88, 1242, 1110, 1761, 1283, 222, 1128, 1768, 1893, 523, 19, 1859, 564, 1846, 116, 1003, 1298, 349, 156, 1338, 1930, 331, 1272, 1048, 1091, 998, 1187, 935, 928, 1748, 495, 1133, 995, 1148, 1300, 749]",0.9309617280960083,0.3719237572894858,0.5694385830147669,0.5808407068252563,0.5038176774978638,960,/Users/jonaswiendl/local/Repos/ml-surrogates-for-power-systems/hpo/results/marker_directed/stage1_policy_search/marker_directed_policy_search_20260302_112434/runs/cfg_00057_d56fbde3c4/qbc/history.jsonl,,,64,2048,15,true,64,256,/Users/jonaswiendl/local/Repos/ml-surrogates-for-power-systems/hpo/results/marker_directed/stage1_policy_search/marker_directed_policy_search_20260302_112434/runs/cfg_00057_d56fbde3c4/run_manifest.json,active.candidate_method=lhs;;active.log_every=5;;active.marker.greedy_score_weight=0.9;;active.marker.include_anchor_state_markers=true;;active.marker.k_density=10;;active.marker.pca_explained_variance=0.9;;active.marker.preselect_factor=5;;active.marker.settling_fraction=0.05;;active.marker.weights.diversity=0.4;;active.marker.weights.sparsity=0.4;;qbc_K=64;;qbc_P=2048;;qbc_T=15;;qbc_enable_logging=true;;qbc_n0=64;;qbc_n_test=256,,
marker_directed_sm4_v1,1,marker_directed,SM4,default,stageA_policy,broad_policy_search,/Users/jonaswiendl/local/Repos/ml-surrogates-for-power-systems/hpo/results/marker_directed/stage1_policy_search/marker_directed_policy_search_20260302_112434,cfg_00058_56ded344fe,58,/Users/jonaswiendl/local/Repos/ml-surrogates-for-power-systems/hpo/results/marker_directed/stage1_policy_search/marker_directed_policy_search_20260302_112434/runs/cfg_00058_56ded344fe,,s02,b1024,thesis_marker_hpo_stage1,completed,0,True,final_eval_rmse,minimize,0.007799287562951934,0.007799287562951934,6.082888648961671e-05,25.800944469985552,19.507145919953473,0.000801222980953753,5.594235619995743,0.669095624005422,0.0,0.024804671993479133,lhs,5,0.9,true,10,0.9,5,0.05,0.6,0.4,,0.6,4,0.4,1.0,0.3324441550558435,0.6716809166097004,0.27913373708724976,0.5153429632787511,0.45818472886407147,0.7271632638241068,0.36051979660987854,320,14,"[786, 1516, 1880, 1574, 894, 74, 1338, 52, 1313, 1823, 878, 1894, 1480, 1815, 1281, 1564, 1767, 1212, 743, 1768, 1453, 399, 508, 427, 605, 1049, 686, 1771, 88, 263, 1631, 1510, 729, 1989, 1171, 695, 938, 1298, 791, 1688, 1522, 271, 929, 105, 178, 820, 1698, 123, 1300, 198, 2045, 617, 315, 104, 1392, 1544, 1993, 1556, 1779, 1088, 854, 520, 1914, 1983]",1.0,0.5153429632787511,0.7760547135980463,0.4413232207298279,0.3565983474254608,960,/Users/jonaswiendl/local/Repos/ml-surrogates-for-power-systems/hpo/results/marker_directed/stage1_policy_search/marker_directed_policy_search_20260302_112434/runs/cfg_00058_56ded344fe/qbc/history.jsonl,,,64,2048,15,true,64,256,/Users/jonaswiendl/local/Repos/ml-surrogates-for-power-systems/hpo/results/marker_directed/stage1_policy_search/marker_directed_policy_search_20260302_112434/runs/cfg_00058_56ded344fe/run_manifest.json,active.candidate_method=lhs;;active.log_every=5;;active.marker.greedy_score_weight=0.9;;active.marker.include_anchor_state_markers=true;;active.marker.k_density=10;;active.marker.pca_explained_variance=0.9;;active.marker.preselect_factor=5;;active.marker.settling_fraction=0.05;;active.marker.weights.diversity=0.6;;active.marker.weights.sparsity=0.4;;qbc_K=64;;qbc_P=2048;;qbc_T=15;;qbc_enable_logging=true;;qbc_n0=64;;qbc_n_test=256,,
marker_directed_sm4_v1,1,marker_directed,SM4,default,stageA_policy,broad_policy_search,/Users/jonaswiendl/local/Repos/ml-surrogates-for-power-systems/hpo/results/marker_directed/stage1_policy_search/marker_directed_policy_search_20260302_112434,cfg_00059_081564e877,59,/Users/jonaswiendl/local/Repos/ml-surrogates-for-power-systems/hpo/results/marker_directed/stage1_policy_search/marker_directed_policy_search_20260302_112434/runs/cfg_00059_081564e877,,s02,b1024,thesis_marker_hpo_stage1,completed,0,True,final_eval_rmse,minimize,0.008233341182539754,0.008233341182539754,6.778790702810511e-05,25.803126791026443,19.422012804076076,0.0008777979528531432,5.683169034891762,0.6685007970081642,0.0,0.024033481953665614,lhs,5,0.9,true,10,0.9,5,0.05,0.8,0.4,,0.6666666666666666,3,0.3333333333333333,0.9320679903030396,0.23681649030232713,0.5105679135193614,0.3595018684864044,0.3811391829087012,0.33168564221167346,0.5519722770123889,0.4912448227405548,320,14,"[1480, 786, 1516, 1654, 2022, 1894, 349, 1088, 557, 1816, 1328, 2000, 1102, 912, 255, 1506, 1221, 1771, 551, 1298, 14, 1547, 1185, 652, 1376, 338, 411, 1685, 743, 563, 1924, 1896, 399, 1160, 156, 324, 428, 2031, 1527, 843, 1146, 818, 1510, 885, 522, 1336, 211, 523, 998, 655, 828, 531, 1110, 1054, 96, 469, 1048, 88, 1982, 1158, 839, 74, 867, 1402]",0.9320679903030396,0.3811391829087012,0.5717290245303916,0.5891706347465515,0.49385660886764526,960,/Users/jonaswiendl/local/Repos/ml-surrogates-for-power-systems/hpo/results/marker_directed/stage1_policy_search/marker_directed_policy_search_20260302_112434/runs/cfg_00059_081564e877/qbc/history.jsonl,,,64,2048,15,true,64,256,/Users/jonaswiendl/local/Repos/ml-surrogates-for-power-systems/hpo/results/marker_directed/stage1_policy_search/marker_directed_policy_search_20260302_112434/runs/cfg_00059_081564e877/run_manifest.json,active.candidate_method=lhs;;active.log_every=5;;active.marker.greedy_score_weight=0.9;;active.marker.include_anchor_state_markers=true;;active.marker.k_density=10;;active.marker.pca_explained_variance=0.9;;active.marker.preselect_factor=5;;active.marker.settling_fraction=0.05;;active.marker.weights.diversity=0.8;;active.marker.weights.sparsity=0.4;;qbc_K=64;;qbc_P=2048;;qbc_T=15;;qbc_enable_logging=true;;qbc_n0=64;;qbc_n_test=256,,
marker_directed_sm4_v1,1,marker_directed,SM4,default,stageA_policy,broad_policy_search,/Users/jonaswiendl/local/Repos/ml-surrogates-for-power-systems/hpo/results/marker_directed/stage1_policy_search/marker_directed_policy_search_20260302_112434,cfg_00060_1b1e4816a7,60,/Users/jonaswiendl/local/Repos/ml-surrogates-for-power-systems/hpo/results/marker_directed/stage1_policy_search/marker_directed_policy_search_20260302_112434/runs/cfg_00060_1b1e4816a7,,s02,b1024,thesis_marker_hpo_stage1,completed,0,True,final_eval_rmse,minimize,0.00755394439607742,0.00755394439607742,5.7062075939029455e-05,25.97884887899272,19.762884239084087,0.0008208398940041661,5.601603570976295,0.5840379180153832,0.0,0.024713396094739437,lhs,5,0.7,true,20,0.9,3,0.05,0.4,0.4,,0.5,3,0.5,0.8772342801094055,0.239858427657365,0.6492838625431735,0.29991409182548523,0.35350791780597296,0.337986547971667,0.6789235861148426,0.41875895857810974,192,14,"[786, 1516, 175, 1480, 1293, 1574, 1187, 1396, 1036, 865, 643, 72, 778, 1612, 105, 1088, 1894, 28, 427, 88, 1221, 1874, 235, 1523, 1869, 15, 969, 250, 1133, 1524, 2003, 1668, 1452, 19, 1248, 723, 1180, 577, 2000, 1052, 1328, 306, 244, 1048, 862, 1298, 1118, 1930, 74, 785, 216, 908, 1122, 1490, 214, 1510, 1700, 849, 1077, 1730, 1465, 1998, 1767, 659]",0.8772342801094055,0.35350791780597296,0.7076207744259873,0.500371515750885,0.4228973090648651,960,/Users/jonaswiendl/local/Repos/ml-surrogates-for-power-systems/hpo/results/marker_directed/stage1_policy_search/marker_directed_policy_search_20260302_112434/runs/cfg_00060_1b1e4816a7/qbc/history.jsonl,,,64,2048,15,true,64,256,/Users/jonaswiendl/local/Repos/ml-surrogates-for-power-systems/hpo/results/marker_directed/stage1_policy_search/marker_directed_policy_search_20260302_112434/runs/cfg_00060_1b1e4816a7/run_manifest.json,active.candidate_method=lhs;;active.log_every=5;;active.marker.greedy_score_weight=0.7;;active.marker.include_anchor_state_markers=true;;active.marker.k_density=20;;active.marker.pca_explained_variance=0.9;;active.marker.preselect_factor=3;;active.marker.settling_fraction=0.05;;active.marker.weights.diversity=0.4;;active.marker.weights.sparsity=0.4;;qbc_K=64;;qbc_P=2048;;qbc_T=15;;qbc_enable_logging=true;;qbc_n0=64;;qbc_n_test=256,,
marker_directed_sm4_v1,1,marker_directed,SM4,default,stageA_policy,broad_policy_search,/Users/jonaswiendl/local/Repos/ml-surrogates-for-power-systems/hpo/results/marker_directed/stage1_policy_search/marker_directed_policy_search_20260302_112434,cfg_00061_7cf6492bc0,61,/Users/jonaswiendl/local/Repos/ml-surrogates-for-power-systems/hpo/results/marker_directed/stage1_policy_search/marker_directed_policy_search_20260302_112434/runs/cfg_00061_7cf6492bc0,,s02,b1024,thesis_marker_hpo_stage1,completed,0,True,final_eval_rmse,minimize,0.007379933630013169,0.007379933630013169,5.446342038339935e-05,26.283840076997876,20.028649177984335,0.0008109629852697253,5.638679945957847,0.5899175090016797,0.0,0.0212671720655635,lhs,5,0.7,true,20,0.9,3,0.05,0.6,0.4,,0.6,3,0.4,0.8059062957763672,0.23612168351950663,0.6450758547777751,0.3158733546733856,0.3603895018140749,0.3315477860532008,0.6827613695944683,0.441992849111557,192,14,"[786, 1516, 682, 1480, 1187, 391, 796, 1697, 1553, 643, 1654, 594, 672, 1982, 1368, 1298, 324, 1306, 1771, 1088, 2000, 1180, 1122, 487, 1612, 105, 1510, 605, 928, 156, 1984, 304, 275, 1476, 1008, 88, 1475, 1894, 4, 1855, 1293, 604, 1736, 1874, 128, 1981, 173, 1402, 2006, 495, 634, 1829, 1328, 1166, 19, 917, 1133, 1711, 865, 1919, 1006, 961, 15, 1022]",0.8059062957763672,0.3603895018140749,0.7115831742781847,0.5263075828552246,0.4456562101840973,960,/Users/jonaswiendl/local/Repos/ml-surrogates-for-power-systems/hpo/results/marker_directed/stage1_policy_search/marker_directed_policy_search_20260302_112434/runs/cfg_00061_7cf6492bc0/qbc/history.jsonl,,,64,2048,15,true,64,256,/Users/jonaswiendl/local/Repos/ml-surrogates-for-power-systems/hpo/results/marker_directed/stage1_policy_search/marker_directed_policy_search_20260302_112434/runs/cfg_00061_7cf6492bc0/run_manifest.json,active.candidate_method=lhs;;active.log_every=5;;active.marker.greedy_score_weight=0.7;;active.marker.include_anchor_state_markers=true;;active.marker.k_density=20;;active.marker.pca_explained_variance=0.9;;active.marker.preselect_factor=3;;active.marker.settling_fraction=0.05;;active.marker.weights.diversity=0.6;;active.marker.weights.sparsity=0.4;;qbc_K=64;;qbc_P=2048;;qbc_T=15;;qbc_enable_logging=true;;qbc_n0=64;;qbc_n_test=256,,
marker_directed_sm4_v1,1,marker_directed,SM4,default,stageA_policy,broad_policy_search,/Users/jonaswiendl/local/Repos/ml-surrogates-for-power-systems/hpo/results/marker_directed/stage1_policy_search/marker_directed_policy_search_20260302_112434,cfg_00062_4d54fcaa53,62,/Users/jonaswiendl/local/Repos/ml-surrogates-for-power-systems/hpo/results/marker_directed/stage1_policy_search/marker_directed_policy_search_20260302_112434/runs/cfg_00062_4d54fcaa53,,s02,b1024,thesis_marker_hpo_stage1,completed,0,True,final_eval_rmse,minimize,0.007423386911925989,0.007423386911925989,5.510667324415408e-05,25.742796792066656,19.50723868201021,0.0007924470119178295,5.633026945986785,0.5734757640166208,0.0,0.02402977191377431,lhs,5,0.7,true,20,0.9,3,0.05,0.8,0.4,,0.6666666666666666,3,0.3333333333333333,0.8950552344322205,0.23557231322145344,0.6461444681062307,0.3260039985179901,0.3656889421064169,0.32675086096687156,0.6892391539645851,0.46008071303367615,192,14,"[1516, 786, 115, 1480, 1187, 105, 1227, 89, 957, 865, 917, 1761, 643, 1654, 88, 1354, 1506, 324, 1249, 1241, 1328, 1076, 304, 446, 1612, 222, 1578, 1767, 1896, 1771, 298, 354, 180, 1423, 15, 808, 1829, 896, 1305, 2027, 885, 513, 1510, 1294, 61, 1344, 140, 1780, 1606, 2031, 1837, 1091, 768, 523, 1982, 998, 1298, 961, 1595, 1046, 400, 2011, 271, 274]",0.8950552344322205,0.3656889421064169,0.7120219820438101,0.5514297485351562,0.46728986501693726,960,/Users/jonaswiendl/local/Repos/ml-surrogates-for-power-systems/hpo/results/marker_directed/stage1_policy_search/marker_directed_policy_search_20260302_112434/runs/cfg_00062_4d54fcaa53/qbc/history.jsonl,,,64,2048,15,true,64,256,/Users/jonaswiendl/local/Repos/ml-surrogates-for-power-systems/hpo/results/marker_directed/stage1_policy_search/marker_directed_policy_search_20260302_112434/runs/cfg_00062_4d54fcaa53/run_manifest.json,active.candidate_method=lhs;;active.log_every=5;;active.marker.greedy_score_weight=0.7;;active.marker.include_anchor_state_markers=true;;active.marker.k_density=20;;active.marker.pca_explained_variance=0.9;;active.marker.preselect_factor=3;;active.marker.settling_fraction=0.05;;active.marker.weights.diversity=0.8;;active.marker.weights.sparsity=0.4;;qbc_K=64;;qbc_P=2048;;qbc_T=15;;qbc_enable_logging=true;;qbc_n0=64;;qbc_n_test=256,,
marker_directed_sm4_v1,1,marker_directed,SM4,default,stageA_policy,broad_policy_search,/Users/jonaswiendl/local/Repos/ml-surrogates-for-power-systems/hpo/results/marker_directed/stage1_policy_search/marker_directed_policy_search_20260302_112434,cfg_00063_a1aeac74b4,63,/Users/jonaswiendl/local/Repos/ml-surrogates-for-power-systems/hpo/results/marker_directed/stage1_policy_search/marker_directed_policy_search_20260302_112434/runs/cfg_00063_a1aeac74b4,,s02,b1024,thesis_marker_hpo_stage1,completed,0,True,final_eval_rmse,minimize,0.00726146462278555,0.00726146462278555,5.2728868467966095e-05,25.714335294091143,19.508521070936695,0.0008638650178909302,5.595608024974354,0.5796043350128457,0.0,0.025111836032010615,lhs,5,0.9,true,20,0.9,3,0.05,0.4,0.4,,0.5,3,0.5,0.9246216416358948,0.23944833498875645,0.6510267998238218,0.4019443988800049,0.36776610862222364,0.3342883109433061,0.688239764157268,0.5233712792396545,192,14,"[1516, 786, 1242, 1480, 1612, 1293, 1894, 371, 246, 105, 672, 1769, 1298, 88, 1111, 569, 1088, 854, 1122, 1771, 1412, 1328, 643, 298, 141, 631, 428, 1595, 982, 247, 416, 1292, 679, 835, 1982, 1003, 1187, 524, 1837, 315, 467, 66, 819, 540, 1383, 408, 25, 1768, 865, 15, 1681, 242, 908, 1883, 1688, 1510, 86, 1560, 514, 1747, 1479, 2006, 1314, 265]",0.9246216416358948,0.36776610862222364,0.7114181671419108,0.611431896686554,0.5303901433944702,960,/Users/jonaswiendl/local/Repos/ml-surrogates-for-power-systems/hpo/results/marker_directed/stage1_policy_search/marker_directed_policy_search_20260302_112434/runs/cfg_00063_a1aeac74b4/qbc/history.jsonl,,,64,2048,15,true,64,256,/Users/jonaswiendl/local/Repos/ml-surrogates-for-power-systems/hpo/results/marker_directed/stage1_policy_search/marker_directed_policy_search_20260302_112434/runs/cfg_00063_a1aeac74b4/run_manifest.json,active.candidate_method=lhs;;active.log_every=5;;active.marker.greedy_score_weight=0.9;;active.marker.include_anchor_state_markers=true;;active.marker.k_density=20;;active.marker.pca_explained_variance=0.9;;active.marker.preselect_factor=3;;active.marker.settling_fraction=0.05;;active.marker.weights.diversity=0.4;;active.marker.weights.sparsity=0.4;;qbc_K=64;;qbc_P=2048;;qbc_T=15;;qbc_enable_logging=true;;qbc_n0=64;;qbc_n_test=256,,
marker_directed_sm4_v1,1,marker_directed,SM4,default,stageA_policy,broad_policy_search,/Users/jonaswiendl/local/Repos/ml-surrogates-for-power-systems/hpo/results/marker_directed/stage1_policy_search/marker_directed_policy_search_20260302_112434,cfg_00064_0c42cbb75e,64,/Users/jonaswiendl/local/Repos/ml-surrogates-for-power-systems/hpo/results/marker_directed/stage1_policy_search/marker_directed_policy_search_20260302_112434/runs/cfg_00064_0c42cbb75e,,s02,b1024,thesis_marker_hpo_stage1,completed,0,True,final_eval_rmse,minimize,0.0076469550693543074,0.0076469550693543074,5.847592183272354e-05,25.854456807952374,19.605555595015176,0.000883840024471283,5.637244172976352,0.5819981889799237,0.0,0.024125761934556067,lhs,5,0.9,true,20,0.9,3,0.05,0.6,0.4,,0.6,3,0.4,0.9533137083053589,0.2371580848467854,0.6463689588717559,0.3496797978878021,0.37454742211744885,0.3311804180066047,0.6924008112123641,0.47614800930023193,192,14,"[1516, 786, 1242, 1480, 643, 1894, 1767, 89, 1698, 1184, 672, 1768, 1771, 1654, 1328, 1338, 1621, 930, 244, 1102, 865, 343, 835, 401, 1510, 86, 1483, 1293, 1298, 1302, 324, 508, 1518, 478, 1133, 408, 778, 1616, 2000, 1612, 1091, 605, 1221, 1883, 15, 1837, 1982, 1486, 1859, 154, 607, 175, 1148, 271, 98, 1376, 1501, 382, 1452, 1476, 703, 1959, 1610, 722]",0.9533137083053589,0.37454742211744885,0.7200714801419208,0.5816630125045776,0.4967532157897949,960,/Users/jonaswiendl/local/Repos/ml-surrogates-for-power-systems/hpo/results/marker_directed/stage1_policy_search/marker_directed_policy_search_20260302_112434/runs/cfg_00064_0c42cbb75e/qbc/history.jsonl,,,64,2048,15,true,64,256,/Users/jonaswiendl/local/Repos/ml-surrogates-for-power-systems/hpo/results/marker_directed/stage1_policy_search/marker_directed_policy_search_20260302_112434/runs/cfg_00064_0c42cbb75e/run_manifest.json,active.candidate_method=lhs;;active.log_every=5;;active.marker.greedy_score_weight=0.9;;active.marker.include_anchor_state_markers=true;;active.marker.k_density=20;;active.marker.pca_explained_variance=0.9;;active.marker.preselect_factor=3;;active.marker.settling_fraction=0.05;;active.marker.weights.diversity=0.6;;active.marker.weights.sparsity=0.4;;qbc_K=64;;qbc_P=2048;;qbc_T=15;;qbc_enable_logging=true;;qbc_n0=64;;qbc_n_test=256,,
marker_directed_sm4_v1,1,marker_directed,SM4,default,stageA_policy,broad_policy_search,/Users/jonaswiendl/local/Repos/ml-surrogates-for-power-systems/hpo/results/marker_directed/stage1_policy_search/marker_directed_policy_search_20260302_112434,cfg_00065_9ebc8d82f0,65,/Users/jonaswiendl/local/Repos/ml-surrogates-for-power-systems/hpo/results/marker_directed/stage1_policy_search/marker_directed_policy_search_20260302_112434/runs/cfg_00065_9ebc8d82f0,,s02,b1024,thesis_marker_hpo_stage1,completed,0,True,final_eval_rmse,minimize,0.008431475567726401,0.008431475567726401,7.108978024916723e-05,25.84348070307169,19.582910932949744,0.0008588220225647092,5.644968557055108,0.5849563559750095,0.0,0.02518536103889346,lhs,5,0.9,true,20,0.9,3,0.05,0.8,0.4,,0.6666666666666666,3,0.3333333333333333,0.9675496220588684,0.23363718899160912,0.6477920562053092,0.3618665337562561,0.379831728969616,0.330107235007096,0.6934927959872552,0.503929078578949,192,14,"[1516, 786, 175, 1480, 1587, 90, 1894, 1088, 420, 1452, 105, 1128, 672, 246, 1328, 1195, 1394, 1185, 796, 194, 1298, 1506, 1768, 650, 1837, 50, 1843, 156, 1771, 1046, 1300, 743, 1688, 643, 1049, 1527, 508, 310, 81, 1476, 1197, 1448, 816, 1625, 1235, 1612, 745, 1661, 1982, 43, 819, 1331, 865, 222, 62, 1277, 2010, 1133, 929, 88, 1068, 376, 89, 2041]",0.9675496220588684,0.379831728969616,0.719407356414727,0.6193753480911255,0.5205153822898865,960,/Users/jonaswiendl/local/Repos/ml-surrogates-for-power-systems/hpo/results/marker_directed/stage1_policy_search/marker_directed_policy_search_20260302_112434/runs/cfg_00065_9ebc8d82f0/qbc/history.jsonl,,,64,2048,15,true,64,256,/Users/jonaswiendl/local/Repos/ml-surrogates-for-power-systems/hpo/results/marker_directed/stage1_policy_search/marker_directed_policy_search_20260302_112434/runs/cfg_00065_9ebc8d82f0/run_manifest.json,active.candidate_method=lhs;;active.log_every=5;;active.marker.greedy_score_weight=0.9;;active.marker.include_anchor_state_markers=true;;active.marker.k_density=20;;active.marker.pca_explained_variance=0.9;;active.marker.preselect_factor=3;;active.marker.settling_fraction=0.05;;active.marker.weights.diversity=0.8;;active.marker.weights.sparsity=0.4;;qbc_K=64;;qbc_P=2048;;qbc_T=15;;qbc_enable_logging=true;;qbc_n0=64;;qbc_n_test=256,,
marker_directed_sm4_v1,1,marker_directed,SM4,default,stageA_policy,broad_policy_search,/Users/jonaswiendl/local/Repos/ml-surrogates-for-power-systems/hpo/results/marker_directed/stage1_policy_search/marker_directed_policy_search_20260302_112434,cfg_00066_93621c6a13,66,/Users/jonaswiendl/local/Repos/ml-surrogates-for-power-systems/hpo/results/marker_directed/stage1_policy_search/marker_directed_policy_search_20260302_112434/runs/cfg_00066_93621c6a13,,s02,b1024,thesis_marker_hpo_stage1,completed,0,True,final_eval_rmse,minimize,0.0089310739740161,0.0089310739740161,7.976408232934773e-05,26.100309410947375,19.470954127958976,0.0008638279978185892,5.903679869021289,0.694606531993486,0.0,0.025863892980851233,lhs,5,0.7,true,20,0.9,5,0.05,0.4,0.4,,0.5,3,0.5,0.8809931874275208,0.24103754535991606,0.6521798786562072,0.33647674322128296,0.36319431025171717,0.34381299167708035,0.6823580560890686,0.4573242962360382,320,14,"[786, 1516, 1906, 1480, 1767, 1187, 1574, 1247, 643, 785, 865, 1605, 477, 1827, 854, 427, 1894, 780, 1823, 1771, 1133, 1402, 1548, 43, 2000, 453, 401, 44, 1873, 15, 289, 1510, 121, 62, 3, 1248, 1764, 817, 1919, 25, 1448, 1491, 1547, 1088, 425, 1342, 1195, 1913, 1982, 1328, 917, 1879, 634, 2031, 209, 1350, 1933, 1643, 1749, 593, 1148, 935, 1091, 914]",0.8809931874275208,0.36319431025171717,0.7081390946335753,0.5495592355728149,0.4351609945297241,960,/Users/jonaswiendl/local/Repos/ml-surrogates-for-power-systems/hpo/results/marker_directed/stage1_policy_search/marker_directed_policy_search_20260302_112434/runs/cfg_00066_93621c6a13/qbc/history.jsonl,,,64,2048,15,true,64,256,/Users/jonaswiendl/local/Repos/ml-surrogates-for-power-systems/hpo/results/marker_directed/stage1_policy_search/marker_directed_policy_search_20260302_112434/runs/cfg_00066_93621c6a13/run_manifest.json,active.candidate_method=lhs;;active.log_every=5;;active.marker.greedy_score_weight=0.7;;active.marker.include_anchor_state_markers=true;;active.marker.k_density=20;;active.marker.pca_explained_variance=0.9;;active.marker.preselect_factor=5;;active.marker.settling_fraction=0.05;;active.marker.weights.diversity=0.4;;active.marker.weights.sparsity=0.4;;qbc_K=64;;qbc_P=2048;;qbc_T=15;;qbc_enable_logging=true;;qbc_n0=64;;qbc_n_test=256,,
marker_directed_sm4_v1,1,marker_directed,SM4,default,stageA_policy,broad_policy_search,/Users/jonaswiendl/local/Repos/ml-surrogates-for-power-systems/hpo/results/marker_directed/stage1_policy_search/marker_directed_policy_search_20260302_112434,cfg_00067_1da4eb7cd0,67,/Users/jonaswiendl/local/Repos/ml-surrogates-for-power-systems/hpo/results/marker_directed/stage1_policy_search/marker_directed_policy_search_20260302_112434/runs/cfg_00067_1da4eb7cd0,,s02,b1024,thesis_marker_hpo_stage1,completed,0,True,final_eval_rmse,minimize,0.008606092725860876,0.008606092725860876,7.406483200611547e-05,25.77736488194205,19.45253488898743,0.0008245069766417146,5.626710569951683,0.6694712570169941,0.0,0.023654510965570807,lhs,5,0.7,true,20,0.9,5,0.05,0.6,0.4,,0.6,3,0.4,0.835927426815033,0.2326110029879825,0.6454200284071931,0.3283461928367615,0.3554006413570572,0.3271611068431748,0.6844670633096588,0.45822998881340027,320,14,"[1516, 786, 70, 1480, 475, 414, 1931, 1574, 105, 1475, 427, 1510, 865, 1008, 1424, 88, 31, 324, 1982, 1365, 1452, 362, 518, 1767, 1328, 768, 459, 1879, 15, 96, 273, 42, 631, 917, 298, 1977, 477, 43, 400, 408, 1894, 1768, 969, 1477, 1088, 1360, 1788, 279, 945, 1973, 711, 391, 801, 74, 1033, 1874, 1919, 1298, 1412, 301, 1596, 643, 916, 1250]",0.835927426815033,0.3554006413570572,0.7142142191017176,0.5478264689445496,0.4324619174003601,960,/Users/jonaswiendl/local/Repos/ml-surrogates-for-power-systems/hpo/results/marker_directed/stage1_policy_search/marker_directed_policy_search_20260302_112434/runs/cfg_00067_1da4eb7cd0/qbc/history.jsonl,,,64,2048,15,true,64,256,/Users/jonaswiendl/local/Repos/ml-surrogates-for-power-systems/hpo/results/marker_directed/stage1_policy_search/marker_directed_policy_search_20260302_112434/runs/cfg_00067_1da4eb7cd0/run_manifest.json,active.candidate_method=lhs;;active.log_every=5;;active.marker.greedy_score_weight=0.7;;active.marker.include_anchor_state_markers=true;;active.marker.k_density=20;;active.marker.pca_explained_variance=0.9;;active.marker.preselect_factor=5;;active.marker.settling_fraction=0.05;;active.marker.weights.diversity=0.6;;active.marker.weights.sparsity=0.4;;qbc_K=64;;qbc_P=2048;;qbc_T=15;;qbc_enable_logging=true;;qbc_n0=64;;qbc_n_test=256,,
marker_directed_sm4_v1,1,marker_directed,SM4,default,stageA_policy,broad_policy_search,/Users/jonaswiendl/local/Repos/ml-surrogates-for-power-systems/hpo/results/marker_directed/stage1_policy_search/marker_directed_policy_search_20260302_112434,cfg_00068_2a7ed81e51,68,/Users/jonaswiendl/local/Repos/ml-surrogates-for-power-systems/hpo/results/marker_directed/stage1_policy_search/marker_directed_policy_search_20260302_112434/runs/cfg_00068_2a7ed81e51,,s02,b1024,thesis_marker_hpo_stage1,completed,0,True,final_eval_rmse,minimize,0.010347496594430926,0.010347496594430926,0.0001070706857717596,25.832947836024687,19.494626743951812,0.0008717200253158808,5.637128684087656,0.6709914320381358,0.0,0.024631920969113708,lhs,5,0.7,true,20,0.9,5,0.05,0.8,0.4,,0.6666666666666666,3,0.3333333333333333,0.859801173210144,0.23620055587784583,0.6437922148842339,0.380545049905777,0.3559388132723799,0.3268257520850491,0.6877664310397924,0.5220946073532104,320,14,"[1516, 786, 1242, 88, 1452, 272, 96, 796, 1801, 1128, 865, 772, 643, 1969, 547, 551, 1480, 569, 1506, 399, 273, 1612, 1146, 1847, 4, 324, 385, 1574, 835, 1544, 1858, 1328, 1828, 768, 202, 1110, 2029, 74, 934, 1417, 15, 425, 2001, 1551, 195, 1185, 849, 885, 1776, 1510, 917, 408, 968, 1716, 998, 48, 156, 1298, 1086, 244, 1087, 400, 98, 1112]",0.859801173210144,0.3559388132723799,0.71133065706169,0.6034335494041443,0.4948588013648987,960,/Users/jonaswiendl/local/Repos/ml-surrogates-for-power-systems/hpo/results/marker_directed/stage1_policy_search/marker_directed_policy_search_20260302_112434/runs/cfg_00068_2a7ed81e51/qbc/history.jsonl,,,64,2048,15,true,64,256,/Users/jonaswiendl/local/Repos/ml-surrogates-for-power-systems/hpo/results/marker_directed/stage1_policy_search/marker_directed_policy_search_20260302_112434/runs/cfg_00068_2a7ed81e51/run_manifest.json,active.candidate_method=lhs;;active.log_every=5;;active.marker.greedy_score_weight=0.7;;active.marker.include_anchor_state_markers=true;;active.marker.k_density=20;;active.marker.pca_explained_variance=0.9;;active.marker.preselect_factor=5;;active.marker.settling_fraction=0.05;;active.marker.weights.diversity=0.8;;active.marker.weights.sparsity=0.4;;qbc_K=64;;qbc_P=2048;;qbc_T=15;;qbc_enable_logging=true;;qbc_n0=64;;qbc_n_test=256,,
marker_directed_sm4_v1,1,marker_directed,SM4,default,stageA_policy,broad_policy_search,/Users/jonaswiendl/local/Repos/ml-surrogates-for-power-systems/hpo/results/marker_directed/stage1_policy_search/marker_directed_policy_search_20260302_112434,cfg_00069_1ade43eca7,69,/Users/jonaswiendl/local/Repos/ml-surrogates-for-power-systems/hpo/results/marker_directed/stage1_policy_search/marker_directed_policy_search_20260302_112434/runs/cfg_00069_1ade43eca7,,s02,b1024,thesis_marker_hpo_stage1,completed,0,True,final_eval_rmse,minimize,0.007241420336883353,0.007241420336883353,5.243816849542782e-05,26.05395943694748,19.68831301399041,0.0008035629289224744,5.6664603559765965,0.6702680219896138,0.0,0.023548317956738174,lhs,5,0.9,true,20,0.9,5,0.05,0.4,0.4,,0.5,4,0.5,1.0,0.3282296579477153,0.8367310236003492,0.26098859310150146,0.49482009495601786,0.45590819832872975,0.8929194125083787,0.33607521653175354,320,14,"[786, 1516, 74, 1480, 1767, 52, 1574, 105, 1088, 344, 1698, 1097, 1363, 259, 1313, 1914, 1298, 933, 191, 1982, 1768, 303, 162, 1432, 1919, 1302, 1894, 425, 1392, 818, 1771, 894, 1458, 1133, 774, 1187, 1368, 216, 1959, 1139, 340, 263, 476, 994, 912, 209, 1721, 349, 1160, 1218, 1989, 61, 1399, 2039, 62, 1896, 198, 1943, 1851, 658, 1140, 420, 180, 1027]",1.0,0.49482009495601786,0.9411348835990501,0.418032169342041,0.3248456120491028,960,/Users/jonaswiendl/local/Repos/ml-surrogates-for-power-systems/hpo/results/marker_directed/stage1_policy_search/marker_directed_policy_search_20260302_112434/runs/cfg_00069_1ade43eca7/qbc/history.jsonl,,,64,2048,15,true,64,256,/Users/jonaswiendl/local/Repos/ml-surrogates-for-power-systems/hpo/results/marker_directed/stage1_policy_search/marker_directed_policy_search_20260302_112434/runs/cfg_00069_1ade43eca7/run_manifest.json,active.candidate_method=lhs;;active.log_every=5;;active.marker.greedy_score_weight=0.9;;active.marker.include_anchor_state_markers=true;;active.marker.k_density=20;;active.marker.pca_explained_variance=0.9;;active.marker.preselect_factor=5;;active.marker.settling_fraction=0.05;;active.marker.weights.diversity=0.4;;active.marker.weights.sparsity=0.4;;qbc_K=64;;qbc_P=2048;;qbc_T=15;;qbc_enable_logging=true;;qbc_n0=64;;qbc_n_test=256,,
marker_directed_sm4_v1,1,marker_directed,SM4,default,stageA_policy,broad_policy_search,/Users/jonaswiendl/local/Repos/ml-surrogates-for-power-systems/hpo/results/marker_directed/stage1_policy_search/marker_directed_policy_search_20260302_112434,cfg_00070_ea022f590f,70,/Users/jonaswiendl/local/Repos/ml-surrogates-for-power-systems/hpo/results/marker_directed/stage1_policy_search/marker_directed_policy_search_20260302_112434/runs/cfg_00070_ea022f590f,,s02,b1024,thesis_marker_hpo_stage1,completed,0,True,final_eval_rmse,minimize,0.007519485830349422,0.007519485830349422,5.654266715282574e-05,25.84941288304981,19.59966752398759,0.0007759450236335397,5.552538609015755,0.6673070889664814,0.0,0.024496802012436092,lhs,5,0.9,true,20,0.9,5,0.05,0.6,0.4,,0.6,4,0.4,1.0,0.3302497400576805,0.8320410104554261,0.2899555563926697,0.49049051483329953,0.4580368979363575,0.8951611333948949,0.37737560272216797,320,14,"[786, 1516, 1880, 1480, 74, 1767, 52, 643, 259, 796, 344, 115, 1698, 1574, 1298, 1313, 933, 105, 1077, 1453, 894, 1224, 1452, 1851, 1654, 599, 2001, 171, 1088, 1133, 1510, 1894, 648, 1355, 1982, 324, 112, 1187, 2045, 1242, 1302, 1519, 162, 1919, 104, 1913, 909, 14, 427, 719, 1564, 1250, 216, 478, 1319, 349, 1914, 1390, 1597, 3, 1879, 1140, 1943, 446]",1.0,0.49049051483329953,0.9527526858901594,0.45400458574295044,0.35978901386260986,960,/Users/jonaswiendl/local/Repos/ml-surrogates-for-power-systems/hpo/results/marker_directed/stage1_policy_search/marker_directed_policy_search_20260302_112434/runs/cfg_00070_ea022f590f/qbc/history.jsonl,,,64,2048,15,true,64,256,/Users/jonaswiendl/local/Repos/ml-surrogates-for-power-systems/hpo/results/marker_directed/stage1_policy_search/marker_directed_policy_search_20260302_112434/runs/cfg_00070_ea022f590f/run_manifest.json,active.candidate_method=lhs;;active.log_every=5;;active.marker.greedy_score_weight=0.9;;active.marker.include_anchor_state_markers=true;;active.marker.k_density=20;;active.marker.pca_explained_variance=0.9;;active.marker.preselect_factor=5;;active.marker.settling_fraction=0.05;;active.marker.weights.diversity=0.6;;active.marker.weights.sparsity=0.4;;qbc_K=64;;qbc_P=2048;;qbc_T=15;;qbc_enable_logging=true;;qbc_n0=64;;qbc_n_test=256,,
marker_directed_sm4_v1,1,marker_directed,SM4,default,stageA_policy,broad_policy_search,/Users/jonaswiendl/local/Repos/ml-surrogates-for-power-systems/hpo/results/marker_directed/stage1_policy_search/marker_directed_policy_search_20260302_112434,cfg_00071_709987df70,71,/Users/jonaswiendl/local/Repos/ml-surrogates-for-power-systems/hpo/results/marker_directed/stage1_policy_search/marker_directed_policy_search_20260302_112434/runs/cfg_00071_709987df70,,s02,b1024,thesis_marker_hpo_stage1,completed,0,True,final_eval_rmse,minimize,0.008178158908689837,0.008178158908689837,6.688228313578293e-05,25.50825036596507,19.192350969999097,0.0007992389146238565,5.617435739026405,0.6693544030422345,0.0,0.023731115041300654,lhs,5,0.9,true,20,0.9,5,0.05,0.8,0.4,,0.6666666666666666,3,0.3333333333333333,0.9526853561401367,0.23585425524006473,0.6515475614591937,0.3588467538356781,0.3842002893991442,0.33034272314338803,0.6968358743963493,0.4930250346660614,320,14,"[1516, 786, 175, 1452, 1510, 1894, 89, 420, 1088, 1480, 1654, 1612, 448, 551, 1424, 1733, 1091, 1298, 643, 1049, 597, 399, 1916, 1771, 1059, 743, 1490, 1567, 1110, 1766, 885, 1602, 1767, 86, 71, 2031, 411, 957, 4, 1368, 106, 1724, 1060, 1013, 2000, 1046, 263, 998, 1768, 733, 1094, 495, 1048, 1021, 1982, 865, 1465, 1933, 1717, 1300, 204, 88, 950, 1543]",0.9526853561401367,0.3842002893991442,0.7180249739373008,0.6081587076187134,0.4858244061470032,960,/Users/jonaswiendl/local/Repos/ml-surrogates-for-power-systems/hpo/results/marker_directed/stage1_policy_search/marker_directed_policy_search_20260302_112434/runs/cfg_00071_709987df70/qbc/history.jsonl,,,64,2048,15,true,64,256,/Users/jonaswiendl/local/Repos/ml-surrogates-for-power-systems/hpo/results/marker_directed/stage1_policy_search/marker_directed_policy_search_20260302_112434/runs/cfg_00071_709987df70/run_manifest.json,active.candidate_method=lhs;;active.log_every=5;;active.marker.greedy_score_weight=0.9;;active.marker.include_anchor_state_markers=true;;active.marker.k_density=20;;active.marker.pca_explained_variance=0.9;;active.marker.preselect_factor=5;;active.marker.settling_fraction=0.05;;active.marker.weights.diversity=0.8;;active.marker.weights.sparsity=0.4;;qbc_K=64;;qbc_P=2048;;qbc_T=15;;qbc_enable_logging=true;;qbc_n0=64;;qbc_n_test=256,,
marker_directed_sm4_v1,1,marker_directed,SM4,default,stageA_policy,broad_policy_search,/Users/jonaswiendl/local/Repos/ml-surrogates-for-power-systems/hpo/results/marker_directed/stage1_policy_search/marker_directed_policy_search_20260302_112434,cfg_00072_56b703b328,72,/Users/jonaswiendl/local/Repos/ml-surrogates-for-power-systems/hpo/results/marker_directed/stage1_policy_search/marker_directed_policy_search_20260302_112434/runs/cfg_00072_56b703b328,,s02,b1024,thesis_marker_hpo_stage1,completed,0,True,final_eval_rmse,minimize,0.007221714109805582,0.007221714109805582,5.2153154683765024e-05,25.634646960999817,19.45961315801833,0.0007972769672051072,5.570042073959485,0.5766087420051917,0.0,0.022902871016412973,lhs,5,0.7,true,10,0.95,3,0.05,0.4,0.4,,0.5,4,0.5,1.0,0.3295264124793595,0.6686695864169727,0.23997414112091064,0.49752053174472266,0.45722436985003634,0.7138265762333565,0.32481619715690613,192,14,"[786, 1516, 175, 88, 1509, 1894, 420, 894, 191, 216, 1815, 74, 1298, 14, 1480, 1949, 105, 273, 1574, 1992, 324, 729, 1313, 1768, 112, 101, 1500, 1627, 1221, 1281, 1654, 323, 1767, 605, 1564, 551, 52, 1187, 775, 1166, 1338, 1771, 497, 1049, 929, 597, 835, 4, 1681, 446, 1856, 1214, 1510, 439, 709, 1248, 1355, 1982, 1417, 1191, 15, 2047, 1167, 162]",1.0,0.49752053174472266,0.7615808972593481,0.40610307455062866,0.33533063530921936,960,/Users/jonaswiendl/local/Repos/ml-surrogates-for-power-systems/hpo/results/marker_directed/stage1_policy_search/marker_directed_policy_search_20260302_112434/runs/cfg_00072_56b703b328/qbc/history.jsonl,,,64,2048,15,true,64,256,/Users/jonaswiendl/local/Repos/ml-surrogates-for-power-systems/hpo/results/marker_directed/stage1_policy_search/marker_directed_policy_search_20260302_112434/runs/cfg_00072_56b703b328/run_manifest.json,active.candidate_method=lhs;;active.log_every=5;;active.marker.greedy_score_weight=0.7;;active.marker.include_anchor_state_markers=true;;active.marker.k_density=10;;active.marker.pca_explained_variance=0.95;;active.marker.preselect_factor=3;;active.marker.settling_fraction=0.05;;active.marker.weights.diversity=0.4;;active.marker.weights.sparsity=0.4;;qbc_K=64;;qbc_P=2048;;qbc_T=15;;qbc_enable_logging=true;;qbc_n0=64;;qbc_n_test=256,,
marker_directed_sm4_v1,1,marker_directed,SM4,default,stageA_policy,broad_policy_search,/Users/jonaswiendl/local/Repos/ml-surrogates-for-power-systems/hpo/results/marker_directed/stage1_policy_search/marker_directed_policy_search_20260302_112434,cfg_00073_0148a48e23,73,/Users/jonaswiendl/local/Repos/ml-surrogates-for-power-systems/hpo/results/marker_directed/stage1_policy_search/marker_directed_policy_search_20260302_112434/runs/cfg_00073_0148a48e23,,s02,b1024,thesis_marker_hpo_stage1,completed,0,True,final_eval_rmse,minimize,0.007052075878592466,0.007052075878592466,4.973177419742569e-05,25.783908849,19.600546590052545,0.0009849610505625606,5.565293509047478,0.5868506219703704,0.0,0.02554007398430258,lhs,5,0.7,true,10,0.95,3,0.05,0.6,0.4,,0.6,4,0.4,1.0,0.33001171036343296,0.6699253420086266,0.23257340490818024,0.5008009578903412,0.45865300915158774,0.7220381952273326,0.3246150612831116,192,14,"[786, 1516, 175, 1480, 508, 326, 1810, 74, 89, 52, 643, 1493, 695, 1914, 782, 15, 1701, 1767, 1894, 427, 1654, 1506, 224, 934, 346, 279, 1217, 323, 349, 1771, 382, 446, 929, 1556, 448, 558, 1134, 497, 1191, 1401, 1051, 523, 894, 1091, 957, 597, 1096, 1065, 1768, 1347, 909, 101, 315, 385, 770, 575, 1689, 1764, 1299, 3, 1313, 61, 62, 1574]",1.0,0.5008009578903412,0.7595437473068893,0.388790100812912,0.32732197642326355,960,/Users/jonaswiendl/local/Repos/ml-surrogates-for-power-systems/hpo/results/marker_directed/stage1_policy_search/marker_directed_policy_search_20260302_112434/runs/cfg_00073_0148a48e23/qbc/history.jsonl,,,64,2048,15,true,64,256,/Users/jonaswiendl/local/Repos/ml-surrogates-for-power-systems/hpo/results/marker_directed/stage1_policy_search/marker_directed_policy_search_20260302_112434/runs/cfg_00073_0148a48e23/run_manifest.json,active.candidate_method=lhs;;active.log_every=5;;active.marker.greedy_score_weight=0.7;;active.marker.include_anchor_state_markers=true;;active.marker.k_density=10;;active.marker.pca_explained_variance=0.95;;active.marker.preselect_factor=3;;active.marker.settling_fraction=0.05;;active.marker.weights.diversity=0.6;;active.marker.weights.sparsity=0.4;;qbc_K=64;;qbc_P=2048;;qbc_T=15;;qbc_enable_logging=true;;qbc_n0=64;;qbc_n_test=256,,
marker_directed_sm4_v1,1,marker_directed,SM4,default,stageA_policy,broad_policy_search,/Users/jonaswiendl/local/Repos/ml-surrogates-for-power-systems/hpo/results/marker_directed/stage1_policy_search/marker_directed_policy_search_20260302_112434,cfg_00074_b7dab6b0af,74,/Users/jonaswiendl/local/Repos/ml-surrogates-for-power-systems/hpo/results/marker_directed/stage1_policy_search/marker_directed_policy_search_20260302_112434/runs/cfg_00074_b7dab6b0af,,s02,b1024,thesis_marker_hpo_stage1,completed,0,True,final_eval_rmse,minimize,0.008726367008902983,0.008726367008902983,7.614948117407039e-05,25.694068606942892,19.447092658956535,0.0008366380352526903,5.637843823991716,0.5807746390346438,0.0,0.022954009007662535,lhs,5,0.7,true,10,0.95,3,0.05,0.8,0.4,,0.6666666666666666,4,0.3333333333333333,1.0,0.3314059729441867,0.6681468150323491,0.2550632953643799,0.4982568891602881,0.45321120743442095,0.7217625193000641,0.34273868799209595,192,14,"[786, 1516, 1242, 448, 216, 1452, 1698, 1810, 1815, 74, 1212, 52, 1654, 1568, 812, 248, 1574, 1298, 427, 1097, 1506, 324, 861, 1500, 1553, 1768, 1049, 1221, 1048, 1587, 1328, 446, 1668, 146, 1767, 195, 2006, 1217, 1088, 1313, 1392, 684, 497, 1894, 115, 1248, 1681, 315, 354, 1480, 191, 408, 894, 1688, 981, 1511, 1495, 731, 1417, 820, 901, 101, 1691, 296]",1.0,0.4982568891602881,0.7721778034394485,0.4157390594482422,0.347415953874588,960,/Users/jonaswiendl/local/Repos/ml-surrogates-for-power-systems/hpo/results/marker_directed/stage1_policy_search/marker_directed_policy_search_20260302_112434/runs/cfg_00074_b7dab6b0af/qbc/history.jsonl,,,64,2048,15,true,64,256,/Users/jonaswiendl/local/Repos/ml-surrogates-for-power-systems/hpo/results/marker_directed/stage1_policy_search/marker_directed_policy_search_20260302_112434/runs/cfg_00074_b7dab6b0af/run_manifest.json,active.candidate_method=lhs;;active.log_every=5;;active.marker.greedy_score_weight=0.7;;active.marker.include_anchor_state_markers=true;;active.marker.k_density=10;;active.marker.pca_explained_variance=0.95;;active.marker.preselect_factor=3;;active.marker.settling_fraction=0.05;;active.marker.weights.diversity=0.8;;active.marker.weights.sparsity=0.4;;qbc_K=64;;qbc_P=2048;;qbc_T=15;;qbc_enable_logging=true;;qbc_n0=64;;qbc_n_test=256,,
marker_directed_sm4_v1,1,marker_directed,SM4,default,stageA_policy,broad_policy_search,/Users/jonaswiendl/local/Repos/ml-surrogates-for-power-systems/hpo/results/marker_directed/stage1_policy_search/marker_directed_policy_search_20260302_112434,cfg_00075_67dbe7c682,75,/Users/jonaswiendl/local/Repos/ml-surrogates-for-power-systems/hpo/results/marker_directed/stage1_policy_search/marker_directed_policy_search_20260302_112434/runs/cfg_00075_67dbe7c682,,s02,b1024,thesis_marker_hpo_stage1,completed,0,True,final_eval_rmse,minimize,0.008391910455593917,0.008391910455593917,7.04241610947065e-05,25.70885590603575,19.486692875041626,0.0008310440462082624,5.619523766916245,0.5725563559681177,0.0,0.024751674965955317,lhs,5,0.9,true,10,0.95,3,0.05,0.4,0.4,,0.5,4,0.5,1.0,0.33384460046212805,0.6740582100252765,0.2950303554534912,0.5023874707976769,0.45947620314285137,0.7268227288532543,0.37224382162094116,192,14,"[786, 1516, 1741, 894, 52, 1480, 1779, 1313, 1553, 1883, 1930, 105, 438, 1894, 643, 259, 1914, 216, 385, 558, 564, 1224, 1298, 191, 1768, 1187, 1501, 539, 1302, 115, 1482, 1049, 74, 1767, 1555, 1122, 1771, 86, 1989, 1919, 933, 876, 315, 1818, 1819, 90, 912, 617, 1458, 1465, 467, 1937, 1082, 1681, 1959, 854, 865, 450, 798, 1399, 1763, 497, 1131, 954]",1.0,0.5023874707976769,0.7845870293571366,0.4516841173171997,0.37541696429252625,960,/Users/jonaswiendl/local/Repos/ml-surrogates-for-power-systems/hpo/results/marker_directed/stage1_policy_search/marker_directed_policy_search_20260302_112434/runs/cfg_00075_67dbe7c682/qbc/history.jsonl,,,64,2048,15,true,64,256,/Users/jonaswiendl/local/Repos/ml-surrogates-for-power-systems/hpo/results/marker_directed/stage1_policy_search/marker_directed_policy_search_20260302_112434/runs/cfg_00075_67dbe7c682/run_manifest.json,active.candidate_method=lhs;;active.log_every=5;;active.marker.greedy_score_weight=0.9;;active.marker.include_anchor_state_markers=true;;active.marker.k_density=10;;active.marker.pca_explained_variance=0.95;;active.marker.preselect_factor=3;;active.marker.settling_fraction=0.05;;active.marker.weights.diversity=0.4;;active.marker.weights.sparsity=0.4;;qbc_K=64;;qbc_P=2048;;qbc_T=15;;qbc_enable_logging=true;;qbc_n0=64;;qbc_n_test=256,,
marker_directed_sm4_v1,1,marker_directed,SM4,default,stageA_policy,broad_policy_search,/Users/jonaswiendl/local/Repos/ml-surrogates-for-power-systems/hpo/results/marker_directed/stage1_policy_search/marker_directed_policy_search_20260302_112434,cfg_00076_82f8689441,76,/Users/jonaswiendl/local/Repos/ml-surrogates-for-power-systems/hpo/results/marker_directed/stage1_policy_search/marker_directed_policy_search_20260302_112434/runs/cfg_00076_82f8689441,,s02,b1024,thesis_marker_hpo_stage1,completed,0,True,final_eval_rmse,minimize,0.008017131987430221,0.008017131987430221,6.427440530387685e-05,25.81457770895213,19.57336968893651,0.0009092750260606408,5.625755541026592,0.5841011860175058,0.0,0.026016253978013992,lhs,5,0.9,true,10,0.95,3,0.05,0.6,0.4,,0.6,4,0.4,1.0,0.3318905027880762,0.6729028105674941,0.24580460786819458,0.5036513322540175,0.45579306385425644,0.7225763893769939,0.3325386941432953,192,14,"[786, 1516, 175, 894, 1480, 508, 52, 1313, 796, 74, 480, 865, 1133, 105, 1894, 1082, 846, 83, 1500, 643, 1767, 427, 1088, 1768, 1617, 766, 1160, 1652, 1248, 1989, 1232, 1049, 1771, 678, 268, 327, 198, 1298, 1717, 888, 835, 539, 248, 192, 1506, 1153, 446, 1221, 1896, 812, 134, 1959, 188, 1118, 558, 801, 101, 580, 1634, 1698, 1681, 605, 414, 1837]",1.0,0.5036513322540175,0.7681442530791331,0.40523648262023926,0.33919012546539307,960,/Users/jonaswiendl/local/Repos/ml-surrogates-for-power-systems/hpo/results/marker_directed/stage1_policy_search/marker_directed_policy_search_20260302_112434/runs/cfg_00076_82f8689441/qbc/history.jsonl,,,64,2048,15,true,64,256,/Users/jonaswiendl/local/Repos/ml-surrogates-for-power-systems/hpo/results/marker_directed/stage1_policy_search/marker_directed_policy_search_20260302_112434/runs/cfg_00076_82f8689441/run_manifest.json,active.candidate_method=lhs;;active.log_every=5;;active.marker.greedy_score_weight=0.9;;active.marker.include_anchor_state_markers=true;;active.marker.k_density=10;;active.marker.pca_explained_variance=0.95;;active.marker.preselect_factor=3;;active.marker.settling_fraction=0.05;;active.marker.weights.diversity=0.6;;active.marker.weights.sparsity=0.4;;qbc_K=64;;qbc_P=2048;;qbc_T=15;;qbc_enable_logging=true;;qbc_n0=64;;qbc_n_test=256,,
marker_directed_sm4_v1,1,marker_directed,SM4,default,stageA_policy,broad_policy_search,/Users/jonaswiendl/local/Repos/ml-surrogates-for-power-systems/hpo/results/marker_directed/stage1_policy_search/marker_directed_policy_search_20260302_112434,cfg_00077_25f30c3944,77,/Users/jonaswiendl/local/Repos/ml-surrogates-for-power-systems/hpo/results/marker_directed/stage1_policy_search/marker_directed_policy_search_20260302_112434/runs/cfg_00077_25f30c3944,,s02,b1024,thesis_marker_hpo_stage1,completed,0,True,final_eval_rmse,minimize,0.007279553418561995,0.007279553418561995,5.299189797369763e-05,25.93478374404367,19.712535746977665,0.0008486829465255141,5.611057647038251,0.5816090389853343,0.0,0.02415695891249925,lhs,5,0.9,true,10,0.95,3,0.05,0.8,0.4,,0.6666666666666666,4,0.3333333333333333,1.0,0.33144454452355376,0.6681517045353776,0.25333964824676514,0.5183019635770914,0.4539342869745221,0.721570187724858,0.3438519239425659,192,14,"[786, 1516, 1880, 894, 90, 191, 52, 74, 1313, 1401, 1930, 1232, 1894, 1480, 1091, 1133, 1248, 180, 105, 1767, 608, 1969, 1049, 1617, 558, 1546, 1672, 1298, 1652, 268, 1717, 382, 1771, 480, 873, 280, 184, 580, 335, 505, 1187, 1055, 2011, 1102, 1118, 154, 446, 101, 1928, 414, 1837, 643, 1355, 523, 192, 216, 104, 134, 1953, 1883, 1077, 1417, 78, 1768]",1.0,0.5183019635770914,0.7656100711197549,0.42465558648109436,0.3553614616394043,960,/Users/jonaswiendl/local/Repos/ml-surrogates-for-power-systems/hpo/results/marker_directed/stage1_policy_search/marker_directed_policy_search_20260302_112434/runs/cfg_00077_25f30c3944/qbc/history.jsonl,,,64,2048,15,true,64,256,/Users/jonaswiendl/local/Repos/ml-surrogates-for-power-systems/hpo/results/marker_directed/stage1_policy_search/marker_directed_policy_search_20260302_112434/runs/cfg_00077_25f30c3944/run_manifest.json,active.candidate_method=lhs;;active.log_every=5;;active.marker.greedy_score_weight=0.9;;active.marker.include_anchor_state_markers=true;;active.marker.k_density=10;;active.marker.pca_explained_variance=0.95;;active.marker.preselect_factor=3;;active.marker.settling_fraction=0.05;;active.marker.weights.diversity=0.8;;active.marker.weights.sparsity=0.4;;qbc_K=64;;qbc_P=2048;;qbc_T=15;;qbc_enable_logging=true;;qbc_n0=64;;qbc_n_test=256,,
marker_directed_sm4_v1,1,marker_directed,SM4,default,stageA_policy,broad_policy_search,/Users/jonaswiendl/local/Repos/ml-surrogates-for-power-systems/hpo/results/marker_directed/stage1_policy_search/marker_directed_policy_search_20260302_112434,cfg_00078_aab05692ef,78,/Users/jonaswiendl/local/Repos/ml-surrogates-for-power-systems/hpo/results/marker_directed/stage1_policy_search/marker_directed_policy_search_20260302_112434/runs/cfg_00078_aab05692ef,,s02,b1024,thesis_marker_hpo_stage1,completed,0,True,final_eval_rmse,minimize,0.008715671266221709,0.008715671266221709,7.596292562084273e-05,25.870497724041343,19.516874435939826,0.0008652340620756149,5.651794695993885,0.6717807169770822,0.0,0.02438618498854339,lhs,5,0.7,true,10,0.95,5,0.05,0.4,0.4,,0.5,4,0.5,1.0,0.33593451995694545,0.6726523968600407,0.2522544264793396,0.48122326674220983,0.46263198057696475,0.7192685752999642,0.33663082122802734,320,14,"[786, 1516, 1880, 1256, 1480, 521, 1187, 1982, 922, 1313, 1008, 1883, 52, 15, 359, 1528, 1914, 928, 1248, 1625, 910, 1514, 1874, 1698, 1180, 551, 1894, 901, 1171, 216, 840, 1365, 894, 323, 30, 1133, 304, 315, 1242, 1610, 420, 191, 349, 401, 1856, 1087, 273, 569, 1282, 180, 138, 1510, 619, 1338, 1506, 497, 955, 1091, 101, 1975, 981, 419, 531, 192]",1.0,0.48122326674220983,0.7581524679429718,0.3988603949546814,0.31935495138168335,960,/Users/jonaswiendl/local/Repos/ml-surrogates-for-power-systems/hpo/results/marker_directed/stage1_policy_search/marker_directed_policy_search_20260302_112434/runs/cfg_00078_aab05692ef/qbc/history.jsonl,,,64,2048,15,true,64,256,/Users/jonaswiendl/local/Repos/ml-surrogates-for-power-systems/hpo/results/marker_directed/stage1_policy_search/marker_directed_policy_search_20260302_112434/runs/cfg_00078_aab05692ef/run_manifest.json,active.candidate_method=lhs;;active.log_every=5;;active.marker.greedy_score_weight=0.7;;active.marker.include_anchor_state_markers=true;;active.marker.k_density=10;;active.marker.pca_explained_variance=0.95;;active.marker.preselect_factor=5;;active.marker.settling_fraction=0.05;;active.marker.weights.diversity=0.4;;active.marker.weights.sparsity=0.4;;qbc_K=64;;qbc_P=2048;;qbc_T=15;;qbc_enable_logging=true;;qbc_n0=64;;qbc_n_test=256,,
marker_directed_sm4_v1,1,marker_directed,SM4,default,stageA_policy,broad_policy_search,/Users/jonaswiendl/local/Repos/ml-surrogates-for-power-systems/hpo/results/marker_directed/stage1_policy_search/marker_directed_policy_search_20260302_112434,cfg_00079_a1c371a5d5,79,/Users/jonaswiendl/local/Repos/ml-surrogates-for-power-systems/hpo/results/marker_directed/stage1_policy_search/marker_directed_policy_search_20260302_112434/runs/cfg_00079_a1c371a5d5,,s02,b1024,thesis_marker_hpo_stage1,completed,0,True,final_eval_rmse,minimize,0.007306631151280893,0.007306631151280893,5.338685878086835e-05,26.061647010967135,19.7370587940095,0.0008151899091899395,5.6257901270873845,0.6699213850079104,0.0,0.02345191198401153,lhs,5,0.7,true,10,0.95,5,0.05,0.6,0.4,,0.6,4,0.4,1.0,0.33300645528740197,0.6688697550763246,0.2591903805732727,0.48822696417437506,0.4592631816462544,0.7176602480471956,0.35096028447151184,320,14,"[786, 1516, 1260, 88, 1865, 1452, 1187, 1133, 1313, 74, 52, 862, 355, 381, 1365, 1298, 977, 427, 1768, 1667, 1574, 480, 199, 248, 1874, 1510, 1844, 1914, 1460, 1501, 1480, 928, 894, 1328, 1114, 146, 435, 1184, 580, 1966, 889, 1147, 187, 420, 1465, 1248, 1969, 428, 1040, 1894, 1767, 1232, 735, 399, 1027, 1023, 1564, 101, 1164, 298, 450, 303, 497, 216]",1.0,0.48822696417437506,0.7627178750485151,0.4087526798248291,0.32945799827575684,960,/Users/jonaswiendl/local/Repos/ml-surrogates-for-power-systems/hpo/results/marker_directed/stage1_policy_search/marker_directed_policy_search_20260302_112434/runs/cfg_00079_a1c371a5d5/qbc/history.jsonl,,,64,2048,15,true,64,256,/Users/jonaswiendl/local/Repos/ml-surrogates-for-power-systems/hpo/results/marker_directed/stage1_policy_search/marker_directed_policy_search_20260302_112434/runs/cfg_00079_a1c371a5d5/run_manifest.json,active.candidate_method=lhs;;active.log_every=5;;active.marker.greedy_score_weight=0.7;;active.marker.include_anchor_state_markers=true;;active.marker.k_density=10;;active.marker.pca_explained_variance=0.95;;active.marker.preselect_factor=5;;active.marker.settling_fraction=0.05;;active.marker.weights.diversity=0.6;;active.marker.weights.sparsity=0.4;;qbc_K=64;;qbc_P=2048;;qbc_T=15;;qbc_enable_logging=true;;qbc_n0=64;;qbc_n_test=256,,
marker_directed_sm4_v1,1,marker_directed,SM4,default,stageA_policy,broad_policy_search,/Users/jonaswiendl/local/Repos/ml-surrogates-for-power-systems/hpo/results/marker_directed/stage1_policy_search/marker_directed_policy_search_20260302_112434,cfg_00080_dd34db6470,80,/Users/jonaswiendl/local/Repos/ml-surrogates-for-power-systems/hpo/results/marker_directed/stage1_policy_search/marker_directed_policy_search_20260302_112434/runs/cfg_00080_dd34db6470,,s02,b1024,thesis_marker_hpo_stage1,completed,0,True,final_eval_rmse,minimize,0.006899566289311722,0.006899566289311722,4.7604014980606735e-05,25.97766296507325,19.708763862028718,0.0008637219434604049,5.57157424709294,0.6680899050552398,0.0,0.023805761011317372,lhs,5,0.7,true,10,0.95,5,0.05,0.8,0.4,,0.6666666666666666,4,0.3333333333333333,1.0,0.3235997896666996,0.6610929477139572,0.25320738554000854,0.4926905274756499,0.4511608429955064,0.7120724935393861,0.3467733860015869,320,14,"[786, 1516, 1880, 88, 414, 1894, 1771, 216, 74, 894, 1815, 52, 43, 1298, 1363, 14, 1114, 1761, 1768, 121, 1721, 179, 933, 155, 1464, 787, 1313, 180, 112, 1095, 105, 1270, 1510, 446, 1767, 1458, 1500, 191, 862, 531, 545, 1338, 1941, 1810, 1982, 692, 2004, 475, 1160, 1091, 1368, 801, 835, 1480, 684, 851, 355, 1940, 1248, 192, 134, 381, 1097, 213]",1.0,0.4926905274756499,0.7556250128594877,0.41433626413345337,0.3274168372154236,960,/Users/jonaswiendl/local/Repos/ml-surrogates-for-power-systems/hpo/results/marker_directed/stage1_policy_search/marker_directed_policy_search_20260302_112434/runs/cfg_00080_dd34db6470/qbc/history.jsonl,,,64,2048,15,true,64,256,/Users/jonaswiendl/local/Repos/ml-surrogates-for-power-systems/hpo/results/marker_directed/stage1_policy_search/marker_directed_policy_search_20260302_112434/runs/cfg_00080_dd34db6470/run_manifest.json,active.candidate_method=lhs;;active.log_every=5;;active.marker.greedy_score_weight=0.7;;active.marker.include_anchor_state_markers=true;;active.marker.k_density=10;;active.marker.pca_explained_variance=0.95;;active.marker.preselect_factor=5;;active.marker.settling_fraction=0.05;;active.marker.weights.diversity=0.8;;active.marker.weights.sparsity=0.4;;qbc_K=64;;qbc_P=2048;;qbc_T=15;;qbc_enable_logging=true;;qbc_n0=64;;qbc_n_test=256,,
marker_directed_sm4_v1,1,marker_directed,SM4,default,stageA_policy,broad_policy_search,/Users/jonaswiendl/local/Repos/ml-surrogates-for-power-systems/hpo/results/marker_directed/stage1_policy_search/marker_directed_policy_search_20260302_112434,cfg_00081_c11322b21e,81,/Users/jonaswiendl/local/Repos/ml-surrogates-for-power-systems/hpo/results/marker_directed/stage1_policy_search/marker_directed_policy_search_20260302_112434/runs/cfg_00081_c11322b21e,,s02,b1024,thesis_marker_hpo_stage1,completed,0,True,final_eval_rmse,minimize,0.008519540283665335,0.008519540283665335,7.25825666449964e-05,25.705901777022518,19.44509845005814,0.0007970510050654411,5.574836535961367,0.6584912140388042,0.0,0.022145021939650178,lhs,5,0.9,true,10,0.95,5,0.05,0.4,0.4,,0.5,4,0.5,1.0,0.33666911183798076,0.676396910952824,0.26248592138290405,0.5025970998884117,0.46192952748718874,0.7247145098726034,0.33918115496635437,320,14,"[786, 1516, 70, 1480, 1767, 52, 74, 894, 1160, 1698, 1088, 1959, 1930, 1894, 643, 1472, 1313, 1914, 1298, 2031, 359, 908, 259, 781, 1328, 1815, 180, 1482, 324, 1510, 147, 1157, 1763, 1458, 551, 3, 1302, 1500, 1771, 162, 1989, 1612, 558, 1110, 1392, 275, 909, 105, 1434, 605, 401, 216, 446, 773, 1598, 1574, 1749, 1250, 1371, 14, 1102, 166, 787, 191]",1.0,0.5025970998884117,0.7758681726178107,0.4173589050769806,0.3286705017089844,960,/Users/jonaswiendl/local/Repos/ml-surrogates-for-power-systems/hpo/results/marker_directed/stage1_policy_search/marker_directed_policy_search_20260302_112434/runs/cfg_00081_c11322b21e/qbc/history.jsonl,,,64,2048,15,true,64,256,/Users/jonaswiendl/local/Repos/ml-surrogates-for-power-systems/hpo/results/marker_directed/stage1_policy_search/marker_directed_policy_search_20260302_112434/runs/cfg_00081_c11322b21e/run_manifest.json,active.candidate_method=lhs;;active.log_every=5;;active.marker.greedy_score_weight=0.9;;active.marker.include_anchor_state_markers=true;;active.marker.k_density=10;;active.marker.pca_explained_variance=0.95;;active.marker.preselect_factor=5;;active.marker.settling_fraction=0.05;;active.marker.weights.diversity=0.4;;active.marker.weights.sparsity=0.4;;qbc_K=64;;qbc_P=2048;;qbc_T=15;;qbc_enable_logging=true;;qbc_n0=64;;qbc_n_test=256,,
marker_directed_sm4_v1,1,marker_directed,SM4,default,stageA_policy,broad_policy_search,/Users/jonaswiendl/local/Repos/ml-surrogates-for-power-systems/hpo/results/marker_directed/stage1_policy_search/marker_directed_policy_search_20260302_112434,cfg_00082_df23d35b87,82,/Users/jonaswiendl/local/Repos/ml-surrogates-for-power-systems/hpo/results/marker_directed/stage1_policy_search/marker_directed_policy_search_20260302_112434/runs/cfg_00082_df23d35b87,,s02,b1024,thesis_marker_hpo_stage1,completed,0,True,final_eval_rmse,minimize,0.008021163223824615,0.008021163223824615,6.433905946323648e-05,25.853403912042268,19.584439596976154,0.0009941949974745512,5.574391999049112,0.6662786100059748,0.0,0.022677698987536132,lhs,5,0.9,true,10,0.95,5,0.05,0.6,0.4,,0.6,4,0.4,1.0,0.3306529403250138,0.6743862173049653,0.24782490730285645,0.4957827634555998,0.4572380761288376,0.7237863758971544,0.33009564876556396,320,14,"[786, 1516, 175, 1480, 216, 74, 52, 1313, 894, 1815, 4, 1556, 1823, 1894, 643, 1574, 1298, 1761, 1482, 259, 1768, 180, 105, 335, 171, 346, 1270, 558, 1401, 446, 1771, 580, 1085, 1767, 1940, 1191, 879, 1119, 1187, 191, 691, 1959, 1458, 1510, 800, 617, 115, 1114, 1883, 1672, 224, 854, 1038, 195, 1399, 955, 497, 1193, 575, 812, 1250, 2001, 835, 156]",1.0,0.4957827634555998,0.7729162594840553,0.4046594798564911,0.32039156556129456,960,/Users/jonaswiendl/local/Repos/ml-surrogates-for-power-systems/hpo/results/marker_directed/stage1_policy_search/marker_directed_policy_search_20260302_112434/runs/cfg_00082_df23d35b87/qbc/history.jsonl,,,64,2048,15,true,64,256,/Users/jonaswiendl/local/Repos/ml-surrogates-for-power-systems/hpo/results/marker_directed/stage1_policy_search/marker_directed_policy_search_20260302_112434/runs/cfg_00082_df23d35b87/run_manifest.json,active.candidate_method=lhs;;active.log_every=5;;active.marker.greedy_score_weight=0.9;;active.marker.include_anchor_state_markers=true;;active.marker.k_density=10;;active.marker.pca_explained_variance=0.95;;active.marker.preselect_factor=5;;active.marker.settling_fraction=0.05;;active.marker.weights.diversity=0.6;;active.marker.weights.sparsity=0.4;;qbc_K=64;;qbc_P=2048;;qbc_T=15;;qbc_enable_logging=true;;qbc_n0=64;;qbc_n_test=256,,
marker_directed_sm4_v1,1,marker_directed,SM4,default,stageA_policy,broad_policy_search,/Users/jonaswiendl/local/Repos/ml-surrogates-for-power-systems/hpo/results/marker_directed/stage1_policy_search/marker_directed_policy_search_20260302_112434,cfg_00083_f9876961e1,83,/Users/jonaswiendl/local/Repos/ml-surrogates-for-power-systems/hpo/results/marker_directed/stage1_policy_search/marker_directed_policy_search_20260302_112434/runs/cfg_00083_f9876961e1,,s02,b1024,thesis_marker_hpo_stage1,completed,0,True,final_eval_rmse,minimize,0.009231092503841706,0.009231092503841706,8.521306881448254e-05,25.887642623041756,19.565175725030713,0.0008019219385460019,5.618653589044698,0.6734647899866104,0.0,0.024862358928658068,lhs,5,0.9,true,10,0.95,5,0.05,0.8,0.4,,0.6666666666666666,4,0.3333333333333333,1.0,0.334768941112486,0.6681846525002195,0.26892921328544617,0.5265612622320328,0.45915976360021166,0.7226381206424588,0.3580848276615143,320,14,"[786, 1516, 175, 1480, 508, 96, 74, 52, 1088, 352, 1160, 191, 1930, 1313, 323, 105, 368, 1157, 1767, 1500, 1894, 643, 1768, 811, 1617, 800, 327, 1248, 216, 687, 104, 1771, 1298, 875, 1133, 180, 1194, 1221, 921, 268, 58, 1506, 448, 1519, 1164, 521, 61, 894, 1880, 1883, 580, 163, 184, 783, 1222, 446, 1574, 801, 523, 1277, 1764, 361, 4, 691]",1.0,0.5265612622320328,0.7657738636719413,0.44034332036972046,0.3549501895904541,960,/Users/jonaswiendl/local/Repos/ml-surrogates-for-power-systems/hpo/results/marker_directed/stage1_policy_search/marker_directed_policy_search_20260302_112434/runs/cfg_00083_f9876961e1/qbc/history.jsonl,,,64,2048,15,true,64,256,/Users/jonaswiendl/local/Repos/ml-surrogates-for-power-systems/hpo/results/marker_directed/stage1_policy_search/marker_directed_policy_search_20260302_112434/runs/cfg_00083_f9876961e1/run_manifest.json,active.candidate_method=lhs;;active.log_every=5;;active.marker.greedy_score_weight=0.9;;active.marker.include_anchor_state_markers=true;;active.marker.k_density=10;;active.marker.pca_explained_variance=0.95;;active.marker.preselect_factor=5;;active.marker.settling_fraction=0.05;;active.marker.weights.diversity=0.8;;active.marker.weights.sparsity=0.4;;qbc_K=64;;qbc_P=2048;;qbc_T=15;;qbc_enable_logging=true;;qbc_n0=64;;qbc_n_test=256,,
marker_directed_sm4_v1,1,marker_directed,SM4,default,stageA_policy,broad_policy_search,/Users/jonaswiendl/local/Repos/ml-surrogates-for-power-systems/hpo/results/marker_directed/stage1_policy_search/marker_directed_policy_search_20260302_112434,cfg_00084_a65645706a,84,/Users/jonaswiendl/local/Repos/ml-surrogates-for-power-systems/hpo/results/marker_directed/stage1_policy_search/marker_directed_policy_search_20260302_112434/runs/cfg_00084_a65645706a,,s02,b1024,thesis_marker_hpo_stage1,completed,0,True,final_eval_rmse,minimize,0.007863073366296958,0.007863073366296958,6.182792276376858e-05,25.77232157404069,19.571342919021845,0.0008173390524461865,5.5881058579543605,0.5831299179699272,0.0,0.02428610494825989,lhs,5,0.7,true,20,0.95,3,0.05,0.4,0.4,,0.5,4,0.5,1.0,0.32624076379047445,0.8320277869124648,0.2373683750629425,0.47088766486714423,0.45516794485899414,0.8842630197000664,0.31943607330322266,192,14,"[786, 1516, 175, 88, 226, 1452, 1187, 564, 1815, 74, 1298, 1959, 1914, 643, 216, 938, 1698, 1931, 409, 1574, 649, 980, 1768, 248, 1506, 195, 1648, 1480, 1313, 894, 477, 263, 1510, 768, 1221, 1763, 1879, 1539, 1894, 1857, 1148, 191, 1767, 1983, 901, 259, 1465, 1096, 1164, 1091, 1121, 1417, 1467, 1989, 352, 1712, 981, 994, 497, 188, 1514, 69, 1666, 1982]",1.0,0.47088766486714423,0.9253249497641739,0.3956397771835327,0.32251930236816406,960,/Users/jonaswiendl/local/Repos/ml-surrogates-for-power-systems/hpo/results/marker_directed/stage1_policy_search/marker_directed_policy_search_20260302_112434/runs/cfg_00084_a65645706a/qbc/history.jsonl,,,64,2048,15,true,64,256,/Users/jonaswiendl/local/Repos/ml-surrogates-for-power-systems/hpo/results/marker_directed/stage1_policy_search/marker_directed_policy_search_20260302_112434/runs/cfg_00084_a65645706a/run_manifest.json,active.candidate_method=lhs;;active.log_every=5;;active.marker.greedy_score_weight=0.7;;active.marker.include_anchor_state_markers=true;;active.marker.k_density=20;;active.marker.pca_explained_variance=0.95;;active.marker.preselect_factor=3;;active.marker.settling_fraction=0.05;;active.marker.weights.diversity=0.4;;active.marker.weights.sparsity=0.4;;qbc_K=64;;qbc_P=2048;;qbc_T=15;;qbc_enable_logging=true;;qbc_n0=64;;qbc_n_test=256,,
marker_directed_sm4_v1,1,marker_directed,SM4,default,stageA_policy,broad_policy_search,/Users/jonaswiendl/local/Repos/ml-surrogates-for-power-systems/hpo/results/marker_directed/stage1_policy_search/marker_directed_policy_search_20260302_112434,cfg_00085_9b608ef651,85,/Users/jonaswiendl/local/Repos/ml-surrogates-for-power-systems/hpo/results/marker_directed/stage1_policy_search/marker_directed_policy_search_20260302_112434/runs/cfg_00085_9b608ef651,,s02,b1024,thesis_marker_hpo_stage1,completed,0,True,final_eval_rmse,minimize,0.008705949870947879,0.008705949870947879,7.579356315545738e-05,25.769151913933456,19.562977017019875,0.0008306739619001746,5.595315565937199,0.5814148900099099,0.0,0.0241567709017545,lhs,5,0.7,true,20,0.95,3,0.05,0.6,0.4,,0.6,4,0.4,1.0,0.32364432618054456,0.8301964328994131,0.24259962141513824,0.46543595900566087,0.4532924133493511,0.8871284429125935,0.3331157863140106,192,14,"[786, 1516, 580, 15, 1767, 1894, 420, 1160, 195, 1698, 894, 230, 74, 599, 672, 1914, 1472, 1771, 1473, 1319, 1281, 1240, 324, 1844, 928, 915, 1480, 1949, 523, 631, 1827, 11, 1493, 1248, 1313, 531, 1562, 1815, 695, 52, 1810, 271, 637, 865, 1086, 812, 1191, 965, 178, 216, 1782, 854, 192, 1975, 2031, 1510, 86, 362, 1713, 819, 1164, 101, 774, 2006]",1.0,0.46543595900566087,0.9321220278754477,0.39590173959732056,0.3353555202484131,960,/Users/jonaswiendl/local/Repos/ml-surrogates-for-power-systems/hpo/results/marker_directed/stage1_policy_search/marker_directed_policy_search_20260302_112434/runs/cfg_00085_9b608ef651/qbc/history.jsonl,,,64,2048,15,true,64,256,/Users/jonaswiendl/local/Repos/ml-surrogates-for-power-systems/hpo/results/marker_directed/stage1_policy_search/marker_directed_policy_search_20260302_112434/runs/cfg_00085_9b608ef651/run_manifest.json,active.candidate_method=lhs;;active.log_every=5;;active.marker.greedy_score_weight=0.7;;active.marker.include_anchor_state_markers=true;;active.marker.k_density=20;;active.marker.pca_explained_variance=0.95;;active.marker.preselect_factor=3;;active.marker.settling_fraction=0.05;;active.marker.weights.diversity=0.6;;active.marker.weights.sparsity=0.4;;qbc_K=64;;qbc_P=2048;;qbc_T=15;;qbc_enable_logging=true;;qbc_n0=64;;qbc_n_test=256,,
marker_directed_sm4_v1,1,marker_directed,SM4,default,stageA_policy,broad_policy_search,/Users/jonaswiendl/local/Repos/ml-surrogates-for-power-systems/hpo/results/marker_directed/stage1_policy_search/marker_directed_policy_search_20260302_112434,cfg_00086_a0407c514b,86,/Users/jonaswiendl/local/Repos/ml-surrogates-for-power-systems/hpo/results/marker_directed/stage1_policy_search/marker_directed_policy_search_20260302_112434/runs/cfg_00086_a0407c514b,,s02,b1024,thesis_marker_hpo_stage1,completed,0,True,final_eval_rmse,minimize,0.007910260686214398,0.007910260686214398,6.257222412386909e-05,25.898624302935787,19.690993587020785,0.0008378769271075726,5.601360478904098,0.5764483379898593,0.0,0.024162565008737147,lhs,5,0.7,true,20,0.95,3,0.05,0.8,0.4,,0.6666666666666666,4,0.3333333333333333,1.0,0.327979553008125,0.8311531098599994,0.23409812152385712,0.5014315812780206,0.45254652055450834,0.8957498300700236,0.32507848739624023,192,14,"[786, 1516, 175, 1480, 1767, 1187, 1763, 521, 865, 1574, 195, 52, 977, 359, 778, 74, 1097, 299, 1768, 1914, 1654, 1088, 551, 1500, 894, 562, 1133, 385, 1771, 1894, 15, 147, 1701, 1328, 1389, 275, 268, 666, 105, 1847, 216, 86, 161, 191, 1384, 2045, 408, 722, 317, 1048, 1096, 1453, 115, 1842, 401, 1355, 608, 1293, 62, 1171, 820, 667, 648, 162]",1.0,0.5014315812780206,0.9277699914340031,0.3969162106513977,0.3273300230503082,960,/Users/jonaswiendl/local/Repos/ml-surrogates-for-power-systems/hpo/results/marker_directed/stage1_policy_search/marker_directed_policy_search_20260302_112434/runs/cfg_00086_a0407c514b/qbc/history.jsonl,,,64,2048,15,true,64,256,/Users/jonaswiendl/local/Repos/ml-surrogates-for-power-systems/hpo/results/marker_directed/stage1_policy_search/marker_directed_policy_search_20260302_112434/runs/cfg_00086_a0407c514b/run_manifest.json,active.candidate_method=lhs;;active.log_every=5;;active.marker.greedy_score_weight=0.7;;active.marker.include_anchor_state_markers=true;;active.marker.k_density=20;;active.marker.pca_explained_variance=0.95;;active.marker.preselect_factor=3;;active.marker.settling_fraction=0.05;;active.marker.weights.diversity=0.8;;active.marker.weights.sparsity=0.4;;qbc_K=64;;qbc_P=2048;;qbc_T=15;;qbc_enable_logging=true;;qbc_n0=64;;qbc_n_test=256,,
marker_directed_sm4_v1,1,marker_directed,SM4,default,stageA_policy,broad_policy_search,/Users/jonaswiendl/local/Repos/ml-surrogates-for-power-systems/hpo/results/marker_directed/stage1_policy_search/marker_directed_policy_search_20260302_112434,cfg_00087_1d7e38a8a1,87,/Users/jonaswiendl/local/Repos/ml-surrogates-for-power-systems/hpo/results/marker_directed/stage1_policy_search/marker_directed_policy_search_20260302_112434/runs/cfg_00087_1d7e38a8a1,,s02,b1024,thesis_marker_hpo_stage1,completed,0,True,final_eval_rmse,minimize,0.008474050967762414,0.008474050967762414,7.18095398042351e-05,25.676773426006548,19.502470495994203,0.0008334800368174911,5.564560587983578,0.5816851110430434,0.0,0.022969829966314137,lhs,5,0.9,true,20,0.95,3,0.05,0.4,0.4,,0.5,4,0.5,1.0,0.3311463104089024,0.8371833435355218,0.25534507632255554,0.471208930302615,0.45746011831166,0.8949913297051407,0.3271382451057434,192,14,"[786, 1516, 175, 1480, 216, 74, 52, 1313, 894, 1553, 1894, 1815, 1298, 14, 1959, 1914, 1574, 1870, 112, 191, 1698, 933, 1086, 922, 1768, 1118, 1767, 1088, 1919, 1140, 1771, 88, 1506, 643, 105, 1311, 1392, 1221, 93, 102, 162, 1578, 446, 1396, 782, 302, 1157, 847, 1501, 1250, 865, 43, 442, 1668, 1465, 1153, 1248, 335, 2031, 1242, 1510, 1302, 1922, 801]",1.0,0.471208930302615,0.948329606211642,0.4046846628189087,0.3316749930381775,960,/Users/jonaswiendl/local/Repos/ml-surrogates-for-power-systems/hpo/results/marker_directed/stage1_policy_search/marker_directed_policy_search_20260302_112434/runs/cfg_00087_1d7e38a8a1/qbc/history.jsonl,,,64,2048,15,true,64,256,/Users/jonaswiendl/local/Repos/ml-surrogates-for-power-systems/hpo/results/marker_directed/stage1_policy_search/marker_directed_policy_search_20260302_112434/runs/cfg_00087_1d7e38a8a1/run_manifest.json,active.candidate_method=lhs;;active.log_every=5;;active.marker.greedy_score_weight=0.9;;active.marker.include_anchor_state_markers=true;;active.marker.k_density=20;;active.marker.pca_explained_variance=0.95;;active.marker.preselect_factor=3;;active.marker.settling_fraction=0.05;;active.marker.weights.diversity=0.4;;active.marker.weights.sparsity=0.4;;qbc_K=64;;qbc_P=2048;;qbc_T=15;;qbc_enable_logging=true;;qbc_n0=64;;qbc_n_test=256,,
marker_directed_sm4_v1,1,marker_directed,SM4,default,stageA_policy,broad_policy_search,/Users/jonaswiendl/local/Repos/ml-surrogates-for-power-systems/hpo/results/marker_directed/stage1_policy_search/marker_directed_policy_search_20260302_112434,cfg_00088_d7b3c54347,88,/Users/jonaswiendl/local/Repos/ml-surrogates-for-power-systems/hpo/results/marker_directed/stage1_policy_search/marker_directed_policy_search_20260302_112434/runs/cfg_00088_d7b3c54347,,s02,b1024,thesis_marker_hpo_stage1,completed,0,True,final_eval_rmse,minimize,0.009461015638191978,0.009461015638191978,8.951081690611318e-05,26.084412310970947,19.87359319499228,0.0008574459934607148,5.600885980064049,0.58103475603275,0.0,0.023666827008128166,lhs,5,0.9,true,20,0.95,3,0.05,0.6,0.4,,0.6,4,0.4,1.0,0.3285744275508905,0.836157565884852,0.26626449823379517,0.4889759764753692,0.4560313066888174,0.8993029239391745,0.34825819730758667,192,14,"[786, 1516, 175, 1480, 216, 894, 74, 1313, 1815, 52, 865, 1383, 1894, 1038, 1930, 1914, 1870, 1574, 1992, 105, 1768, 394, 1049, 2001, 643, 1767, 1771, 847, 678, 1088, 340, 1298, 1302, 1500, 1919, 994, 191, 291, 1775, 1510, 1458, 1681, 1185, 1989, 1091, 1399, 1740, 335, 625, 162, 1037, 1482, 1501, 192, 2041, 439, 888, 801, 104, 854, 427, 2031, 1110, 2023]",1.0,0.4889759764753692,0.9517002344276957,0.42359814047813416,0.35503238439559937,960,/Users/jonaswiendl/local/Repos/ml-surrogates-for-power-systems/hpo/results/marker_directed/stage1_policy_search/marker_directed_policy_search_20260302_112434/runs/cfg_00088_d7b3c54347/qbc/history.jsonl,,,64,2048,15,true,64,256,/Users/jonaswiendl/local/Repos/ml-surrogates-for-power-systems/hpo/results/marker_directed/stage1_policy_search/marker_directed_policy_search_20260302_112434/runs/cfg_00088_d7b3c54347/run_manifest.json,active.candidate_method=lhs;;active.log_every=5;;active.marker.greedy_score_weight=0.9;;active.marker.include_anchor_state_markers=true;;active.marker.k_density=20;;active.marker.pca_explained_variance=0.95;;active.marker.preselect_factor=3;;active.marker.settling_fraction=0.05;;active.marker.weights.diversity=0.6;;active.marker.weights.sparsity=0.4;;qbc_K=64;;qbc_P=2048;;qbc_T=15;;qbc_enable_logging=true;;qbc_n0=64;;qbc_n_test=256,,
marker_directed_sm4_v1,1,marker_directed,SM4,default,stageA_policy,broad_policy_search,/Users/jonaswiendl/local/Repos/ml-surrogates-for-power-systems/hpo/results/marker_directed/stage1_policy_search/marker_directed_policy_search_20260302_112434,cfg_00089_fb45daf457,89,/Users/jonaswiendl/local/Repos/ml-surrogates-for-power-systems/hpo/results/marker_directed/stage1_policy_search/marker_directed_policy_search_20260302_112434/runs/cfg_00089_fb45daf457,,s02,b1024,thesis_marker_hpo_stage1,completed,0,True,final_eval_rmse,minimize,0.007974201046072927,0.007974201046072927,6.358788232319057e-05,25.812447765027173,19.63661523698829,0.0007967830169945955,5.5628220970975235,0.583962828037329,0.0,0.023712566937319934,lhs,5,0.9,true,20,0.95,3,0.05,0.8,0.4,,0.6666666666666666,4,0.3333333333333333,1.0,0.33545467952920976,0.8361866810730918,0.23949025571346283,0.5116842557469808,0.4641894584834859,0.9017822364539861,0.332507461309433,192,14,"[786, 1516, 1880, 894, 1160, 191, 52, 74, 1313, 1298, 216, 1480, 1894, 1038, 1281, 878, 448, 1264, 743, 1815, 1032, 1302, 303, 105, 1989, 335, 648, 1049, 1768, 1771, 1249, 62, 1767, 347, 135, 1896, 248, 1510, 1522, 1359, 854, 1091, 1458, 1519, 1399, 1248, 643, 1883, 558, 1187, 818, 1418, 1779, 1139, 1608, 2013, 1242, 330, 1975, 104, 1652, 425, 1837, 1914]",1.0,0.5116842557469808,0.9456016133417479,0.4150281548500061,0.34063267707824707,960,/Users/jonaswiendl/local/Repos/ml-surrogates-for-power-systems/hpo/results/marker_directed/stage1_policy_search/marker_directed_policy_search_20260302_112434/runs/cfg_00089_fb45daf457/qbc/history.jsonl,,,64,2048,15,true,64,256,/Users/jonaswiendl/local/Repos/ml-surrogates-for-power-systems/hpo/results/marker_directed/stage1_policy_search/marker_directed_policy_search_20260302_112434/runs/cfg_00089_fb45daf457/run_manifest.json,active.candidate_method=lhs;;active.log_every=5;;active.marker.greedy_score_weight=0.9;;active.marker.include_anchor_state_markers=true;;active.marker.k_density=20;;active.marker.pca_explained_variance=0.95;;active.marker.preselect_factor=3;;active.marker.settling_fraction=0.05;;active.marker.weights.diversity=0.8;;active.marker.weights.sparsity=0.4;;qbc_K=64;;qbc_P=2048;;qbc_T=15;;qbc_enable_logging=true;;qbc_n0=64;;qbc_n_test=256,,
marker_directed_sm4_v1,1,marker_directed,SM4,default,stageA_policy,broad_policy_search,/Users/jonaswiendl/local/Repos/ml-surrogates-for-power-systems/hpo/results/marker_directed/stage1_policy_search/marker_directed_policy_search_20260302_112434,cfg_00090_da99ca1fcf,90,/Users/jonaswiendl/local/Repos/ml-surrogates-for-power-systems/hpo/results/marker_directed/stage1_policy_search/marker_directed_policy_search_20260302_112434/runs/cfg_00090_da99ca1fcf,,s02,b1024,thesis_marker_hpo_stage1,completed,0,True,final_eval_rmse,minimize,0.008043602848427513,0.008043602848427513,6.46995467832312e-05,26.226002905983478,19.785157244070433,0.0008173009846359491,5.72288967599161,0.6865337450290099,0.0,0.025781750911846757,lhs,5,0.7,true,20,0.95,5,0.05,0.4,0.4,,0.5,4,0.5,1.0,0.3256181244011854,0.8303679342208761,0.2307598888874054,0.45563998959390006,0.46024133321475963,0.8837193997993001,0.3113693594932556,320,14,"[786, 1516, 1880, 1574, 414, 15, 1187, 420, 236, 1248, 812, 1768, 446, 938, 1281, 298, 672, 1698, 1694, 1815, 1313, 1269, 1962, 1767, 1041, 1844, 729, 409, 894, 530, 324, 195, 1827, 74, 1480, 1894, 387, 1500, 52, 1493, 734, 1118, 198, 344, 1510, 1506, 216, 1914, 865, 1681, 1982, 840, 1096, 819, 1627, 178, 935, 162, 1392, 435, 230, 1874, 497, 1298]",1.0,0.45563998959390006,0.9274392035160213,0.3777201771736145,0.29418331384658813,960,/Users/jonaswiendl/local/Repos/ml-surrogates-for-power-systems/hpo/results/marker_directed/stage1_policy_search/marker_directed_policy_search_20260302_112434/runs/cfg_00090_da99ca1fcf/qbc/history.jsonl,,,64,2048,15,true,64,256,/Users/jonaswiendl/local/Repos/ml-surrogates-for-power-systems/hpo/results/marker_directed/stage1_policy_search/marker_directed_policy_search_20260302_112434/runs/cfg_00090_da99ca1fcf/run_manifest.json,active.candidate_method=lhs;;active.log_every=5;;active.marker.greedy_score_weight=0.7;;active.marker.include_anchor_state_markers=true;;active.marker.k_density=20;;active.marker.pca_explained_variance=0.95;;active.marker.preselect_factor=5;;active.marker.settling_fraction=0.05;;active.marker.weights.diversity=0.4;;active.marker.weights.sparsity=0.4;;qbc_K=64;;qbc_P=2048;;qbc_T=15;;qbc_enable_logging=true;;qbc_n0=64;;qbc_n_test=256,,
marker_directed_sm4_v1,1,marker_directed,SM4,default,stageA_policy,broad_policy_search,/Users/jonaswiendl/local/Repos/ml-surrogates-for-power-systems/hpo/results/marker_directed/stage1_policy_search/marker_directed_policy_search_20260302_112434,cfg_00091_bb675bf82b,91,/Users/jonaswiendl/local/Repos/ml-surrogates-for-power-systems/hpo/results/marker_directed/stage1_policy_search/marker_directed_policy_search_20260302_112434/runs/cfg_00091_bb675bf82b,,s02,b1024,thesis_marker_hpo_stage1,completed,0,True,final_eval_rmse,minimize,0.009665970538611908,0.009665970538611908,9.343098645331338e-05,25.96355200302787,19.636424764059484,0.0007984699914231896,5.6350655789719895,0.662739560008049,0.0,0.023529755999334157,lhs,5,0.7,true,20,0.95,5,0.05,0.6,0.4,,0.6,4,0.4,1.0,0.32496774719887594,0.8335499040083365,0.2625366449356079,0.4756199699728378,0.45259351054048985,0.886490893826897,0.3486020863056183,320,14,"[786, 1516, 1741, 1768, 818, 191, 560, 894, 248, 575, 2033, 1298, 450, 523, 1480, 14, 1914, 551, 1698, 1460, 299, 1574, 324, 1313, 1815, 1088, 787, 896, 1557, 1627, 317, 385, 2011, 1247, 639, 19, 562, 1771, 1482, 187, 954, 52, 106, 1506, 1894, 1896, 1544, 74, 602, 808, 101, 442, 62, 1969, 86, 1531, 105, 1417, 1788, 1158, 1880, 408, 216, 901]",1.0,0.4756199699728378,0.9190782969587374,0.40995246171951294,0.33430153131484985,960,/Users/jonaswiendl/local/Repos/ml-surrogates-for-power-systems/hpo/results/marker_directed/stage1_policy_search/marker_directed_policy_search_20260302_112434/runs/cfg_00091_bb675bf82b/qbc/history.jsonl,,,64,2048,15,true,64,256,/Users/jonaswiendl/local/Repos/ml-surrogates-for-power-systems/hpo/results/marker_directed/stage1_policy_search/marker_directed_policy_search_20260302_112434/runs/cfg_00091_bb675bf82b/run_manifest.json,active.candidate_method=lhs;;active.log_every=5;;active.marker.greedy_score_weight=0.7;;active.marker.include_anchor_state_markers=true;;active.marker.k_density=20;;active.marker.pca_explained_variance=0.95;;active.marker.preselect_factor=5;;active.marker.settling_fraction=0.05;;active.marker.weights.diversity=0.6;;active.marker.weights.sparsity=0.4;;qbc_K=64;;qbc_P=2048;;qbc_T=15;;qbc_enable_logging=true;;qbc_n0=64;;qbc_n_test=256,,
marker_directed_sm4_v1,1,marker_directed,SM4,default,stageA_policy,broad_policy_search,/Users/jonaswiendl/local/Repos/ml-surrogates-for-power-systems/hpo/results/marker_directed/stage1_policy_search/marker_directed_policy_search_20260302_112434,cfg_00092_bfc109afa9,92,/Users/jonaswiendl/local/Repos/ml-surrogates-for-power-systems/hpo/results/marker_directed/stage1_policy_search/marker_directed_policy_search_20260302_112434/runs/cfg_00092_bfc109afa9,,s02,b1024,thesis_marker_hpo_stage1,completed,0,True,final_eval_rmse,minimize,0.008054558708942347,0.008054558708942347,6.4875915995799e-05,25.77594224899076,19.492427296936512,0.0008209019433706999,5.583895843941718,0.6699767230311409,0.0,0.02426313399337232,lhs,5,0.7,true,20,0.95,5,0.05,0.8,0.4,,0.6666666666666666,4,0.3333333333333333,1.0,0.3251522759638606,0.8260748494228286,0.26647379994392395,0.47581686982802207,0.45178168343537045,0.8876543008700534,0.36264556646347046,320,14,"[786, 1516, 175, 88, 226, 1894, 420, 191, 1815, 894, 216, 1883, 1298, 255, 1388, 1480, 299, 782, 1114, 1281, 1658, 1781, 1271, 1399, 1087, 134, 832, 1313, 352, 1528, 1086, 2039, 1048, 86, 112, 1767, 1771, 1187, 901, 1482, 605, 401, 969, 381, 711, 1510, 1803, 1458, 52, 1982, 323, 1049, 569, 854, 138, 2047, 1328, 928, 192, 1705, 1896, 105, 643, 1837]",1.0,0.47581686982802207,0.9228756474207551,0.4174935221672058,0.3425014615058899,960,/Users/jonaswiendl/local/Repos/ml-surrogates-for-power-systems/hpo/results/marker_directed/stage1_policy_search/marker_directed_policy_search_20260302_112434/runs/cfg_00092_bfc109afa9/qbc/history.jsonl,,,64,2048,15,true,64,256,/Users/jonaswiendl/local/Repos/ml-surrogates-for-power-systems/hpo/results/marker_directed/stage1_policy_search/marker_directed_policy_search_20260302_112434/runs/cfg_00092_bfc109afa9/run_manifest.json,active.candidate_method=lhs;;active.log_every=5;;active.marker.greedy_score_weight=0.7;;active.marker.include_anchor_state_markers=true;;active.marker.k_density=20;;active.marker.pca_explained_variance=0.95;;active.marker.preselect_factor=5;;active.marker.settling_fraction=0.05;;active.marker.weights.diversity=0.8;;active.marker.weights.sparsity=0.4;;qbc_K=64;;qbc_P=2048;;qbc_T=15;;qbc_enable_logging=true;;qbc_n0=64;;qbc_n_test=256,,
marker_directed_sm4_v1,1,marker_directed,SM4,default,stageA_policy,broad_policy_search,/Users/jonaswiendl/local/Repos/ml-surrogates-for-power-systems/hpo/results/marker_directed/stage1_policy_search/marker_directed_policy_search_20260302_112434,cfg_00093_7731db139f,93,/Users/jonaswiendl/local/Repos/ml-surrogates-for-power-systems/hpo/results/marker_directed/stage1_policy_search/marker_directed_policy_search_20260302_112434/runs/cfg_00093_7731db139f,,s02,b1024,thesis_marker_hpo_stage1,completed,0,True,final_eval_rmse,minimize,0.006891154001647865,0.006891154001647865,4.748800347442739e-05,25.790040764957666,19.44788736710325,0.0008086150046437979,5.637661337968893,0.6747506270185113,0.0,0.024409914971329272,lhs,5,0.9,true,20,0.95,5,0.05,0.4,0.4,,0.5,4,0.5,1.0,0.3352745445889736,0.8400369502254951,0.26234447956085205,0.47395830507472303,0.4635809577062552,0.8898939425657321,0.33922892808914185,320,14,"[786, 1516, 1574, 1959, 643, 1480, 74, 52, 1313, 368, 865, 1894, 216, 782, 1282, 1930, 162, 1102, 894, 1815, 191, 1919, 1654, 1248, 1698, 1238, 1768, 324, 1298, 1767, 446, 1593, 1049, 1140, 1119, 1458, 854, 1969, 2001, 1771, 105, 1242, 1091, 1038, 346, 812, 477, 717, 608, 819, 1617, 1914, 1027, 1510, 1389, 1883, 1399, 335, 1701, 4, 222, 299, 315, 981]",1.0,0.47395830507472303,0.9523941781057815,0.4187391996383667,0.3306039273738861,960,/Users/jonaswiendl/local/Repos/ml-surrogates-for-power-systems/hpo/results/marker_directed/stage1_policy_search/marker_directed_policy_search_20260302_112434/runs/cfg_00093_7731db139f/qbc/history.jsonl,,,64,2048,15,true,64,256,/Users/jonaswiendl/local/Repos/ml-surrogates-for-power-systems/hpo/results/marker_directed/stage1_policy_search/marker_directed_policy_search_20260302_112434/runs/cfg_00093_7731db139f/run_manifest.json,active.candidate_method=lhs;;active.log_every=5;;active.marker.greedy_score_weight=0.9;;active.marker.include_anchor_state_markers=true;;active.marker.k_density=20;;active.marker.pca_explained_variance=0.95;;active.marker.preselect_factor=5;;active.marker.settling_fraction=0.05;;active.marker.weights.diversity=0.4;;active.marker.weights.sparsity=0.4;;qbc_K=64;;qbc_P=2048;;qbc_T=15;;qbc_enable_logging=true;;qbc_n0=64;;qbc_n_test=256,,
marker_directed_sm4_v1,1,marker_directed,SM4,default,stageA_policy,broad_policy_search,/Users/jonaswiendl/local/Repos/ml-surrogates-for-power-systems/hpo/results/marker_directed/stage1_policy_search/marker_directed_policy_search_20260302_112434,cfg_00094_649b7fcc45,94,/Users/jonaswiendl/local/Repos/ml-surrogates-for-power-systems/hpo/results/marker_directed/stage1_policy_search/marker_directed_policy_search_20260302_112434/runs/cfg_00094_649b7fcc45,,s02,b1024,thesis_marker_hpo_stage1,completed,0,True,final_eval_rmse,minimize,0.007718910072918071,0.007718910072918071,5.958157271379605e-05,26.04472269397229,19.768541109981015,0.0008221720345318317,5.574551465921104,0.6721582990139723,0.0,0.023945727036334574,lhs,5,0.9,true,20,0.95,5,0.05,0.6,0.4,,0.6,4,0.4,1.0,0.3296113462373767,0.835125366071597,0.2708398103713989,0.5010405402131642,0.45390343811661304,0.9009272788541104,0.3494075834751129,320,14,"[786, 1516, 1880, 216, 1480, 894, 74, 1313, 191, 1553, 52, 270, 102, 1894, 551, 1761, 1298, 105, 785, 1768, 1167, 180, 1392, 1102, 599, 1500, 1771, 1617, 1522, 1355, 343, 382, 819, 1775, 1574, 1187, 446, 337, 279, 1919, 1248, 933, 1937, 4, 1365, 250, 442, 1767, 1091, 854, 558, 1250, 625, 1413, 104, 1959, 1249, 691, 1003, 1222, 1501, 901, 865, 541]",1.0,0.5010405402131642,0.9432802859392576,0.42897576093673706,0.33971935510635376,960,/Users/jonaswiendl/local/Repos/ml-surrogates-for-power-systems/hpo/results/marker_directed/stage1_policy_search/marker_directed_policy_search_20260302_112434/runs/cfg_00094_649b7fcc45/qbc/history.jsonl,,,64,2048,15,true,64,256,/Users/jonaswiendl/local/Repos/ml-surrogates-for-power-systems/hpo/results/marker_directed/stage1_policy_search/marker_directed_policy_search_20260302_112434/runs/cfg_00094_649b7fcc45/run_manifest.json,active.candidate_method=lhs;;active.log_every=5;;active.marker.greedy_score_weight=0.9;;active.marker.include_anchor_state_markers=true;;active.marker.k_density=20;;active.marker.pca_explained_variance=0.95;;active.marker.preselect_factor=5;;active.marker.settling_fraction=0.05;;active.marker.weights.diversity=0.6;;active.marker.weights.sparsity=0.4;;qbc_K=64;;qbc_P=2048;;qbc_T=15;;qbc_enable_logging=true;;qbc_n0=64;;qbc_n_test=256,,
marker_directed_sm4_v1,1,marker_directed,SM4,default,stageA_policy,broad_policy_search,/Users/jonaswiendl/local/Repos/ml-surrogates-for-power-systems/hpo/results/marker_directed/stage1_policy_search/marker_directed_policy_search_20260302_112434,cfg_00095_5edcf705ad,95,/Users/jonaswiendl/local/Repos/ml-surrogates-for-power-systems/hpo/results/marker_directed/stage1_policy_search/marker_directed_policy_search_20260302_112434/runs/cfg_00095_5edcf705ad,,s02,b1024,thesis_marker_hpo_stage1,completed,0,True,final_eval_rmse,minimize,0.008738197140513753,0.008738197140513753,7.635608926648274e-05,26.037714125937782,19.762322189984843,0.0008038190426304936,5.579023252939805,0.6664946340024471,0.0,0.02431609493214637,lhs,5,0.9,true,20,0.95,5,0.05,0.8,0.4,,0.6666666666666666,4,0.3333333333333333,1.0,0.33118524008474665,0.8401501953691134,0.24849987030029297,0.5033663851349158,0.4590367978678515,0.9028169604778024,0.33614078164100647,320,14,"[786, 1516, 1880, 1480, 894, 1779, 74, 52, 1313, 1091, 865, 352, 216, 1870, 1894, 1959, 112, 385, 1365, 505, 785, 560, 399, 1897, 1771, 2031, 1049, 1389, 1698, 1767, 1088, 368, 1815, 773, 1953, 105, 1298, 1896, 1500, 248, 1919, 162, 1482, 801, 88, 1418, 1187, 187, 104, 1969, 1883, 1717, 607, 1975, 597, 1417, 575, 335, 558, 1110, 957, 1248, 1097, 1138]",1.0,0.5033663851349158,0.9462228967093366,0.4134201407432556,0.3443813920021057,960,/Users/jonaswiendl/local/Repos/ml-surrogates-for-power-systems/hpo/results/marker_directed/stage1_policy_search/marker_directed_policy_search_20260302_112434/runs/cfg_00095_5edcf705ad/qbc/history.jsonl,,,64,2048,15,true,64,256,/Users/jonaswiendl/local/Repos/ml-surrogates-for-power-systems/hpo/results/marker_directed/stage1_policy_search/marker_directed_policy_search_20260302_112434/runs/cfg_00095_5edcf705ad/run_manifest.json,active.candidate_method=lhs;;active.log_every=5;;active.marker.greedy_score_weight=0.9;;active.marker.include_anchor_state_markers=true;;active.marker.k_density=20;;active.marker.pca_explained_variance=0.95;;active.marker.preselect_factor=5;;active.marker.settling_fraction=0.05;;active.marker.weights.diversity=0.8;;active.marker.weights.sparsity=0.4;;qbc_K=64;;qbc_P=2048;;qbc_T=15;;qbc_enable_logging=true;;qbc_n0=64;;qbc_n_test=256,,
marker_directed_sm4_v1,1,marker_directed,SM4,default,stageA_policy,broad_policy_search,/Users/jonaswiendl/local/Repos/ml-surrogates-for-power-systems/hpo/results/marker_directed/stage1_policy_search/marker_directed_policy_search_20260302_112434,cfg_00096_bf91838d09,96,/Users/jonaswiendl/local/Repos/ml-surrogates-for-power-systems/hpo/results/marker_directed/stage1_policy_search/marker_directed_policy_search_20260302_112434/runs/cfg_00096_bf91838d09,,s03,b1024,thesis_marker_hpo_stage1,completed,0,True,final_eval_rmse,minimize,0.006542837485021541,0.006542837485021541,4.2808722355403006e-05,25.798645657021552,19.592983995913528,0.0008268629899248481,5.5953278839588165,0.5829103209543973,0.0,0.022070477018132806,lhs,5,0.7,true,10,0.9,3,0.05,0.4,0.4,,0.5,4,0.5,0.9136574268341064,0.330001713997642,0.6736530797443967,0.328006386756897,0.4854825739706344,0.4563078327900091,0.725849230285206,0.44184112548828125,192,14,"[956, 1854, 1235, 731, 1402, 654, 1995, 1872, 573, 185, 347, 811, 516, 1558, 300, 1129, 73, 950, 539, 1498, 1742, 1375, 447, 1146, 390, 435, 944, 372, 2031, 1000, 108, 1325, 1069, 1695, 1347, 916, 173, 889, 1882, 1705, 364, 781, 1445, 345, 611, 1809, 1753, 1513, 953, 673, 746, 464, 154, 1073, 1495, 1853, 1259, 134, 1667, 111, 1195, 404, 403, 139]",0.9136574268341064,0.4854825739706344,0.7672467257662133,0.5340943336486816,0.4460400342941284,960,/Users/jonaswiendl/local/Repos/ml-surrogates-for-power-systems/hpo/results/marker_directed/stage1_policy_search/marker_directed_policy_search_20260302_112434/runs/cfg_00096_bf91838d09/qbc/history.jsonl,,,64,2048,15,true,64,256,/Users/jonaswiendl/local/Repos/ml-surrogates-for-power-systems/hpo/results/marker_directed/stage1_policy_search/marker_directed_policy_search_20260302_112434/runs/cfg_00096_bf91838d09/run_manifest.json,active.candidate_method=lhs;;active.log_every=5;;active.marker.greedy_score_weight=0.7;;active.marker.include_anchor_state_markers=true;;active.marker.k_density=10;;active.marker.pca_explained_variance=0.9;;active.marker.preselect_factor=3;;active.marker.settling_fraction=0.05;;active.marker.weights.diversity=0.4;;active.marker.weights.sparsity=0.4;;qbc_K=64;;qbc_P=2048;;qbc_T=15;;qbc_enable_logging=true;;qbc_n0=64;;qbc_n_test=256,,
marker_directed_sm4_v1,1,marker_directed,SM4,default,stageA_policy,broad_policy_search,/Users/jonaswiendl/local/Repos/ml-surrogates-for-power-systems/hpo/results/marker_directed/stage1_policy_search/marker_directed_policy_search_20260302_112434,cfg_00097_f17e83d0fc,97,/Users/jonaswiendl/local/Repos/ml-surrogates-for-power-systems/hpo/results/marker_directed/stage1_policy_search/marker_directed_policy_search_20260302_112434/runs/cfg_00097_f17e83d0fc,,s03,b1024,thesis_marker_hpo_stage1,completed,0,True,final_eval_rmse,minimize,0.007047159954562759,0.007047159954562759,4.966246342519298e-05,25.708357873023488,19.5472077219747,0.0007964959368109703,5.546447910950519,0.5849414590047672,0.0,0.02431808109395206,lhs,5,0.7,true,10,0.9,3,0.05,0.6,0.4,,0.6,4,0.4,0.8833296895027161,0.33172833028041093,0.6717704144063279,0.3430507183074951,0.4982075601156387,0.45571389550894553,0.7323946421691233,0.46892300248146057,192,14,"[956, 1854, 171, 372, 1513, 1402, 654, 1396, 1872, 960, 516, 919, 932, 731, 435, 524, 1837, 73, 32, 1163, 781, 792, 595, 1869, 1045, 1972, 210, 1560, 1194, 988, 969, 461, 1326, 1133, 1628, 327, 1387, 1347, 1705, 1899, 990, 1086, 145, 1103, 300, 749, 108, 924, 1278, 907, 889, 1997, 1475, 125, 1071, 1853, 849, 1259, 225, 1073, 1255, 1463, 1983, 134]",0.8833296895027161,0.4982075601156387,0.7643883828099436,0.5556075572967529,0.4725024402141571,960,/Users/jonaswiendl/local/Repos/ml-surrogates-for-power-systems/hpo/results/marker_directed/stage1_policy_search/marker_directed_policy_search_20260302_112434/runs/cfg_00097_f17e83d0fc/qbc/history.jsonl,,,64,2048,15,true,64,256,/Users/jonaswiendl/local/Repos/ml-surrogates-for-power-systems/hpo/results/marker_directed/stage1_policy_search/marker_directed_policy_search_20260302_112434/runs/cfg_00097_f17e83d0fc/run_manifest.json,active.candidate_method=lhs;;active.log_every=5;;active.marker.greedy_score_weight=0.7;;active.marker.include_anchor_state_markers=true;;active.marker.k_density=10;;active.marker.pca_explained_variance=0.9;;active.marker.preselect_factor=3;;active.marker.settling_fraction=0.05;;active.marker.weights.diversity=0.6;;active.marker.weights.sparsity=0.4;;qbc_K=64;;qbc_P=2048;;qbc_T=15;;qbc_enable_logging=true;;qbc_n0=64;;qbc_n_test=256,,
marker_directed_sm4_v1,1,marker_directed,SM4,default,stageA_policy,broad_policy_search,/Users/jonaswiendl/local/Repos/ml-surrogates-for-power-systems/hpo/results/marker_directed/stage1_policy_search/marker_directed_policy_search_20260302_112434,cfg_00098_8c3ac4066b,98,/Users/jonaswiendl/local/Repos/ml-surrogates-for-power-systems/hpo/results/marker_directed/stage1_policy_search/marker_directed_policy_search_20260302_112434/runs/cfg_00098_8c3ac4066b,,s03,b1024,thesis_marker_hpo_stage1,completed,0,True,final_eval_rmse,minimize,0.007136488602968299,0.007136488602968299,5.092946958029643e-05,25.9946426859824,19.83618097694125,0.0008338390616700053,5.546996205928735,0.5817668630043045,0.0,0.024298536009155214,lhs,5,0.7,true,10,0.9,3,0.05,0.8,0.4,,0.6666666666666666,4,0.3333333333333333,0.8512670993804932,0.3321613207236357,0.6695328720681721,0.34649839997291565,0.5197488791134893,0.45313977057798144,0.7280919670901352,0.46976450085639954,192,14,"[956, 1854, 1194, 1513, 781, 413, 731, 1872, 516, 443, 1259, 1853, 762, 915, 1671, 442, 798, 327, 1393, 1617, 1163, 1714, 1584, 372, 1580, 760, 1881, 792, 1563, 1910, 732, 574, 1103, 1641, 1837, 549, 1216, 414, 1912, 1402, 1073, 1935, 1217, 914, 173, 100, 1255, 738, 861, 133, 1560, 988, 608, 1261, 1501, 1681, 1705, 331, 101, 1768, 1235, 603, 953, 907]",0.8512670993804932,0.5197488791134893,0.7602368189667708,0.5724198818206787,0.4746771454811096,960,/Users/jonaswiendl/local/Repos/ml-surrogates-for-power-systems/hpo/results/marker_directed/stage1_policy_search/marker_directed_policy_search_20260302_112434/runs/cfg_00098_8c3ac4066b/qbc/history.jsonl,,,64,2048,15,true,64,256,/Users/jonaswiendl/local/Repos/ml-surrogates-for-power-systems/hpo/results/marker_directed/stage1_policy_search/marker_directed_policy_search_20260302_112434/runs/cfg_00098_8c3ac4066b/run_manifest.json,active.candidate_method=lhs;;active.log_every=5;;active.marker.greedy_score_weight=0.7;;active.marker.include_anchor_state_markers=true;;active.marker.k_density=10;;active.marker.pca_explained_variance=0.9;;active.marker.preselect_factor=3;;active.marker.settling_fraction=0.05;;active.marker.weights.diversity=0.8;;active.marker.weights.sparsity=0.4;;qbc_K=64;;qbc_P=2048;;qbc_T=15;;qbc_enable_logging=true;;qbc_n0=64;;qbc_n_test=256,,
marker_directed_sm4_v1,1,marker_directed,SM4,default,stageA_policy,broad_policy_search,/Users/jonaswiendl/local/Repos/ml-surrogates-for-power-systems/hpo/results/marker_directed/stage1_policy_search/marker_directed_policy_search_20260302_112434,cfg_00099_6e66a76f46,99,/Users/jonaswiendl/local/Repos/ml-surrogates-for-power-systems/hpo/results/marker_directed/stage1_policy_search/marker_directed_policy_search_20260302_112434/runs/cfg_00099_6e66a76f46,,s03,b1024,thesis_marker_hpo_stage1,completed,0,True,final_eval_rmse,minimize,0.007050940865634492,0.007050940865634492,4.971576709067449e-05,25.923913910984993,19.750336590921506,0.0007949200225993991,5.565367199014872,0.5770750408992171,0.0,0.025808861944824457,lhs,5,0.9,true,10,0.9,3,0.05,0.4,0.4,,0.5,3,0.5,0.8104387521743774,0.23838604457444812,0.511781589313232,0.3963490426540375,0.3575856564184414,0.33067311175970476,0.5469495388796428,0.5306356549263,192,14,"[73, 5, 1935, 723, 915, 1995, 57, 122, 1334, 76, 1186, 289, 1870, 2009, 990, 1947, 1698, 1929, 1917, 287, 1684, 1110, 861, 692, 596, 144, 1513, 1297, 1930, 1109, 603, 440, 1467, 481, 1235, 1163, 912, 1738, 1964, 1273, 380, 1376, 47, 1822, 1177, 1307, 2015, 210, 1350, 1156, 262, 1726, 1220, 1671, 1045, 442, 435, 1040, 82, 1691, 1881, 1953, 1192, 626]",0.8104387521743774,0.3575856564184414,0.5709043697639612,0.6293534636497498,0.5380662083625793,960,/Users/jonaswiendl/local/Repos/ml-surrogates-for-power-systems/hpo/results/marker_directed/stage1_policy_search/marker_directed_policy_search_20260302_112434/runs/cfg_00099_6e66a76f46/qbc/history.jsonl,,,64,2048,15,true,64,256,/Users/jonaswiendl/local/Repos/ml-surrogates-for-power-systems/hpo/results/marker_directed/stage1_policy_search/marker_directed_policy_search_20260302_112434/runs/cfg_00099_6e66a76f46/run_manifest.json,active.candidate_method=lhs;;active.log_every=5;;active.marker.greedy_score_weight=0.9;;active.marker.include_anchor_state_markers=true;;active.marker.k_density=10;;active.marker.pca_explained_variance=0.9;;active.marker.preselect_factor=3;;active.marker.settling_fraction=0.05;;active.marker.weights.diversity=0.4;;active.marker.weights.sparsity=0.4;;qbc_K=64;;qbc_P=2048;;qbc_T=15;;qbc_enable_logging=true;;qbc_n0=64;;qbc_n_test=256,,
marker_directed_sm4_v1,1,marker_directed,SM4,default,stageA_policy,broad_policy_search,/Users/jonaswiendl/local/Repos/ml-surrogates-for-power-systems/hpo/results/marker_directed/stage1_policy_search/marker_directed_policy_search_20260302_112434,cfg_00100_40b53b2021,100,/Users/jonaswiendl/local/Repos/ml-surrogates-for-power-systems/hpo/results/marker_directed/stage1_policy_search/marker_directed_policy_search_20260302_112434/runs/cfg_00100_40b53b2021,,s03,b1024,thesis_marker_hpo_stage1,completed,0,True,final_eval_rmse,minimize,0.008255278552837367,0.008255278552837367,6.814962398493662e-05,25.693395721027628,19.51804937107954,0.0008912100456655025,5.5650388420326635,0.5806993059813976,0.0,0.024091111961752176,lhs,5,0.9,true,10,0.9,3,0.05,0.6,0.4,,0.6,4,0.4,0.8361958265304565,0.3315127797772066,0.6742406191649184,0.36707404255867004,0.51421559383119,0.45875517631768215,0.7297359681700539,0.48177775740623474,192,14,"[956, 1854, 1983, 2007, 1872, 1513, 1853, 600, 1841, 1461, 1393, 1563, 611, 154, 648, 1394, 1947, 821, 1310, 731, 781, 1068, 1259, 1089, 1641, 2009, 1859, 134, 73, 1235, 1216, 1954, 1751, 1684, 1449, 1695, 38, 1073, 1495, 295, 1194, 891, 1882, 112, 1402, 333, 920, 1103, 179, 300, 1863, 773, 1181, 47, 654, 371, 1013, 362, 468, 1419, 1924, 1507, 1281, 792]",0.8361958265304565,0.51421559383119,0.7598111654188786,0.573870837688446,0.4864972233772278,960,/Users/jonaswiendl/local/Repos/ml-surrogates-for-power-systems/hpo/results/marker_directed/stage1_policy_search/marker_directed_policy_search_20260302_112434/runs/cfg_00100_40b53b2021/qbc/history.jsonl,,,64,2048,15,true,64,256,/Users/jonaswiendl/local/Repos/ml-surrogates-for-power-systems/hpo/results/marker_directed/stage1_policy_search/marker_directed_policy_search_20260302_112434/runs/cfg_00100_40b53b2021/run_manifest.json,active.candidate_method=lhs;;active.log_every=5;;active.marker.greedy_score_weight=0.9;;active.marker.include_anchor_state_markers=true;;active.marker.k_density=10;;active.marker.pca_explained_variance=0.9;;active.marker.preselect_factor=3;;active.marker.settling_fraction=0.05;;active.marker.weights.diversity=0.6;;active.marker.weights.sparsity=0.4;;qbc_K=64;;qbc_P=2048;;qbc_T=15;;qbc_enable_logging=true;;qbc_n0=64;;qbc_n_test=256,,
marker_directed_sm4_v1,1,marker_directed,SM4,default,stageA_policy,broad_policy_search,/Users/jonaswiendl/local/Repos/ml-surrogates-for-power-systems/hpo/results/marker_directed/stage1_policy_search/marker_directed_policy_search_20260302_112434,cfg_00101_2c2cc5990b,101,/Users/jonaswiendl/local/Repos/ml-surrogates-for-power-systems/hpo/results/marker_directed/stage1_policy_search/marker_directed_policy_search_20260302_112434/runs/cfg_00101_2c2cc5990b,,s03,b1024,thesis_marker_hpo_stage1,completed,0,True,final_eval_rmse,minimize,0.00670023096892701,0.00670023096892701,4.489309503696859e-05,25.78205696796067,19.59469144709874,0.000797219923697412,5.577690592966974,0.5790199449984357,0.0,0.02528494398575276,lhs,5,0.9,true,10,0.9,3,0.05,0.8,0.4,,0.6666666666666666,4,0.3333333333333333,0.8545764684677124,0.33408895204045486,0.6737710641881254,0.37993255257606506,0.5193604414116675,0.4530975685497903,0.7298755838790338,0.5005471706390381,192,14,"[956, 1854, 955, 1872, 1513, 811, 781, 347, 1882, 134, 731, 1310, 1393, 1068, 185, 611, 1912, 762, 1983, 47, 760, 101, 1617, 1534, 2009, 821, 260, 1235, 372, 1089, 195, 352, 59, 39, 723, 1954, 154, 1282, 1394, 1449, 1498, 210, 1402, 1989, 43, 1885, 1261, 993, 1093, 1295, 792, 839, 362, 215, 908, 847, 654, 501, 54, 881, 640, 648, 1414, 1246]",0.8545764684677124,0.5193604414116675,0.7556733635036612,0.5972215533256531,0.5154979228973389,960,/Users/jonaswiendl/local/Repos/ml-surrogates-for-power-systems/hpo/results/marker_directed/stage1_policy_search/marker_directed_policy_search_20260302_112434/runs/cfg_00101_2c2cc5990b/qbc/history.jsonl,,,64,2048,15,true,64,256,/Users/jonaswiendl/local/Repos/ml-surrogates-for-power-systems/hpo/results/marker_directed/stage1_policy_search/marker_directed_policy_search_20260302_112434/runs/cfg_00101_2c2cc5990b/run_manifest.json,active.candidate_method=lhs;;active.log_every=5;;active.marker.greedy_score_weight=0.9;;active.marker.include_anchor_state_markers=true;;active.marker.k_density=10;;active.marker.pca_explained_variance=0.9;;active.marker.preselect_factor=3;;active.marker.settling_fraction=0.05;;active.marker.weights.diversity=0.8;;active.marker.weights.sparsity=0.4;;qbc_K=64;;qbc_P=2048;;qbc_T=15;;qbc_enable_logging=true;;qbc_n0=64;;qbc_n_test=256,,
marker_directed_sm4_v1,1,marker_directed,SM4,default,stageA_policy,broad_policy_search,/Users/jonaswiendl/local/Repos/ml-surrogates-for-power-systems/hpo/results/marker_directed/stage1_policy_search/marker_directed_policy_search_20260302_112434,cfg_00102_b873966a7d,102,/Users/jonaswiendl/local/Repos/ml-surrogates-for-power-systems/hpo/results/marker_directed/stage1_policy_search/marker_directed_policy_search_20260302_112434/runs/cfg_00102_b873966a7d,,s03,b1024,thesis_marker_hpo_stage1,completed,0,True,final_eval_rmse,minimize,0.007426089400779869,0.007426089400779869,5.514680378837511e-05,25.811449115048163,19.57145693898201,0.0008350590942427516,5.543124528019689,0.6683947930578142,0.0,0.022903129924088717,lhs,5,0.7,true,10,0.9,5,0.05,0.4,0.4,,0.5,4,0.5,0.8799141645431519,0.3330222258488795,0.6699010575560458,0.3035128116607666,0.47769522927859953,0.4667040266600288,0.7196156258653602,0.41546866297721863,320,14,"[1872, 956, 802, 994, 380, 82, 1334, 723, 1259, 484, 1179, 1402, 2017, 435, 1983, 1299, 1854, 988, 1505, 1314, 73, 1513, 1069, 327, 611, 1869, 1194, 1580, 539, 1684, 1146, 1227, 1982, 549, 771, 811, 1999, 1073, 498, 58, 1563, 189, 384, 654, 1881, 521, 93, 889, 1491, 596, 1235, 1000, 105, 1954, 1121, 1761, 1217, 1705, 372, 476, 1963, 154, 1325, 1560]",0.8799141645431519,0.47769522927859953,0.766928351909059,0.49209684133529663,0.39047446846961975,960,/Users/jonaswiendl/local/Repos/ml-surrogates-for-power-systems/hpo/results/marker_directed/stage1_policy_search/marker_directed_policy_search_20260302_112434/runs/cfg_00102_b873966a7d/qbc/history.jsonl,,,64,2048,15,true,64,256,/Users/jonaswiendl/local/Repos/ml-surrogates-for-power-systems/hpo/results/marker_directed/stage1_policy_search/marker_directed_policy_search_20260302_112434/runs/cfg_00102_b873966a7d/run_manifest.json,active.candidate_method=lhs;;active.log_every=5;;active.marker.greedy_score_weight=0.7;;active.marker.include_anchor_state_markers=true;;active.marker.k_density=10;;active.marker.pca_explained_variance=0.9;;active.marker.preselect_factor=5;;active.marker.settling_fraction=0.05;;active.marker.weights.diversity=0.4;;active.marker.weights.sparsity=0.4;;qbc_K=64;;qbc_P=2048;;qbc_T=15;;qbc_enable_logging=true;;qbc_n0=64;;qbc_n_test=256,,
marker_directed_sm4_v1,1,marker_directed,SM4,default,stageA_policy,broad_policy_search,/Users/jonaswiendl/local/Repos/ml-surrogates-for-power-systems/hpo/results/marker_directed/stage1_policy_search/marker_directed_policy_search_20260302_112434,cfg_00103_183f4cdeaa,103,/Users/jonaswiendl/local/Repos/ml-surrogates-for-power-systems/hpo/results/marker_directed/stage1_policy_search/marker_directed_policy_search_20260302_112434/runs/cfg_00103_183f4cdeaa,,s03,b1024,thesis_marker_hpo_stage1,completed,0,True,final_eval_rmse,minimize,0.00758867507746512,0.00758867507746512,5.758798943134025e-05,26.053780921036378,19.586384180001915,0.0008108899928629398,5.759501109016128,0.6796599020017311,0.0,0.022796739009208977,lhs,5,0.7,true,10,0.9,5,0.05,0.6,0.4,,0.6,4,0.4,0.8556951284408569,0.3313198965469841,0.6703094779480865,0.33638301491737366,0.5085096224984516,0.4644923011245651,0.7325372327213557,0.4651910364627838,320,14,"[956, 1854, 932, 811, 1402, 369, 654, 1995, 1872, 273, 988, 347, 1120, 731, 1194, 915, 1491, 1930, 762, 1513, 1297, 279, 136, 1912, 189, 1438, 1317, 1000, 173, 58, 798, 1476, 781, 443, 73, 1133, 667, 1066, 493, 1983, 1750, 133, 1495, 287, 180, 752, 978, 1999, 1885, 1863, 1583, 1563, 1177, 910, 1507, 413, 929, 154, 1887, 953, 1512, 488, 5, 889]",0.8556951284408569,0.5085096224984516,0.7681276740413068,0.5485641956329346,0.4343908131122589,960,/Users/jonaswiendl/local/Repos/ml-surrogates-for-power-systems/hpo/results/marker_directed/stage1_policy_search/marker_directed_policy_search_20260302_112434/runs/cfg_00103_183f4cdeaa/qbc/history.jsonl,,,64,2048,15,true,64,256,/Users/jonaswiendl/local/Repos/ml-surrogates-for-power-systems/hpo/results/marker_directed/stage1_policy_search/marker_directed_policy_search_20260302_112434/runs/cfg_00103_183f4cdeaa/run_manifest.json,active.candidate_method=lhs;;active.log_every=5;;active.marker.greedy_score_weight=0.7;;active.marker.include_anchor_state_markers=true;;active.marker.k_density=10;;active.marker.pca_explained_variance=0.9;;active.marker.preselect_factor=5;;active.marker.settling_fraction=0.05;;active.marker.weights.diversity=0.6;;active.marker.weights.sparsity=0.4;;qbc_K=64;;qbc_P=2048;;qbc_T=15;;qbc_enable_logging=true;;qbc_n0=64;;qbc_n_test=256,,
marker_directed_sm4_v1,1,marker_directed,SM4,default,stageA_policy,broad_policy_search,/Users/jonaswiendl/local/Repos/ml-surrogates-for-power-systems/hpo/results/marker_directed/stage1_policy_search/marker_directed_policy_search_20260302_112434,cfg_00104_47715fbed1,104,/Users/jonaswiendl/local/Repos/ml-surrogates-for-power-systems/hpo/results/marker_directed/stage1_policy_search/marker_directed_policy_search_20260302_112434/runs/cfg_00104_47715fbed1,,s03,b1024,thesis_marker_hpo_stage1,completed,0,True,final_eval_rmse,minimize,0.008221125756185298,0.008221125756185298,6.758690869901329e-05,26.097610086901113,19.750814108992927,0.000810160068795085,5.6488852080656216,0.6685638149501756,0.0,0.02398239099420607,lhs,5,0.7,true,10,0.9,5,0.05,0.8,0.4,,0.6666666666666666,4,0.3333333333333333,0.8670084476470947,0.32973642408645737,0.6673363751555063,0.3573569059371948,0.5098250067525003,0.45809514471531826,0.7259633884420418,0.4854290783405304,320,14,"[956, 1854, 1235, 731, 1402, 1719, 1513, 654, 1872, 762, 386, 1328, 1584, 435, 73, 152, 1709, 212, 1163, 1688, 781, 602, 1251, 448, 327, 173, 0, 811, 1742, 1636, 1066, 1899, 108, 1628, 1904, 1103, 1863, 1463, 311, 851, 1999, 1282, 188, 1073, 611, 1983, 201, 953, 839, 786, 1947, 916, 1453, 1297, 1935, 380, 1259, 384, 1086, 1972, 549, 433, 1994, 690]",0.8670084476470947,0.5098250067525003,0.7542064256721215,0.5705310106277466,0.46140533685684204,960,/Users/jonaswiendl/local/Repos/ml-surrogates-for-power-systems/hpo/results/marker_directed/stage1_policy_search/marker_directed_policy_search_20260302_112434/runs/cfg_00104_47715fbed1/qbc/history.jsonl,,,64,2048,15,true,64,256,/Users/jonaswiendl/local/Repos/ml-surrogates-for-power-systems/hpo/results/marker_directed/stage1_policy_search/marker_directed_policy_search_20260302_112434/runs/cfg_00104_47715fbed1/run_manifest.json,active.candidate_method=lhs;;active.log_every=5;;active.marker.greedy_score_weight=0.7;;active.marker.include_anchor_state_markers=true;;active.marker.k_density=10;;active.marker.pca_explained_variance=0.9;;active.marker.preselect_factor=5;;active.marker.settling_fraction=0.05;;active.marker.weights.diversity=0.8;;active.marker.weights.sparsity=0.4;;qbc_K=64;;qbc_P=2048;;qbc_T=15;;qbc_enable_logging=true;;qbc_n0=64;;qbc_n_test=256,,
marker_directed_sm4_v1,1,marker_directed,SM4,default,stageA_policy,broad_policy_search,/Users/jonaswiendl/local/Repos/ml-surrogates-for-power-systems/hpo/results/marker_directed/stage1_policy_search/marker_directed_policy_search_20260302_112434,cfg_00105_71804d977f,105,/Users/jonaswiendl/local/Repos/ml-surrogates-for-power-systems/hpo/results/marker_directed/stage1_policy_search/marker_directed_policy_search_20260302_112434/runs/cfg_00105_71804d977f,,s03,b1024,thesis_marker_hpo_stage1,completed,0,True,final_eval_rmse,minimize,0.007379486505837875,0.007379486505837875,5.445682108984329e-05,25.683493407908827,19.397101095994003,0.0008067269809544086,5.583769007003866,0.6712424940196797,0.0,0.025685861008241773,lhs,5,0.9,true,10,0.9,5,0.05,0.4,0.4,,0.5,4,0.5,0.8843091130256653,0.3325293033139846,0.6738392191359288,0.3833131194114685,0.49133551245980517,0.4561255794195812,0.7271492386535172,0.49217134714126587,320,14,"[1872, 956, 811, 346, 1854, 1853, 73, 1133, 484, 1558, 611, 1103, 1995, 1073, 435, 723, 950, 1489, 1617, 539, 371, 260, 1259, 765, 391, 1719, 731, 179, 1758, 792, 1926, 1954, 134, 1935, 889, 1513, 995, 1235, 961, 412, 842, 1947, 362, 543, 46, 1705, 2016, 1302, 327, 432, 2043, 1227, 493, 1402, 857, 762, 347, 456, 794, 116, 861, 988, 1278, 881]",0.8843091130256653,0.49133551245980517,0.7658289101619883,0.5753076076507568,0.4738302230834961,960,/Users/jonaswiendl/local/Repos/ml-surrogates-for-power-systems/hpo/results/marker_directed/stage1_policy_search/marker_directed_policy_search_20260302_112434/runs/cfg_00105_71804d977f/qbc/history.jsonl,,,64,2048,15,true,64,256,/Users/jonaswiendl/local/Repos/ml-surrogates-for-power-systems/hpo/results/marker_directed/stage1_policy_search/marker_directed_policy_search_20260302_112434/runs/cfg_00105_71804d977f/run_manifest.json,active.candidate_method=lhs;;active.log_every=5;;active.marker.greedy_score_weight=0.9;;active.marker.include_anchor_state_markers=true;;active.marker.k_density=10;;active.marker.pca_explained_variance=0.9;;active.marker.preselect_factor=5;;active.marker.settling_fraction=0.05;;active.marker.weights.diversity=0.4;;active.marker.weights.sparsity=0.4;;qbc_K=64;;qbc_P=2048;;qbc_T=15;;qbc_enable_logging=true;;qbc_n0=64;;qbc_n_test=256,,
marker_directed_sm4_v1,1,marker_directed,SM4,default,stageA_policy,broad_policy_search,/Users/jonaswiendl/local/Repos/ml-surrogates-for-power-systems/hpo/results/marker_directed/stage1_policy_search/marker_directed_policy_search_20260302_112434,cfg_00106_5f1358d386,106,/Users/jonaswiendl/local/Repos/ml-surrogates-for-power-systems/hpo/results/marker_directed/stage1_policy_search/marker_directed_policy_search_20260302_112434/runs/cfg_00106_5f1358d386,,s03,b1024,thesis_marker_hpo_stage1,completed,0,True,final_eval_rmse,minimize,0.0074833607654651284,0.0074833607654651284,5.6000688346102834e-05,25.951480219955556,19.607294129091315,0.0007934939349070191,5.646455963025801,0.6665976599324495,0.0,0.02573299000505358,lhs,5,0.9,true,10,0.9,5,0.05,0.6,0.4,,0.6,4,0.4,0.8494747281074524,0.33038444485421176,0.672739094175266,0.36889326572418213,0.5157710681949168,0.4590860687766709,0.7254780684651538,0.4894111156463623,320,14,"[956, 1854, 1983, 346, 1872, 1402, 1952, 1133, 920, 611, 1248, 602, 1954, 1995, 919, 1310, 1563, 1560, 658, 1768, 760, 1045, 1660, 260, 1399, 1912, 1280, 1534, 1419, 2043, 1513, 1235, 1449, 1334, 31, 1963, 372, 107, 333, 792, 1881, 756, 1302, 1505, 762, 916, 781, 2031, 1483, 362, 295, 1882, 1356, 1194, 1714, 1138, 566, 1066, 654, 908, 73, 1185, 1584, 1537]",0.8494747281074524,0.5157710681949168,0.746396719750885,0.5721573829650879,0.46454083919525146,960,/Users/jonaswiendl/local/Repos/ml-surrogates-for-power-systems/hpo/results/marker_directed/stage1_policy_search/marker_directed_policy_search_20260302_112434/runs/cfg_00106_5f1358d386/qbc/history.jsonl,,,64,2048,15,true,64,256,/Users/jonaswiendl/local/Repos/ml-surrogates-for-power-systems/hpo/results/marker_directed/stage1_policy_search/marker_directed_policy_search_20260302_112434/runs/cfg_00106_5f1358d386/run_manifest.json,active.candidate_method=lhs;;active.log_every=5;;active.marker.greedy_score_weight=0.9;;active.marker.include_anchor_state_markers=true;;active.marker.k_density=10;;active.marker.pca_explained_variance=0.9;;active.marker.preselect_factor=5;;active.marker.settling_fraction=0.05;;active.marker.weights.diversity=0.6;;active.marker.weights.sparsity=0.4;;qbc_K=64;;qbc_P=2048;;qbc_T=15;;qbc_enable_logging=true;;qbc_n0=64;;qbc_n_test=256,,
marker_directed_sm4_v1,1,marker_directed,SM4,default,stageA_policy,broad_policy_search,/Users/jonaswiendl/local/Repos/ml-surrogates-for-power-systems/hpo/results/marker_directed/stage1_policy_search/marker_directed_policy_search_20260302_112434,cfg_00107_2c9e160322,107,/Users/jonaswiendl/local/Repos/ml-surrogates-for-power-systems/hpo/results/marker_directed/stage1_policy_search/marker_directed_policy_search_20260302_112434/runs/cfg_00107_2c9e160322,,s03,b1024,thesis_marker_hpo_stage1,completed,0,True,final_eval_rmse,minimize,0.007911990664580796,0.007911990664580796,6.259959627641365e-05,25.809987778076902,19.541790072922595,0.0007963360985741019,5.575521758990362,0.6632132079685107,0.0,0.024091058992780745,lhs,5,0.9,true,10,0.9,5,0.05,0.8,0.4,,0.6666666666666666,4,0.3333333333333333,0.8734196424484253,0.3369818638465704,0.6762537821259602,0.37909963726997375,0.5275578308533014,0.46263358882319705,0.7328502700537596,0.5070735216140747,320,14,"[956, 1854, 955, 994, 154, 1872, 1513, 1853, 989, 611, 1806, 1068, 279, 1195, 942, 1204, 1317, 723, 1636, 1282, 792, 1983, 1768, 1660, 920, 2007, 1584, 696, 1259, 134, 1048, 1534, 386, 1129, 1401, 191, 711, 1103, 598, 806, 1563, 1235, 839, 487, 448, 1479, 644, 1315, 1675, 1968, 732, 380, 35, 1863, 1402, 1066, 1954, 1483, 654, 2043, 346, 362, 960, 488]",0.8734196424484253,0.5275578308533014,0.751367602445676,0.5965595245361328,0.5126611590385437,960,/Users/jonaswiendl/local/Repos/ml-surrogates-for-power-systems/hpo/results/marker_directed/stage1_policy_search/marker_directed_policy_search_20260302_112434/runs/cfg_00107_2c9e160322/qbc/history.jsonl,,,64,2048,15,true,64,256,/Users/jonaswiendl/local/Repos/ml-surrogates-for-power-systems/hpo/results/marker_directed/stage1_policy_search/marker_directed_policy_search_20260302_112434/runs/cfg_00107_2c9e160322/run_manifest.json,active.candidate_method=lhs;;active.log_every=5;;active.marker.greedy_score_weight=0.9;;active.marker.include_anchor_state_markers=true;;active.marker.k_density=10;;active.marker.pca_explained_variance=0.9;;active.marker.preselect_factor=5;;active.marker.settling_fraction=0.05;;active.marker.weights.diversity=0.8;;active.marker.weights.sparsity=0.4;;qbc_K=64;;qbc_P=2048;;qbc_T=15;;qbc_enable_logging=true;;qbc_n0=64;;qbc_n_test=256,,
marker_directed_sm4_v1,1,marker_directed,SM4,default,stageA_policy,broad_policy_search,/Users/jonaswiendl/local/Repos/ml-surrogates-for-power-systems/hpo/results/marker_directed/stage1_policy_search/marker_directed_policy_search_20260302_112434,cfg_00108_214873f958,108,/Users/jonaswiendl/local/Repos/ml-surrogates-for-power-systems/hpo/results/marker_directed/stage1_policy_search/marker_directed_policy_search_20260302_112434/runs/cfg_00108_214873f958,,s03,b1024,thesis_marker_hpo_stage1,completed,0,True,final_eval_rmse,minimize,0.010560065634344093,0.010560065634344093,0.00011151498620165512,26.1054539460456,19.926099334959872,0.000790950027294457,5.566655135946348,0.581781507935375,0.0,0.02562163001857698,lhs,5,0.7,true,20,0.9,3,0.05,0.4,0.4,,0.5,4,0.5,0.8061879277229309,0.3297963500006261,0.8405094692893916,0.3027613162994385,0.47176313987988117,0.4625617196551594,0.8971608827795657,0.4103345572948456,192,14,"[1854, 481, 988, 475, 731, 1853, 944, 1719, 185, 1872, 1768, 654, 108, 1995, 889, 90, 679, 798, 327, 435, 1734, 152, 1513, 1302, 160, 331, 173, 1839, 956, 955, 58, 1498, 179, 1875, 1930, 933, 1912, 1181, 1284, 811, 1753, 347, 896, 339, 73, 769, 1096, 1855, 116, 1025, 1851, 573, 1705, 1069, 1146, 1961, 1584, 1496, 321, 1395, 543, 1852, 1000, 669]",0.8061879277229309,0.47176313987988117,0.9348567882829036,0.48569032549858093,0.4132399559020996,960,/Users/jonaswiendl/local/Repos/ml-surrogates-for-power-systems/hpo/results/marker_directed/stage1_policy_search/marker_directed_policy_search_20260302_112434/runs/cfg_00108_214873f958/qbc/history.jsonl,,,64,2048,15,true,64,256,/Users/jonaswiendl/local/Repos/ml-surrogates-for-power-systems/hpo/results/marker_directed/stage1_policy_search/marker_directed_policy_search_20260302_112434/runs/cfg_00108_214873f958/run_manifest.json,active.candidate_method=lhs;;active.log_every=5;;active.marker.greedy_score_weight=0.7;;active.marker.include_anchor_state_markers=true;;active.marker.k_density=20;;active.marker.pca_explained_variance=0.9;;active.marker.preselect_factor=3;;active.marker.settling_fraction=0.05;;active.marker.weights.diversity=0.4;;active.marker.weights.sparsity=0.4;;qbc_K=64;;qbc_P=2048;;qbc_T=15;;qbc_enable_logging=true;;qbc_n0=64;;qbc_n_test=256,,
marker_directed_sm4_v1,1,marker_directed,SM4,default,stageA_policy,broad_policy_search,/Users/jonaswiendl/local/Repos/ml-surrogates-for-power-systems/hpo/results/marker_directed/stage1_policy_search/marker_directed_policy_search_20260302_112434,cfg_00109_181da3a3ff,109,/Users/jonaswiendl/local/Repos/ml-surrogates-for-power-systems/hpo/results/marker_directed/stage1_policy_search/marker_directed_policy_search_20260302_112434/runs/cfg_00109_181da3a3ff,,s03,b1024,thesis_marker_hpo_stage1,completed,0,True,final_eval_rmse,minimize,0.007627651969272404,0.007627651969272404,5.818107456434518e-05,25.67520959104877,19.484576234943233,0.000828913995064795,5.579549317015335,0.5843285989249125,0.0,0.02128885593265295,lhs,5,0.7,true,20,0.9,3,0.05,0.6,0.4,,0.6,4,0.4,0.833527147769928,0.33474022940993303,0.8401680597080724,0.3402087688446045,0.4806854118096631,0.46144839656628955,0.9039437588749116,0.4586041569709778,192,14,"[1872, 481, 573, 1402, 731, 1177, 1667, 1997, 1467, 1498, 1317, 654, 1995, 956, 769, 1854, 1491, 798, 521, 152, 327, 1307, 1580, 1615, 477, 1146, 435, 431, 73, 108, 1009, 861, 711, 190, 806, 811, 347, 1390, 260, 1863, 34, 1103, 1591, 988, 960, 889, 1387, 611, 57, 771, 1259, 760, 1991, 1784, 1912, 5, 669, 92, 1853, 1133, 1754, 1560, 173, 154]",0.833527147769928,0.4806854118096631,0.9457859953482091,0.5374264121055603,0.463781476020813,960,/Users/jonaswiendl/local/Repos/ml-surrogates-for-power-systems/hpo/results/marker_directed/stage1_policy_search/marker_directed_policy_search_20260302_112434/runs/cfg_00109_181da3a3ff/qbc/history.jsonl,,,64,2048,15,true,64,256,/Users/jonaswiendl/local/Repos/ml-surrogates-for-power-systems/hpo/results/marker_directed/stage1_policy_search/marker_directed_policy_search_20260302_112434/runs/cfg_00109_181da3a3ff/run_manifest.json,active.candidate_method=lhs;;active.log_every=5;;active.marker.greedy_score_weight=0.7;;active.marker.include_anchor_state_markers=true;;active.marker.k_density=20;;active.marker.pca_explained_variance=0.9;;active.marker.preselect_factor=3;;active.marker.settling_fraction=0.05;;active.marker.weights.diversity=0.6;;active.marker.weights.sparsity=0.4;;qbc_K=64;;qbc_P=2048;;qbc_T=15;;qbc_enable_logging=true;;qbc_n0=64;;qbc_n_test=256,,
marker_directed_sm4_v1,1,marker_directed,SM4,default,stageA_policy,broad_policy_search,/Users/jonaswiendl/local/Repos/ml-surrogates-for-power-systems/hpo/results/marker_directed/stage1_policy_search/marker_directed_policy_search_20260302_112434,cfg_00110_b895af8277,110,/Users/jonaswiendl/local/Repos/ml-surrogates-for-power-systems/hpo/results/marker_directed/stage1_policy_search/marker_directed_policy_search_20260302_112434/runs/cfg_00110_b895af8277,,s03,b1024,thesis_marker_hpo_stage1,completed,0,True,final_eval_rmse,minimize,0.007206484885281831,0.007206484885281831,5.193342440179549e-05,25.970961631974205,19.7587780499598,0.000791206955909729,5.598548537003808,0.5835199420107529,0.0,0.02473579498473555,lhs,5,0.7,true,20,0.9,3,0.05,0.8,0.4,,0.6666666666666666,4,0.3333333333333333,0.8201243281364441,0.3304396932660496,0.8403877087816503,0.34755730628967285,0.4998369040479505,0.4581439283867633,0.904423459286546,0.4712769091129303,192,14,"[956, 1854, 171, 940, 1040, 101, 1853, 1248, 654, 1872, 1695, 824, 960, 347, 1259, 811, 411, 1973, 1832, 731, 988, 1597, 1863, 1869, 723, 944, 693, 738, 1761, 1560, 1733, 2004, 1977, 435, 470, 989, 352, 916, 1995, 58, 456, 260, 217, 2003, 611, 781, 1983, 152, 1402, 1935, 1968, 283, 1154, 1584, 889, 1177, 1246, 953, 536, 414, 1235, 488, 1997, 134]",0.8201243281364441,0.4998369040479505,0.936643033724776,0.5535809397697449,0.4762380123138428,960,/Users/jonaswiendl/local/Repos/ml-surrogates-for-power-systems/hpo/results/marker_directed/stage1_policy_search/marker_directed_policy_search_20260302_112434/runs/cfg_00110_b895af8277/qbc/history.jsonl,,,64,2048,15,true,64,256,/Users/jonaswiendl/local/Repos/ml-surrogates-for-power-systems/hpo/results/marker_directed/stage1_policy_search/marker_directed_policy_search_20260302_112434/runs/cfg_00110_b895af8277/run_manifest.json,active.candidate_method=lhs;;active.log_every=5;;active.marker.greedy_score_weight=0.7;;active.marker.include_anchor_state_markers=true;;active.marker.k_density=20;;active.marker.pca_explained_variance=0.9;;active.marker.preselect_factor=3;;active.marker.settling_fraction=0.05;;active.marker.weights.diversity=0.8;;active.marker.weights.sparsity=0.4;;qbc_K=64;;qbc_P=2048;;qbc_T=15;;qbc_enable_logging=true;;qbc_n0=64;;qbc_n_test=256,,
marker_directed_sm4_v1,1,marker_directed,SM4,default,stageA_policy,broad_policy_search,/Users/jonaswiendl/local/Repos/ml-surrogates-for-power-systems/hpo/results/marker_directed/stage1_policy_search/marker_directed_policy_search_20260302_112434,cfg_00111_124d8b13a7,111,/Users/jonaswiendl/local/Repos/ml-surrogates-for-power-systems/hpo/results/marker_directed/stage1_policy_search/marker_directed_policy_search_20260302_112434/runs/cfg_00111_124d8b13a7,,s03,b1024,thesis_marker_hpo_stage1,completed,0,True,final_eval_rmse,minimize,0.008195816929352152,0.008195816929352152,6.717141513945535e-05,25.966246900963597,19.759654794004746,0.0007864650106057525,5.5922411169158295,0.5837636430514976,0.0,0.025171207962557673,lhs,5,0.9,true,20,0.9,3,0.05,0.4,0.4,,0.5,3,0.5,0.9902371168136597,0.23478099025705318,0.647934171741327,0.42277854681015015,0.3605496614583982,0.3267993023350977,0.6865523855911914,0.5446332097053528,192,14,"[73, 1467, 521, 1854, 1736, 435, 1750, 1326, 1419, 781, 155, 5, 1566, 1995, 723, 1235, 1334, 573, 456, 915, 1534, 327, 1407, 346, 192, 481, 1248, 1926, 1840, 134, 1908, 398, 369, 596, 1513, 491, 1571, 347, 979, 1387, 532, 583, 493, 1004, 1906, 457, 1117, 821, 857, 3, 1510, 1120, 1812, 1721, 1286, 806, 378, 234, 1175, 1522, 1557, 223, 1104, 1204]",0.9902371168136597,0.3605496614583982,0.725425281124689,0.6640006303787231,0.5535674095153809,960,/Users/jonaswiendl/local/Repos/ml-surrogates-for-power-systems/hpo/results/marker_directed/stage1_policy_search/marker_directed_policy_search_20260302_112434/runs/cfg_00111_124d8b13a7/qbc/history.jsonl,,,64,2048,15,true,64,256,/Users/jonaswiendl/local/Repos/ml-surrogates-for-power-systems/hpo/results/marker_directed/stage1_policy_search/marker_directed_policy_search_20260302_112434/runs/cfg_00111_124d8b13a7/run_manifest.json,active.candidate_method=lhs;;active.log_every=5;;active.marker.greedy_score_weight=0.9;;active.marker.include_anchor_state_markers=true;;active.marker.k_density=20;;active.marker.pca_explained_variance=0.9;;active.marker.preselect_factor=3;;active.marker.settling_fraction=0.05;;active.marker.weights.diversity=0.4;;active.marker.weights.sparsity=0.4;;qbc_K=64;;qbc_P=2048;;qbc_T=15;;qbc_enable_logging=true;;qbc_n0=64;;qbc_n_test=256,,
marker_directed_sm4_v1,1,marker_directed,SM4,default,stageA_policy,broad_policy_search,/Users/jonaswiendl/local/Repos/ml-surrogates-for-power-systems/hpo/results/marker_directed/stage1_policy_search/marker_directed_policy_search_20260302_112434,cfg_00112_da06169e6e,112,/Users/jonaswiendl/local/Repos/ml-surrogates-for-power-systems/hpo/results/marker_directed/stage1_policy_search/marker_directed_policy_search_20260302_112434/runs/cfg_00112_da06169e6e,,s03,b1024,thesis_marker_hpo_stage1,completed,0,True,final_eval_rmse,minimize,0.007218699762930868,0.007218699762930868,5.210962626733817e-05,25.868189185974188,19.650562788941897,0.0008679149905219674,5.608004444045946,0.5795343889622018,0.0,0.02463517209980637,lhs,5,0.9,true,20,0.9,3,0.05,0.6,0.4,,0.6,3,0.4,0.8211839199066162,0.23601476362979423,0.6486996025465702,0.37066715955734253,0.3623704097247946,0.32702806648106536,0.6960113879367017,0.5043975114822388,192,14,"[723, 1534, 1995, 1590, 781, 1467, 73, 5, 1935, 149, 1302, 210, 122, 1479, 549, 1326, 51, 524, 470, 596, 369, 1854, 194, 1307, 1569, 874, 1163, 1248, 1077, 1882, 861, 1135, 481, 1048, 1156, 1560, 155, 1451, 915, 1378, 435, 1186, 1110, 1418, 67, 916, 493, 164, 851, 1100, 1147, 223, 1334, 717, 692, 1580, 561, 1419, 825, 1080, 1783, 857, 1431, 1210]",0.8211839199066162,0.3623704097247946,0.7188792140715844,0.6104830503463745,0.5261744856834412,960,/Users/jonaswiendl/local/Repos/ml-surrogates-for-power-systems/hpo/results/marker_directed/stage1_policy_search/marker_directed_policy_search_20260302_112434/runs/cfg_00112_da06169e6e/qbc/history.jsonl,,,64,2048,15,true,64,256,/Users/jonaswiendl/local/Repos/ml-surrogates-for-power-systems/hpo/results/marker_directed/stage1_policy_search/marker_directed_policy_search_20260302_112434/runs/cfg_00112_da06169e6e/run_manifest.json,active.candidate_method=lhs;;active.log_every=5;;active.marker.greedy_score_weight=0.9;;active.marker.include_anchor_state_markers=true;;active.marker.k_density=20;;active.marker.pca_explained_variance=0.9;;active.marker.preselect_factor=3;;active.marker.settling_fraction=0.05;;active.marker.weights.diversity=0.6;;active.marker.weights.sparsity=0.4;;qbc_K=64;;qbc_P=2048;;qbc_T=15;;qbc_enable_logging=true;;qbc_n0=64;;qbc_n_test=256,,
marker_directed_sm4_v1,1,marker_directed,SM4,default,stageA_policy,broad_policy_search,/Users/jonaswiendl/local/Repos/ml-surrogates-for-power-systems/hpo/results/marker_directed/stage1_policy_search/marker_directed_policy_search_20260302_112434,cfg_00113_59663bb220,113,/Users/jonaswiendl/local/Repos/ml-surrogates-for-power-systems/hpo/results/marker_directed/stage1_policy_search/marker_directed_policy_search_20260302_112434/runs/cfg_00113_59663bb220,,s03,b1024,thesis_marker_hpo_stage1,completed,0,True,final_eval_rmse,minimize,0.007671891112720968,0.007671891112720968,5.885791324544698e-05,25.790654249023646,19.63732980506029,0.0008782939985394478,5.546587434015237,0.5756740031065419,0.0,0.025612864992581308,lhs,5,0.9,true,20,0.9,3,0.05,0.8,0.4,,0.6666666666666666,3,0.3333333333333333,0.8179688453674316,0.23234347763995392,0.6476579818788482,0.3920283913612366,0.3703353140313699,0.3272050043835838,0.7048914060676259,0.5388684272766113,192,14,"[1156, 1738, 1040, 171, 192, 1467, 3, 73, 1935, 781, 5, 1534, 1334, 409, 1584, 625, 1068, 1326, 573, 990, 1026, 369, 858, 1045, 391, 375, 1929, 1086, 1995, 1684, 825, 1186, 692, 821, 940, 1945, 380, 1325, 284, 1964, 122, 481, 164, 223, 1278, 1865, 915, 1216, 956, 775, 800, 861, 1192, 596, 1671, 1022, 1451, 1055, 1085, 1474, 583, 1817, 718, 435]",0.8179688453674316,0.3703353140313699,0.7277970184196116,0.6522753238677979,0.5585367679595947,960,/Users/jonaswiendl/local/Repos/ml-surrogates-for-power-systems/hpo/results/marker_directed/stage1_policy_search/marker_directed_policy_search_20260302_112434/runs/cfg_00113_59663bb220/qbc/history.jsonl,,,64,2048,15,true,64,256,/Users/jonaswiendl/local/Repos/ml-surrogates-for-power-systems/hpo/results/marker_directed/stage1_policy_search/marker_directed_policy_search_20260302_112434/runs/cfg_00113_59663bb220/run_manifest.json,active.candidate_method=lhs;;active.log_every=5;;active.marker.greedy_score_weight=0.9;;active.marker.include_anchor_state_markers=true;;active.marker.k_density=20;;active.marker.pca_explained_variance=0.9;;active.marker.preselect_factor=3;;active.marker.settling_fraction=0.05;;active.marker.weights.diversity=0.8;;active.marker.weights.sparsity=0.4;;qbc_K=64;;qbc_P=2048;;qbc_T=15;;qbc_enable_logging=true;;qbc_n0=64;;qbc_n_test=256,,
marker_directed_sm4_v1,1,marker_directed,SM4,default,stageA_policy,broad_policy_search,/Users/jonaswiendl/local/Repos/ml-surrogates-for-power-systems/hpo/results/marker_directed/stage1_policy_search/marker_directed_policy_search_20260302_112434,cfg_00114_b01ab67dd2,114,/Users/jonaswiendl/local/Repos/ml-surrogates-for-power-systems/hpo/results/marker_directed/stage1_policy_search/marker_directed_policy_search_20260302_112434/runs/cfg_00114_b01ab67dd2,,s03,b1024,thesis_marker_hpo_stage1,completed,0,True,final_eval_rmse,minimize,0.006873355947538133,0.006873355947538133,4.724302198155783e-05,25.917953277006745,19.616035997984,0.0008434240007773042,5.598029655055143,0.675783091923222,0.0,0.022717767977155745,lhs,5,0.7,true,20,0.9,5,0.05,0.4,0.4,,0.5,4,0.5,0.8411086797714233,0.33067536930755426,0.838502319534075,0.310626357793808,0.4809222009535323,0.46600529043186434,0.8915338100187638,0.4181812107563019,320,14,"[1872, 481, 573, 1402, 73, 762, 1326, 1457, 31, 1995, 1854, 1467, 956, 1193, 1768, 1069, 1248, 611, 347, 327, 549, 731, 435, 1555, 955, 792, 136, 1146, 371, 1073, 1885, 626, 314, 1303, 210, 105, 1924, 2020, 345, 889, 863, 755, 1687, 1863, 942, 339, 1048, 810, 1734, 654, 133, 134, 1513, 1449, 458, 1566, 1216, 1947, 932, 1853, 781, 1181, 988, 1186]",0.8411086797714233,0.4809222009535323,0.9354452162051915,0.5024828910827637,0.3967014253139496,960,/Users/jonaswiendl/local/Repos/ml-surrogates-for-power-systems/hpo/results/marker_directed/stage1_policy_search/marker_directed_policy_search_20260302_112434/runs/cfg_00114_b01ab67dd2/qbc/history.jsonl,,,64,2048,15,true,64,256,/Users/jonaswiendl/local/Repos/ml-surrogates-for-power-systems/hpo/results/marker_directed/stage1_policy_search/marker_directed_policy_search_20260302_112434/runs/cfg_00114_b01ab67dd2/run_manifest.json,active.candidate_method=lhs;;active.log_every=5;;active.marker.greedy_score_weight=0.7;;active.marker.include_anchor_state_markers=true;;active.marker.k_density=20;;active.marker.pca_explained_variance=0.9;;active.marker.preselect_factor=5;;active.marker.settling_fraction=0.05;;active.marker.weights.diversity=0.4;;active.marker.weights.sparsity=0.4;;qbc_K=64;;qbc_P=2048;;qbc_T=15;;qbc_enable_logging=true;;qbc_n0=64;;qbc_n_test=256,,
marker_directed_sm4_v1,1,marker_directed,SM4,default,stageA_policy,broad_policy_search,/Users/jonaswiendl/local/Repos/ml-surrogates-for-power-systems/hpo/results/marker_directed/stage1_policy_search/marker_directed_policy_search_20260302_112434,cfg_00115_72e3795762,115,/Users/jonaswiendl/local/Repos/ml-surrogates-for-power-systems/hpo/results/marker_directed/stage1_policy_search/marker_directed_policy_search_20260302_112434/runs/cfg_00115_72e3795762,,s03,b1024,thesis_marker_hpo_stage1,completed,0,True,final_eval_rmse,minimize,0.007091055880886313,0.007091055880886313,5.028307350585237e-05,26.077597336028703,19.83497913600877,0.0007811690447852015,5.546327428077348,0.665249434998259,0.0,0.02570487605407834,lhs,5,0.7,true,20,0.9,5,0.05,0.6,0.4,,0.6,4,0.4,0.8402940034866333,0.3303515498452795,0.8351413468269449,0.33979612588882446,0.4905764553847922,0.4661870738750386,0.8908025440969914,0.4686814546585083,320,14,"[1872, 956, 171, 429, 1402, 1326, 372, 1338, 654, 1317, 1069, 1854, 1947, 1995, 731, 762, 435, 1647, 1491, 1086, 2021, 2030, 988, 1906, 1504, 1467, 73, 194, 347, 447, 1580, 124, 781, 260, 1259, 969, 105, 944, 1194, 217, 1496, 1935, 566, 101, 935, 327, 1374, 371, 1636, 1839, 889, 1204, 1026, 1667, 1983, 477, 1566, 173, 5, 1133, 243, 953, 743, 910]",0.8402940034866333,0.4905764553847922,0.9248183274134993,0.541936993598938,0.4419715702533722,960,/Users/jonaswiendl/local/Repos/ml-surrogates-for-power-systems/hpo/results/marker_directed/stage1_policy_search/marker_directed_policy_search_20260302_112434/runs/cfg_00115_72e3795762/qbc/history.jsonl,,,64,2048,15,true,64,256,/Users/jonaswiendl/local/Repos/ml-surrogates-for-power-systems/hpo/results/marker_directed/stage1_policy_search/marker_directed_policy_search_20260302_112434/runs/cfg_00115_72e3795762/run_manifest.json,active.candidate_method=lhs;;active.log_every=5;;active.marker.greedy_score_weight=0.7;;active.marker.include_anchor_state_markers=true;;active.marker.k_density=20;;active.marker.pca_explained_variance=0.9;;active.marker.preselect_factor=5;;active.marker.settling_fraction=0.05;;active.marker.weights.diversity=0.6;;active.marker.weights.sparsity=0.4;;qbc_K=64;;qbc_P=2048;;qbc_T=15;;qbc_enable_logging=true;;qbc_n0=64;;qbc_n_test=256,,
marker_directed_sm4_v1,1,marker_directed,SM4,default,stageA_policy,broad_policy_search,/Users/jonaswiendl/local/Repos/ml-surrogates-for-power-systems/hpo/results/marker_directed/stage1_policy_search/marker_directed_policy_search_20260302_112434,cfg_00116_7b69d4d557,116,/Users/jonaswiendl/local/Repos/ml-surrogates-for-power-systems/hpo/results/marker_directed/stage1_policy_search/marker_directed_policy_search_20260302_112434/runs/cfg_00116_7b69d4d557,,s03,b1024,thesis_marker_hpo_stage1,completed,0,True,final_eval_rmse,minimize,0.009148451329641451,0.009148451329641451,8.369416173081845e-05,26.305040757986717,20.04039753100369,0.0008387239649891853,5.569184859050438,0.6652827069628984,0.0,0.024719994980841875,lhs,5,0.7,true,20,0.9,5,0.05,0.8,0.4,,0.6666666666666666,4,0.3333333333333333,0.8320323824882507,0.3280712036954295,0.8336968387963657,0.3407428562641144,0.4982155654447379,0.4609997738500754,0.8931775599849453,0.4719249904155731,320,14,"[956, 1854, 2006, 1402, 731, 1040, 1719, 1399, 920, 654, 484, 1872, 1326, 940, 1302, 1216, 1930, 212, 184, 435, 73, 1798, 891, 1536, 1467, 133, 1182, 333, 331, 744, 1194, 1235, 1995, 347, 1809, 781, 668, 339, 379, 1863, 1133, 2030, 1048, 5, 910, 1855, 1960, 1073, 1684, 488, 811, 108, 1060, 1000, 189, 953, 1022, 1753, 521, 1491, 889, 1808, 1237, 709]",0.8320323824882507,0.4982155654447379,0.9183923049277335,0.5465164184570312,0.4484895169734955,960,/Users/jonaswiendl/local/Repos/ml-surrogates-for-power-systems/hpo/results/marker_directed/stage1_policy_search/marker_directed_policy_search_20260302_112434/runs/cfg_00116_7b69d4d557/qbc/history.jsonl,,,64,2048,15,true,64,256,/Users/jonaswiendl/local/Repos/ml-surrogates-for-power-systems/hpo/results/marker_directed/stage1_policy_search/marker_directed_policy_search_20260302_112434/runs/cfg_00116_7b69d4d557/run_manifest.json,active.candidate_method=lhs;;active.log_every=5;;active.marker.greedy_score_weight=0.7;;active.marker.include_anchor_state_markers=true;;active.marker.k_density=20;;active.marker.pca_explained_variance=0.9;;active.marker.preselect_factor=5;;active.marker.settling_fraction=0.05;;active.marker.weights.diversity=0.8;;active.marker.weights.sparsity=0.4;;qbc_K=64;;qbc_P=2048;;qbc_T=15;;qbc_enable_logging=true;;qbc_n0=64;;qbc_n_test=256,,
marker_directed_sm4_v1,1,marker_directed,SM4,default,stageA_policy,broad_policy_search,/Users/jonaswiendl/local/Repos/ml-surrogates-for-power-systems/hpo/results/marker_directed/stage1_policy_search/marker_directed_policy_search_20260302_112434,cfg_00117_df8b0bb348,117,/Users/jonaswiendl/local/Repos/ml-surrogates-for-power-systems/hpo/results/marker_directed/stage1_policy_search/marker_directed_policy_search_20260302_112434/runs/cfg_00117_df8b0bb348,,s03,b1024,thesis_marker_hpo_stage1,completed,0,True,final_eval_rmse,minimize,0.007374457820752076,0.007374457820752076,5.438262815005146e-05,25.619401503005065,19.390144570963457,0.0008235420100390911,5.537736393976957,0.6611020840937272,0.0,0.025078916922211647,lhs,5,0.9,true,20,0.9,5,0.05,0.4,0.4,,0.5,3,0.5,0.951579213142395,0.23511952273998424,0.6457240858336681,0.38039731979370117,0.34496927749021106,0.3270345844596841,0.6871884672521639,0.5026348233222961,320,14,"[73, 5, 1854, 1935, 1736, 435, 1995, 1806, 573, 583, 781, 1326, 525, 1908, 369, 861, 90, 1571, 260, 915, 1513, 1161, 1467, 1110, 1870, 731, 943, 1040, 1235, 825, 481, 1534, 1029, 1738, 223, 596, 170, 2009, 1474, 191, 723, 1886, 1357, 1841, 392, 1750, 82, 112, 1248, 625, 1104, 475, 754, 800, 1480, 1991, 532, 2038, 1840, 42, 857, 811, 1072, 543]",0.951579213142395,0.34496927749021106,0.7266102524403413,0.6277821063995361,0.5101114511489868,960,/Users/jonaswiendl/local/Repos/ml-surrogates-for-power-systems/hpo/results/marker_directed/stage1_policy_search/marker_directed_policy_search_20260302_112434/runs/cfg_00117_df8b0bb348/qbc/history.jsonl,,,64,2048,15,true,64,256,/Users/jonaswiendl/local/Repos/ml-surrogates-for-power-systems/hpo/results/marker_directed/stage1_policy_search/marker_directed_policy_search_20260302_112434/runs/cfg_00117_df8b0bb348/run_manifest.json,active.candidate_method=lhs;;active.log_every=5;;active.marker.greedy_score_weight=0.9;;active.marker.include_anchor_state_markers=true;;active.marker.k_density=20;;active.marker.pca_explained_variance=0.9;;active.marker.preselect_factor=5;;active.marker.settling_fraction=0.05;;active.marker.weights.diversity=0.4;;active.marker.weights.sparsity=0.4;;qbc_K=64;;qbc_P=2048;;qbc_T=15;;qbc_enable_logging=true;;qbc_n0=64;;qbc_n_test=256,,
marker_directed_sm4_v1,1,marker_directed,SM4,default,stageA_policy,broad_policy_search,/Users/jonaswiendl/local/Repos/ml-surrogates-for-power-systems/hpo/results/marker_directed/stage1_policy_search/marker_directed_policy_search_20260302_112434,cfg_00118_808d21951d,118,/Users/jonaswiendl/local/Repos/ml-surrogates-for-power-systems/hpo/results/marker_directed/stage1_policy_search/marker_directed_policy_search_20260302_112434/runs/cfg_00118_808d21951d,,s03,b1024,thesis_marker_hpo_stage1,completed,0,True,final_eval_rmse,minimize,0.009876463023272457,0.009876463023272457,9.754452185006812e-05,25.62186907697469,19.38854594901204,0.0008353129960596561,5.539372768020257,0.6659893470350653,0.0,0.02236472105141729,lhs,5,0.9,true,20,0.9,5,0.05,0.6,0.4,,0.6,3,0.4,0.9638372659683228,0.2349317063504544,0.6479909749688477,0.3500468134880066,0.36498728729382685,0.3276697242304065,0.6977122474314,0.47639620304107666,320,14,"[73, 1467, 1856, 781, 435, 1750, 1840, 171, 1995, 1326, 5, 1479, 1977, 1580, 1334, 1216, 1683, 260, 1984, 371, 1579, 122, 1463, 851, 481, 129, 1935, 90, 582, 369, 1121, 194, 495, 1282, 1022, 753, 368, 164, 1513, 1947, 1186, 920, 179, 380, 43, 1939, 1248, 596, 1391, 378, 539, 58, 1350, 1210, 1297, 1751, 1416, 1671, 1449, 1874, 393, 1044, 1204, 1452]",0.9638372659683228,0.36498728729382685,0.7211860738245952,0.5858042240142822,0.47568464279174805,960,/Users/jonaswiendl/local/Repos/ml-surrogates-for-power-systems/hpo/results/marker_directed/stage1_policy_search/marker_directed_policy_search_20260302_112434/runs/cfg_00118_808d21951d/qbc/history.jsonl,,,64,2048,15,true,64,256,/Users/jonaswiendl/local/Repos/ml-surrogates-for-power-systems/hpo/results/marker_directed/stage1_policy_search/marker_directed_policy_search_20260302_112434/runs/cfg_00118_808d21951d/run_manifest.json,active.candidate_method=lhs;;active.log_every=5;;active.marker.greedy_score_weight=0.9;;active.marker.include_anchor_state_markers=true;;active.marker.k_density=20;;active.marker.pca_explained_variance=0.9;;active.marker.preselect_factor=5;;active.marker.settling_fraction=0.05;;active.marker.weights.diversity=0.6;;active.marker.weights.sparsity=0.4;;qbc_K=64;;qbc_P=2048;;qbc_T=15;;qbc_enable_logging=true;;qbc_n0=64;;qbc_n_test=256,,
marker_directed_sm4_v1,1,marker_directed,SM4,default,stageA_policy,broad_policy_search,/Users/jonaswiendl/local/Repos/ml-surrogates-for-power-systems/hpo/results/marker_directed/stage1_policy_search/marker_directed_policy_search_20260302_112434,cfg_00119_acc46e09a5,119,/Users/jonaswiendl/local/Repos/ml-surrogates-for-power-systems/hpo/results/marker_directed/stage1_policy_search/marker_directed_policy_search_20260302_112434/runs/cfg_00119_acc46e09a5,,s03,b1024,thesis_marker_hpo_stage1,completed,0,True,final_eval_rmse,minimize,0.007132675257663057,0.007132675257663057,5.0875056331278756e-05,25.842185829998925,19.472497474984266,0.0008023650152608752,5.672278138925321,0.6677617890527472,0.0,0.024140296038240194,lhs,5,0.9,true,20,0.9,5,0.05,0.8,0.4,,0.6666666666666666,4,0.3333333333333333,0.8247460722923279,0.32691781646555224,0.8376153600912439,0.3491736054420471,0.5084329988960403,0.45025976832550085,0.8989191061039993,0.4694863259792328,320,14,"[956, 1854, 932, 731, 134, 1872, 1983, 960, 1954, 1995, 435, 1297, 1584, 1571, 1560, 1399, 191, 160, 1513, 2031, 654, 981, 1449, 1476, 1563, 1259, 1496, 1396, 1910, 1812, 260, 1073, 738, 1481, 443, 1086, 149, 543, 1863, 566, 723, 1853, 368, 920, 1899, 352, 2017, 792, 1302, 362, 279, 1855, 1457, 988, 574, 1174, 1402, 306, 908, 1325, 931, 347, 1882, 1395]",0.8247460722923279,0.5084329988960403,0.9174134132807521,0.5641137361526489,0.45558780431747437,960,/Users/jonaswiendl/local/Repos/ml-surrogates-for-power-systems/hpo/results/marker_directed/stage1_policy_search/marker_directed_policy_search_20260302_112434/runs/cfg_00119_acc46e09a5/qbc/history.jsonl,,,64,2048,15,true,64,256,/Users/jonaswiendl/local/Repos/ml-surrogates-for-power-systems/hpo/results/marker_directed/stage1_policy_search/marker_directed_policy_search_20260302_112434/runs/cfg_00119_acc46e09a5/run_manifest.json,active.candidate_method=lhs;;active.log_every=5;;active.marker.greedy_score_weight=0.9;;active.marker.include_anchor_state_markers=true;;active.marker.k_density=20;;active.marker.pca_explained_variance=0.9;;active.marker.preselect_factor=5;;active.marker.settling_fraction=0.05;;active.marker.weights.diversity=0.8;;active.marker.weights.sparsity=0.4;;qbc_K=64;;qbc_P=2048;;qbc_T=15;;qbc_enable_logging=true;;qbc_n0=64;;qbc_n_test=256,,
marker_directed_sm4_v1,1,marker_directed,SM4,default,stageA_policy,broad_policy_search,/Users/jonaswiendl/local/Repos/ml-surrogates-for-power-systems/hpo/results/marker_directed/stage1_policy_search/marker_directed_policy_search_20260302_112434,cfg_00120_fef94afaaa,120,/Users/jonaswiendl/local/Repos/ml-surrogates-for-power-systems/hpo/results/marker_directed/stage1_policy_search/marker_directed_policy_search_20260302_112434/runs/cfg_00120_fef94afaaa,,s03,b1024,thesis_marker_hpo_stage1,completed,0,True,final_eval_rmse,minimize,0.006542837485021541,0.006542837485021541,4.2808722355403006e-05,25.59262926201336,19.466479561990127,0.0007950689177960157,5.523689896916039,0.5718922549858689,0.0,0.025445032981224358,lhs,5,0.7,true,10,0.95,3,0.05,0.4,0.4,,0.5,4,0.5,0.9136574268341064,0.330001713997642,0.6736530797443967,0.328006386756897,0.4854825739706344,0.4563078327900091,0.725849230285206,0.44184112548828125,192,14,"[956, 1854, 1235, 731, 1402, 654, 1995, 1872, 573, 185, 347, 811, 516, 1558, 300, 1129, 73, 950, 539, 1498, 1742, 1375, 447, 1146, 390, 435, 944, 372, 2031, 1000, 108, 1325, 1069, 1695, 1347, 916, 173, 889, 1882, 1705, 364, 781, 1445, 345, 611, 1809, 1753, 1513, 953, 673, 746, 464, 154, 1073, 1495, 1853, 1259, 134, 1667, 111, 1195, 404, 403, 139]",0.9136574268341064,0.4854825739706344,0.7672467257662133,0.5340943336486816,0.4460400342941284,960,/Users/jonaswiendl/local/Repos/ml-surrogates-for-power-systems/hpo/results/marker_directed/stage1_policy_search/marker_directed_policy_search_20260302_112434/runs/cfg_00120_fef94afaaa/qbc/history.jsonl,,,64,2048,15,true,64,256,/Users/jonaswiendl/local/Repos/ml-surrogates-for-power-systems/hpo/results/marker_directed/stage1_policy_search/marker_directed_policy_search_20260302_112434/runs/cfg_00120_fef94afaaa/run_manifest.json,active.candidate_method=lhs;;active.log_every=5;;active.marker.greedy_score_weight=0.7;;active.marker.include_anchor_state_markers=true;;active.marker.k_density=10;;active.marker.pca_explained_variance=0.95;;active.marker.preselect_factor=3;;active.marker.settling_fraction=0.05;;active.marker.weights.diversity=0.4;;active.marker.weights.sparsity=0.4;;qbc_K=64;;qbc_P=2048;;qbc_T=15;;qbc_enable_logging=true;;qbc_n0=64;;qbc_n_test=256,,
marker_directed_sm4_v1,1,marker_directed,SM4,default,stageA_policy,broad_policy_search,/Users/jonaswiendl/local/Repos/ml-surrogates-for-power-systems/hpo/results/marker_directed/stage1_policy_search/marker_directed_policy_search_20260302_112434,cfg_00121_27d5694a33,121,/Users/jonaswiendl/local/Repos/ml-surrogates-for-power-systems/hpo/results/marker_directed/stage1_policy_search/marker_directed_policy_search_20260302_112434/runs/cfg_00121_27d5694a33,,s03,b1024,thesis_marker_hpo_stage1,completed,0,True,final_eval_rmse,minimize,0.007047159954562759,0.007047159954562759,4.966246342519298e-05,25.659316805074923,19.47732459800318,0.0008591539226472378,5.571430386975408,0.5818278930382803,0.0,0.023359596030786633,lhs,5,0.7,true,10,0.95,3,0.05,0.6,0.4,,0.6,4,0.4,0.8833296895027161,0.33172833028041093,0.6717704144063279,0.3430507183074951,0.4982075601156387,0.45571389550894553,0.7323946421691233,0.46892300248146057,192,14,"[956, 1854, 171, 372, 1513, 1402, 654, 1396, 1872, 960, 516, 919, 932, 731, 435, 524, 1837, 73, 32, 1163, 781, 792, 595, 1869, 1045, 1972, 210, 1560, 1194, 988, 969, 461, 1326, 1133, 1628, 327, 1387, 1347, 1705, 1899, 990, 1086, 145, 1103, 300, 749, 108, 924, 1278, 907, 889, 1997, 1475, 125, 1071, 1853, 849, 1259, 225, 1073, 1255, 1463, 1983, 134]",0.8833296895027161,0.4982075601156387,0.7643883828099436,0.5556075572967529,0.4725024402141571,960,/Users/jonaswiendl/local/Repos/ml-surrogates-for-power-systems/hpo/results/marker_directed/stage1_policy_search/marker_directed_policy_search_20260302_112434/runs/cfg_00121_27d5694a33/qbc/history.jsonl,,,64,2048,15,true,64,256,/Users/jonaswiendl/local/Repos/ml-surrogates-for-power-systems/hpo/results/marker_directed/stage1_policy_search/marker_directed_policy_search_20260302_112434/runs/cfg_00121_27d5694a33/run_manifest.json,active.candidate_method=lhs;;active.log_every=5;;active.marker.greedy_score_weight=0.7;;active.marker.include_anchor_state_markers=true;;active.marker.k_density=10;;active.marker.pca_explained_variance=0.95;;active.marker.preselect_factor=3;;active.marker.settling_fraction=0.05;;active.marker.weights.diversity=0.6;;active.marker.weights.sparsity=0.4;;qbc_K=64;;qbc_P=2048;;qbc_T=15;;qbc_enable_logging=true;;qbc_n0=64;;qbc_n_test=256,,
marker_directed_sm4_v1,1,marker_directed,SM4,default,stageA_policy,broad_policy_search,/Users/jonaswiendl/local/Repos/ml-surrogates-for-power-systems/hpo/results/marker_directed/stage1_policy_search/marker_directed_policy_search_20260302_112434,cfg_00122_23ab5b3fdb,122,/Users/jonaswiendl/local/Repos/ml-surrogates-for-power-systems/hpo/results/marker_directed/stage1_policy_search/marker_directed_policy_search_20260302_112434/runs/cfg_00122_23ab5b3fdb,,s03,b1024,thesis_marker_hpo_stage1,completed,0,True,final_eval_rmse,minimize,0.007136488602968299,0.007136488602968299,5.092946958029643e-05,25.699371263035573,19.473040696932003,0.0008182580349966884,5.6099311569705606,0.587225203984417,0.0,0.023730074055492878,lhs,5,0.7,true,10,0.95,3,0.05,0.8,0.4,,0.6666666666666666,4,0.3333333333333333,0.8512670993804932,0.3321613207236357,0.6695328720681721,0.34649839997291565,0.5197488791134893,0.45313977057798144,0.7280919670901352,0.46976450085639954,192,14,"[956, 1854, 1194, 1513, 781, 413, 731, 1872, 516, 443, 1259, 1853, 762, 915, 1671, 442, 798, 327, 1393, 1617, 1163, 1714, 1584, 372, 1580, 760, 1881, 792, 1563, 1910, 732, 574, 1103, 1641, 1837, 549, 1216, 414, 1912, 1402, 1073, 1935, 1217, 914, 173, 100, 1255, 738, 861, 133, 1560, 988, 608, 1261, 1501, 1681, 1705, 331, 101, 1768, 1235, 603, 953, 907]",0.8512670993804932,0.5197488791134893,0.7602368189667708,0.5724198818206787,0.4746771454811096,960,/Users/jonaswiendl/local/Repos/ml-surrogates-for-power-systems/hpo/results/marker_directed/stage1_policy_search/marker_directed_policy_search_20260302_112434/runs/cfg_00122_23ab5b3fdb/qbc/history.jsonl,,,64,2048,15,true,64,256,/Users/jonaswiendl/local/Repos/ml-surrogates-for-power-systems/hpo/results/marker_directed/stage1_policy_search/marker_directed_policy_search_20260302_112434/runs/cfg_00122_23ab5b3fdb/run_manifest.json,active.candidate_method=lhs;;active.log_every=5;;active.marker.greedy_score_weight=0.7;;active.marker.include_anchor_state_markers=true;;active.marker.k_density=10;;active.marker.pca_explained_variance=0.95;;active.marker.preselect_factor=3;;active.marker.settling_fraction=0.05;;active.marker.weights.diversity=0.8;;active.marker.weights.sparsity=0.4;;qbc_K=64;;qbc_P=2048;;qbc_T=15;;qbc_enable_logging=true;;qbc_n0=64;;qbc_n_test=256,,
marker_directed_sm4_v1,1,marker_directed,SM4,default,stageA_policy,broad_policy_search,/Users/jonaswiendl/local/Repos/ml-surrogates-for-power-systems/hpo/results/marker_directed/stage1_policy_search/marker_directed_policy_search_20260302_112434,cfg_00123_57d78f24af,123,/Users/jonaswiendl/local/Repos/ml-surrogates-for-power-systems/hpo/results/marker_directed/stage1_policy_search/marker_directed_policy_search_20260302_112434/runs/cfg_00123_57d78f24af,,s03,b1024,thesis_marker_hpo_stage1,completed,0,True,final_eval_rmse,minimize,0.010005040841811697,0.010005040841811697,0.0001001008422463201,25.848866218002513,19.647430673940107,0.0007997869979590178,5.590120063046925,0.5827703309478238,0.0,0.023055190918967128,lhs,5,0.9,true,10,0.95,3,0.05,0.4,0.4,,0.5,4,0.5,0.8215106725692749,0.33368427722384,0.6767681615243815,0.36383524537086487,0.4991491409771397,0.46256354760105434,0.7287114141926555,0.4708576202392578,192,14,"[956, 1854, 1983, 1402, 1872, 1513, 493, 2004, 1646, 611, 435, 1912, 781, 154, 810, 891, 1742, 811, 331, 1808, 372, 1947, 1935, 760, 1853, 1089, 134, 82, 1073, 731, 762, 1103, 1754, 1328, 1709, 1356, 371, 2034, 889, 1235, 431, 718, 723, 1471, 1282, 806, 327, 101, 179, 443, 1272, 994, 1882, 1118, 1181, 1705, 647, 260, 1133, 792, 1159, 59, 464, 863]",0.8215106725692749,0.4991491409771397,0.772534563072785,0.5567413568496704,0.48622214794158936,960,/Users/jonaswiendl/local/Repos/ml-surrogates-for-power-systems/hpo/results/marker_directed/stage1_policy_search/marker_directed_policy_search_20260302_112434/runs/cfg_00123_57d78f24af/qbc/history.jsonl,,,64,2048,15,true,64,256,/Users/jonaswiendl/local/Repos/ml-surrogates-for-power-systems/hpo/results/marker_directed/stage1_policy_search/marker_directed_policy_search_20260302_112434/runs/cfg_00123_57d78f24af/run_manifest.json,active.candidate_method=lhs;;active.log_every=5;;active.marker.greedy_score_weight=0.9;;active.marker.include_anchor_state_markers=true;;active.marker.k_density=10;;active.marker.pca_explained_variance=0.95;;active.marker.preselect_factor=3;;active.marker.settling_fraction=0.05;;active.marker.weights.diversity=0.4;;active.marker.weights.sparsity=0.4;;qbc_K=64;;qbc_P=2048;;qbc_T=15;;qbc_enable_logging=true;;qbc_n0=64;;qbc_n_test=256,,
marker_directed_sm4_v1,1,marker_directed,SM4,default,stageA_policy,broad_policy_search,/Users/jonaswiendl/local/Repos/ml-surrogates-for-power-systems/hpo/results/marker_directed/stage1_policy_search/marker_directed_policy_search_20260302_112434,cfg_00124_32f7b6934c,124,/Users/jonaswiendl/local/Repos/ml-surrogates-for-power-systems/hpo/results/marker_directed/stage1_policy_search/marker_directed_policy_search_20260302_112434/runs/cfg_00124_32f7b6934c,,s03,b1024,thesis_marker_hpo_stage1,completed,0,True,final_eval_rmse,minimize,0.008255278552837367,0.008255278552837367,6.814962398493662e-05,25.59543179301545,19.418296060990542,0.0008332430152222514,5.572458790033124,0.5747601129114628,0.0,0.024452400975860655,lhs,5,0.9,true,10,0.95,3,0.05,0.6,0.4,,0.6,4,0.4,0.8361958265304565,0.3315127797772066,0.6742406191649184,0.36707404255867004,0.51421559383119,0.45875517631768215,0.7297359681700539,0.48177775740623474,192,14,"[956, 1854, 1983, 2007, 1872, 1513, 1853, 600, 1841, 1461, 1393, 1563, 611, 154, 648, 1394, 1947, 821, 1310, 731, 781, 1068, 1259, 1089, 1641, 2009, 1859, 134, 73, 1235, 1216, 1954, 1751, 1684, 1449, 1695, 38, 1073, 1495, 295, 1194, 891, 1882, 112, 1402, 333, 920, 1103, 179, 300, 1863, 773, 1181, 47, 654, 371, 1013, 362, 468, 1419, 1924, 1507, 1281, 792]",0.8361958265304565,0.51421559383119,0.7598111654188786,0.573870837688446,0.4864972233772278,960,/Users/jonaswiendl/local/Repos/ml-surrogates-for-power-systems/hpo/results/marker_directed/stage1_policy_search/marker_directed_policy_search_20260302_112434/runs/cfg_00124_32f7b6934c/qbc/history.jsonl,,,64,2048,15,true,64,256,/Users/jonaswiendl/local/Repos/ml-surrogates-for-power-systems/hpo/results/marker_directed/stage1_policy_search/marker_directed_policy_search_20260302_112434/runs/cfg_00124_32f7b6934c/run_manifest.json,active.candidate_method=lhs;;active.log_every=5;;active.marker.greedy_score_weight=0.9;;active.marker.include_anchor_state_markers=true;;active.marker.k_density=10;;active.marker.pca_explained_variance=0.95;;active.marker.preselect_factor=3;;active.marker.settling_fraction=0.05;;active.marker.weights.diversity=0.6;;active.marker.weights.sparsity=0.4;;qbc_K=64;;qbc_P=2048;;qbc_T=15;;qbc_enable_logging=true;;qbc_n0=64;;qbc_n_test=256,,
marker_directed_sm4_v1,1,marker_directed,SM4,default,stageA_policy,broad_policy_search,/Users/jonaswiendl/local/Repos/ml-surrogates-for-power-systems/hpo/results/marker_directed/stage1_policy_search/marker_directed_policy_search_20260302_112434,cfg_00125_2a7de2a559,125,/Users/jonaswiendl/local/Repos/ml-surrogates-for-power-systems/hpo/results/marker_directed/stage1_policy_search/marker_directed_policy_search_20260302_112434/runs/cfg_00125_2a7de2a559,,s03,b1024,thesis_marker_hpo_stage1,completed,0,True,final_eval_rmse,minimize,0.00670023096892701,0.00670023096892701,4.489309503696859e-05,25.856929508969188,19.60506540897768,0.000853793928399682,5.640090406057425,0.5825844190549105,0.0,0.023861107998527586,lhs,5,0.9,true,10,0.95,3,0.05,0.8,0.4,,0.6666666666666666,4,0.3333333333333333,0.8545764684677124,0.33408895204045486,0.6737710641881254,0.37993255257606506,0.5193604414116675,0.4530975685497903,0.7298755838790338,0.5005471706390381,192,14,"[956, 1854, 955, 1872, 1513, 811, 781, 347, 1882, 134, 731, 1310, 1393, 1068, 185, 611, 1912, 762, 1983, 47, 760, 101, 1617, 1534, 2009, 821, 260, 1235, 372, 1089, 195, 352, 59, 39, 723, 1954, 154, 1282, 1394, 1449, 1498, 210, 1402, 1989, 43, 1885, 1261, 993, 1093, 1295, 792, 839, 362, 215, 908, 847, 654, 501, 54, 881, 640, 648, 1414, 1246]",0.8545764684677124,0.5193604414116675,0.7556733635036612,0.5972215533256531,0.5154979228973389,960,/Users/jonaswiendl/local/Repos/ml-surrogates-for-power-systems/hpo/results/marker_directed/stage1_policy_search/marker_directed_policy_search_20260302_112434/runs/cfg_00125_2a7de2a559/qbc/history.jsonl,,,64,2048,15,true,64,256,/Users/jonaswiendl/local/Repos/ml-surrogates-for-power-systems/hpo/results/marker_directed/stage1_policy_search/marker_directed_policy_search_20260302_112434/runs/cfg_00125_2a7de2a559/run_manifest.json,active.candidate_method=lhs;;active.log_every=5;;active.marker.greedy_score_weight=0.9;;active.marker.include_anchor_state_markers=true;;active.marker.k_density=10;;active.marker.pca_explained_variance=0.95;;active.marker.preselect_factor=3;;active.marker.settling_fraction=0.05;;active.marker.weights.diversity=0.8;;active.marker.weights.sparsity=0.4;;qbc_K=64;;qbc_P=2048;;qbc_T=15;;qbc_enable_logging=true;;qbc_n0=64;;qbc_n_test=256,,
marker_directed_sm4_v1,1,marker_directed,SM4,default,stageA_policy,broad_policy_search,/Users/jonaswiendl/local/Repos/ml-surrogates-for-power-systems/hpo/results/marker_directed/stage1_policy_search/marker_directed_policy_search_20260302_112434,cfg_00126_db13b60d05,126,/Users/jonaswiendl/local/Repos/ml-surrogates-for-power-systems/hpo/results/marker_directed/stage1_policy_search/marker_directed_policy_search_20260302_112434/runs/cfg_00126_db13b60d05,,s03,b1024,thesis_marker_hpo_stage1,completed,0,True,final_eval_rmse,minimize,0.007426089400779869,0.007426089400779869,5.514680378837511e-05,26.037922700983472,19.76581023808103,0.0008210689993575215,5.572845754912123,0.6697800469119102,0.0,0.024205717956647277,lhs,5,0.7,true,10,0.95,5,0.05,0.4,0.4,,0.5,4,0.5,0.8799141645431519,0.3330222258488795,0.6699010575560458,0.3035128116607666,0.47769522927859953,0.4667040266600288,0.7196156258653602,0.41546866297721863,320,14,"[1872, 956, 802, 994, 380, 82, 1334, 723, 1259, 484, 1179, 1402, 2017, 435, 1983, 1299, 1854, 988, 1505, 1314, 73, 1513, 1069, 327, 611, 1869, 1194, 1580, 539, 1684, 1146, 1227, 1982, 549, 771, 811, 1999, 1073, 498, 58, 1563, 189, 384, 654, 1881, 521, 93, 889, 1491, 596, 1235, 1000, 105, 1954, 1121, 1761, 1217, 1705, 372, 476, 1963, 154, 1325, 1560]",0.8799141645431519,0.47769522927859953,0.766928351909059,0.49209684133529663,0.39047446846961975,960,/Users/jonaswiendl/local/Repos/ml-surrogates-for-power-systems/hpo/results/marker_directed/stage1_policy_search/marker_directed_policy_search_20260302_112434/runs/cfg_00126_db13b60d05/qbc/history.jsonl,,,64,2048,15,true,64,256,/Users/jonaswiendl/local/Repos/ml-surrogates-for-power-systems/hpo/results/marker_directed/stage1_policy_search/marker_directed_policy_search_20260302_112434/runs/cfg_00126_db13b60d05/run_manifest.json,active.candidate_method=lhs;;active.log_every=5;;active.marker.greedy_score_weight=0.7;;active.marker.include_anchor_state_markers=true;;active.marker.k_density=10;;active.marker.pca_explained_variance=0.95;;active.marker.preselect_factor=5;;active.marker.settling_fraction=0.05;;active.marker.weights.diversity=0.4;;active.marker.weights.sparsity=0.4;;qbc_K=64;;qbc_P=2048;;qbc_T=15;;qbc_enable_logging=true;;qbc_n0=64;;qbc_n_test=256,,
marker_directed_sm4_v1,1,marker_directed,SM4,default,stageA_policy,broad_policy_search,/Users/jonaswiendl/local/Repos/ml-surrogates-for-power-systems/hpo/results/marker_directed/stage1_policy_search/marker_directed_policy_search_20260302_112434,cfg_00127_577d0e2220,127,/Users/jonaswiendl/local/Repos/ml-surrogates-for-power-systems/hpo/results/marker_directed/stage1_policy_search/marker_directed_policy_search_20260302_112434/runs/cfg_00127_577d0e2220,,s03,b1024,thesis_marker_hpo_stage1,completed,0,True,final_eval_rmse,minimize,0.00758867507746512,0.00758867507746512,5.758798943134025e-05,25.75818869099021,19.490497960010543,0.0008045389549806714,5.576625691028312,0.6620756379561499,0.0,0.023583388072438538,lhs,5,0.7,true,10,0.95,5,0.05,0.6,0.4,,0.6,4,0.4,0.8556951284408569,0.3313198965469841,0.6703094779480865,0.33638301491737366,0.5085096224984516,0.4644923011245651,0.7325372327213557,0.4651910364627838,320,14,"[956, 1854, 932, 811, 1402, 369, 654, 1995, 1872, 273, 988, 347, 1120, 731, 1194, 915, 1491, 1930, 762, 1513, 1297, 279, 136, 1912, 189, 1438, 1317, 1000, 173, 58, 798, 1476, 781, 443, 73, 1133, 667, 1066, 493, 1983, 1750, 133, 1495, 287, 180, 752, 978, 1999, 1885, 1863, 1583, 1563, 1177, 910, 1507, 413, 929, 154, 1887, 953, 1512, 488, 5, 889]",0.8556951284408569,0.5085096224984516,0.7681276740413068,0.5485641956329346,0.4343908131122589,960,/Users/jonaswiendl/local/Repos/ml-surrogates-for-power-systems/hpo/results/marker_directed/stage1_policy_search/marker_directed_policy_search_20260302_112434/runs/cfg_00127_577d0e2220/qbc/history.jsonl,,,64,2048,15,true,64,256,/Users/jonaswiendl/local/Repos/ml-surrogates-for-power-systems/hpo/results/marker_directed/stage1_policy_search/marker_directed_policy_search_20260302_112434/runs/cfg_00127_577d0e2220/run_manifest.json,active.candidate_method=lhs;;active.log_every=5;;active.marker.greedy_score_weight=0.7;;active.marker.include_anchor_state_markers=true;;active.marker.k_density=10;;active.marker.pca_explained_variance=0.95;;active.marker.preselect_factor=5;;active.marker.settling_fraction=0.05;;active.marker.weights.diversity=0.6;;active.marker.weights.sparsity=0.4;;qbc_K=64;;qbc_P=2048;;qbc_T=15;;qbc_enable_logging=true;;qbc_n0=64;;qbc_n_test=256,,
marker_directed_sm4_v1,1,marker_directed,SM4,default,stageA_policy,broad_policy_search,/Users/jonaswiendl/local/Repos/ml-surrogates-for-power-systems/hpo/results/marker_directed/stage1_policy_search/marker_directed_policy_search_20260302_112434,cfg_00128_3a62a87199,128,/Users/jonaswiendl/local/Repos/ml-surrogates-for-power-systems/hpo/results/marker_directed/stage1_policy_search/marker_directed_policy_search_20260302_112434/runs/cfg_00128_3a62a87199,,s03,b1024,thesis_marker_hpo_stage1,completed,0,True,final_eval_rmse,minimize,0.008221125756185298,0.008221125756185298,6.758690869901329e-05,25.886882056016475,19.644094681018032,0.0008486500009894371,5.546195868984796,0.6666193410055712,0.0,0.024360351031646132,lhs,5,0.7,true,10,0.95,5,0.05,0.8,0.4,,0.6666666666666666,4,0.3333333333333333,0.8670084476470947,0.32973642408645737,0.6673363751555063,0.3573569059371948,0.5098250067525003,0.45809514471531826,0.7259633884420418,0.4854290783405304,320,14,"[956, 1854, 1235, 731, 1402, 1719, 1513, 654, 1872, 762, 386, 1328, 1584, 435, 73, 152, 1709, 212, 1163, 1688, 781, 602, 1251, 448, 327, 173, 0, 811, 1742, 1636, 1066, 1899, 108, 1628, 1904, 1103, 1863, 1463, 311, 851, 1999, 1282, 188, 1073, 611, 1983, 201, 953, 839, 786, 1947, 916, 1453, 1297, 1935, 380, 1259, 384, 1086, 1972, 549, 433, 1994, 690]",0.8670084476470947,0.5098250067525003,0.7542064256721215,0.5705310106277466,0.46140533685684204,960,/Users/jonaswiendl/local/Repos/ml-surrogates-for-power-systems/hpo/results/marker_directed/stage1_policy_search/marker_directed_policy_search_20260302_112434/runs/cfg_00128_3a62a87199/qbc/history.jsonl,,,64,2048,15,true,64,256,/Users/jonaswiendl/local/Repos/ml-surrogates-for-power-systems/hpo/results/marker_directed/stage1_policy_search/marker_directed_policy_search_20260302_112434/runs/cfg_00128_3a62a87199/run_manifest.json,active.candidate_method=lhs;;active.log_every=5;;active.marker.greedy_score_weight=0.7;;active.marker.include_anchor_state_markers=true;;active.marker.k_density=10;;active.marker.pca_explained_variance=0.95;;active.marker.preselect_factor=5;;active.marker.settling_fraction=0.05;;active.marker.weights.diversity=0.8;;active.marker.weights.sparsity=0.4;;qbc_K=64;;qbc_P=2048;;qbc_T=15;;qbc_enable_logging=true;;qbc_n0=64;;qbc_n_test=256,,
marker_directed_sm4_v1,1,marker_directed,SM4,default,stageA_policy,broad_policy_search,/Users/jonaswiendl/local/Repos/ml-surrogates-for-power-systems/hpo/results/marker_directed/stage1_policy_search/marker_directed_policy_search_20260302_112434,cfg_00129_47a86884e6,129,/Users/jonaswiendl/local/Repos/ml-surrogates-for-power-systems/hpo/results/marker_directed/stage1_policy_search/marker_directed_policy_search_20260302_112434/runs/cfg_00129_47a86884e6,,s03,b1024,thesis_marker_hpo_stage1,completed,0,True,final_eval_rmse,minimize,0.007379486505837875,0.007379486505837875,5.445682108984329e-05,25.818690293002874,19.538948219968006,0.0008799339411780238,5.587746197008528,0.6629682530183345,0.0,0.023714151000604033,lhs,5,0.9,true,10,0.95,5,0.05,0.4,0.4,,0.5,4,0.5,0.8843091130256653,0.3325293033139846,0.6738392191359288,0.3833131194114685,0.49133551245980517,0.4561255794195812,0.7271492386535172,0.49217134714126587,320,14,"[1872, 956, 811, 346, 1854, 1853, 73, 1133, 484, 1558, 611, 1103, 1995, 1073, 435, 723, 950, 1489, 1617, 539, 371, 260, 1259, 765, 391, 1719, 731, 179, 1758, 792, 1926, 1954, 134, 1935, 889, 1513, 995, 1235, 961, 412, 842, 1947, 362, 543, 46, 1705, 2016, 1302, 327, 432, 2043, 1227, 493, 1402, 857, 762, 347, 456, 794, 116, 861, 988, 1278, 881]",0.8843091130256653,0.49133551245980517,0.7658289101619883,0.5753076076507568,0.4738302230834961,960,/Users/jonaswiendl/local/Repos/ml-surrogates-for-power-systems/hpo/results/marker_directed/stage1_policy_search/marker_directed_policy_search_20260302_112434/runs/cfg_00129_47a86884e6/qbc/history.jsonl,,,64,2048,15,true,64,256,/Users/jonaswiendl/local/Repos/ml-surrogates-for-power-systems/hpo/results/marker_directed/stage1_policy_search/marker_directed_policy_search_20260302_112434/runs/cfg_00129_47a86884e6/run_manifest.json,active.candidate_method=lhs;;active.log_every=5;;active.marker.greedy_score_weight=0.9;;active.marker.include_anchor_state_markers=true;;active.marker.k_density=10;;active.marker.pca_explained_variance=0.95;;active.marker.preselect_factor=5;;active.marker.settling_fraction=0.05;;active.marker.weights.diversity=0.4;;active.marker.weights.sparsity=0.4;;qbc_K=64;;qbc_P=2048;;qbc_T=15;;qbc_enable_logging=true;;qbc_n0=64;;qbc_n_test=256,,
marker_directed_sm4_v1,1,marker_directed,SM4,default,stageA_policy,broad_policy_search,/Users/jonaswiendl/local/Repos/ml-surrogates-for-power-systems/hpo/results/marker_directed/stage1_policy_search/marker_directed_policy_search_20260302_112434,cfg_00130_e7828c616e,130,/Users/jonaswiendl/local/Repos/ml-surrogates-for-power-systems/hpo/results/marker_directed/stage1_policy_search/marker_directed_policy_search_20260302_112434/runs/cfg_00130_e7828c616e,,s03,b1024,thesis_marker_hpo_stage1,completed,0,True,final_eval_rmse,minimize,0.0074833607654651284,0.0074833607654651284,5.6000688346102834e-05,25.78164592490066,19.543971039936878,0.0008407130371779203,5.543505792040378,0.6638424599077553,0.0,0.024691400001756847,lhs,5,0.9,true,10,0.95,5,0.05,0.6,0.4,,0.6,4,0.4,0.8494747281074524,0.33038444485421176,0.672739094175266,0.36889326572418213,0.5157710681949168,0.4590860687766709,0.7254780684651538,0.4894111156463623,320,14,"[956, 1854, 1983, 346, 1872, 1402, 1952, 1133, 920, 611, 1248, 602, 1954, 1995, 919, 1310, 1563, 1560, 658, 1768, 760, 1045, 1660, 260, 1399, 1912, 1280, 1534, 1419, 2043, 1513, 1235, 1449, 1334, 31, 1963, 372, 107, 333, 792, 1881, 756, 1302, 1505, 762, 916, 781, 2031, 1483, 362, 295, 1882, 1356, 1194, 1714, 1138, 566, 1066, 654, 908, 73, 1185, 1584, 1537]",0.8494747281074524,0.5157710681949168,0.746396719750885,0.5721573829650879,0.46454083919525146,960,/Users/jonaswiendl/local/Repos/ml-surrogates-for-power-systems/hpo/results/marker_directed/stage1_policy_search/marker_directed_policy_search_20260302_112434/runs/cfg_00130_e7828c616e/qbc/history.jsonl,,,64,2048,15,true,64,256,/Users/jonaswiendl/local/Repos/ml-surrogates-for-power-systems/hpo/results/marker_directed/stage1_policy_search/marker_directed_policy_search_20260302_112434/runs/cfg_00130_e7828c616e/run_manifest.json,active.candidate_method=lhs;;active.log_every=5;;active.marker.greedy_score_weight=0.9;;active.marker.include_anchor_state_markers=true;;active.marker.k_density=10;;active.marker.pca_explained_variance=0.95;;active.marker.preselect_factor=5;;active.marker.settling_fraction=0.05;;active.marker.weights.diversity=0.6;;active.marker.weights.sparsity=0.4;;qbc_K=64;;qbc_P=2048;;qbc_T=15;;qbc_enable_logging=true;;qbc_n0=64;;qbc_n_test=256,,
marker_directed_sm4_v1,1,marker_directed,SM4,default,stageA_policy,broad_policy_search,/Users/jonaswiendl/local/Repos/ml-surrogates-for-power-systems/hpo/results/marker_directed/stage1_policy_search/marker_directed_policy_search_20260302_112434,cfg_00131_27c7b61c29,131,/Users/jonaswiendl/local/Repos/ml-surrogates-for-power-systems/hpo/results/marker_directed/stage1_policy_search/marker_directed_policy_search_20260302_112434/runs/cfg_00131_27c7b61c29,,s03,b1024,thesis_marker_hpo_stage1,completed,0,True,final_eval_rmse,minimize,0.007911990664580796,0.007911990664580796,6.259959627641365e-05,25.68298801104538,19.37495978595689,0.000810340978205204,5.612486517056823,0.667176784016192,0.0,0.02297076105605811,lhs,5,0.9,true,10,0.95,5,0.05,0.8,0.4,,0.6666666666666666,4,0.3333333333333333,0.8734196424484253,0.3369818638465704,0.6762537821259602,0.37909963726997375,0.5275578308533014,0.46263358882319705,0.7328502700537596,0.5070735216140747,320,14,"[956, 1854, 955, 994, 154, 1872, 1513, 1853, 989, 611, 1806, 1068, 279, 1195, 942, 1204, 1317, 723, 1636, 1282, 792, 1983, 1768, 1660, 920, 2007, 1584, 696, 1259, 134, 1048, 1534, 386, 1129, 1401, 191, 711, 1103, 598, 806, 1563, 1235, 839, 487, 448, 1479, 644, 1315, 1675, 1968, 732, 380, 35, 1863, 1402, 1066, 1954, 1483, 654, 2043, 346, 362, 960, 488]",0.8734196424484253,0.5275578308533014,0.751367602445676,0.5965595245361328,0.5126611590385437,960,/Users/jonaswiendl/local/Repos/ml-surrogates-for-power-systems/hpo/results/marker_directed/stage1_policy_search/marker_directed_policy_search_20260302_112434/runs/cfg_00131_27c7b61c29/qbc/history.jsonl,,,64,2048,15,true,64,256,/Users/jonaswiendl/local/Repos/ml-surrogates-for-power-systems/hpo/results/marker_directed/stage1_policy_search/marker_directed_policy_search_20260302_112434/runs/cfg_00131_27c7b61c29/run_manifest.json,active.candidate_method=lhs;;active.log_every=5;;active.marker.greedy_score_weight=0.9;;active.marker.include_anchor_state_markers=true;;active.marker.k_density=10;;active.marker.pca_explained_variance=0.95;;active.marker.preselect_factor=5;;active.marker.settling_fraction=0.05;;active.marker.weights.diversity=0.8;;active.marker.weights.sparsity=0.4;;qbc_K=64;;qbc_P=2048;;qbc_T=15;;qbc_enable_logging=true;;qbc_n0=64;;qbc_n_test=256,,
marker_directed_sm4_v1,1,marker_directed,SM4,default,stageA_policy,broad_policy_search,/Users/jonaswiendl/local/Repos/ml-surrogates-for-power-systems/hpo/results/marker_directed/stage1_policy_search/marker_directed_policy_search_20260302_112434,cfg_00132_4cda50ebcf,132,/Users/jonaswiendl/local/Repos/ml-surrogates-for-power-systems/hpo/results/marker_directed/stage1_policy_search/marker_directed_policy_search_20260302_112434/runs/cfg_00132_4cda50ebcf,,s03,b1024,thesis_marker_hpo_stage1,completed,0,True,final_eval_rmse,minimize,0.010560065634344093,0.010560065634344093,0.00011151498620165512,25.763552280026488,19.563488117069937,0.0008280860492959619,5.594963550101966,0.576979921082966,0.0,0.022494836011901498,lhs,5,0.7,true,20,0.95,3,0.05,0.4,0.4,,0.5,4,0.5,0.8061879277229309,0.3297963500006261,0.8405094692893916,0.3027613162994385,0.47176313987988117,0.4625617196551594,0.8971608827795657,0.4103345572948456,192,14,"[1854, 481, 988, 475, 731, 1853, 944, 1719, 185, 1872, 1768, 654, 108, 1995, 889, 90, 679, 798, 327, 435, 1734, 152, 1513, 1302, 160, 331, 173, 1839, 956, 955, 58, 1498, 179, 1875, 1930, 933, 1912, 1181, 1284, 811, 1753, 347, 896, 339, 73, 769, 1096, 1855, 116, 1025, 1851, 573, 1705, 1069, 1146, 1961, 1584, 1496, 321, 1395, 543, 1852, 1000, 669]",0.8061879277229309,0.47176313987988117,0.9348567882829036,0.48569032549858093,0.4132399559020996,960,/Users/jonaswiendl/local/Repos/ml-surrogates-for-power-systems/hpo/results/marker_directed/stage1_policy_search/marker_directed_policy_search_20260302_112434/runs/cfg_00132_4cda50ebcf/qbc/history.jsonl,,,64,2048,15,true,64,256,/Users/jonaswiendl/local/Repos/ml-surrogates-for-power-systems/hpo/results/marker_directed/stage1_policy_search/marker_directed_policy_search_20260302_112434/runs/cfg_00132_4cda50ebcf/run_manifest.json,active.candidate_method=lhs;;active.log_every=5;;active.marker.greedy_score_weight=0.7;;active.marker.include_anchor_state_markers=true;;active.marker.k_density=20;;active.marker.pca_explained_variance=0.95;;active.marker.preselect_factor=3;;active.marker.settling_fraction=0.05;;active.marker.weights.diversity=0.4;;active.marker.weights.sparsity=0.4;;qbc_K=64;;qbc_P=2048;;qbc_T=15;;qbc_enable_logging=true;;qbc_n0=64;;qbc_n_test=256,,
marker_directed_sm4_v1,1,marker_directed,SM4,default,stageA_policy,broad_policy_search,/Users/jonaswiendl/local/Repos/ml-surrogates-for-power-systems/hpo/results/marker_directed/stage1_policy_search/marker_directed_policy_search_20260302_112434,cfg_00133_590eabf8b9,133,/Users/jonaswiendl/local/Repos/ml-surrogates-for-power-systems/hpo/results/marker_directed/stage1_policy_search/marker_directed_policy_search_20260302_112434/runs/cfg_00133_590eabf8b9,,s03,b1024,thesis_marker_hpo_stage1,completed,0,True,final_eval_rmse,minimize,0.007627651969272404,0.007627651969272404,5.818107456434518e-05,25.738975284970365,19.571534818038344,0.0008226509671658278,5.557314469944686,0.5795664860634133,0.0,0.025370314018800855,lhs,5,0.7,true,20,0.95,3,0.05,0.6,0.4,,0.6,4,0.4,0.833527147769928,0.33474022940993303,0.8401680597080724,0.3402087688446045,0.4806854118096631,0.46144839656628955,0.9039437588749116,0.4586041569709778,192,14,"[1872, 481, 573, 1402, 731, 1177, 1667, 1997, 1467, 1498, 1317, 654, 1995, 956, 769, 1854, 1491, 798, 521, 152, 327, 1307, 1580, 1615, 477, 1146, 435, 431, 73, 108, 1009, 861, 711, 190, 806, 811, 347, 1390, 260, 1863, 34, 1103, 1591, 988, 960, 889, 1387, 611, 57, 771, 1259, 760, 1991, 1784, 1912, 5, 669, 92, 1853, 1133, 1754, 1560, 173, 154]",0.833527147769928,0.4806854118096631,0.9457859953482091,0.5374264121055603,0.463781476020813,960,/Users/jonaswiendl/local/Repos/ml-surrogates-for-power-systems/hpo/results/marker_directed/stage1_policy_search/marker_directed_policy_search_20260302_112434/runs/cfg_00133_590eabf8b9/qbc/history.jsonl,,,64,2048,15,true,64,256,/Users/jonaswiendl/local/Repos/ml-surrogates-for-power-systems/hpo/results/marker_directed/stage1_policy_search/marker_directed_policy_search_20260302_112434/runs/cfg_00133_590eabf8b9/run_manifest.json,active.candidate_method=lhs;;active.log_every=5;;active.marker.greedy_score_weight=0.7;;active.marker.include_anchor_state_markers=true;;active.marker.k_density=20;;active.marker.pca_explained_variance=0.95;;active.marker.preselect_factor=3;;active.marker.settling_fraction=0.05;;active.marker.weights.diversity=0.6;;active.marker.weights.sparsity=0.4;;qbc_K=64;;qbc_P=2048;;qbc_T=15;;qbc_enable_logging=true;;qbc_n0=64;;qbc_n_test=256,,
marker_directed_sm4_v1,1,marker_directed,SM4,default,stageA_policy,broad_policy_search,/Users/jonaswiendl/local/Repos/ml-surrogates-for-power-systems/hpo/results/marker_directed/stage1_policy_search/marker_directed_policy_search_20260302_112434,cfg_00134_dbd5a2f190,134,/Users/jonaswiendl/local/Repos/ml-surrogates-for-power-systems/hpo/results/marker_directed/stage1_policy_search/marker_directed_policy_search_20260302_112434/runs/cfg_00134_dbd5a2f190,,s03,b1024,thesis_marker_hpo_stage1,completed,0,True,final_eval_rmse,minimize,0.007206484885281831,0.007206484885281831,5.193342440179549e-05,25.753158343024552,19.595228045945987,0.0007897730683907866,5.552425222937018,0.5745834350818768,0.0,0.025629948009736836,lhs,5,0.7,true,20,0.95,3,0.05,0.8,0.4,,0.6666666666666666,4,0.3333333333333333,0.8201243281364441,0.3304396932660496,0.8403877087816503,0.34755730628967285,0.4998369040479505,0.4581439283867633,0.904423459286546,0.4712769091129303,192,14,"[956, 1854, 171, 940, 1040, 101, 1853, 1248, 654, 1872, 1695, 824, 960, 347, 1259, 811, 411, 1973, 1832, 731, 988, 1597, 1863, 1869, 723, 944, 693, 738, 1761, 1560, 1733, 2004, 1977, 435, 470, 989, 352, 916, 1995, 58, 456, 260, 217, 2003, 611, 781, 1983, 152, 1402, 1935, 1968, 283, 1154, 1584, 889, 1177, 1246, 953, 536, 414, 1235, 488, 1997, 134]",0.8201243281364441,0.4998369040479505,0.936643033724776,0.5535809397697449,0.4762380123138428,960,/Users/jonaswiendl/local/Repos/ml-surrogates-for-power-systems/hpo/results/marker_directed/stage1_policy_search/marker_directed_policy_search_20260302_112434/runs/cfg_00134_dbd5a2f190/qbc/history.jsonl,,,64,2048,15,true,64,256,/Users/jonaswiendl/local/Repos/ml-surrogates-for-power-systems/hpo/results/marker_directed/stage1_policy_search/marker_directed_policy_search_20260302_112434/runs/cfg_00134_dbd5a2f190/run_manifest.json,active.candidate_method=lhs;;active.log_every=5;;active.marker.greedy_score_weight=0.7;;active.marker.include_anchor_state_markers=true;;active.marker.k_density=20;;active.marker.pca_explained_variance=0.95;;active.marker.preselect_factor=3;;active.marker.settling_fraction=0.05;;active.marker.weights.diversity=0.8;;active.marker.weights.sparsity=0.4;;qbc_K=64;;qbc_P=2048;;qbc_T=15;;qbc_enable_logging=true;;qbc_n0=64;;qbc_n_test=256,,
marker_directed_sm4_v1,1,marker_directed,SM4,default,stageA_policy,broad_policy_search,/Users/jonaswiendl/local/Repos/ml-surrogates-for-power-systems/hpo/results/marker_directed/stage1_policy_search/marker_directed_policy_search_20260302_112434,cfg_00135_ada9f68c49,135,/Users/jonaswiendl/local/Repos/ml-surrogates-for-power-systems/hpo/results/marker_directed/stage1_policy_search/marker_directed_policy_search_20260302_112434/runs/cfg_00135_ada9f68c49,,s03,b1024,thesis_marker_hpo_stage1,completed,0,True,final_eval_rmse,minimize,0.008368837235336522,0.008368837235336522,7.003743667155504e-05,25.590701451990753,19.43591599003412,0.0008112040814012289,5.540330737014301,0.5847638539271429,0.0,0.024310456006787717,lhs,5,0.9,true,20,0.95,3,0.05,0.4,0.4,,0.5,4,0.5,0.8398312330245972,0.3337299553417468,0.8464295004218507,0.35134321451187134,0.5038456494986812,0.465864693523365,0.9006910974758451,0.45506972074508667,192,14,"[1872, 956, 73, 1133, 1854, 994, 1995, 1393, 134, 1317, 1983, 1882, 435, 371, 810, 611, 889, 920, 15, 294, 1734, 1571, 1235, 1719, 1806, 861, 1463, 1402, 362, 1660, 797, 625, 1015, 1307, 1261, 1911, 760, 1717, 2016, 1089, 1513, 988, 1297, 955, 195, 536, 1935, 602, 1855, 723, 1328, 626, 1164, 5, 331, 110, 781, 1498, 967, 160, 839, 910, 327, 1667]",0.8398312330245972,0.5038456494986812,0.9278867546446659,0.5434962511062622,0.46602511405944824,960,/Users/jonaswiendl/local/Repos/ml-surrogates-for-power-systems/hpo/results/marker_directed/stage1_policy_search/marker_directed_policy_search_20260302_112434/runs/cfg_00135_ada9f68c49/qbc/history.jsonl,,,64,2048,15,true,64,256,/Users/jonaswiendl/local/Repos/ml-surrogates-for-power-systems/hpo/results/marker_directed/stage1_policy_search/marker_directed_policy_search_20260302_112434/runs/cfg_00135_ada9f68c49/run_manifest.json,active.candidate_method=lhs;;active.log_every=5;;active.marker.greedy_score_weight=0.9;;active.marker.include_anchor_state_markers=true;;active.marker.k_density=20;;active.marker.pca_explained_variance=0.95;;active.marker.preselect_factor=3;;active.marker.settling_fraction=0.05;;active.marker.weights.diversity=0.4;;active.marker.weights.sparsity=0.4;;qbc_K=64;;qbc_P=2048;;qbc_T=15;;qbc_enable_logging=true;;qbc_n0=64;;qbc_n_test=256,,
marker_directed_sm4_v1,1,marker_directed,SM4,default,stageA_policy,broad_policy_search,/Users/jonaswiendl/local/Repos/ml-surrogates-for-power-systems/hpo/results/marker_directed/stage1_policy_search/marker_directed_policy_search_20260302_112434,cfg_00136_6a2a6dbd08,136,/Users/jonaswiendl/local/Repos/ml-surrogates-for-power-systems/hpo/results/marker_directed/stage1_policy_search/marker_directed_policy_search_20260302_112434/runs/cfg_00136_6a2a6dbd08,,s03,b1024,thesis_marker_hpo_stage1,completed,0,True,final_eval_rmse,minimize,0.007070913631744367,0.007070913631744367,4.999781958758831e-05,25.711303152958862,19.541018360992894,0.0007975050248205662,5.55841303197667,0.5841515749925748,0.0,0.022508506081067026,lhs,5,0.9,true,20,0.95,3,0.05,0.6,0.4,,0.6,4,0.4,0.7996019124984741,0.33422060429451644,0.8459133032376318,0.34845343232154846,0.497796154900901,0.46580805030171746,0.9070331255633743,0.466106653213501,192,14,"[1872, 956, 73, 1133, 1393, 811, 658, 1854, 1853, 1479, 1399, 611, 1995, 435, 108, 1282, 955, 185, 1709, 821, 371, 1310, 1863, 792, 171, 1449, 1843, 545, 1660, 1227, 2031, 134, 2017, 1641, 1681, 1865, 1463, 1912, 889, 861, 260, 1513, 723, 1, 362, 1584, 1652, 1719, 994, 1496, 1855, 47, 1040, 31, 1671, 988, 1591, 679, 990, 279, 1402, 960, 1983, 414]",0.7996019124984741,0.497796154900901,0.9452200970515972,0.5489354133605957,0.4707809388637543,960,/Users/jonaswiendl/local/Repos/ml-surrogates-for-power-systems/hpo/results/marker_directed/stage1_policy_search/marker_directed_policy_search_20260302_112434/runs/cfg_00136_6a2a6dbd08/qbc/history.jsonl,,,64,2048,15,true,64,256,/Users/jonaswiendl/local/Repos/ml-surrogates-for-power-systems/hpo/results/marker_directed/stage1_policy_search/marker_directed_policy_search_20260302_112434/runs/cfg_00136_6a2a6dbd08/run_manifest.json,active.candidate_method=lhs;;active.log_every=5;;active.marker.greedy_score_weight=0.9;;active.marker.include_anchor_state_markers=true;;active.marker.k_density=20;;active.marker.pca_explained_variance=0.95;;active.marker.preselect_factor=3;;active.marker.settling_fraction=0.05;;active.marker.weights.diversity=0.6;;active.marker.weights.sparsity=0.4;;qbc_K=64;;qbc_P=2048;;qbc_T=15;;qbc_enable_logging=true;;qbc_n0=64;;qbc_n_test=256,,
marker_directed_sm4_v1,1,marker_directed,SM4,default,stageA_policy,broad_policy_search,/Users/jonaswiendl/local/Repos/ml-surrogates-for-power-systems/hpo/results/marker_directed/stage1_policy_search/marker_directed_policy_search_20260302_112434,cfg_00137_650bb3c768,137,/Users/jonaswiendl/local/Repos/ml-surrogates-for-power-systems/hpo/results/marker_directed/stage1_policy_search/marker_directed_policy_search_20260302_112434/runs/cfg_00137_650bb3c768,,s03,b1024,thesis_marker_hpo_stage1,completed,0,True,final_eval_rmse,minimize,0.007818493555681953,0.007818493555681953,6.112884148024023e-05,25.75646327494178,19.557255587074906,0.0008014090126380324,5.586509309941903,0.582272419007495,0.0,0.02499330195132643,lhs,5,0.9,true,20,0.95,3,0.05,0.8,0.4,,0.6666666666666666,4,0.3333333333333333,0.8160367012023926,0.33164864217572665,0.841980914257426,0.3475428819656372,0.5113587545621783,0.4569419934950168,0.9100494900383307,0.471731036901474,192,14,"[956, 1854, 932, 811, 1872, 134, 1584, 1393, 1995, 731, 1194, 265, 781, 1563, 1912, 1983, 435, 1449, 1859, 654, 1660, 1560, 61, 1133, 372, 1045, 59, 1259, 1325, 1310, 453, 38, 1719, 2016, 2034, 970, 1695, 362, 179, 354, 1853, 152, 1855, 1280, 543, 1736, 1496, 1402, 1456, 1246, 549, 1591, 190, 1513, 35, 960, 908, 195, 217, 442, 333, 1851, 1583, 1235]",0.8160367012023926,0.5113587545621783,0.9323164948149492,0.5664774179458618,0.47989726066589355,960,/Users/jonaswiendl/local/Repos/ml-surrogates-for-power-systems/hpo/results/marker_directed/stage1_policy_search/marker_directed_policy_search_20260302_112434/runs/cfg_00137_650bb3c768/qbc/history.jsonl,,,64,2048,15,true,64,256,/Users/jonaswiendl/local/Repos/ml-surrogates-for-power-systems/hpo/results/marker_directed/stage1_policy_search/marker_directed_policy_search_20260302_112434/runs/cfg_00137_650bb3c768/run_manifest.json,active.candidate_method=lhs;;active.log_every=5;;active.marker.greedy_score_weight=0.9;;active.marker.include_anchor_state_markers=true;;active.marker.k_density=20;;active.marker.pca_explained_variance=0.95;;active.marker.preselect_factor=3;;active.marker.settling_fraction=0.05;;active.marker.weights.diversity=0.8;;active.marker.weights.sparsity=0.4;;qbc_K=64;;qbc_P=2048;;qbc_T=15;;qbc_enable_logging=true;;qbc_n0=64;;qbc_n_test=256,,
marker_directed_sm4_v1,1,marker_directed,SM4,default,stageA_policy,broad_policy_search,/Users/jonaswiendl/local/Repos/ml-surrogates-for-power-systems/hpo/results/marker_directed/stage1_policy_search/marker_directed_policy_search_20260302_112434,cfg_00138_422c20a8c0,138,/Users/jonaswiendl/local/Repos/ml-surrogates-for-power-systems/hpo/results/marker_directed/stage1_policy_search/marker_directed_policy_search_20260302_112434/runs/cfg_00138_422c20a8c0,,s03,b1024,thesis_marker_hpo_stage1,completed,0,True,final_eval_rmse,minimize,0.006873355947538133,0.006873355947538133,4.724302198155783e-05,25.902525973971933,19.656414986005984,0.0008041829569265246,5.555612851982005,0.6613953839987516,0.0,0.023901789914816618,lhs,5,0.7,true,20,0.95,5,0.05,0.4,0.4,,0.5,4,0.5,0.8411086797714233,0.33067536930755426,0.838502319534075,0.310626357793808,0.4809222009535323,0.46600529043186434,0.8915338100187638,0.4181812107563019,320,14,"[1872, 481, 573, 1402, 73, 762, 1326, 1457, 31, 1995, 1854, 1467, 956, 1193, 1768, 1069, 1248, 611, 347, 327, 549, 731, 435, 1555, 955, 792, 136, 1146, 371, 1073, 1885, 626, 314, 1303, 210, 105, 1924, 2020, 345, 889, 863, 755, 1687, 1863, 942, 339, 1048, 810, 1734, 654, 133, 134, 1513, 1449, 458, 1566, 1216, 1947, 932, 1853, 781, 1181, 988, 1186]",0.8411086797714233,0.4809222009535323,0.9354452162051915,0.5024828910827637,0.3967014253139496,960,/Users/jonaswiendl/local/Repos/ml-surrogates-for-power-systems/hpo/results/marker_directed/stage1_policy_search/marker_directed_policy_search_20260302_112434/runs/cfg_00138_422c20a8c0/qbc/history.jsonl,,,64,2048,15,true,64,256,/Users/jonaswiendl/local/Repos/ml-surrogates-for-power-systems/hpo/results/marker_directed/stage1_policy_search/marker_directed_policy_search_20260302_112434/runs/cfg_00138_422c20a8c0/run_manifest.json,active.candidate_method=lhs;;active.log_every=5;;active.marker.greedy_score_weight=0.7;;active.marker.include_anchor_state_markers=true;;active.marker.k_density=20;;active.marker.pca_explained_variance=0.95;;active.marker.preselect_factor=5;;active.marker.settling_fraction=0.05;;active.marker.weights.diversity=0.4;;active.marker.weights.sparsity=0.4;;qbc_K=64;;qbc_P=2048;;qbc_T=15;;qbc_enable_logging=true;;qbc_n0=64;;qbc_n_test=256,,
marker_directed_sm4_v1,1,marker_directed,SM4,default,stageA_policy,broad_policy_search,/Users/jonaswiendl/local/Repos/ml-surrogates-for-power-systems/hpo/results/marker_directed/stage1_policy_search/marker_directed_policy_search_20260302_112434,cfg_00139_bc8f3e69ae,139,/Users/jonaswiendl/local/Repos/ml-surrogates-for-power-systems/hpo/results/marker_directed/stage1_policy_search/marker_directed_policy_search_20260302_112434/runs/cfg_00139_bc8f3e69ae,,s03,b1024,thesis_marker_hpo_stage1,completed,0,True,final_eval_rmse,minimize,0.007091055880886313,0.007091055880886313,5.028307350585237e-05,26.09044893004466,19.766947333933786,0.0008468739688396454,5.623587015084922,0.67061700404156,0.0,0.02387765096500516,lhs,5,0.7,true,20,0.95,5,0.05,0.6,0.4,,0.6,4,0.4,0.8402940034866333,0.3303515498452795,0.8351413468269449,0.33979612588882446,0.4905764553847922,0.4661870738750386,0.8908025440969914,0.4686814546585083,320,14,"[1872, 956, 171, 429, 1402, 1326, 372, 1338, 654, 1317, 1069, 1854, 1947, 1995, 731, 762, 435, 1647, 1491, 1086, 2021, 2030, 988, 1906, 1504, 1467, 73, 194, 347, 447, 1580, 124, 781, 260, 1259, 969, 105, 944, 1194, 217, 1496, 1935, 566, 101, 935, 327, 1374, 371, 1636, 1839, 889, 1204, 1026, 1667, 1983, 477, 1566, 173, 5, 1133, 243, 953, 743, 910]",0.8402940034866333,0.4905764553847922,0.9248183274134993,0.541936993598938,0.4419715702533722,960,/Users/jonaswiendl/local/Repos/ml-surrogates-for-power-systems/hpo/results/marker_directed/stage1_policy_search/marker_directed_policy_search_20260302_112434/runs/cfg_00139_bc8f3e69ae/qbc/history.jsonl,,,64,2048,15,true,64,256,/Users/jonaswiendl/local/Repos/ml-surrogates-for-power-systems/hpo/results/marker_directed/stage1_policy_search/marker_directed_policy_search_20260302_112434/runs/cfg_00139_bc8f3e69ae/run_manifest.json,active.candidate_method=lhs;;active.log_every=5;;active.marker.greedy_score_weight=0.7;;active.marker.include_anchor_state_markers=true;;active.marker.k_density=20;;active.marker.pca_explained_variance=0.95;;active.marker.preselect_factor=5;;active.marker.settling_fraction=0.05;;active.marker.weights.diversity=0.6;;active.marker.weights.sparsity=0.4;;qbc_K=64;;qbc_P=2048;;qbc_T=15;;qbc_enable_logging=true;;qbc_n0=64;;qbc_n_test=256,,
marker_directed_sm4_v1,1,marker_directed,SM4,default,stageA_policy,broad_policy_search,/Users/jonaswiendl/local/Repos/ml-surrogates-for-power-systems/hpo/results/marker_directed/stage1_policy_search/marker_directed_policy_search_20260302_112434,cfg_00140_161ef97d68,140,/Users/jonaswiendl/local/Repos/ml-surrogates-for-power-systems/hpo/results/marker_directed/stage1_policy_search/marker_directed_policy_search_20260302_112434/runs/cfg_00140_161ef97d68,,s03,b1024,thesis_marker_hpo_stage1,completed,0,True,final_eval_rmse,minimize,0.009148451329641451,0.009148451329641451,8.369416173081845e-05,26.019374742056243,19.751554275047965,0.0008257461013272405,5.566178370034322,0.6706850039772689,0.0,0.025472412002272904,lhs,5,0.7,true,20,0.95,5,0.05,0.8,0.4,,0.6666666666666666,4,0.3333333333333333,0.8320323824882507,0.3280712036954295,0.8336968387963657,0.3407428562641144,0.4982155654447379,0.4609997738500754,0.8931775599849453,0.4719249904155731,320,14,"[956, 1854, 2006, 1402, 731, 1040, 1719, 1399, 920, 654, 484, 1872, 1326, 940, 1302, 1216, 1930, 212, 184, 435, 73, 1798, 891, 1536, 1467, 133, 1182, 333, 331, 744, 1194, 1235, 1995, 347, 1809, 781, 668, 339, 379, 1863, 1133, 2030, 1048, 5, 910, 1855, 1960, 1073, 1684, 488, 811, 108, 1060, 1000, 189, 953, 1022, 1753, 521, 1491, 889, 1808, 1237, 709]",0.8320323824882507,0.4982155654447379,0.9183923049277335,0.5465164184570312,0.4484895169734955,960,/Users/jonaswiendl/local/Repos/ml-surrogates-for-power-systems/hpo/results/marker_directed/stage1_policy_search/marker_directed_policy_search_20260302_112434/runs/cfg_00140_161ef97d68/qbc/history.jsonl,,,64,2048,15,true,64,256,/Users/jonaswiendl/local/Repos/ml-surrogates-for-power-systems/hpo/results/marker_directed/stage1_policy_search/marker_directed_policy_search_20260302_112434/runs/cfg_00140_161ef97d68/run_manifest.json,active.candidate_method=lhs;;active.log_every=5;;active.marker.greedy_score_weight=0.7;;active.marker.include_anchor_state_markers=true;;active.marker.k_density=20;;active.marker.pca_explained_variance=0.95;;active.marker.preselect_factor=5;;active.marker.settling_fraction=0.05;;active.marker.weights.diversity=0.8;;active.marker.weights.sparsity=0.4;;qbc_K=64;;qbc_P=2048;;qbc_T=15;;qbc_enable_logging=true;;qbc_n0=64;;qbc_n_test=256,,
marker_directed_sm4_v1,1,marker_directed,SM4,default,stageA_policy,broad_policy_search,/Users/jonaswiendl/local/Repos/ml-surrogates-for-power-systems/hpo/results/marker_directed/stage1_policy_search/marker_directed_policy_search_20260302_112434,cfg_00141_ca86c0963c,141,/Users/jonaswiendl/local/Repos/ml-surrogates-for-power-systems/hpo/results/marker_directed/stage1_policy_search/marker_directed_policy_search_20260302_112434/runs/cfg_00141_ca86c0963c,,s03,b1024,thesis_marker_hpo_stage1,completed,0,True,final_eval_rmse,minimize,0.008954108643599207,0.008954108643599207,8.017606160137802e-05,25.856467475998215,19.51378018502146,0.000824499991722405,5.64209750900045,0.6730576730333269,0.0,0.02232233399990946,lhs,5,0.9,true,20,0.95,5,0.05,0.4,0.4,,0.5,4,0.5,0.8689006567001343,0.33677759432720356,0.8481243664661299,0.36485353112220764,0.49166618529213046,0.4660185469081861,0.8986677751703057,0.46303054690361023,320,14,"[1872, 956, 73, 1854, 1133, 1615, 1983, 1995, 134, 1255, 1926, 185, 611, 86, 723, 889, 1449, 821, 1636, 1709, 314, 731, 955, 435, 279, 1806, 1688, 1454, 299, 1734, 1882, 1584, 362, 1761, 371, 1548, 283, 617, 988, 832, 1402, 625, 431, 595, 781, 85, 1259, 498, 798, 908, 1855, 171, 1496, 917, 212, 125, 903, 771, 932, 1192, 1881, 1086, 760, 108]",0.8689006567001343,0.49166618529213046,0.9260396048802925,0.542354941368103,0.4556029736995697,960,/Users/jonaswiendl/local/Repos/ml-surrogates-for-power-systems/hpo/results/marker_directed/stage1_policy_search/marker_directed_policy_search_20260302_112434/runs/cfg_00141_ca86c0963c/qbc/history.jsonl,,,64,2048,15,true,64,256,/Users/jonaswiendl/local/Repos/ml-surrogates-for-power-systems/hpo/results/marker_directed/stage1_policy_search/marker_directed_policy_search_20260302_112434/runs/cfg_00141_ca86c0963c/run_manifest.json,active.candidate_method=lhs;;active.log_every=5;;active.marker.greedy_score_weight=0.9;;active.marker.include_anchor_state_markers=true;;active.marker.k_density=20;;active.marker.pca_explained_variance=0.95;;active.marker.preselect_factor=5;;active.marker.settling_fraction=0.05;;active.marker.weights.diversity=0.4;;active.marker.weights.sparsity=0.4;;qbc_K=64;;qbc_P=2048;;qbc_T=15;;qbc_enable_logging=true;;qbc_n0=64;;qbc_n_test=256,,
marker_directed_sm4_v1,1,marker_directed,SM4,default,stageA_policy,broad_policy_search,/Users/jonaswiendl/local/Repos/ml-surrogates-for-power-systems/hpo/results/marker_directed/stage1_policy_search/marker_directed_policy_search_20260302_112434,cfg_00142_d1ca0ade8f,142,/Users/jonaswiendl/local/Repos/ml-surrogates-for-power-systems/hpo/results/marker_directed/stage1_policy_search/marker_directed_policy_search_20260302_112434/runs/cfg_00142_d1ca0ade8f,,s03,b1024,thesis_marker_hpo_stage1,completed,0,True,final_eval_rmse,minimize,0.008846956961856828,0.008846956961856828,7.8268647484947e-05,26.043848360073753,19.71532998001203,0.0008015540661290288,5.634198965970427,0.664660239010118,0.0,0.024273111019283533,lhs,5,0.9,true,20,0.95,5,0.05,0.6,0.4,,0.6,4,0.4,0.8318624496459961,0.33121088510304547,0.8400985100644229,0.3504876494407654,0.5007426513436597,0.45593730567940377,0.8983300518933579,0.46845826506614685,320,14,"[956, 1854, 932, 811, 1872, 134, 371, 1584, 1882, 648, 1534, 602, 493, 955, 1995, 431, 654, 59, 1930, 1897, 833, 1853, 1133, 731, 90, 1580, 723, 685, 69, 437, 1825, 1248, 889, 2004, 1920, 260, 181, 1272, 171, 1911, 1863, 781, 626, 1563, 73, 1402, 1589, 762, 1496, 362, 1060, 1660, 499, 1641, 223, 1463, 1983, 760, 1750, 988, 2009, 346, 110, 1141]",0.8318624496459961,0.5007426513436597,0.925638468117471,0.5602715611457825,0.4560993015766144,960,/Users/jonaswiendl/local/Repos/ml-surrogates-for-power-systems/hpo/results/marker_directed/stage1_policy_search/marker_directed_policy_search_20260302_112434/runs/cfg_00142_d1ca0ade8f/qbc/history.jsonl,,,64,2048,15,true,64,256,/Users/jonaswiendl/local/Repos/ml-surrogates-for-power-systems/hpo/results/marker_directed/stage1_policy_search/marker_directed_policy_search_20260302_112434/runs/cfg_00142_d1ca0ade8f/run_manifest.json,active.candidate_method=lhs;;active.log_every=5;;active.marker.greedy_score_weight=0.9;;active.marker.include_anchor_state_markers=true;;active.marker.k_density=20;;active.marker.pca_explained_variance=0.95;;active.marker.preselect_factor=5;;active.marker.settling_fraction=0.05;;active.marker.weights.diversity=0.6;;active.marker.weights.sparsity=0.4;;qbc_K=64;;qbc_P=2048;;qbc_T=15;;qbc_enable_logging=true;;qbc_n0=64;;qbc_n_test=256,,
marker_directed_sm4_v1,1,marker_directed,SM4,default,stageA_policy,broad_policy_search,/Users/jonaswiendl/local/Repos/ml-surrogates-for-power-systems/hpo/results/marker_directed/stage1_policy_search/marker_directed_policy_search_20260302_112434,cfg_00143_72e7b1bdf4,143,/Users/jonaswiendl/local/Repos/ml-surrogates-for-power-systems/hpo/results/marker_directed/stage1_policy_search/marker_directed_policy_search_20260302_112434/runs/cfg_00143_72e7b1bdf4,,s03,b1024,thesis_marker_hpo_stage1,completed,0,True,final_eval_rmse,minimize,0.007132675257663057,0.007132675257663057,5.0875056331278756e-05,25.82494745007716,19.568389889085665,0.0008206700440496206,5.563772841007449,0.664060042006895,0.0,0.023367136949673295,lhs,5,0.9,true,20,0.95,5,0.05,0.8,0.4,,0.6666666666666666,4,0.3333333333333333,0.8247460722923279,0.32691781646555224,0.8376153600912439,0.3491736054420471,0.5084329988960403,0.45025976832550085,0.8989191061039993,0.4694863259792328,320,14,"[956, 1854, 932, 731, 134, 1872, 1983, 960, 1954, 1995, 435, 1297, 1584, 1571, 1560, 1399, 191, 160, 1513, 2031, 654, 981, 1449, 1476, 1563, 1259, 1496, 1396, 1910, 1812, 260, 1073, 738, 1481, 443, 1086, 149, 543, 1863, 566, 723, 1853, 368, 920, 1899, 352, 2017, 792, 1302, 362, 279, 1855, 1457, 988, 574, 1174, 1402, 306, 908, 1325, 931, 347, 1882, 1395]",0.8247460722923279,0.5084329988960403,0.9174134132807521,0.5641137361526489,0.45558780431747437,960,/Users/jonaswiendl/local/Repos/ml-surrogates-for-power-systems/hpo/results/marker_directed/stage1_policy_search/marker_directed_policy_search_20260302_112434/runs/cfg_00143_72e7b1bdf4/qbc/history.jsonl,,,64,2048,15,true,64,256,/Users/jonaswiendl/local/Repos/ml-surrogates-for-power-systems/hpo/results/marker_directed/stage1_policy_search/marker_directed_policy_search_20260302_112434/runs/cfg_00143_72e7b1bdf4/run_manifest.json,active.candidate_method=lhs;;active.log_every=5;;active.marker.greedy_score_weight=0.9;;active.marker.include_anchor_state_markers=true;;active.marker.k_density=20;;active.marker.pca_explained_variance=0.95;;active.marker.preselect_factor=5;;active.marker.settling_fraction=0.05;;active.marker.weights.diversity=0.8;;active.marker.weights.sparsity=0.4;;qbc_K=64;;qbc_P=2048;;qbc_T=15;;qbc_enable_logging=true;;qbc_n0=64;;qbc_n_test=256,,
