row_idx	cfg_id	method	preset	budget	seed	experiment_id	model_flag	skip_preprocess	skip_baseline	baseline_epochs	run_root	stage1_overrides	stage2_overrides	stage3_overrides
0	cfg_00000_91a9696479	marker_directed	main	b1024	s01	thesis_marker_hpo_stage1	SM4	true	true		/zhome/14/b/214266/Repos/ml-surrogates-for-power-systems/outputs/hpo/marker_directed/stage1_policy_search/marker_directed_policy_search_20260302_112434/runs/cfg_00000_91a9696479	active.candidate_method=lhs;;active.log_every=5;;active.marker.greedy_score_weight=0.7;;active.marker.include_anchor_state_markers=true;;active.marker.k_density=10;;active.marker.pca_explained_variance=0.9;;active.marker.preselect_factor=3;;active.marker.settling_fraction=0.05;;active.marker.weights.diversity=0.4;;active.marker.weights.sparsity=0.4;;qbc_K=64;;qbc_P=2048;;qbc_T=15;;qbc_enable_logging=true;;qbc_n0=64;;qbc_n_test=256		
1	cfg_00001_68313930cf	marker_directed	main	b1024	s01	thesis_marker_hpo_stage1	SM4	true	true		/zhome/14/b/214266/Repos/ml-surrogates-for-power-systems/outputs/hpo/marker_directed/stage1_policy_search/marker_directed_policy_search_20260302_112434/runs/cfg_00001_68313930cf	active.candidate_method=lhs;;active.log_every=5;;active.marker.greedy_score_weight=0.7;;active.marker.include_anchor_state_markers=true;;active.marker.k_density=10;;active.marker.pca_explained_variance=0.9;;active.marker.preselect_factor=3;;active.marker.settling_fraction=0.05;;active.marker.weights.diversity=0.6;;active.marker.weights.sparsity=0.4;;qbc_K=64;;qbc_P=2048;;qbc_T=15;;qbc_enable_logging=true;;qbc_n0=64;;qbc_n_test=256		
2	cfg_00002_de025da292	marker_directed	main	b1024	s01	thesis_marker_hpo_stage1	SM4	true	true		/zhome/14/b/214266/Repos/ml-surrogates-for-power-systems/outputs/hpo/marker_directed/stage1_policy_search/marker_directed_policy_search_20260302_112434/runs/cfg_00002_de025da292	active.candidate_method=lhs;;active.log_every=5;;active.marker.greedy_score_weight=0.7;;active.marker.include_anchor_state_markers=true;;active.marker.k_density=10;;active.marker.pca_explained_variance=0.9;;active.marker.preselect_factor=3;;active.marker.settling_fraction=0.05;;active.marker.weights.diversity=0.8;;active.marker.weights.sparsity=0.4;;qbc_K=64;;qbc_P=2048;;qbc_T=15;;qbc_enable_logging=true;;qbc_n0=64;;qbc_n_test=256		
3	cfg_00003_70fcf57679	marker_directed	main	b1024	s01	thesis_marker_hpo_stage1	SM4	true	true		/zhome/14/b/214266/Repos/ml-surrogates-for-power-systems/outputs/hpo/marker_directed/stage1_policy_search/marker_directed_policy_search_20260302_112434/runs/cfg_00003_70fcf57679	active.candidate_method=lhs;;active.log_every=5;;active.marker.greedy_score_weight=0.9;;active.marker.include_anchor_state_markers=true;;active.marker.k_density=10;;active.marker.pca_explained_variance=0.9;;active.marker.preselect_factor=3;;active.marker.settling_fraction=0.05;;active.marker.weights.diversity=0.4;;active.marker.weights.sparsity=0.4;;qbc_K=64;;qbc_P=2048;;qbc_T=15;;qbc_enable_logging=true;;qbc_n0=64;;qbc_n_test=256		
4	cfg_00004_ae7479ac6d	marker_directed	main	b1024	s01	thesis_marker_hpo_stage1	SM4	true	true		/zhome/14/b/214266/Repos/ml-surrogates-for-power-systems/outputs/hpo/marker_directed/stage1_policy_search/marker_directed_policy_search_20260302_112434/runs/cfg_00004_ae7479ac6d	active.candidate_method=lhs;;active.log_every=5;;active.marker.greedy_score_weight=0.9;;active.marker.include_anchor_state_markers=true;;active.marker.k_density=10;;active.marker.pca_explained_variance=0.9;;active.marker.preselect_factor=3;;active.marker.settling_fraction=0.05;;active.marker.weights.diversity=0.6;;active.marker.weights.sparsity=0.4;;qbc_K=64;;qbc_P=2048;;qbc_T=15;;qbc_enable_logging=true;;qbc_n0=64;;qbc_n_test=256		
5	cfg_00005_1bbf6f3a14	marker_directed	main	b1024	s01	thesis_marker_hpo_stage1	SM4	true	true		/zhome/14/b/214266/Repos/ml-surrogates-for-power-systems/outputs/hpo/marker_directed/stage1_policy_search/marker_directed_policy_search_20260302_112434/runs/cfg_00005_1bbf6f3a14	active.candidate_method=lhs;;active.log_every=5;;active.marker.greedy_score_weight=0.9;;active.marker.include_anchor_state_markers=true;;active.marker.k_density=10;;active.marker.pca_explained_variance=0.9;;active.marker.preselect_factor=3;;active.marker.settling_fraction=0.05;;active.marker.weights.diversity=0.8;;active.marker.weights.sparsity=0.4;;qbc_K=64;;qbc_P=2048;;qbc_T=15;;qbc_enable_logging=true;;qbc_n0=64;;qbc_n_test=256		
6	cfg_00006_80602130cb	marker_directed	main	b1024	s01	thesis_marker_hpo_stage1	SM4	true	true		/zhome/14/b/214266/Repos/ml-surrogates-for-power-systems/outputs/hpo/marker_directed/stage1_policy_search/marker_directed_policy_search_20260302_112434/runs/cfg_00006_80602130cb	active.candidate_method=lhs;;active.log_every=5;;active.marker.greedy_score_weight=0.7;;active.marker.include_anchor_state_markers=true;;active.marker.k_density=10;;active.marker.pca_explained_variance=0.9;;active.marker.preselect_factor=5;;active.marker.settling_fraction=0.05;;active.marker.weights.diversity=0.4;;active.marker.weights.sparsity=0.4;;qbc_K=64;;qbc_P=2048;;qbc_T=15;;qbc_enable_logging=true;;qbc_n0=64;;qbc_n_test=256		
7	cfg_00007_c63918e61a	marker_directed	main	b1024	s01	thesis_marker_hpo_stage1	SM4	true	true		/zhome/14/b/214266/Repos/ml-surrogates-for-power-systems/outputs/hpo/marker_directed/stage1_policy_search/marker_directed_policy_search_20260302_112434/runs/cfg_00007_c63918e61a	active.candidate_method=lhs;;active.log_every=5;;active.marker.greedy_score_weight=0.7;;active.marker.include_anchor_state_markers=true;;active.marker.k_density=10;;active.marker.pca_explained_variance=0.9;;active.marker.preselect_factor=5;;active.marker.settling_fraction=0.05;;active.marker.weights.diversity=0.6;;active.marker.weights.sparsity=0.4;;qbc_K=64;;qbc_P=2048;;qbc_T=15;;qbc_enable_logging=true;;qbc_n0=64;;qbc_n_test=256		
8	cfg_00008_e8a2996014	marker_directed	main	b1024	s01	thesis_marker_hpo_stage1	SM4	true	true		/zhome/14/b/214266/Repos/ml-surrogates-for-power-systems/outputs/hpo/marker_directed/stage1_policy_search/marker_directed_policy_search_20260302_112434/runs/cfg_00008_e8a2996014	active.candidate_method=lhs;;active.log_every=5;;active.marker.greedy_score_weight=0.7;;active.marker.include_anchor_state_markers=true;;active.marker.k_density=10;;active.marker.pca_explained_variance=0.9;;active.marker.preselect_factor=5;;active.marker.settling_fraction=0.05;;active.marker.weights.diversity=0.8;;active.marker.weights.sparsity=0.4;;qbc_K=64;;qbc_P=2048;;qbc_T=15;;qbc_enable_logging=true;;qbc_n0=64;;qbc_n_test=256		
9	cfg_00009_ba4fc28812	marker_directed	main	b1024	s01	thesis_marker_hpo_stage1	SM4	true	true		/zhome/14/b/214266/Repos/ml-surrogates-for-power-systems/outputs/hpo/marker_directed/stage1_policy_search/marker_directed_policy_search_20260302_112434/runs/cfg_00009_ba4fc28812	active.candidate_method=lhs;;active.log_every=5;;active.marker.greedy_score_weight=0.9;;active.marker.include_anchor_state_markers=true;;active.marker.k_density=10;;active.marker.pca_explained_variance=0.9;;active.marker.preselect_factor=5;;active.marker.settling_fraction=0.05;;active.marker.weights.diversity=0.4;;active.marker.weights.sparsity=0.4;;qbc_K=64;;qbc_P=2048;;qbc_T=15;;qbc_enable_logging=true;;qbc_n0=64;;qbc_n_test=256		
10	cfg_00010_6330521a2d	marker_directed	main	b1024	s01	thesis_marker_hpo_stage1	SM4	true	true		/zhome/14/b/214266/Repos/ml-surrogates-for-power-systems/outputs/hpo/marker_directed/stage1_policy_search/marker_directed_policy_search_20260302_112434/runs/cfg_00010_6330521a2d	active.candidate_method=lhs;;active.log_every=5;;active.marker.greedy_score_weight=0.9;;active.marker.include_anchor_state_markers=true;;active.marker.k_density=10;;active.marker.pca_explained_variance=0.9;;active.marker.preselect_factor=5;;active.marker.settling_fraction=0.05;;active.marker.weights.diversity=0.6;;active.marker.weights.sparsity=0.4;;qbc_K=64;;qbc_P=2048;;qbc_T=15;;qbc_enable_logging=true;;qbc_n0=64;;qbc_n_test=256		
11	cfg_00011_7f0c93b57e	marker_directed	main	b1024	s01	thesis_marker_hpo_stage1	SM4	true	true		/zhome/14/b/214266/Repos/ml-surrogates-for-power-systems/outputs/hpo/marker_directed/stage1_policy_search/marker_directed_policy_search_20260302_112434/runs/cfg_00011_7f0c93b57e	active.candidate_method=lhs;;active.log_every=5;;active.marker.greedy_score_weight=0.9;;active.marker.include_anchor_state_markers=true;;active.marker.k_density=10;;active.marker.pca_explained_variance=0.9;;active.marker.preselect_factor=5;;active.marker.settling_fraction=0.05;;active.marker.weights.diversity=0.8;;active.marker.weights.sparsity=0.4;;qbc_K=64;;qbc_P=2048;;qbc_T=15;;qbc_enable_logging=true;;qbc_n0=64;;qbc_n_test=256		
12	cfg_00012_04a14ecd99	marker_directed	main	b1024	s01	thesis_marker_hpo_stage1	SM4	true	true		/zhome/14/b/214266/Repos/ml-surrogates-for-power-systems/outputs/hpo/marker_directed/stage1_policy_search/marker_directed_policy_search_20260302_112434/runs/cfg_00012_04a14ecd99	active.candidate_method=lhs;;active.log_every=5;;active.marker.greedy_score_weight=0.7;;active.marker.include_anchor_state_markers=true;;active.marker.k_density=20;;active.marker.pca_explained_variance=0.9;;active.marker.preselect_factor=3;;active.marker.settling_fraction=0.05;;active.marker.weights.diversity=0.4;;active.marker.weights.sparsity=0.4;;qbc_K=64;;qbc_P=2048;;qbc_T=15;;qbc_enable_logging=true;;qbc_n0=64;;qbc_n_test=256		
13	cfg_00013_3fcfd41d12	marker_directed	main	b1024	s01	thesis_marker_hpo_stage1	SM4	true	true		/zhome/14/b/214266/Repos/ml-surrogates-for-power-systems/outputs/hpo/marker_directed/stage1_policy_search/marker_directed_policy_search_20260302_112434/runs/cfg_00013_3fcfd41d12	active.candidate_method=lhs;;active.log_every=5;;active.marker.greedy_score_weight=0.7;;active.marker.include_anchor_state_markers=true;;active.marker.k_density=20;;active.marker.pca_explained_variance=0.9;;active.marker.preselect_factor=3;;active.marker.settling_fraction=0.05;;active.marker.weights.diversity=0.6;;active.marker.weights.sparsity=0.4;;qbc_K=64;;qbc_P=2048;;qbc_T=15;;qbc_enable_logging=true;;qbc_n0=64;;qbc_n_test=256		
14	cfg_00014_2d81f6740f	marker_directed	main	b1024	s01	thesis_marker_hpo_stage1	SM4	true	true		/zhome/14/b/214266/Repos/ml-surrogates-for-power-systems/outputs/hpo/marker_directed/stage1_policy_search/marker_directed_policy_search_20260302_112434/runs/cfg_00014_2d81f6740f	active.candidate_method=lhs;;active.log_every=5;;active.marker.greedy_score_weight=0.7;;active.marker.include_anchor_state_markers=true;;active.marker.k_density=20;;active.marker.pca_explained_variance=0.9;;active.marker.preselect_factor=3;;active.marker.settling_fraction=0.05;;active.marker.weights.diversity=0.8;;active.marker.weights.sparsity=0.4;;qbc_K=64;;qbc_P=2048;;qbc_T=15;;qbc_enable_logging=true;;qbc_n0=64;;qbc_n_test=256		
15	cfg_00015_fea1407f77	marker_directed	main	b1024	s01	thesis_marker_hpo_stage1	SM4	true	true		/zhome/14/b/214266/Repos/ml-surrogates-for-power-systems/outputs/hpo/marker_directed/stage1_policy_search/marker_directed_policy_search_20260302_112434/runs/cfg_00015_fea1407f77	active.candidate_method=lhs;;active.log_every=5;;active.marker.greedy_score_weight=0.9;;active.marker.include_anchor_state_markers=true;;active.marker.k_density=20;;active.marker.pca_explained_variance=0.9;;active.marker.preselect_factor=3;;active.marker.settling_fraction=0.05;;active.marker.weights.diversity=0.4;;active.marker.weights.sparsity=0.4;;qbc_K=64;;qbc_P=2048;;qbc_T=15;;qbc_enable_logging=true;;qbc_n0=64;;qbc_n_test=256		
16	cfg_00016_7e20479164	marker_directed	main	b1024	s01	thesis_marker_hpo_stage1	SM4	true	true		/zhome/14/b/214266/Repos/ml-surrogates-for-power-systems/outputs/hpo/marker_directed/stage1_policy_search/marker_directed_policy_search_20260302_112434/runs/cfg_00016_7e20479164	active.candidate_method=lhs;;active.log_every=5;;active.marker.greedy_score_weight=0.9;;active.marker.include_anchor_state_markers=true;;active.marker.k_density=20;;active.marker.pca_explained_variance=0.9;;active.marker.preselect_factor=3;;active.marker.settling_fraction=0.05;;active.marker.weights.diversity=0.6;;active.marker.weights.sparsity=0.4;;qbc_K=64;;qbc_P=2048;;qbc_T=15;;qbc_enable_logging=true;;qbc_n0=64;;qbc_n_test=256		
17	cfg_00017_8c003b9ef9	marker_directed	main	b1024	s01	thesis_marker_hpo_stage1	SM4	true	true		/zhome/14/b/214266/Repos/ml-surrogates-for-power-systems/outputs/hpo/marker_directed/stage1_policy_search/marker_directed_policy_search_20260302_112434/runs/cfg_00017_8c003b9ef9	active.candidate_method=lhs;;active.log_every=5;;active.marker.greedy_score_weight=0.9;;active.marker.include_anchor_state_markers=true;;active.marker.k_density=20;;active.marker.pca_explained_variance=0.9;;active.marker.preselect_factor=3;;active.marker.settling_fraction=0.05;;active.marker.weights.diversity=0.8;;active.marker.weights.sparsity=0.4;;qbc_K=64;;qbc_P=2048;;qbc_T=15;;qbc_enable_logging=true;;qbc_n0=64;;qbc_n_test=256		
18	cfg_00018_636ff8a9b3	marker_directed	main	b1024	s01	thesis_marker_hpo_stage1	SM4	true	true		/zhome/14/b/214266/Repos/ml-surrogates-for-power-systems/outputs/hpo/marker_directed/stage1_policy_search/marker_directed_policy_search_20260302_112434/runs/cfg_00018_636ff8a9b3	active.candidate_method=lhs;;active.log_every=5;;active.marker.greedy_score_weight=0.7;;active.marker.include_anchor_state_markers=true;;active.marker.k_density=20;;active.marker.pca_explained_variance=0.9;;active.marker.preselect_factor=5;;active.marker.settling_fraction=0.05;;active.marker.weights.diversity=0.4;;active.marker.weights.sparsity=0.4;;qbc_K=64;;qbc_P=2048;;qbc_T=15;;qbc_enable_logging=true;;qbc_n0=64;;qbc_n_test=256		
19	cfg_00019_8c113a95d0	marker_directed	main	b1024	s01	thesis_marker_hpo_stage1	SM4	true	true		/zhome/14/b/214266/Repos/ml-surrogates-for-power-systems/outputs/hpo/marker_directed/stage1_policy_search/marker_directed_policy_search_20260302_112434/runs/cfg_00019_8c113a95d0	active.candidate_method=lhs;;active.log_every=5;;active.marker.greedy_score_weight=0.7;;active.marker.include_anchor_state_markers=true;;active.marker.k_density=20;;active.marker.pca_explained_variance=0.9;;active.marker.preselect_factor=5;;active.marker.settling_fraction=0.05;;active.marker.weights.diversity=0.6;;active.marker.weights.sparsity=0.4;;qbc_K=64;;qbc_P=2048;;qbc_T=15;;qbc_enable_logging=true;;qbc_n0=64;;qbc_n_test=256		
20	cfg_00020_1c0f9a07d7	marker_directed	main	b1024	s01	thesis_marker_hpo_stage1	SM4	true	true		/zhome/14/b/214266/Repos/ml-surrogates-for-power-systems/outputs/hpo/marker_directed/stage1_policy_search/marker_directed_policy_search_20260302_112434/runs/cfg_00020_1c0f9a07d7	active.candidate_method=lhs;;active.log_every=5;;active.marker.greedy_score_weight=0.7;;active.marker.include_anchor_state_markers=true;;active.marker.k_density=20;;active.marker.pca_explained_variance=0.9;;active.marker.preselect_factor=5;;active.marker.settling_fraction=0.05;;active.marker.weights.diversity=0.8;;active.marker.weights.sparsity=0.4;;qbc_K=64;;qbc_P=2048;;qbc_T=15;;qbc_enable_logging=true;;qbc_n0=64;;qbc_n_test=256		
21	cfg_00021_5d4b0d0c03	marker_directed	main	b1024	s01	thesis_marker_hpo_stage1	SM4	true	true		/zhome/14/b/214266/Repos/ml-surrogates-for-power-systems/outputs/hpo/marker_directed/stage1_policy_search/marker_directed_policy_search_20260302_112434/runs/cfg_00021_5d4b0d0c03	active.candidate_method=lhs;;active.log_every=5;;active.marker.greedy_score_weight=0.9;;active.marker.include_anchor_state_markers=true;;active.marker.k_density=20;;active.marker.pca_explained_variance=0.9;;active.marker.preselect_factor=5;;active.marker.settling_fraction=0.05;;active.marker.weights.diversity=0.4;;active.marker.weights.sparsity=0.4;;qbc_K=64;;qbc_P=2048;;qbc_T=15;;qbc_enable_logging=true;;qbc_n0=64;;qbc_n_test=256		
22	cfg_00022_ee7baeab3c	marker_directed	main	b1024	s01	thesis_marker_hpo_stage1	SM4	true	true		/zhome/14/b/214266/Repos/ml-surrogates-for-power-systems/outputs/hpo/marker_directed/stage1_policy_search/marker_directed_policy_search_20260302_112434/runs/cfg_00022_ee7baeab3c	active.candidate_method=lhs;;active.log_every=5;;active.marker.greedy_score_weight=0.9;;active.marker.include_anchor_state_markers=true;;active.marker.k_density=20;;active.marker.pca_explained_variance=0.9;;active.marker.preselect_factor=5;;active.marker.settling_fraction=0.05;;active.marker.weights.diversity=0.6;;active.marker.weights.sparsity=0.4;;qbc_K=64;;qbc_P=2048;;qbc_T=15;;qbc_enable_logging=true;;qbc_n0=64;;qbc_n_test=256		
23	cfg_00023_5a81c411c1	marker_directed	main	b1024	s01	thesis_marker_hpo_stage1	SM4	true	true		/zhome/14/b/214266/Repos/ml-surrogates-for-power-systems/outputs/hpo/marker_directed/stage1_policy_search/marker_directed_policy_search_20260302_112434/runs/cfg_00023_5a81c411c1	active.candidate_method=lhs;;active.log_every=5;;active.marker.greedy_score_weight=0.9;;active.marker.include_anchor_state_markers=true;;active.marker.k_density=20;;active.marker.pca_explained_variance=0.9;;active.marker.preselect_factor=5;;active.marker.settling_fraction=0.05;;active.marker.weights.diversity=0.8;;active.marker.weights.sparsity=0.4;;qbc_K=64;;qbc_P=2048;;qbc_T=15;;qbc_enable_logging=true;;qbc_n0=64;;qbc_n_test=256		
24	cfg_00024_49e3c6faf6	marker_directed	main	b1024	s01	thesis_marker_hpo_stage1	SM4	true	true		/zhome/14/b/214266/Repos/ml-surrogates-for-power-systems/outputs/hpo/marker_directed/stage1_policy_search/marker_directed_policy_search_20260302_112434/runs/cfg_00024_49e3c6faf6	active.candidate_method=lhs;;active.log_every=5;;active.marker.greedy_score_weight=0.7;;active.marker.include_anchor_state_markers=true;;active.marker.k_density=10;;active.marker.pca_explained_variance=0.95;;active.marker.preselect_factor=3;;active.marker.settling_fraction=0.05;;active.marker.weights.diversity=0.4;;active.marker.weights.sparsity=0.4;;qbc_K=64;;qbc_P=2048;;qbc_T=15;;qbc_enable_logging=true;;qbc_n0=64;;qbc_n_test=256		
25	cfg_00025_2fe80a2473	marker_directed	main	b1024	s01	thesis_marker_hpo_stage1	SM4	true	true		/zhome/14/b/214266/Repos/ml-surrogates-for-power-systems/outputs/hpo/marker_directed/stage1_policy_search/marker_directed_policy_search_20260302_112434/runs/cfg_00025_2fe80a2473	active.candidate_method=lhs;;active.log_every=5;;active.marker.greedy_score_weight=0.7;;active.marker.include_anchor_state_markers=true;;active.marker.k_density=10;;active.marker.pca_explained_variance=0.95;;active.marker.preselect_factor=3;;active.marker.settling_fraction=0.05;;active.marker.weights.diversity=0.6;;active.marker.weights.sparsity=0.4;;qbc_K=64;;qbc_P=2048;;qbc_T=15;;qbc_enable_logging=true;;qbc_n0=64;;qbc_n_test=256		
26	cfg_00026_770ac97fd4	marker_directed	main	b1024	s01	thesis_marker_hpo_stage1	SM4	true	true		/zhome/14/b/214266/Repos/ml-surrogates-for-power-systems/outputs/hpo/marker_directed/stage1_policy_search/marker_directed_policy_search_20260302_112434/runs/cfg_00026_770ac97fd4	active.candidate_method=lhs;;active.log_every=5;;active.marker.greedy_score_weight=0.7;;active.marker.include_anchor_state_markers=true;;active.marker.k_density=10;;active.marker.pca_explained_variance=0.95;;active.marker.preselect_factor=3;;active.marker.settling_fraction=0.05;;active.marker.weights.diversity=0.8;;active.marker.weights.sparsity=0.4;;qbc_K=64;;qbc_P=2048;;qbc_T=15;;qbc_enable_logging=true;;qbc_n0=64;;qbc_n_test=256		
27	cfg_00027_3ee4f28858	marker_directed	main	b1024	s01	thesis_marker_hpo_stage1	SM4	true	true		/zhome/14/b/214266/Repos/ml-surrogates-for-power-systems/outputs/hpo/marker_directed/stage1_policy_search/marker_directed_policy_search_20260302_112434/runs/cfg_00027_3ee4f28858	active.candidate_method=lhs;;active.log_every=5;;active.marker.greedy_score_weight=0.9;;active.marker.include_anchor_state_markers=true;;active.marker.k_density=10;;active.marker.pca_explained_variance=0.95;;active.marker.preselect_factor=3;;active.marker.settling_fraction=0.05;;active.marker.weights.diversity=0.4;;active.marker.weights.sparsity=0.4;;qbc_K=64;;qbc_P=2048;;qbc_T=15;;qbc_enable_logging=true;;qbc_n0=64;;qbc_n_test=256		
28	cfg_00028_4563d58a98	marker_directed	main	b1024	s01	thesis_marker_hpo_stage1	SM4	true	true		/zhome/14/b/214266/Repos/ml-surrogates-for-power-systems/outputs/hpo/marker_directed/stage1_policy_search/marker_directed_policy_search_20260302_112434/runs/cfg_00028_4563d58a98	active.candidate_method=lhs;;active.log_every=5;;active.marker.greedy_score_weight=0.9;;active.marker.include_anchor_state_markers=true;;active.marker.k_density=10;;active.marker.pca_explained_variance=0.95;;active.marker.preselect_factor=3;;active.marker.settling_fraction=0.05;;active.marker.weights.diversity=0.6;;active.marker.weights.sparsity=0.4;;qbc_K=64;;qbc_P=2048;;qbc_T=15;;qbc_enable_logging=true;;qbc_n0=64;;qbc_n_test=256		
29	cfg_00029_2a3e4ccce2	marker_directed	main	b1024	s01	thesis_marker_hpo_stage1	SM4	true	true		/zhome/14/b/214266/Repos/ml-surrogates-for-power-systems/outputs/hpo/marker_directed/stage1_policy_search/marker_directed_policy_search_20260302_112434/runs/cfg_00029_2a3e4ccce2	active.candidate_method=lhs;;active.log_every=5;;active.marker.greedy_score_weight=0.9;;active.marker.include_anchor_state_markers=true;;active.marker.k_density=10;;active.marker.pca_explained_variance=0.95;;active.marker.preselect_factor=3;;active.marker.settling_fraction=0.05;;active.marker.weights.diversity=0.8;;active.marker.weights.sparsity=0.4;;qbc_K=64;;qbc_P=2048;;qbc_T=15;;qbc_enable_logging=true;;qbc_n0=64;;qbc_n_test=256		
30	cfg_00030_6016ce5503	marker_directed	main	b1024	s01	thesis_marker_hpo_stage1	SM4	true	true		/zhome/14/b/214266/Repos/ml-surrogates-for-power-systems/outputs/hpo/marker_directed/stage1_policy_search/marker_directed_policy_search_20260302_112434/runs/cfg_00030_6016ce5503	active.candidate_method=lhs;;active.log_every=5;;active.marker.greedy_score_weight=0.7;;active.marker.include_anchor_state_markers=true;;active.marker.k_density=10;;active.marker.pca_explained_variance=0.95;;active.marker.preselect_factor=5;;active.marker.settling_fraction=0.05;;active.marker.weights.diversity=0.4;;active.marker.weights.sparsity=0.4;;qbc_K=64;;qbc_P=2048;;qbc_T=15;;qbc_enable_logging=true;;qbc_n0=64;;qbc_n_test=256		
31	cfg_00031_9c70c2f046	marker_directed	main	b1024	s01	thesis_marker_hpo_stage1	SM4	true	true		/zhome/14/b/214266/Repos/ml-surrogates-for-power-systems/outputs/hpo/marker_directed/stage1_policy_search/marker_directed_policy_search_20260302_112434/runs/cfg_00031_9c70c2f046	active.candidate_method=lhs;;active.log_every=5;;active.marker.greedy_score_weight=0.7;;active.marker.include_anchor_state_markers=true;;active.marker.k_density=10;;active.marker.pca_explained_variance=0.95;;active.marker.preselect_factor=5;;active.marker.settling_fraction=0.05;;active.marker.weights.diversity=0.6;;active.marker.weights.sparsity=0.4;;qbc_K=64;;qbc_P=2048;;qbc_T=15;;qbc_enable_logging=true;;qbc_n0=64;;qbc_n_test=256		
32	cfg_00032_d6c42f615f	marker_directed	main	b1024	s01	thesis_marker_hpo_stage1	SM4	true	true		/zhome/14/b/214266/Repos/ml-surrogates-for-power-systems/outputs/hpo/marker_directed/stage1_policy_search/marker_directed_policy_search_20260302_112434/runs/cfg_00032_d6c42f615f	active.candidate_method=lhs;;active.log_every=5;;active.marker.greedy_score_weight=0.7;;active.marker.include_anchor_state_markers=true;;active.marker.k_density=10;;active.marker.pca_explained_variance=0.95;;active.marker.preselect_factor=5;;active.marker.settling_fraction=0.05;;active.marker.weights.diversity=0.8;;active.marker.weights.sparsity=0.4;;qbc_K=64;;qbc_P=2048;;qbc_T=15;;qbc_enable_logging=true;;qbc_n0=64;;qbc_n_test=256		
33	cfg_00033_91a896fb25	marker_directed	main	b1024	s01	thesis_marker_hpo_stage1	SM4	true	true		/zhome/14/b/214266/Repos/ml-surrogates-for-power-systems/outputs/hpo/marker_directed/stage1_policy_search/marker_directed_policy_search_20260302_112434/runs/cfg_00033_91a896fb25	active.candidate_method=lhs;;active.log_every=5;;active.marker.greedy_score_weight=0.9;;active.marker.include_anchor_state_markers=true;;active.marker.k_density=10;;active.marker.pca_explained_variance=0.95;;active.marker.preselect_factor=5;;active.marker.settling_fraction=0.05;;active.marker.weights.diversity=0.4;;active.marker.weights.sparsity=0.4;;qbc_K=64;;qbc_P=2048;;qbc_T=15;;qbc_enable_logging=true;;qbc_n0=64;;qbc_n_test=256		
34	cfg_00034_92accc25ce	marker_directed	main	b1024	s01	thesis_marker_hpo_stage1	SM4	true	true		/zhome/14/b/214266/Repos/ml-surrogates-for-power-systems/outputs/hpo/marker_directed/stage1_policy_search/marker_directed_policy_search_20260302_112434/runs/cfg_00034_92accc25ce	active.candidate_method=lhs;;active.log_every=5;;active.marker.greedy_score_weight=0.9;;active.marker.include_anchor_state_markers=true;;active.marker.k_density=10;;active.marker.pca_explained_variance=0.95;;active.marker.preselect_factor=5;;active.marker.settling_fraction=0.05;;active.marker.weights.diversity=0.6;;active.marker.weights.sparsity=0.4;;qbc_K=64;;qbc_P=2048;;qbc_T=15;;qbc_enable_logging=true;;qbc_n0=64;;qbc_n_test=256		
35	cfg_00035_aef1351b28	marker_directed	main	b1024	s01	thesis_marker_hpo_stage1	SM4	true	true		/zhome/14/b/214266/Repos/ml-surrogates-for-power-systems/outputs/hpo/marker_directed/stage1_policy_search/marker_directed_policy_search_20260302_112434/runs/cfg_00035_aef1351b28	active.candidate_method=lhs;;active.log_every=5;;active.marker.greedy_score_weight=0.9;;active.marker.include_anchor_state_markers=true;;active.marker.k_density=10;;active.marker.pca_explained_variance=0.95;;active.marker.preselect_factor=5;;active.marker.settling_fraction=0.05;;active.marker.weights.diversity=0.8;;active.marker.weights.sparsity=0.4;;qbc_K=64;;qbc_P=2048;;qbc_T=15;;qbc_enable_logging=true;;qbc_n0=64;;qbc_n_test=256		
36	cfg_00036_c2ee057005	marker_directed	main	b1024	s01	thesis_marker_hpo_stage1	SM4	true	true		/zhome/14/b/214266/Repos/ml-surrogates-for-power-systems/outputs/hpo/marker_directed/stage1_policy_search/marker_directed_policy_search_20260302_112434/runs/cfg_00036_c2ee057005	active.candidate_method=lhs;;active.log_every=5;;active.marker.greedy_score_weight=0.7;;active.marker.include_anchor_state_markers=true;;active.marker.k_density=20;;active.marker.pca_explained_variance=0.95;;active.marker.preselect_factor=3;;active.marker.settling_fraction=0.05;;active.marker.weights.diversity=0.4;;active.marker.weights.sparsity=0.4;;qbc_K=64;;qbc_P=2048;;qbc_T=15;;qbc_enable_logging=true;;qbc_n0=64;;qbc_n_test=256		
37	cfg_00037_a2c86c98fb	marker_directed	main	b1024	s01	thesis_marker_hpo_stage1	SM4	true	true		/zhome/14/b/214266/Repos/ml-surrogates-for-power-systems/outputs/hpo/marker_directed/stage1_policy_search/marker_directed_policy_search_20260302_112434/runs/cfg_00037_a2c86c98fb	active.candidate_method=lhs;;active.log_every=5;;active.marker.greedy_score_weight=0.7;;active.marker.include_anchor_state_markers=true;;active.marker.k_density=20;;active.marker.pca_explained_variance=0.95;;active.marker.preselect_factor=3;;active.marker.settling_fraction=0.05;;active.marker.weights.diversity=0.6;;active.marker.weights.sparsity=0.4;;qbc_K=64;;qbc_P=2048;;qbc_T=15;;qbc_enable_logging=true;;qbc_n0=64;;qbc_n_test=256		
38	cfg_00038_5ec8610ab3	marker_directed	main	b1024	s01	thesis_marker_hpo_stage1	SM4	true	true		/zhome/14/b/214266/Repos/ml-surrogates-for-power-systems/outputs/hpo/marker_directed/stage1_policy_search/marker_directed_policy_search_20260302_112434/runs/cfg_00038_5ec8610ab3	active.candidate_method=lhs;;active.log_every=5;;active.marker.greedy_score_weight=0.7;;active.marker.include_anchor_state_markers=true;;active.marker.k_density=20;;active.marker.pca_explained_variance=0.95;;active.marker.preselect_factor=3;;active.marker.settling_fraction=0.05;;active.marker.weights.diversity=0.8;;active.marker.weights.sparsity=0.4;;qbc_K=64;;qbc_P=2048;;qbc_T=15;;qbc_enable_logging=true;;qbc_n0=64;;qbc_n_test=256		
39	cfg_00039_9ea7de651d	marker_directed	main	b1024	s01	thesis_marker_hpo_stage1	SM4	true	true		/zhome/14/b/214266/Repos/ml-surrogates-for-power-systems/outputs/hpo/marker_directed/stage1_policy_search/marker_directed_policy_search_20260302_112434/runs/cfg_00039_9ea7de651d	active.candidate_method=lhs;;active.log_every=5;;active.marker.greedy_score_weight=0.9;;active.marker.include_anchor_state_markers=true;;active.marker.k_density=20;;active.marker.pca_explained_variance=0.95;;active.marker.preselect_factor=3;;active.marker.settling_fraction=0.05;;active.marker.weights.diversity=0.4;;active.marker.weights.sparsity=0.4;;qbc_K=64;;qbc_P=2048;;qbc_T=15;;qbc_enable_logging=true;;qbc_n0=64;;qbc_n_test=256		
40	cfg_00040_33f834991f	marker_directed	main	b1024	s01	thesis_marker_hpo_stage1	SM4	true	true		/zhome/14/b/214266/Repos/ml-surrogates-for-power-systems/outputs/hpo/marker_directed/stage1_policy_search/marker_directed_policy_search_20260302_112434/runs/cfg_00040_33f834991f	active.candidate_method=lhs;;active.log_every=5;;active.marker.greedy_score_weight=0.9;;active.marker.include_anchor_state_markers=true;;active.marker.k_density=20;;active.marker.pca_explained_variance=0.95;;active.marker.preselect_factor=3;;active.marker.settling_fraction=0.05;;active.marker.weights.diversity=0.6;;active.marker.weights.sparsity=0.4;;qbc_K=64;;qbc_P=2048;;qbc_T=15;;qbc_enable_logging=true;;qbc_n0=64;;qbc_n_test=256		
41	cfg_00041_1c26e099e7	marker_directed	main	b1024	s01	thesis_marker_hpo_stage1	SM4	true	true		/zhome/14/b/214266/Repos/ml-surrogates-for-power-systems/outputs/hpo/marker_directed/stage1_policy_search/marker_directed_policy_search_20260302_112434/runs/cfg_00041_1c26e099e7	active.candidate_method=lhs;;active.log_every=5;;active.marker.greedy_score_weight=0.9;;active.marker.include_anchor_state_markers=true;;active.marker.k_density=20;;active.marker.pca_explained_variance=0.95;;active.marker.preselect_factor=3;;active.marker.settling_fraction=0.05;;active.marker.weights.diversity=0.8;;active.marker.weights.sparsity=0.4;;qbc_K=64;;qbc_P=2048;;qbc_T=15;;qbc_enable_logging=true;;qbc_n0=64;;qbc_n_test=256		
42	cfg_00042_eff8b4eafb	marker_directed	main	b1024	s01	thesis_marker_hpo_stage1	SM4	true	true		/zhome/14/b/214266/Repos/ml-surrogates-for-power-systems/outputs/hpo/marker_directed/stage1_policy_search/marker_directed_policy_search_20260302_112434/runs/cfg_00042_eff8b4eafb	active.candidate_method=lhs;;active.log_every=5;;active.marker.greedy_score_weight=0.7;;active.marker.include_anchor_state_markers=true;;active.marker.k_density=20;;active.marker.pca_explained_variance=0.95;;active.marker.preselect_factor=5;;active.marker.settling_fraction=0.05;;active.marker.weights.diversity=0.4;;active.marker.weights.sparsity=0.4;;qbc_K=64;;qbc_P=2048;;qbc_T=15;;qbc_enable_logging=true;;qbc_n0=64;;qbc_n_test=256		
43	cfg_00043_1683d33c22	marker_directed	main	b1024	s01	thesis_marker_hpo_stage1	SM4	true	true		/zhome/14/b/214266/Repos/ml-surrogates-for-power-systems/outputs/hpo/marker_directed/stage1_policy_search/marker_directed_policy_search_20260302_112434/runs/cfg_00043_1683d33c22	active.candidate_method=lhs;;active.log_every=5;;active.marker.greedy_score_weight=0.7;;active.marker.include_anchor_state_markers=true;;active.marker.k_density=20;;active.marker.pca_explained_variance=0.95;;active.marker.preselect_factor=5;;active.marker.settling_fraction=0.05;;active.marker.weights.diversity=0.6;;active.marker.weights.sparsity=0.4;;qbc_K=64;;qbc_P=2048;;qbc_T=15;;qbc_enable_logging=true;;qbc_n0=64;;qbc_n_test=256		
44	cfg_00044_fc98f5d417	marker_directed	main	b1024	s01	thesis_marker_hpo_stage1	SM4	true	true		/zhome/14/b/214266/Repos/ml-surrogates-for-power-systems/outputs/hpo/marker_directed/stage1_policy_search/marker_directed_policy_search_20260302_112434/runs/cfg_00044_fc98f5d417	active.candidate_method=lhs;;active.log_every=5;;active.marker.greedy_score_weight=0.7;;active.marker.include_anchor_state_markers=true;;active.marker.k_density=20;;active.marker.pca_explained_variance=0.95;;active.marker.preselect_factor=5;;active.marker.settling_fraction=0.05;;active.marker.weights.diversity=0.8;;active.marker.weights.sparsity=0.4;;qbc_K=64;;qbc_P=2048;;qbc_T=15;;qbc_enable_logging=true;;qbc_n0=64;;qbc_n_test=256		
45	cfg_00045_1281a08028	marker_directed	main	b1024	s01	thesis_marker_hpo_stage1	SM4	true	true		/zhome/14/b/214266/Repos/ml-surrogates-for-power-systems/outputs/hpo/marker_directed/stage1_policy_search/marker_directed_policy_search_20260302_112434/runs/cfg_00045_1281a08028	active.candidate_method=lhs;;active.log_every=5;;active.marker.greedy_score_weight=0.9;;active.marker.include_anchor_state_markers=true;;active.marker.k_density=20;;active.marker.pca_explained_variance=0.95;;active.marker.preselect_factor=5;;active.marker.settling_fraction=0.05;;active.marker.weights.diversity=0.4;;active.marker.weights.sparsity=0.4;;qbc_K=64;;qbc_P=2048;;qbc_T=15;;qbc_enable_logging=true;;qbc_n0=64;;qbc_n_test=256		
46	cfg_00046_3994d06360	marker_directed	main	b1024	s01	thesis_marker_hpo_stage1	SM4	true	true		/zhome/14/b/214266/Repos/ml-surrogates-for-power-systems/outputs/hpo/marker_directed/stage1_policy_search/marker_directed_policy_search_20260302_112434/runs/cfg_00046_3994d06360	active.candidate_method=lhs;;active.log_every=5;;active.marker.greedy_score_weight=0.9;;active.marker.include_anchor_state_markers=true;;active.marker.k_density=20;;active.marker.pca_explained_variance=0.95;;active.marker.preselect_factor=5;;active.marker.settling_fraction=0.05;;active.marker.weights.diversity=0.6;;active.marker.weights.sparsity=0.4;;qbc_K=64;;qbc_P=2048;;qbc_T=15;;qbc_enable_logging=true;;qbc_n0=64;;qbc_n_test=256		
47	cfg_00047_00943a7843	marker_directed	main	b1024	s01	thesis_marker_hpo_stage1	SM4	true	true		/zhome/14/b/214266/Repos/ml-surrogates-for-power-systems/outputs/hpo/marker_directed/stage1_policy_search/marker_directed_policy_search_20260302_112434/runs/cfg_00047_00943a7843	active.candidate_method=lhs;;active.log_every=5;;active.marker.greedy_score_weight=0.9;;active.marker.include_anchor_state_markers=true;;active.marker.k_density=20;;active.marker.pca_explained_variance=0.95;;active.marker.preselect_factor=5;;active.marker.settling_fraction=0.05;;active.marker.weights.diversity=0.8;;active.marker.weights.sparsity=0.4;;qbc_K=64;;qbc_P=2048;;qbc_T=15;;qbc_enable_logging=true;;qbc_n0=64;;qbc_n_test=256		
48	cfg_00048_99d4bb5aa7	marker_directed	main	b1024	s02	thesis_marker_hpo_stage1	SM4	true	true		/zhome/14/b/214266/Repos/ml-surrogates-for-power-systems/outputs/hpo/marker_directed/stage1_policy_search/marker_directed_policy_search_20260302_112434/runs/cfg_00048_99d4bb5aa7	active.candidate_method=lhs;;active.log_every=5;;active.marker.greedy_score_weight=0.7;;active.marker.include_anchor_state_markers=true;;active.marker.k_density=10;;active.marker.pca_explained_variance=0.9;;active.marker.preselect_factor=3;;active.marker.settling_fraction=0.05;;active.marker.weights.diversity=0.4;;active.marker.weights.sparsity=0.4;;qbc_K=64;;qbc_P=2048;;qbc_T=15;;qbc_enable_logging=true;;qbc_n0=64;;qbc_n_test=256		
49	cfg_00049_b8cafac7b6	marker_directed	main	b1024	s02	thesis_marker_hpo_stage1	SM4	true	true		/zhome/14/b/214266/Repos/ml-surrogates-for-power-systems/outputs/hpo/marker_directed/stage1_policy_search/marker_directed_policy_search_20260302_112434/runs/cfg_00049_b8cafac7b6	active.candidate_method=lhs;;active.log_every=5;;active.marker.greedy_score_weight=0.7;;active.marker.include_anchor_state_markers=true;;active.marker.k_density=10;;active.marker.pca_explained_variance=0.9;;active.marker.preselect_factor=3;;active.marker.settling_fraction=0.05;;active.marker.weights.diversity=0.6;;active.marker.weights.sparsity=0.4;;qbc_K=64;;qbc_P=2048;;qbc_T=15;;qbc_enable_logging=true;;qbc_n0=64;;qbc_n_test=256		
50	cfg_00050_c3afd75c12	marker_directed	main	b1024	s02	thesis_marker_hpo_stage1	SM4	true	true		/zhome/14/b/214266/Repos/ml-surrogates-for-power-systems/outputs/hpo/marker_directed/stage1_policy_search/marker_directed_policy_search_20260302_112434/runs/cfg_00050_c3afd75c12	active.candidate_method=lhs;;active.log_every=5;;active.marker.greedy_score_weight=0.7;;active.marker.include_anchor_state_markers=true;;active.marker.k_density=10;;active.marker.pca_explained_variance=0.9;;active.marker.preselect_factor=3;;active.marker.settling_fraction=0.05;;active.marker.weights.diversity=0.8;;active.marker.weights.sparsity=0.4;;qbc_K=64;;qbc_P=2048;;qbc_T=15;;qbc_enable_logging=true;;qbc_n0=64;;qbc_n_test=256		
51	cfg_00051_82482996bc	marker_directed	main	b1024	s02	thesis_marker_hpo_stage1	SM4	true	true		/zhome/14/b/214266/Repos/ml-surrogates-for-power-systems/outputs/hpo/marker_directed/stage1_policy_search/marker_directed_policy_search_20260302_112434/runs/cfg_00051_82482996bc	active.candidate_method=lhs;;active.log_every=5;;active.marker.greedy_score_weight=0.9;;active.marker.include_anchor_state_markers=true;;active.marker.k_density=10;;active.marker.pca_explained_variance=0.9;;active.marker.preselect_factor=3;;active.marker.settling_fraction=0.05;;active.marker.weights.diversity=0.4;;active.marker.weights.sparsity=0.4;;qbc_K=64;;qbc_P=2048;;qbc_T=15;;qbc_enable_logging=true;;qbc_n0=64;;qbc_n_test=256		
52	cfg_00052_a93cd77e5c	marker_directed	main	b1024	s02	thesis_marker_hpo_stage1	SM4	true	true		/zhome/14/b/214266/Repos/ml-surrogates-for-power-systems/outputs/hpo/marker_directed/stage1_policy_search/marker_directed_policy_search_20260302_112434/runs/cfg_00052_a93cd77e5c	active.candidate_method=lhs;;active.log_every=5;;active.marker.greedy_score_weight=0.9;;active.marker.include_anchor_state_markers=true;;active.marker.k_density=10;;active.marker.pca_explained_variance=0.9;;active.marker.preselect_factor=3;;active.marker.settling_fraction=0.05;;active.marker.weights.diversity=0.6;;active.marker.weights.sparsity=0.4;;qbc_K=64;;qbc_P=2048;;qbc_T=15;;qbc_enable_logging=true;;qbc_n0=64;;qbc_n_test=256		
53	cfg_00053_a1bdad3d0f	marker_directed	main	b1024	s02	thesis_marker_hpo_stage1	SM4	true	true		/zhome/14/b/214266/Repos/ml-surrogates-for-power-systems/outputs/hpo/marker_directed/stage1_policy_search/marker_directed_policy_search_20260302_112434/runs/cfg_00053_a1bdad3d0f	active.candidate_method=lhs;;active.log_every=5;;active.marker.greedy_score_weight=0.9;;active.marker.include_anchor_state_markers=true;;active.marker.k_density=10;;active.marker.pca_explained_variance=0.9;;active.marker.preselect_factor=3;;active.marker.settling_fraction=0.05;;active.marker.weights.diversity=0.8;;active.marker.weights.sparsity=0.4;;qbc_K=64;;qbc_P=2048;;qbc_T=15;;qbc_enable_logging=true;;qbc_n0=64;;qbc_n_test=256		
54	cfg_00054_87b419945a	marker_directed	main	b1024	s02	thesis_marker_hpo_stage1	SM4	true	true		/zhome/14/b/214266/Repos/ml-surrogates-for-power-systems/outputs/hpo/marker_directed/stage1_policy_search/marker_directed_policy_search_20260302_112434/runs/cfg_00054_87b419945a	active.candidate_method=lhs;;active.log_every=5;;active.marker.greedy_score_weight=0.7;;active.marker.include_anchor_state_markers=true;;active.marker.k_density=10;;active.marker.pca_explained_variance=0.9;;active.marker.preselect_factor=5;;active.marker.settling_fraction=0.05;;active.marker.weights.diversity=0.4;;active.marker.weights.sparsity=0.4;;qbc_K=64;;qbc_P=2048;;qbc_T=15;;qbc_enable_logging=true;;qbc_n0=64;;qbc_n_test=256		
55	cfg_00055_6241f3822a	marker_directed	main	b1024	s02	thesis_marker_hpo_stage1	SM4	true	true		/zhome/14/b/214266/Repos/ml-surrogates-for-power-systems/outputs/hpo/marker_directed/stage1_policy_search/marker_directed_policy_search_20260302_112434/runs/cfg_00055_6241f3822a	active.candidate_method=lhs;;active.log_every=5;;active.marker.greedy_score_weight=0.7;;active.marker.include_anchor_state_markers=true;;active.marker.k_density=10;;active.marker.pca_explained_variance=0.9;;active.marker.preselect_factor=5;;active.marker.settling_fraction=0.05;;active.marker.weights.diversity=0.6;;active.marker.weights.sparsity=0.4;;qbc_K=64;;qbc_P=2048;;qbc_T=15;;qbc_enable_logging=true;;qbc_n0=64;;qbc_n_test=256		
56	cfg_00056_44c4a5c01f	marker_directed	main	b1024	s02	thesis_marker_hpo_stage1	SM4	true	true		/zhome/14/b/214266/Repos/ml-surrogates-for-power-systems/outputs/hpo/marker_directed/stage1_policy_search/marker_directed_policy_search_20260302_112434/runs/cfg_00056_44c4a5c01f	active.candidate_method=lhs;;active.log_every=5;;active.marker.greedy_score_weight=0.7;;active.marker.include_anchor_state_markers=true;;active.marker.k_density=10;;active.marker.pca_explained_variance=0.9;;active.marker.preselect_factor=5;;active.marker.settling_fraction=0.05;;active.marker.weights.diversity=0.8;;active.marker.weights.sparsity=0.4;;qbc_K=64;;qbc_P=2048;;qbc_T=15;;qbc_enable_logging=true;;qbc_n0=64;;qbc_n_test=256		
57	cfg_00057_d56fbde3c4	marker_directed	main	b1024	s02	thesis_marker_hpo_stage1	SM4	true	true		/zhome/14/b/214266/Repos/ml-surrogates-for-power-systems/outputs/hpo/marker_directed/stage1_policy_search/marker_directed_policy_search_20260302_112434/runs/cfg_00057_d56fbde3c4	active.candidate_method=lhs;;active.log_every=5;;active.marker.greedy_score_weight=0.9;;active.marker.include_anchor_state_markers=true;;active.marker.k_density=10;;active.marker.pca_explained_variance=0.9;;active.marker.preselect_factor=5;;active.marker.settling_fraction=0.05;;active.marker.weights.diversity=0.4;;active.marker.weights.sparsity=0.4;;qbc_K=64;;qbc_P=2048;;qbc_T=15;;qbc_enable_logging=true;;qbc_n0=64;;qbc_n_test=256		
58	cfg_00058_56ded344fe	marker_directed	main	b1024	s02	thesis_marker_hpo_stage1	SM4	true	true		/zhome/14/b/214266/Repos/ml-surrogates-for-power-systems/outputs/hpo/marker_directed/stage1_policy_search/marker_directed_policy_search_20260302_112434/runs/cfg_00058_56ded344fe	active.candidate_method=lhs;;active.log_every=5;;active.marker.greedy_score_weight=0.9;;active.marker.include_anchor_state_markers=true;;active.marker.k_density=10;;active.marker.pca_explained_variance=0.9;;active.marker.preselect_factor=5;;active.marker.settling_fraction=0.05;;active.marker.weights.diversity=0.6;;active.marker.weights.sparsity=0.4;;qbc_K=64;;qbc_P=2048;;qbc_T=15;;qbc_enable_logging=true;;qbc_n0=64;;qbc_n_test=256		
59	cfg_00059_081564e877	marker_directed	main	b1024	s02	thesis_marker_hpo_stage1	SM4	true	true		/zhome/14/b/214266/Repos/ml-surrogates-for-power-systems/outputs/hpo/marker_directed/stage1_policy_search/marker_directed_policy_search_20260302_112434/runs/cfg_00059_081564e877	active.candidate_method=lhs;;active.log_every=5;;active.marker.greedy_score_weight=0.9;;active.marker.include_anchor_state_markers=true;;active.marker.k_density=10;;active.marker.pca_explained_variance=0.9;;active.marker.preselect_factor=5;;active.marker.settling_fraction=0.05;;active.marker.weights.diversity=0.8;;active.marker.weights.sparsity=0.4;;qbc_K=64;;qbc_P=2048;;qbc_T=15;;qbc_enable_logging=true;;qbc_n0=64;;qbc_n_test=256		
60	cfg_00060_1b1e4816a7	marker_directed	main	b1024	s02	thesis_marker_hpo_stage1	SM4	true	true		/zhome/14/b/214266/Repos/ml-surrogates-for-power-systems/outputs/hpo/marker_directed/stage1_policy_search/marker_directed_policy_search_20260302_112434/runs/cfg_00060_1b1e4816a7	active.candidate_method=lhs;;active.log_every=5;;active.marker.greedy_score_weight=0.7;;active.marker.include_anchor_state_markers=true;;active.marker.k_density=20;;active.marker.pca_explained_variance=0.9;;active.marker.preselect_factor=3;;active.marker.settling_fraction=0.05;;active.marker.weights.diversity=0.4;;active.marker.weights.sparsity=0.4;;qbc_K=64;;qbc_P=2048;;qbc_T=15;;qbc_enable_logging=true;;qbc_n0=64;;qbc_n_test=256		
61	cfg_00061_7cf6492bc0	marker_directed	main	b1024	s02	thesis_marker_hpo_stage1	SM4	true	true		/zhome/14/b/214266/Repos/ml-surrogates-for-power-systems/outputs/hpo/marker_directed/stage1_policy_search/marker_directed_policy_search_20260302_112434/runs/cfg_00061_7cf6492bc0	active.candidate_method=lhs;;active.log_every=5;;active.marker.greedy_score_weight=0.7;;active.marker.include_anchor_state_markers=true;;active.marker.k_density=20;;active.marker.pca_explained_variance=0.9;;active.marker.preselect_factor=3;;active.marker.settling_fraction=0.05;;active.marker.weights.diversity=0.6;;active.marker.weights.sparsity=0.4;;qbc_K=64;;qbc_P=2048;;qbc_T=15;;qbc_enable_logging=true;;qbc_n0=64;;qbc_n_test=256		
62	cfg_00062_4d54fcaa53	marker_directed	main	b1024	s02	thesis_marker_hpo_stage1	SM4	true	true		/zhome/14/b/214266/Repos/ml-surrogates-for-power-systems/outputs/hpo/marker_directed/stage1_policy_search/marker_directed_policy_search_20260302_112434/runs/cfg_00062_4d54fcaa53	active.candidate_method=lhs;;active.log_every=5;;active.marker.greedy_score_weight=0.7;;active.marker.include_anchor_state_markers=true;;active.marker.k_density=20;;active.marker.pca_explained_variance=0.9;;active.marker.preselect_factor=3;;active.marker.settling_fraction=0.05;;active.marker.weights.diversity=0.8;;active.marker.weights.sparsity=0.4;;qbc_K=64;;qbc_P=2048;;qbc_T=15;;qbc_enable_logging=true;;qbc_n0=64;;qbc_n_test=256		
63	cfg_00063_a1aeac74b4	marker_directed	main	b1024	s02	thesis_marker_hpo_stage1	SM4	true	true		/zhome/14/b/214266/Repos/ml-surrogates-for-power-systems/outputs/hpo/marker_directed/stage1_policy_search/marker_directed_policy_search_20260302_112434/runs/cfg_00063_a1aeac74b4	active.candidate_method=lhs;;active.log_every=5;;active.marker.greedy_score_weight=0.9;;active.marker.include_anchor_state_markers=true;;active.marker.k_density=20;;active.marker.pca_explained_variance=0.9;;active.marker.preselect_factor=3;;active.marker.settling_fraction=0.05;;active.marker.weights.diversity=0.4;;active.marker.weights.sparsity=0.4;;qbc_K=64;;qbc_P=2048;;qbc_T=15;;qbc_enable_logging=true;;qbc_n0=64;;qbc_n_test=256		
64	cfg_00064_0c42cbb75e	marker_directed	main	b1024	s02	thesis_marker_hpo_stage1	SM4	true	true		/zhome/14/b/214266/Repos/ml-surrogates-for-power-systems/outputs/hpo/marker_directed/stage1_policy_search/marker_directed_policy_search_20260302_112434/runs/cfg_00064_0c42cbb75e	active.candidate_method=lhs;;active.log_every=5;;active.marker.greedy_score_weight=0.9;;active.marker.include_anchor_state_markers=true;;active.marker.k_density=20;;active.marker.pca_explained_variance=0.9;;active.marker.preselect_factor=3;;active.marker.settling_fraction=0.05;;active.marker.weights.diversity=0.6;;active.marker.weights.sparsity=0.4;;qbc_K=64;;qbc_P=2048;;qbc_T=15;;qbc_enable_logging=true;;qbc_n0=64;;qbc_n_test=256		
65	cfg_00065_9ebc8d82f0	marker_directed	main	b1024	s02	thesis_marker_hpo_stage1	SM4	true	true		/zhome/14/b/214266/Repos/ml-surrogates-for-power-systems/outputs/hpo/marker_directed/stage1_policy_search/marker_directed_policy_search_20260302_112434/runs/cfg_00065_9ebc8d82f0	active.candidate_method=lhs;;active.log_every=5;;active.marker.greedy_score_weight=0.9;;active.marker.include_anchor_state_markers=true;;active.marker.k_density=20;;active.marker.pca_explained_variance=0.9;;active.marker.preselect_factor=3;;active.marker.settling_fraction=0.05;;active.marker.weights.diversity=0.8;;active.marker.weights.sparsity=0.4;;qbc_K=64;;qbc_P=2048;;qbc_T=15;;qbc_enable_logging=true;;qbc_n0=64;;qbc_n_test=256		
66	cfg_00066_93621c6a13	marker_directed	main	b1024	s02	thesis_marker_hpo_stage1	SM4	true	true		/zhome/14/b/214266/Repos/ml-surrogates-for-power-systems/outputs/hpo/marker_directed/stage1_policy_search/marker_directed_policy_search_20260302_112434/runs/cfg_00066_93621c6a13	active.candidate_method=lhs;;active.log_every=5;;active.marker.greedy_score_weight=0.7;;active.marker.include_anchor_state_markers=true;;active.marker.k_density=20;;active.marker.pca_explained_variance=0.9;;active.marker.preselect_factor=5;;active.marker.settling_fraction=0.05;;active.marker.weights.diversity=0.4;;active.marker.weights.sparsity=0.4;;qbc_K=64;;qbc_P=2048;;qbc_T=15;;qbc_enable_logging=true;;qbc_n0=64;;qbc_n_test=256		
67	cfg_00067_1da4eb7cd0	marker_directed	main	b1024	s02	thesis_marker_hpo_stage1	SM4	true	true		/zhome/14/b/214266/Repos/ml-surrogates-for-power-systems/outputs/hpo/marker_directed/stage1_policy_search/marker_directed_policy_search_20260302_112434/runs/cfg_00067_1da4eb7cd0	active.candidate_method=lhs;;active.log_every=5;;active.marker.greedy_score_weight=0.7;;active.marker.include_anchor_state_markers=true;;active.marker.k_density=20;;active.marker.pca_explained_variance=0.9;;active.marker.preselect_factor=5;;active.marker.settling_fraction=0.05;;active.marker.weights.diversity=0.6;;active.marker.weights.sparsity=0.4;;qbc_K=64;;qbc_P=2048;;qbc_T=15;;qbc_enable_logging=true;;qbc_n0=64;;qbc_n_test=256		
68	cfg_00068_2a7ed81e51	marker_directed	main	b1024	s02	thesis_marker_hpo_stage1	SM4	true	true		/zhome/14/b/214266/Repos/ml-surrogates-for-power-systems/outputs/hpo/marker_directed/stage1_policy_search/marker_directed_policy_search_20260302_112434/runs/cfg_00068_2a7ed81e51	active.candidate_method=lhs;;active.log_every=5;;active.marker.greedy_score_weight=0.7;;active.marker.include_anchor_state_markers=true;;active.marker.k_density=20;;active.marker.pca_explained_variance=0.9;;active.marker.preselect_factor=5;;active.marker.settling_fraction=0.05;;active.marker.weights.diversity=0.8;;active.marker.weights.sparsity=0.4;;qbc_K=64;;qbc_P=2048;;qbc_T=15;;qbc_enable_logging=true;;qbc_n0=64;;qbc_n_test=256		
69	cfg_00069_1ade43eca7	marker_directed	main	b1024	s02	thesis_marker_hpo_stage1	SM4	true	true		/zhome/14/b/214266/Repos/ml-surrogates-for-power-systems/outputs/hpo/marker_directed/stage1_policy_search/marker_directed_policy_search_20260302_112434/runs/cfg_00069_1ade43eca7	active.candidate_method=lhs;;active.log_every=5;;active.marker.greedy_score_weight=0.9;;active.marker.include_anchor_state_markers=true;;active.marker.k_density=20;;active.marker.pca_explained_variance=0.9;;active.marker.preselect_factor=5;;active.marker.settling_fraction=0.05;;active.marker.weights.diversity=0.4;;active.marker.weights.sparsity=0.4;;qbc_K=64;;qbc_P=2048;;qbc_T=15;;qbc_enable_logging=true;;qbc_n0=64;;qbc_n_test=256		
70	cfg_00070_ea022f590f	marker_directed	main	b1024	s02	thesis_marker_hpo_stage1	SM4	true	true		/zhome/14/b/214266/Repos/ml-surrogates-for-power-systems/outputs/hpo/marker_directed/stage1_policy_search/marker_directed_policy_search_20260302_112434/runs/cfg_00070_ea022f590f	active.candidate_method=lhs;;active.log_every=5;;active.marker.greedy_score_weight=0.9;;active.marker.include_anchor_state_markers=true;;active.marker.k_density=20;;active.marker.pca_explained_variance=0.9;;active.marker.preselect_factor=5;;active.marker.settling_fraction=0.05;;active.marker.weights.diversity=0.6;;active.marker.weights.sparsity=0.4;;qbc_K=64;;qbc_P=2048;;qbc_T=15;;qbc_enable_logging=true;;qbc_n0=64;;qbc_n_test=256		
71	cfg_00071_709987df70	marker_directed	main	b1024	s02	thesis_marker_hpo_stage1	SM4	true	true		/zhome/14/b/214266/Repos/ml-surrogates-for-power-systems/outputs/hpo/marker_directed/stage1_policy_search/marker_directed_policy_search_20260302_112434/runs/cfg_00071_709987df70	active.candidate_method=lhs;;active.log_every=5;;active.marker.greedy_score_weight=0.9;;active.marker.include_anchor_state_markers=true;;active.marker.k_density=20;;active.marker.pca_explained_variance=0.9;;active.marker.preselect_factor=5;;active.marker.settling_fraction=0.05;;active.marker.weights.diversity=0.8;;active.marker.weights.sparsity=0.4;;qbc_K=64;;qbc_P=2048;;qbc_T=15;;qbc_enable_logging=true;;qbc_n0=64;;qbc_n_test=256		
72	cfg_00072_56b703b328	marker_directed	main	b1024	s02	thesis_marker_hpo_stage1	SM4	true	true		/zhome/14/b/214266/Repos/ml-surrogates-for-power-systems/outputs/hpo/marker_directed/stage1_policy_search/marker_directed_policy_search_20260302_112434/runs/cfg_00072_56b703b328	active.candidate_method=lhs;;active.log_every=5;;active.marker.greedy_score_weight=0.7;;active.marker.include_anchor_state_markers=true;;active.marker.k_density=10;;active.marker.pca_explained_variance=0.95;;active.marker.preselect_factor=3;;active.marker.settling_fraction=0.05;;active.marker.weights.diversity=0.4;;active.marker.weights.sparsity=0.4;;qbc_K=64;;qbc_P=2048;;qbc_T=15;;qbc_enable_logging=true;;qbc_n0=64;;qbc_n_test=256		
73	cfg_00073_0148a48e23	marker_directed	main	b1024	s02	thesis_marker_hpo_stage1	SM4	true	true		/zhome/14/b/214266/Repos/ml-surrogates-for-power-systems/outputs/hpo/marker_directed/stage1_policy_search/marker_directed_policy_search_20260302_112434/runs/cfg_00073_0148a48e23	active.candidate_method=lhs;;active.log_every=5;;active.marker.greedy_score_weight=0.7;;active.marker.include_anchor_state_markers=true;;active.marker.k_density=10;;active.marker.pca_explained_variance=0.95;;active.marker.preselect_factor=3;;active.marker.settling_fraction=0.05;;active.marker.weights.diversity=0.6;;active.marker.weights.sparsity=0.4;;qbc_K=64;;qbc_P=2048;;qbc_T=15;;qbc_enable_logging=true;;qbc_n0=64;;qbc_n_test=256		
74	cfg_00074_b7dab6b0af	marker_directed	main	b1024	s02	thesis_marker_hpo_stage1	SM4	true	true		/zhome/14/b/214266/Repos/ml-surrogates-for-power-systems/outputs/hpo/marker_directed/stage1_policy_search/marker_directed_policy_search_20260302_112434/runs/cfg_00074_b7dab6b0af	active.candidate_method=lhs;;active.log_every=5;;active.marker.greedy_score_weight=0.7;;active.marker.include_anchor_state_markers=true;;active.marker.k_density=10;;active.marker.pca_explained_variance=0.95;;active.marker.preselect_factor=3;;active.marker.settling_fraction=0.05;;active.marker.weights.diversity=0.8;;active.marker.weights.sparsity=0.4;;qbc_K=64;;qbc_P=2048;;qbc_T=15;;qbc_enable_logging=true;;qbc_n0=64;;qbc_n_test=256		
75	cfg_00075_67dbe7c682	marker_directed	main	b1024	s02	thesis_marker_hpo_stage1	SM4	true	true		/zhome/14/b/214266/Repos/ml-surrogates-for-power-systems/outputs/hpo/marker_directed/stage1_policy_search/marker_directed_policy_search_20260302_112434/runs/cfg_00075_67dbe7c682	active.candidate_method=lhs;;active.log_every=5;;active.marker.greedy_score_weight=0.9;;active.marker.include_anchor_state_markers=true;;active.marker.k_density=10;;active.marker.pca_explained_variance=0.95;;active.marker.preselect_factor=3;;active.marker.settling_fraction=0.05;;active.marker.weights.diversity=0.4;;active.marker.weights.sparsity=0.4;;qbc_K=64;;qbc_P=2048;;qbc_T=15;;qbc_enable_logging=true;;qbc_n0=64;;qbc_n_test=256		
76	cfg_00076_82f8689441	marker_directed	main	b1024	s02	thesis_marker_hpo_stage1	SM4	true	true		/zhome/14/b/214266/Repos/ml-surrogates-for-power-systems/outputs/hpo/marker_directed/stage1_policy_search/marker_directed_policy_search_20260302_112434/runs/cfg_00076_82f8689441	active.candidate_method=lhs;;active.log_every=5;;active.marker.greedy_score_weight=0.9;;active.marker.include_anchor_state_markers=true;;active.marker.k_density=10;;active.marker.pca_explained_variance=0.95;;active.marker.preselect_factor=3;;active.marker.settling_fraction=0.05;;active.marker.weights.diversity=0.6;;active.marker.weights.sparsity=0.4;;qbc_K=64;;qbc_P=2048;;qbc_T=15;;qbc_enable_logging=true;;qbc_n0=64;;qbc_n_test=256		
77	cfg_00077_25f30c3944	marker_directed	main	b1024	s02	thesis_marker_hpo_stage1	SM4	true	true		/zhome/14/b/214266/Repos/ml-surrogates-for-power-systems/outputs/hpo/marker_directed/stage1_policy_search/marker_directed_policy_search_20260302_112434/runs/cfg_00077_25f30c3944	active.candidate_method=lhs;;active.log_every=5;;active.marker.greedy_score_weight=0.9;;active.marker.include_anchor_state_markers=true;;active.marker.k_density=10;;active.marker.pca_explained_variance=0.95;;active.marker.preselect_factor=3;;active.marker.settling_fraction=0.05;;active.marker.weights.diversity=0.8;;active.marker.weights.sparsity=0.4;;qbc_K=64;;qbc_P=2048;;qbc_T=15;;qbc_enable_logging=true;;qbc_n0=64;;qbc_n_test=256		
78	cfg_00078_aab05692ef	marker_directed	main	b1024	s02	thesis_marker_hpo_stage1	SM4	true	true		/zhome/14/b/214266/Repos/ml-surrogates-for-power-systems/outputs/hpo/marker_directed/stage1_policy_search/marker_directed_policy_search_20260302_112434/runs/cfg_00078_aab05692ef	active.candidate_method=lhs;;active.log_every=5;;active.marker.greedy_score_weight=0.7;;active.marker.include_anchor_state_markers=true;;active.marker.k_density=10;;active.marker.pca_explained_variance=0.95;;active.marker.preselect_factor=5;;active.marker.settling_fraction=0.05;;active.marker.weights.diversity=0.4;;active.marker.weights.sparsity=0.4;;qbc_K=64;;qbc_P=2048;;qbc_T=15;;qbc_enable_logging=true;;qbc_n0=64;;qbc_n_test=256		
79	cfg_00079_a1c371a5d5	marker_directed	main	b1024	s02	thesis_marker_hpo_stage1	SM4	true	true		/zhome/14/b/214266/Repos/ml-surrogates-for-power-systems/outputs/hpo/marker_directed/stage1_policy_search/marker_directed_policy_search_20260302_112434/runs/cfg_00079_a1c371a5d5	active.candidate_method=lhs;;active.log_every=5;;active.marker.greedy_score_weight=0.7;;active.marker.include_anchor_state_markers=true;;active.marker.k_density=10;;active.marker.pca_explained_variance=0.95;;active.marker.preselect_factor=5;;active.marker.settling_fraction=0.05;;active.marker.weights.diversity=0.6;;active.marker.weights.sparsity=0.4;;qbc_K=64;;qbc_P=2048;;qbc_T=15;;qbc_enable_logging=true;;qbc_n0=64;;qbc_n_test=256		
80	cfg_00080_dd34db6470	marker_directed	main	b1024	s02	thesis_marker_hpo_stage1	SM4	true	true		/zhome/14/b/214266/Repos/ml-surrogates-for-power-systems/outputs/hpo/marker_directed/stage1_policy_search/marker_directed_policy_search_20260302_112434/runs/cfg_00080_dd34db6470	active.candidate_method=lhs;;active.log_every=5;;active.marker.greedy_score_weight=0.7;;active.marker.include_anchor_state_markers=true;;active.marker.k_density=10;;active.marker.pca_explained_variance=0.95;;active.marker.preselect_factor=5;;active.marker.settling_fraction=0.05;;active.marker.weights.diversity=0.8;;active.marker.weights.sparsity=0.4;;qbc_K=64;;qbc_P=2048;;qbc_T=15;;qbc_enable_logging=true;;qbc_n0=64;;qbc_n_test=256		
81	cfg_00081_c11322b21e	marker_directed	main	b1024	s02	thesis_marker_hpo_stage1	SM4	true	true		/zhome/14/b/214266/Repos/ml-surrogates-for-power-systems/outputs/hpo/marker_directed/stage1_policy_search/marker_directed_policy_search_20260302_112434/runs/cfg_00081_c11322b21e	active.candidate_method=lhs;;active.log_every=5;;active.marker.greedy_score_weight=0.9;;active.marker.include_anchor_state_markers=true;;active.marker.k_density=10;;active.marker.pca_explained_variance=0.95;;active.marker.preselect_factor=5;;active.marker.settling_fraction=0.05;;active.marker.weights.diversity=0.4;;active.marker.weights.sparsity=0.4;;qbc_K=64;;qbc_P=2048;;qbc_T=15;;qbc_enable_logging=true;;qbc_n0=64;;qbc_n_test=256		
82	cfg_00082_df23d35b87	marker_directed	main	b1024	s02	thesis_marker_hpo_stage1	SM4	true	true		/zhome/14/b/214266/Repos/ml-surrogates-for-power-systems/outputs/hpo/marker_directed/stage1_policy_search/marker_directed_policy_search_20260302_112434/runs/cfg_00082_df23d35b87	active.candidate_method=lhs;;active.log_every=5;;active.marker.greedy_score_weight=0.9;;active.marker.include_anchor_state_markers=true;;active.marker.k_density=10;;active.marker.pca_explained_variance=0.95;;active.marker.preselect_factor=5;;active.marker.settling_fraction=0.05;;active.marker.weights.diversity=0.6;;active.marker.weights.sparsity=0.4;;qbc_K=64;;qbc_P=2048;;qbc_T=15;;qbc_enable_logging=true;;qbc_n0=64;;qbc_n_test=256		
83	cfg_00083_f9876961e1	marker_directed	main	b1024	s02	thesis_marker_hpo_stage1	SM4	true	true		/zhome/14/b/214266/Repos/ml-surrogates-for-power-systems/outputs/hpo/marker_directed/stage1_policy_search/marker_directed_policy_search_20260302_112434/runs/cfg_00083_f9876961e1	active.candidate_method=lhs;;active.log_every=5;;active.marker.greedy_score_weight=0.9;;active.marker.include_anchor_state_markers=true;;active.marker.k_density=10;;active.marker.pca_explained_variance=0.95;;active.marker.preselect_factor=5;;active.marker.settling_fraction=0.05;;active.marker.weights.diversity=0.8;;active.marker.weights.sparsity=0.4;;qbc_K=64;;qbc_P=2048;;qbc_T=15;;qbc_enable_logging=true;;qbc_n0=64;;qbc_n_test=256		
84	cfg_00084_a65645706a	marker_directed	main	b1024	s02	thesis_marker_hpo_stage1	SM4	true	true		/zhome/14/b/214266/Repos/ml-surrogates-for-power-systems/outputs/hpo/marker_directed/stage1_policy_search/marker_directed_policy_search_20260302_112434/runs/cfg_00084_a65645706a	active.candidate_method=lhs;;active.log_every=5;;active.marker.greedy_score_weight=0.7;;active.marker.include_anchor_state_markers=true;;active.marker.k_density=20;;active.marker.pca_explained_variance=0.95;;active.marker.preselect_factor=3;;active.marker.settling_fraction=0.05;;active.marker.weights.diversity=0.4;;active.marker.weights.sparsity=0.4;;qbc_K=64;;qbc_P=2048;;qbc_T=15;;qbc_enable_logging=true;;qbc_n0=64;;qbc_n_test=256		
85	cfg_00085_9b608ef651	marker_directed	main	b1024	s02	thesis_marker_hpo_stage1	SM4	true	true		/zhome/14/b/214266/Repos/ml-surrogates-for-power-systems/outputs/hpo/marker_directed/stage1_policy_search/marker_directed_policy_search_20260302_112434/runs/cfg_00085_9b608ef651	active.candidate_method=lhs;;active.log_every=5;;active.marker.greedy_score_weight=0.7;;active.marker.include_anchor_state_markers=true;;active.marker.k_density=20;;active.marker.pca_explained_variance=0.95;;active.marker.preselect_factor=3;;active.marker.settling_fraction=0.05;;active.marker.weights.diversity=0.6;;active.marker.weights.sparsity=0.4;;qbc_K=64;;qbc_P=2048;;qbc_T=15;;qbc_enable_logging=true;;qbc_n0=64;;qbc_n_test=256		
86	cfg_00086_a0407c514b	marker_directed	main	b1024	s02	thesis_marker_hpo_stage1	SM4	true	true		/zhome/14/b/214266/Repos/ml-surrogates-for-power-systems/outputs/hpo/marker_directed/stage1_policy_search/marker_directed_policy_search_20260302_112434/runs/cfg_00086_a0407c514b	active.candidate_method=lhs;;active.log_every=5;;active.marker.greedy_score_weight=0.7;;active.marker.include_anchor_state_markers=true;;active.marker.k_density=20;;active.marker.pca_explained_variance=0.95;;active.marker.preselect_factor=3;;active.marker.settling_fraction=0.05;;active.marker.weights.diversity=0.8;;active.marker.weights.sparsity=0.4;;qbc_K=64;;qbc_P=2048;;qbc_T=15;;qbc_enable_logging=true;;qbc_n0=64;;qbc_n_test=256		
87	cfg_00087_1d7e38a8a1	marker_directed	main	b1024	s02	thesis_marker_hpo_stage1	SM4	true	true		/zhome/14/b/214266/Repos/ml-surrogates-for-power-systems/outputs/hpo/marker_directed/stage1_policy_search/marker_directed_policy_search_20260302_112434/runs/cfg_00087_1d7e38a8a1	active.candidate_method=lhs;;active.log_every=5;;active.marker.greedy_score_weight=0.9;;active.marker.include_anchor_state_markers=true;;active.marker.k_density=20;;active.marker.pca_explained_variance=0.95;;active.marker.preselect_factor=3;;active.marker.settling_fraction=0.05;;active.marker.weights.diversity=0.4;;active.marker.weights.sparsity=0.4;;qbc_K=64;;qbc_P=2048;;qbc_T=15;;qbc_enable_logging=true;;qbc_n0=64;;qbc_n_test=256		
88	cfg_00088_d7b3c54347	marker_directed	main	b1024	s02	thesis_marker_hpo_stage1	SM4	true	true		/zhome/14/b/214266/Repos/ml-surrogates-for-power-systems/outputs/hpo/marker_directed/stage1_policy_search/marker_directed_policy_search_20260302_112434/runs/cfg_00088_d7b3c54347	active.candidate_method=lhs;;active.log_every=5;;active.marker.greedy_score_weight=0.9;;active.marker.include_anchor_state_markers=true;;active.marker.k_density=20;;active.marker.pca_explained_variance=0.95;;active.marker.preselect_factor=3;;active.marker.settling_fraction=0.05;;active.marker.weights.diversity=0.6;;active.marker.weights.sparsity=0.4;;qbc_K=64;;qbc_P=2048;;qbc_T=15;;qbc_enable_logging=true;;qbc_n0=64;;qbc_n_test=256		
89	cfg_00089_fb45daf457	marker_directed	main	b1024	s02	thesis_marker_hpo_stage1	SM4	true	true		/zhome/14/b/214266/Repos/ml-surrogates-for-power-systems/outputs/hpo/marker_directed/stage1_policy_search/marker_directed_policy_search_20260302_112434/runs/cfg_00089_fb45daf457	active.candidate_method=lhs;;active.log_every=5;;active.marker.greedy_score_weight=0.9;;active.marker.include_anchor_state_markers=true;;active.marker.k_density=20;;active.marker.pca_explained_variance=0.95;;active.marker.preselect_factor=3;;active.marker.settling_fraction=0.05;;active.marker.weights.diversity=0.8;;active.marker.weights.sparsity=0.4;;qbc_K=64;;qbc_P=2048;;qbc_T=15;;qbc_enable_logging=true;;qbc_n0=64;;qbc_n_test=256		
90	cfg_00090_da99ca1fcf	marker_directed	main	b1024	s02	thesis_marker_hpo_stage1	SM4	true	true		/zhome/14/b/214266/Repos/ml-surrogates-for-power-systems/outputs/hpo/marker_directed/stage1_policy_search/marker_directed_policy_search_20260302_112434/runs/cfg_00090_da99ca1fcf	active.candidate_method=lhs;;active.log_every=5;;active.marker.greedy_score_weight=0.7;;active.marker.include_anchor_state_markers=true;;active.marker.k_density=20;;active.marker.pca_explained_variance=0.95;;active.marker.preselect_factor=5;;active.marker.settling_fraction=0.05;;active.marker.weights.diversity=0.4;;active.marker.weights.sparsity=0.4;;qbc_K=64;;qbc_P=2048;;qbc_T=15;;qbc_enable_logging=true;;qbc_n0=64;;qbc_n_test=256		
91	cfg_00091_bb675bf82b	marker_directed	main	b1024	s02	thesis_marker_hpo_stage1	SM4	true	true		/zhome/14/b/214266/Repos/ml-surrogates-for-power-systems/outputs/hpo/marker_directed/stage1_policy_search/marker_directed_policy_search_20260302_112434/runs/cfg_00091_bb675bf82b	active.candidate_method=lhs;;active.log_every=5;;active.marker.greedy_score_weight=0.7;;active.marker.include_anchor_state_markers=true;;active.marker.k_density=20;;active.marker.pca_explained_variance=0.95;;active.marker.preselect_factor=5;;active.marker.settling_fraction=0.05;;active.marker.weights.diversity=0.6;;active.marker.weights.sparsity=0.4;;qbc_K=64;;qbc_P=2048;;qbc_T=15;;qbc_enable_logging=true;;qbc_n0=64;;qbc_n_test=256		
92	cfg_00092_bfc109afa9	marker_directed	main	b1024	s02	thesis_marker_hpo_stage1	SM4	true	true		/zhome/14/b/214266/Repos/ml-surrogates-for-power-systems/outputs/hpo/marker_directed/stage1_policy_search/marker_directed_policy_search_20260302_112434/runs/cfg_00092_bfc109afa9	active.candidate_method=lhs;;active.log_every=5;;active.marker.greedy_score_weight=0.7;;active.marker.include_anchor_state_markers=true;;active.marker.k_density=20;;active.marker.pca_explained_variance=0.95;;active.marker.preselect_factor=5;;active.marker.settling_fraction=0.05;;active.marker.weights.diversity=0.8;;active.marker.weights.sparsity=0.4;;qbc_K=64;;qbc_P=2048;;qbc_T=15;;qbc_enable_logging=true;;qbc_n0=64;;qbc_n_test=256		
93	cfg_00093_7731db139f	marker_directed	main	b1024	s02	thesis_marker_hpo_stage1	SM4	true	true		/zhome/14/b/214266/Repos/ml-surrogates-for-power-systems/outputs/hpo/marker_directed/stage1_policy_search/marker_directed_policy_search_20260302_112434/runs/cfg_00093_7731db139f	active.candidate_method=lhs;;active.log_every=5;;active.marker.greedy_score_weight=0.9;;active.marker.include_anchor_state_markers=true;;active.marker.k_density=20;;active.marker.pca_explained_variance=0.95;;active.marker.preselect_factor=5;;active.marker.settling_fraction=0.05;;active.marker.weights.diversity=0.4;;active.marker.weights.sparsity=0.4;;qbc_K=64;;qbc_P=2048;;qbc_T=15;;qbc_enable_logging=true;;qbc_n0=64;;qbc_n_test=256		
94	cfg_00094_649b7fcc45	marker_directed	main	b1024	s02	thesis_marker_hpo_stage1	SM4	true	true		/zhome/14/b/214266/Repos/ml-surrogates-for-power-systems/outputs/hpo/marker_directed/stage1_policy_search/marker_directed_policy_search_20260302_112434/runs/cfg_00094_649b7fcc45	active.candidate_method=lhs;;active.log_every=5;;active.marker.greedy_score_weight=0.9;;active.marker.include_anchor_state_markers=true;;active.marker.k_density=20;;active.marker.pca_explained_variance=0.95;;active.marker.preselect_factor=5;;active.marker.settling_fraction=0.05;;active.marker.weights.diversity=0.6;;active.marker.weights.sparsity=0.4;;qbc_K=64;;qbc_P=2048;;qbc_T=15;;qbc_enable_logging=true;;qbc_n0=64;;qbc_n_test=256		
95	cfg_00095_5edcf705ad	marker_directed	main	b1024	s02	thesis_marker_hpo_stage1	SM4	true	true		/zhome/14/b/214266/Repos/ml-surrogates-for-power-systems/outputs/hpo/marker_directed/stage1_policy_search/marker_directed_policy_search_20260302_112434/runs/cfg_00095_5edcf705ad	active.candidate_method=lhs;;active.log_every=5;;active.marker.greedy_score_weight=0.9;;active.marker.include_anchor_state_markers=true;;active.marker.k_density=20;;active.marker.pca_explained_variance=0.95;;active.marker.preselect_factor=5;;active.marker.settling_fraction=0.05;;active.marker.weights.diversity=0.8;;active.marker.weights.sparsity=0.4;;qbc_K=64;;qbc_P=2048;;qbc_T=15;;qbc_enable_logging=true;;qbc_n0=64;;qbc_n_test=256		
96	cfg_00096_bf91838d09	marker_directed	main	b1024	s03	thesis_marker_hpo_stage1	SM4	true	true		/zhome/14/b/214266/Repos/ml-surrogates-for-power-systems/outputs/hpo/marker_directed/stage1_policy_search/marker_directed_policy_search_20260302_112434/runs/cfg_00096_bf91838d09	active.candidate_method=lhs;;active.log_every=5;;active.marker.greedy_score_weight=0.7;;active.marker.include_anchor_state_markers=true;;active.marker.k_density=10;;active.marker.pca_explained_variance=0.9;;active.marker.preselect_factor=3;;active.marker.settling_fraction=0.05;;active.marker.weights.diversity=0.4;;active.marker.weights.sparsity=0.4;;qbc_K=64;;qbc_P=2048;;qbc_T=15;;qbc_enable_logging=true;;qbc_n0=64;;qbc_n_test=256		
97	cfg_00097_f17e83d0fc	marker_directed	main	b1024	s03	thesis_marker_hpo_stage1	SM4	true	true		/zhome/14/b/214266/Repos/ml-surrogates-for-power-systems/outputs/hpo/marker_directed/stage1_policy_search/marker_directed_policy_search_20260302_112434/runs/cfg_00097_f17e83d0fc	active.candidate_method=lhs;;active.log_every=5;;active.marker.greedy_score_weight=0.7;;active.marker.include_anchor_state_markers=true;;active.marker.k_density=10;;active.marker.pca_explained_variance=0.9;;active.marker.preselect_factor=3;;active.marker.settling_fraction=0.05;;active.marker.weights.diversity=0.6;;active.marker.weights.sparsity=0.4;;qbc_K=64;;qbc_P=2048;;qbc_T=15;;qbc_enable_logging=true;;qbc_n0=64;;qbc_n_test=256		
98	cfg_00098_8c3ac4066b	marker_directed	main	b1024	s03	thesis_marker_hpo_stage1	SM4	true	true		/zhome/14/b/214266/Repos/ml-surrogates-for-power-systems/outputs/hpo/marker_directed/stage1_policy_search/marker_directed_policy_search_20260302_112434/runs/cfg_00098_8c3ac4066b	active.candidate_method=lhs;;active.log_every=5;;active.marker.greedy_score_weight=0.7;;active.marker.include_anchor_state_markers=true;;active.marker.k_density=10;;active.marker.pca_explained_variance=0.9;;active.marker.preselect_factor=3;;active.marker.settling_fraction=0.05;;active.marker.weights.diversity=0.8;;active.marker.weights.sparsity=0.4;;qbc_K=64;;qbc_P=2048;;qbc_T=15;;qbc_enable_logging=true;;qbc_n0=64;;qbc_n_test=256		
99	cfg_00099_6e66a76f46	marker_directed	main	b1024	s03	thesis_marker_hpo_stage1	SM4	true	true		/zhome/14/b/214266/Repos/ml-surrogates-for-power-systems/outputs/hpo/marker_directed/stage1_policy_search/marker_directed_policy_search_20260302_112434/runs/cfg_00099_6e66a76f46	active.candidate_method=lhs;;active.log_every=5;;active.marker.greedy_score_weight=0.9;;active.marker.include_anchor_state_markers=true;;active.marker.k_density=10;;active.marker.pca_explained_variance=0.9;;active.marker.preselect_factor=3;;active.marker.settling_fraction=0.05;;active.marker.weights.diversity=0.4;;active.marker.weights.sparsity=0.4;;qbc_K=64;;qbc_P=2048;;qbc_T=15;;qbc_enable_logging=true;;qbc_n0=64;;qbc_n_test=256		
100	cfg_00100_40b53b2021	marker_directed	main	b1024	s03	thesis_marker_hpo_stage1	SM4	true	true		/zhome/14/b/214266/Repos/ml-surrogates-for-power-systems/outputs/hpo/marker_directed/stage1_policy_search/marker_directed_policy_search_20260302_112434/runs/cfg_00100_40b53b2021	active.candidate_method=lhs;;active.log_every=5;;active.marker.greedy_score_weight=0.9;;active.marker.include_anchor_state_markers=true;;active.marker.k_density=10;;active.marker.pca_explained_variance=0.9;;active.marker.preselect_factor=3;;active.marker.settling_fraction=0.05;;active.marker.weights.diversity=0.6;;active.marker.weights.sparsity=0.4;;qbc_K=64;;qbc_P=2048;;qbc_T=15;;qbc_enable_logging=true;;qbc_n0=64;;qbc_n_test=256		
101	cfg_00101_2c2cc5990b	marker_directed	main	b1024	s03	thesis_marker_hpo_stage1	SM4	true	true		/zhome/14/b/214266/Repos/ml-surrogates-for-power-systems/outputs/hpo/marker_directed/stage1_policy_search/marker_directed_policy_search_20260302_112434/runs/cfg_00101_2c2cc5990b	active.candidate_method=lhs;;active.log_every=5;;active.marker.greedy_score_weight=0.9;;active.marker.include_anchor_state_markers=true;;active.marker.k_density=10;;active.marker.pca_explained_variance=0.9;;active.marker.preselect_factor=3;;active.marker.settling_fraction=0.05;;active.marker.weights.diversity=0.8;;active.marker.weights.sparsity=0.4;;qbc_K=64;;qbc_P=2048;;qbc_T=15;;qbc_enable_logging=true;;qbc_n0=64;;qbc_n_test=256		
102	cfg_00102_b873966a7d	marker_directed	main	b1024	s03	thesis_marker_hpo_stage1	SM4	true	true		/zhome/14/b/214266/Repos/ml-surrogates-for-power-systems/outputs/hpo/marker_directed/stage1_policy_search/marker_directed_policy_search_20260302_112434/runs/cfg_00102_b873966a7d	active.candidate_method=lhs;;active.log_every=5;;active.marker.greedy_score_weight=0.7;;active.marker.include_anchor_state_markers=true;;active.marker.k_density=10;;active.marker.pca_explained_variance=0.9;;active.marker.preselect_factor=5;;active.marker.settling_fraction=0.05;;active.marker.weights.diversity=0.4;;active.marker.weights.sparsity=0.4;;qbc_K=64;;qbc_P=2048;;qbc_T=15;;qbc_enable_logging=true;;qbc_n0=64;;qbc_n_test=256		
103	cfg_00103_183f4cdeaa	marker_directed	main	b1024	s03	thesis_marker_hpo_stage1	SM4	true	true		/zhome/14/b/214266/Repos/ml-surrogates-for-power-systems/outputs/hpo/marker_directed/stage1_policy_search/marker_directed_policy_search_20260302_112434/runs/cfg_00103_183f4cdeaa	active.candidate_method=lhs;;active.log_every=5;;active.marker.greedy_score_weight=0.7;;active.marker.include_anchor_state_markers=true;;active.marker.k_density=10;;active.marker.pca_explained_variance=0.9;;active.marker.preselect_factor=5;;active.marker.settling_fraction=0.05;;active.marker.weights.diversity=0.6;;active.marker.weights.sparsity=0.4;;qbc_K=64;;qbc_P=2048;;qbc_T=15;;qbc_enable_logging=true;;qbc_n0=64;;qbc_n_test=256		
104	cfg_00104_47715fbed1	marker_directed	main	b1024	s03	thesis_marker_hpo_stage1	SM4	true	true		/zhome/14/b/214266/Repos/ml-surrogates-for-power-systems/outputs/hpo/marker_directed/stage1_policy_search/marker_directed_policy_search_20260302_112434/runs/cfg_00104_47715fbed1	active.candidate_method=lhs;;active.log_every=5;;active.marker.greedy_score_weight=0.7;;active.marker.include_anchor_state_markers=true;;active.marker.k_density=10;;active.marker.pca_explained_variance=0.9;;active.marker.preselect_factor=5;;active.marker.settling_fraction=0.05;;active.marker.weights.diversity=0.8;;active.marker.weights.sparsity=0.4;;qbc_K=64;;qbc_P=2048;;qbc_T=15;;qbc_enable_logging=true;;qbc_n0=64;;qbc_n_test=256		
105	cfg_00105_71804d977f	marker_directed	main	b1024	s03	thesis_marker_hpo_stage1	SM4	true	true		/zhome/14/b/214266/Repos/ml-surrogates-for-power-systems/outputs/hpo/marker_directed/stage1_policy_search/marker_directed_policy_search_20260302_112434/runs/cfg_00105_71804d977f	active.candidate_method=lhs;;active.log_every=5;;active.marker.greedy_score_weight=0.9;;active.marker.include_anchor_state_markers=true;;active.marker.k_density=10;;active.marker.pca_explained_variance=0.9;;active.marker.preselect_factor=5;;active.marker.settling_fraction=0.05;;active.marker.weights.diversity=0.4;;active.marker.weights.sparsity=0.4;;qbc_K=64;;qbc_P=2048;;qbc_T=15;;qbc_enable_logging=true;;qbc_n0=64;;qbc_n_test=256		
106	cfg_00106_5f1358d386	marker_directed	main	b1024	s03	thesis_marker_hpo_stage1	SM4	true	true		/zhome/14/b/214266/Repos/ml-surrogates-for-power-systems/outputs/hpo/marker_directed/stage1_policy_search/marker_directed_policy_search_20260302_112434/runs/cfg_00106_5f1358d386	active.candidate_method=lhs;;active.log_every=5;;active.marker.greedy_score_weight=0.9;;active.marker.include_anchor_state_markers=true;;active.marker.k_density=10;;active.marker.pca_explained_variance=0.9;;active.marker.preselect_factor=5;;active.marker.settling_fraction=0.05;;active.marker.weights.diversity=0.6;;active.marker.weights.sparsity=0.4;;qbc_K=64;;qbc_P=2048;;qbc_T=15;;qbc_enable_logging=true;;qbc_n0=64;;qbc_n_test=256		
107	cfg_00107_2c9e160322	marker_directed	main	b1024	s03	thesis_marker_hpo_stage1	SM4	true	true		/zhome/14/b/214266/Repos/ml-surrogates-for-power-systems/outputs/hpo/marker_directed/stage1_policy_search/marker_directed_policy_search_20260302_112434/runs/cfg_00107_2c9e160322	active.candidate_method=lhs;;active.log_every=5;;active.marker.greedy_score_weight=0.9;;active.marker.include_anchor_state_markers=true;;active.marker.k_density=10;;active.marker.pca_explained_variance=0.9;;active.marker.preselect_factor=5;;active.marker.settling_fraction=0.05;;active.marker.weights.diversity=0.8;;active.marker.weights.sparsity=0.4;;qbc_K=64;;qbc_P=2048;;qbc_T=15;;qbc_enable_logging=true;;qbc_n0=64;;qbc_n_test=256		
108	cfg_00108_214873f958	marker_directed	main	b1024	s03	thesis_marker_hpo_stage1	SM4	true	true		/zhome/14/b/214266/Repos/ml-surrogates-for-power-systems/outputs/hpo/marker_directed/stage1_policy_search/marker_directed_policy_search_20260302_112434/runs/cfg_00108_214873f958	active.candidate_method=lhs;;active.log_every=5;;active.marker.greedy_score_weight=0.7;;active.marker.include_anchor_state_markers=true;;active.marker.k_density=20;;active.marker.pca_explained_variance=0.9;;active.marker.preselect_factor=3;;active.marker.settling_fraction=0.05;;active.marker.weights.diversity=0.4;;active.marker.weights.sparsity=0.4;;qbc_K=64;;qbc_P=2048;;qbc_T=15;;qbc_enable_logging=true;;qbc_n0=64;;qbc_n_test=256		
109	cfg_00109_181da3a3ff	marker_directed	main	b1024	s03	thesis_marker_hpo_stage1	SM4	true	true		/zhome/14/b/214266/Repos/ml-surrogates-for-power-systems/outputs/hpo/marker_directed/stage1_policy_search/marker_directed_policy_search_20260302_112434/runs/cfg_00109_181da3a3ff	active.candidate_method=lhs;;active.log_every=5;;active.marker.greedy_score_weight=0.7;;active.marker.include_anchor_state_markers=true;;active.marker.k_density=20;;active.marker.pca_explained_variance=0.9;;active.marker.preselect_factor=3;;active.marker.settling_fraction=0.05;;active.marker.weights.diversity=0.6;;active.marker.weights.sparsity=0.4;;qbc_K=64;;qbc_P=2048;;qbc_T=15;;qbc_enable_logging=true;;qbc_n0=64;;qbc_n_test=256		
110	cfg_00110_b895af8277	marker_directed	main	b1024	s03	thesis_marker_hpo_stage1	SM4	true	true		/zhome/14/b/214266/Repos/ml-surrogates-for-power-systems/outputs/hpo/marker_directed/stage1_policy_search/marker_directed_policy_search_20260302_112434/runs/cfg_00110_b895af8277	active.candidate_method=lhs;;active.log_every=5;;active.marker.greedy_score_weight=0.7;;active.marker.include_anchor_state_markers=true;;active.marker.k_density=20;;active.marker.pca_explained_variance=0.9;;active.marker.preselect_factor=3;;active.marker.settling_fraction=0.05;;active.marker.weights.diversity=0.8;;active.marker.weights.sparsity=0.4;;qbc_K=64;;qbc_P=2048;;qbc_T=15;;qbc_enable_logging=true;;qbc_n0=64;;qbc_n_test=256		
111	cfg_00111_124d8b13a7	marker_directed	main	b1024	s03	thesis_marker_hpo_stage1	SM4	true	true		/zhome/14/b/214266/Repos/ml-surrogates-for-power-systems/outputs/hpo/marker_directed/stage1_policy_search/marker_directed_policy_search_20260302_112434/runs/cfg_00111_124d8b13a7	active.candidate_method=lhs;;active.log_every=5;;active.marker.greedy_score_weight=0.9;;active.marker.include_anchor_state_markers=true;;active.marker.k_density=20;;active.marker.pca_explained_variance=0.9;;active.marker.preselect_factor=3;;active.marker.settling_fraction=0.05;;active.marker.weights.diversity=0.4;;active.marker.weights.sparsity=0.4;;qbc_K=64;;qbc_P=2048;;qbc_T=15;;qbc_enable_logging=true;;qbc_n0=64;;qbc_n_test=256		
112	cfg_00112_da06169e6e	marker_directed	main	b1024	s03	thesis_marker_hpo_stage1	SM4	true	true		/zhome/14/b/214266/Repos/ml-surrogates-for-power-systems/outputs/hpo/marker_directed/stage1_policy_search/marker_directed_policy_search_20260302_112434/runs/cfg_00112_da06169e6e	active.candidate_method=lhs;;active.log_every=5;;active.marker.greedy_score_weight=0.9;;active.marker.include_anchor_state_markers=true;;active.marker.k_density=20;;active.marker.pca_explained_variance=0.9;;active.marker.preselect_factor=3;;active.marker.settling_fraction=0.05;;active.marker.weights.diversity=0.6;;active.marker.weights.sparsity=0.4;;qbc_K=64;;qbc_P=2048;;qbc_T=15;;qbc_enable_logging=true;;qbc_n0=64;;qbc_n_test=256		
113	cfg_00113_59663bb220	marker_directed	main	b1024	s03	thesis_marker_hpo_stage1	SM4	true	true		/zhome/14/b/214266/Repos/ml-surrogates-for-power-systems/outputs/hpo/marker_directed/stage1_policy_search/marker_directed_policy_search_20260302_112434/runs/cfg_00113_59663bb220	active.candidate_method=lhs;;active.log_every=5;;active.marker.greedy_score_weight=0.9;;active.marker.include_anchor_state_markers=true;;active.marker.k_density=20;;active.marker.pca_explained_variance=0.9;;active.marker.preselect_factor=3;;active.marker.settling_fraction=0.05;;active.marker.weights.diversity=0.8;;active.marker.weights.sparsity=0.4;;qbc_K=64;;qbc_P=2048;;qbc_T=15;;qbc_enable_logging=true;;qbc_n0=64;;qbc_n_test=256		
114	cfg_00114_b01ab67dd2	marker_directed	main	b1024	s03	thesis_marker_hpo_stage1	SM4	true	true		/zhome/14/b/214266/Repos/ml-surrogates-for-power-systems/outputs/hpo/marker_directed/stage1_policy_search/marker_directed_policy_search_20260302_112434/runs/cfg_00114_b01ab67dd2	active.candidate_method=lhs;;active.log_every=5;;active.marker.greedy_score_weight=0.7;;active.marker.include_anchor_state_markers=true;;active.marker.k_density=20;;active.marker.pca_explained_variance=0.9;;active.marker.preselect_factor=5;;active.marker.settling_fraction=0.05;;active.marker.weights.diversity=0.4;;active.marker.weights.sparsity=0.4;;qbc_K=64;;qbc_P=2048;;qbc_T=15;;qbc_enable_logging=true;;qbc_n0=64;;qbc_n_test=256		
115	cfg_00115_72e3795762	marker_directed	main	b1024	s03	thesis_marker_hpo_stage1	SM4	true	true		/zhome/14/b/214266/Repos/ml-surrogates-for-power-systems/outputs/hpo/marker_directed/stage1_policy_search/marker_directed_policy_search_20260302_112434/runs/cfg_00115_72e3795762	active.candidate_method=lhs;;active.log_every=5;;active.marker.greedy_score_weight=0.7;;active.marker.include_anchor_state_markers=true;;active.marker.k_density=20;;active.marker.pca_explained_variance=0.9;;active.marker.preselect_factor=5;;active.marker.settling_fraction=0.05;;active.marker.weights.diversity=0.6;;active.marker.weights.sparsity=0.4;;qbc_K=64;;qbc_P=2048;;qbc_T=15;;qbc_enable_logging=true;;qbc_n0=64;;qbc_n_test=256		
116	cfg_00116_7b69d4d557	marker_directed	main	b1024	s03	thesis_marker_hpo_stage1	SM4	true	true		/zhome/14/b/214266/Repos/ml-surrogates-for-power-systems/outputs/hpo/marker_directed/stage1_policy_search/marker_directed_policy_search_20260302_112434/runs/cfg_00116_7b69d4d557	active.candidate_method=lhs;;active.log_every=5;;active.marker.greedy_score_weight=0.7;;active.marker.include_anchor_state_markers=true;;active.marker.k_density=20;;active.marker.pca_explained_variance=0.9;;active.marker.preselect_factor=5;;active.marker.settling_fraction=0.05;;active.marker.weights.diversity=0.8;;active.marker.weights.sparsity=0.4;;qbc_K=64;;qbc_P=2048;;qbc_T=15;;qbc_enable_logging=true;;qbc_n0=64;;qbc_n_test=256		
117	cfg_00117_df8b0bb348	marker_directed	main	b1024	s03	thesis_marker_hpo_stage1	SM4	true	true		/zhome/14/b/214266/Repos/ml-surrogates-for-power-systems/outputs/hpo/marker_directed/stage1_policy_search/marker_directed_policy_search_20260302_112434/runs/cfg_00117_df8b0bb348	active.candidate_method=lhs;;active.log_every=5;;active.marker.greedy_score_weight=0.9;;active.marker.include_anchor_state_markers=true;;active.marker.k_density=20;;active.marker.pca_explained_variance=0.9;;active.marker.preselect_factor=5;;active.marker.settling_fraction=0.05;;active.marker.weights.diversity=0.4;;active.marker.weights.sparsity=0.4;;qbc_K=64;;qbc_P=2048;;qbc_T=15;;qbc_enable_logging=true;;qbc_n0=64;;qbc_n_test=256		
118	cfg_00118_808d21951d	marker_directed	main	b1024	s03	thesis_marker_hpo_stage1	SM4	true	true		/zhome/14/b/214266/Repos/ml-surrogates-for-power-systems/outputs/hpo/marker_directed/stage1_policy_search/marker_directed_policy_search_20260302_112434/runs/cfg_00118_808d21951d	active.candidate_method=lhs;;active.log_every=5;;active.marker.greedy_score_weight=0.9;;active.marker.include_anchor_state_markers=true;;active.marker.k_density=20;;active.marker.pca_explained_variance=0.9;;active.marker.preselect_factor=5;;active.marker.settling_fraction=0.05;;active.marker.weights.diversity=0.6;;active.marker.weights.sparsity=0.4;;qbc_K=64;;qbc_P=2048;;qbc_T=15;;qbc_enable_logging=true;;qbc_n0=64;;qbc_n_test=256		
119	cfg_00119_acc46e09a5	marker_directed	main	b1024	s03	thesis_marker_hpo_stage1	SM4	true	true		/zhome/14/b/214266/Repos/ml-surrogates-for-power-systems/outputs/hpo/marker_directed/stage1_policy_search/marker_directed_policy_search_20260302_112434/runs/cfg_00119_acc46e09a5	active.candidate_method=lhs;;active.log_every=5;;active.marker.greedy_score_weight=0.9;;active.marker.include_anchor_state_markers=true;;active.marker.k_density=20;;active.marker.pca_explained_variance=0.9;;active.marker.preselect_factor=5;;active.marker.settling_fraction=0.05;;active.marker.weights.diversity=0.8;;active.marker.weights.sparsity=0.4;;qbc_K=64;;qbc_P=2048;;qbc_T=15;;qbc_enable_logging=true;;qbc_n0=64;;qbc_n_test=256		
120	cfg_00120_fef94afaaa	marker_directed	main	b1024	s03	thesis_marker_hpo_stage1	SM4	true	true		/zhome/14/b/214266/Repos/ml-surrogates-for-power-systems/outputs/hpo/marker_directed/stage1_policy_search/marker_directed_policy_search_20260302_112434/runs/cfg_00120_fef94afaaa	active.candidate_method=lhs;;active.log_every=5;;active.marker.greedy_score_weight=0.7;;active.marker.include_anchor_state_markers=true;;active.marker.k_density=10;;active.marker.pca_explained_variance=0.95;;active.marker.preselect_factor=3;;active.marker.settling_fraction=0.05;;active.marker.weights.diversity=0.4;;active.marker.weights.sparsity=0.4;;qbc_K=64;;qbc_P=2048;;qbc_T=15;;qbc_enable_logging=true;;qbc_n0=64;;qbc_n_test=256		
121	cfg_00121_27d5694a33	marker_directed	main	b1024	s03	thesis_marker_hpo_stage1	SM4	true	true		/zhome/14/b/214266/Repos/ml-surrogates-for-power-systems/outputs/hpo/marker_directed/stage1_policy_search/marker_directed_policy_search_20260302_112434/runs/cfg_00121_27d5694a33	active.candidate_method=lhs;;active.log_every=5;;active.marker.greedy_score_weight=0.7;;active.marker.include_anchor_state_markers=true;;active.marker.k_density=10;;active.marker.pca_explained_variance=0.95;;active.marker.preselect_factor=3;;active.marker.settling_fraction=0.05;;active.marker.weights.diversity=0.6;;active.marker.weights.sparsity=0.4;;qbc_K=64;;qbc_P=2048;;qbc_T=15;;qbc_enable_logging=true;;qbc_n0=64;;qbc_n_test=256		
122	cfg_00122_23ab5b3fdb	marker_directed	main	b1024	s03	thesis_marker_hpo_stage1	SM4	true	true		/zhome/14/b/214266/Repos/ml-surrogates-for-power-systems/outputs/hpo/marker_directed/stage1_policy_search/marker_directed_policy_search_20260302_112434/runs/cfg_00122_23ab5b3fdb	active.candidate_method=lhs;;active.log_every=5;;active.marker.greedy_score_weight=0.7;;active.marker.include_anchor_state_markers=true;;active.marker.k_density=10;;active.marker.pca_explained_variance=0.95;;active.marker.preselect_factor=3;;active.marker.settling_fraction=0.05;;active.marker.weights.diversity=0.8;;active.marker.weights.sparsity=0.4;;qbc_K=64;;qbc_P=2048;;qbc_T=15;;qbc_enable_logging=true;;qbc_n0=64;;qbc_n_test=256		
123	cfg_00123_57d78f24af	marker_directed	main	b1024	s03	thesis_marker_hpo_stage1	SM4	true	true		/zhome/14/b/214266/Repos/ml-surrogates-for-power-systems/outputs/hpo/marker_directed/stage1_policy_search/marker_directed_policy_search_20260302_112434/runs/cfg_00123_57d78f24af	active.candidate_method=lhs;;active.log_every=5;;active.marker.greedy_score_weight=0.9;;active.marker.include_anchor_state_markers=true;;active.marker.k_density=10;;active.marker.pca_explained_variance=0.95;;active.marker.preselect_factor=3;;active.marker.settling_fraction=0.05;;active.marker.weights.diversity=0.4;;active.marker.weights.sparsity=0.4;;qbc_K=64;;qbc_P=2048;;qbc_T=15;;qbc_enable_logging=true;;qbc_n0=64;;qbc_n_test=256		
124	cfg_00124_32f7b6934c	marker_directed	main	b1024	s03	thesis_marker_hpo_stage1	SM4	true	true		/zhome/14/b/214266/Repos/ml-surrogates-for-power-systems/outputs/hpo/marker_directed/stage1_policy_search/marker_directed_policy_search_20260302_112434/runs/cfg_00124_32f7b6934c	active.candidate_method=lhs;;active.log_every=5;;active.marker.greedy_score_weight=0.9;;active.marker.include_anchor_state_markers=true;;active.marker.k_density=10;;active.marker.pca_explained_variance=0.95;;active.marker.preselect_factor=3;;active.marker.settling_fraction=0.05;;active.marker.weights.diversity=0.6;;active.marker.weights.sparsity=0.4;;qbc_K=64;;qbc_P=2048;;qbc_T=15;;qbc_enable_logging=true;;qbc_n0=64;;qbc_n_test=256		
125	cfg_00125_2a7de2a559	marker_directed	main	b1024	s03	thesis_marker_hpo_stage1	SM4	true	true		/zhome/14/b/214266/Repos/ml-surrogates-for-power-systems/outputs/hpo/marker_directed/stage1_policy_search/marker_directed_policy_search_20260302_112434/runs/cfg_00125_2a7de2a559	active.candidate_method=lhs;;active.log_every=5;;active.marker.greedy_score_weight=0.9;;active.marker.include_anchor_state_markers=true;;active.marker.k_density=10;;active.marker.pca_explained_variance=0.95;;active.marker.preselect_factor=3;;active.marker.settling_fraction=0.05;;active.marker.weights.diversity=0.8;;active.marker.weights.sparsity=0.4;;qbc_K=64;;qbc_P=2048;;qbc_T=15;;qbc_enable_logging=true;;qbc_n0=64;;qbc_n_test=256		
126	cfg_00126_db13b60d05	marker_directed	main	b1024	s03	thesis_marker_hpo_stage1	SM4	true	true		/zhome/14/b/214266/Repos/ml-surrogates-for-power-systems/outputs/hpo/marker_directed/stage1_policy_search/marker_directed_policy_search_20260302_112434/runs/cfg_00126_db13b60d05	active.candidate_method=lhs;;active.log_every=5;;active.marker.greedy_score_weight=0.7;;active.marker.include_anchor_state_markers=true;;active.marker.k_density=10;;active.marker.pca_explained_variance=0.95;;active.marker.preselect_factor=5;;active.marker.settling_fraction=0.05;;active.marker.weights.diversity=0.4;;active.marker.weights.sparsity=0.4;;qbc_K=64;;qbc_P=2048;;qbc_T=15;;qbc_enable_logging=true;;qbc_n0=64;;qbc_n_test=256		
127	cfg_00127_577d0e2220	marker_directed	main	b1024	s03	thesis_marker_hpo_stage1	SM4	true	true		/zhome/14/b/214266/Repos/ml-surrogates-for-power-systems/outputs/hpo/marker_directed/stage1_policy_search/marker_directed_policy_search_20260302_112434/runs/cfg_00127_577d0e2220	active.candidate_method=lhs;;active.log_every=5;;active.marker.greedy_score_weight=0.7;;active.marker.include_anchor_state_markers=true;;active.marker.k_density=10;;active.marker.pca_explained_variance=0.95;;active.marker.preselect_factor=5;;active.marker.settling_fraction=0.05;;active.marker.weights.diversity=0.6;;active.marker.weights.sparsity=0.4;;qbc_K=64;;qbc_P=2048;;qbc_T=15;;qbc_enable_logging=true;;qbc_n0=64;;qbc_n_test=256		
128	cfg_00128_3a62a87199	marker_directed	main	b1024	s03	thesis_marker_hpo_stage1	SM4	true	true		/zhome/14/b/214266/Repos/ml-surrogates-for-power-systems/outputs/hpo/marker_directed/stage1_policy_search/marker_directed_policy_search_20260302_112434/runs/cfg_00128_3a62a87199	active.candidate_method=lhs;;active.log_every=5;;active.marker.greedy_score_weight=0.7;;active.marker.include_anchor_state_markers=true;;active.marker.k_density=10;;active.marker.pca_explained_variance=0.95;;active.marker.preselect_factor=5;;active.marker.settling_fraction=0.05;;active.marker.weights.diversity=0.8;;active.marker.weights.sparsity=0.4;;qbc_K=64;;qbc_P=2048;;qbc_T=15;;qbc_enable_logging=true;;qbc_n0=64;;qbc_n_test=256		
129	cfg_00129_47a86884e6	marker_directed	main	b1024	s03	thesis_marker_hpo_stage1	SM4	true	true		/zhome/14/b/214266/Repos/ml-surrogates-for-power-systems/outputs/hpo/marker_directed/stage1_policy_search/marker_directed_policy_search_20260302_112434/runs/cfg_00129_47a86884e6	active.candidate_method=lhs;;active.log_every=5;;active.marker.greedy_score_weight=0.9;;active.marker.include_anchor_state_markers=true;;active.marker.k_density=10;;active.marker.pca_explained_variance=0.95;;active.marker.preselect_factor=5;;active.marker.settling_fraction=0.05;;active.marker.weights.diversity=0.4;;active.marker.weights.sparsity=0.4;;qbc_K=64;;qbc_P=2048;;qbc_T=15;;qbc_enable_logging=true;;qbc_n0=64;;qbc_n_test=256		
130	cfg_00130_e7828c616e	marker_directed	main	b1024	s03	thesis_marker_hpo_stage1	SM4	true	true		/zhome/14/b/214266/Repos/ml-surrogates-for-power-systems/outputs/hpo/marker_directed/stage1_policy_search/marker_directed_policy_search_20260302_112434/runs/cfg_00130_e7828c616e	active.candidate_method=lhs;;active.log_every=5;;active.marker.greedy_score_weight=0.9;;active.marker.include_anchor_state_markers=true;;active.marker.k_density=10;;active.marker.pca_explained_variance=0.95;;active.marker.preselect_factor=5;;active.marker.settling_fraction=0.05;;active.marker.weights.diversity=0.6;;active.marker.weights.sparsity=0.4;;qbc_K=64;;qbc_P=2048;;qbc_T=15;;qbc_enable_logging=true;;qbc_n0=64;;qbc_n_test=256		
131	cfg_00131_27c7b61c29	marker_directed	main	b1024	s03	thesis_marker_hpo_stage1	SM4	true	true		/zhome/14/b/214266/Repos/ml-surrogates-for-power-systems/outputs/hpo/marker_directed/stage1_policy_search/marker_directed_policy_search_20260302_112434/runs/cfg_00131_27c7b61c29	active.candidate_method=lhs;;active.log_every=5;;active.marker.greedy_score_weight=0.9;;active.marker.include_anchor_state_markers=true;;active.marker.k_density=10;;active.marker.pca_explained_variance=0.95;;active.marker.preselect_factor=5;;active.marker.settling_fraction=0.05;;active.marker.weights.diversity=0.8;;active.marker.weights.sparsity=0.4;;qbc_K=64;;qbc_P=2048;;qbc_T=15;;qbc_enable_logging=true;;qbc_n0=64;;qbc_n_test=256		
132	cfg_00132_4cda50ebcf	marker_directed	main	b1024	s03	thesis_marker_hpo_stage1	SM4	true	true		/zhome/14/b/214266/Repos/ml-surrogates-for-power-systems/outputs/hpo/marker_directed/stage1_policy_search/marker_directed_policy_search_20260302_112434/runs/cfg_00132_4cda50ebcf	active.candidate_method=lhs;;active.log_every=5;;active.marker.greedy_score_weight=0.7;;active.marker.include_anchor_state_markers=true;;active.marker.k_density=20;;active.marker.pca_explained_variance=0.95;;active.marker.preselect_factor=3;;active.marker.settling_fraction=0.05;;active.marker.weights.diversity=0.4;;active.marker.weights.sparsity=0.4;;qbc_K=64;;qbc_P=2048;;qbc_T=15;;qbc_enable_logging=true;;qbc_n0=64;;qbc_n_test=256		
133	cfg_00133_590eabf8b9	marker_directed	main	b1024	s03	thesis_marker_hpo_stage1	SM4	true	true		/zhome/14/b/214266/Repos/ml-surrogates-for-power-systems/outputs/hpo/marker_directed/stage1_policy_search/marker_directed_policy_search_20260302_112434/runs/cfg_00133_590eabf8b9	active.candidate_method=lhs;;active.log_every=5;;active.marker.greedy_score_weight=0.7;;active.marker.include_anchor_state_markers=true;;active.marker.k_density=20;;active.marker.pca_explained_variance=0.95;;active.marker.preselect_factor=3;;active.marker.settling_fraction=0.05;;active.marker.weights.diversity=0.6;;active.marker.weights.sparsity=0.4;;qbc_K=64;;qbc_P=2048;;qbc_T=15;;qbc_enable_logging=true;;qbc_n0=64;;qbc_n_test=256		
134	cfg_00134_dbd5a2f190	marker_directed	main	b1024	s03	thesis_marker_hpo_stage1	SM4	true	true		/zhome/14/b/214266/Repos/ml-surrogates-for-power-systems/outputs/hpo/marker_directed/stage1_policy_search/marker_directed_policy_search_20260302_112434/runs/cfg_00134_dbd5a2f190	active.candidate_method=lhs;;active.log_every=5;;active.marker.greedy_score_weight=0.7;;active.marker.include_anchor_state_markers=true;;active.marker.k_density=20;;active.marker.pca_explained_variance=0.95;;active.marker.preselect_factor=3;;active.marker.settling_fraction=0.05;;active.marker.weights.diversity=0.8;;active.marker.weights.sparsity=0.4;;qbc_K=64;;qbc_P=2048;;qbc_T=15;;qbc_enable_logging=true;;qbc_n0=64;;qbc_n_test=256		
135	cfg_00135_ada9f68c49	marker_directed	main	b1024	s03	thesis_marker_hpo_stage1	SM4	true	true		/zhome/14/b/214266/Repos/ml-surrogates-for-power-systems/outputs/hpo/marker_directed/stage1_policy_search/marker_directed_policy_search_20260302_112434/runs/cfg_00135_ada9f68c49	active.candidate_method=lhs;;active.log_every=5;;active.marker.greedy_score_weight=0.9;;active.marker.include_anchor_state_markers=true;;active.marker.k_density=20;;active.marker.pca_explained_variance=0.95;;active.marker.preselect_factor=3;;active.marker.settling_fraction=0.05;;active.marker.weights.diversity=0.4;;active.marker.weights.sparsity=0.4;;qbc_K=64;;qbc_P=2048;;qbc_T=15;;qbc_enable_logging=true;;qbc_n0=64;;qbc_n_test=256		
136	cfg_00136_6a2a6dbd08	marker_directed	main	b1024	s03	thesis_marker_hpo_stage1	SM4	true	true		/zhome/14/b/214266/Repos/ml-surrogates-for-power-systems/outputs/hpo/marker_directed/stage1_policy_search/marker_directed_policy_search_20260302_112434/runs/cfg_00136_6a2a6dbd08	active.candidate_method=lhs;;active.log_every=5;;active.marker.greedy_score_weight=0.9;;active.marker.include_anchor_state_markers=true;;active.marker.k_density=20;;active.marker.pca_explained_variance=0.95;;active.marker.preselect_factor=3;;active.marker.settling_fraction=0.05;;active.marker.weights.diversity=0.6;;active.marker.weights.sparsity=0.4;;qbc_K=64;;qbc_P=2048;;qbc_T=15;;qbc_enable_logging=true;;qbc_n0=64;;qbc_n_test=256		
137	cfg_00137_650bb3c768	marker_directed	main	b1024	s03	thesis_marker_hpo_stage1	SM4	true	true		/zhome/14/b/214266/Repos/ml-surrogates-for-power-systems/outputs/hpo/marker_directed/stage1_policy_search/marker_directed_policy_search_20260302_112434/runs/cfg_00137_650bb3c768	active.candidate_method=lhs;;active.log_every=5;;active.marker.greedy_score_weight=0.9;;active.marker.include_anchor_state_markers=true;;active.marker.k_density=20;;active.marker.pca_explained_variance=0.95;;active.marker.preselect_factor=3;;active.marker.settling_fraction=0.05;;active.marker.weights.diversity=0.8;;active.marker.weights.sparsity=0.4;;qbc_K=64;;qbc_P=2048;;qbc_T=15;;qbc_enable_logging=true;;qbc_n0=64;;qbc_n_test=256		
138	cfg_00138_422c20a8c0	marker_directed	main	b1024	s03	thesis_marker_hpo_stage1	SM4	true	true		/zhome/14/b/214266/Repos/ml-surrogates-for-power-systems/outputs/hpo/marker_directed/stage1_policy_search/marker_directed_policy_search_20260302_112434/runs/cfg_00138_422c20a8c0	active.candidate_method=lhs;;active.log_every=5;;active.marker.greedy_score_weight=0.7;;active.marker.include_anchor_state_markers=true;;active.marker.k_density=20;;active.marker.pca_explained_variance=0.95;;active.marker.preselect_factor=5;;active.marker.settling_fraction=0.05;;active.marker.weights.diversity=0.4;;active.marker.weights.sparsity=0.4;;qbc_K=64;;qbc_P=2048;;qbc_T=15;;qbc_enable_logging=true;;qbc_n0=64;;qbc_n_test=256		
139	cfg_00139_bc8f3e69ae	marker_directed	main	b1024	s03	thesis_marker_hpo_stage1	SM4	true	true		/zhome/14/b/214266/Repos/ml-surrogates-for-power-systems/outputs/hpo/marker_directed/stage1_policy_search/marker_directed_policy_search_20260302_112434/runs/cfg_00139_bc8f3e69ae	active.candidate_method=lhs;;active.log_every=5;;active.marker.greedy_score_weight=0.7;;active.marker.include_anchor_state_markers=true;;active.marker.k_density=20;;active.marker.pca_explained_variance=0.95;;active.marker.preselect_factor=5;;active.marker.settling_fraction=0.05;;active.marker.weights.diversity=0.6;;active.marker.weights.sparsity=0.4;;qbc_K=64;;qbc_P=2048;;qbc_T=15;;qbc_enable_logging=true;;qbc_n0=64;;qbc_n_test=256		
140	cfg_00140_161ef97d68	marker_directed	main	b1024	s03	thesis_marker_hpo_stage1	SM4	true	true		/zhome/14/b/214266/Repos/ml-surrogates-for-power-systems/outputs/hpo/marker_directed/stage1_policy_search/marker_directed_policy_search_20260302_112434/runs/cfg_00140_161ef97d68	active.candidate_method=lhs;;active.log_every=5;;active.marker.greedy_score_weight=0.7;;active.marker.include_anchor_state_markers=true;;active.marker.k_density=20;;active.marker.pca_explained_variance=0.95;;active.marker.preselect_factor=5;;active.marker.settling_fraction=0.05;;active.marker.weights.diversity=0.8;;active.marker.weights.sparsity=0.4;;qbc_K=64;;qbc_P=2048;;qbc_T=15;;qbc_enable_logging=true;;qbc_n0=64;;qbc_n_test=256		
141	cfg_00141_ca86c0963c	marker_directed	main	b1024	s03	thesis_marker_hpo_stage1	SM4	true	true		/zhome/14/b/214266/Repos/ml-surrogates-for-power-systems/outputs/hpo/marker_directed/stage1_policy_search/marker_directed_policy_search_20260302_112434/runs/cfg_00141_ca86c0963c	active.candidate_method=lhs;;active.log_every=5;;active.marker.greedy_score_weight=0.9;;active.marker.include_anchor_state_markers=true;;active.marker.k_density=20;;active.marker.pca_explained_variance=0.95;;active.marker.preselect_factor=5;;active.marker.settling_fraction=0.05;;active.marker.weights.diversity=0.4;;active.marker.weights.sparsity=0.4;;qbc_K=64;;qbc_P=2048;;qbc_T=15;;qbc_enable_logging=true;;qbc_n0=64;;qbc_n_test=256		
142	cfg_00142_d1ca0ade8f	marker_directed	main	b1024	s03	thesis_marker_hpo_stage1	SM4	true	true		/zhome/14/b/214266/Repos/ml-surrogates-for-power-systems/outputs/hpo/marker_directed/stage1_policy_search/marker_directed_policy_search_20260302_112434/runs/cfg_00142_d1ca0ade8f	active.candidate_method=lhs;;active.log_every=5;;active.marker.greedy_score_weight=0.9;;active.marker.include_anchor_state_markers=true;;active.marker.k_density=20;;active.marker.pca_explained_variance=0.95;;active.marker.preselect_factor=5;;active.marker.settling_fraction=0.05;;active.marker.weights.diversity=0.6;;active.marker.weights.sparsity=0.4;;qbc_K=64;;qbc_P=2048;;qbc_T=15;;qbc_enable_logging=true;;qbc_n0=64;;qbc_n_test=256		
143	cfg_00143_72e7b1bdf4	marker_directed	main	b1024	s03	thesis_marker_hpo_stage1	SM4	true	true		/zhome/14/b/214266/Repos/ml-surrogates-for-power-systems/outputs/hpo/marker_directed/stage1_policy_search/marker_directed_policy_search_20260302_112434/runs/cfg_00143_72e7b1bdf4	active.candidate_method=lhs;;active.log_every=5;;active.marker.greedy_score_weight=0.9;;active.marker.include_anchor_state_markers=true;;active.marker.k_density=20;;active.marker.pca_explained_variance=0.95;;active.marker.preselect_factor=5;;active.marker.settling_fraction=0.05;;active.marker.weights.diversity=0.8;;active.marker.weights.sparsity=0.4;;qbc_K=64;;qbc_P=2048;;qbc_T=15;;qbc_enable_logging=true;;qbc_n0=64;;qbc_n_test=256		
