workflow_id,workflow_version,method,model_flag,preset,stage,stage_role,stage_root,cfg_id,row_idx,run_root,parent_cfg_id,dataset_seed,budget,experiment_id,status,return_code,completed,objective_metric,objective_direction,objective_value,final_eval_rmse,final_eval_mse,final_round_seconds,final_train_seconds,final_candidate_generation_seconds,final_candidate_simulation_seconds,final_acquisition_seconds,final_selected_simulation_seconds,final_eval_seconds,active.acquisition_strategy,active.candidate_method,active.disagreement.metric,active.hybrid.greedy_score_weight,active.hybrid.include_anchor_state_markers,active.hybrid.k_density,active.hybrid.pca_explained_variance,active.hybrid.preselect_factor,active.hybrid.settling_fraction,active.hybrid.weights.diversity,active.hybrid.weights.sparsity,active.hybrid.weights.uncertainty,active.log_every,baseline_summary_mse_mean,baseline_summary_mse_std,baseline_summary_rmse_mean,baseline_summary_rmse_std,dataset_manifest_path,final_disagreement_metric,final_hybrid_marker_pca_components,final_max_disagreement,final_max_score,final_mean_disagreement,final_mean_hybrid_score,final_mean_score,final_mean_selected_diversity,final_mean_selected_sparsity,final_p90_score,final_round_idx,final_selected_indices,final_selected_max_score,final_selected_mean_score,final_selected_min_score,final_train_size,history_path,qbc_K,qbc_M,qbc_P,qbc_T,qbc_enable_logging,qbc_n0,qbc_n_test,run_manifest_path,stage1_overrides_raw,stage2_overrides_raw,stage3_overrides_raw
qbc_marker_hybrid_sm_avr_gov_v1,1,qbc_marker_hybrid,SM_AVR_GOV,default,refine,refinement_and_schedule_search,/zhome/14/b/214266/Repos/ml-surrogates-for-power-systems/outputs/hpo_workflows/qbc_marker_hybrid_sm_avr_gov_v1_20260323_070441/refine,cfg_00000_f28553222f,0,/zhome/14/b/214266/Repos/ml-surrogates-for-power-systems/outputs/hpo_workflows/qbc_marker_hybrid_sm_avr_gov_v1_20260323_070441/refine/runs/cfg_00000_f28553222f,,s01,b4096,thesis_hybrid_sm_avr_gov_hpo_refine,completed,0,True,final_eval_rmse,minimize,0.006449706946073433,0.006449706946073433,4.159871969022788e-05,154.38207073201193,149.01484101597453,0.0012369800242595375,0.0,4.660932406957727,0.31749496900010854,0.07651706400793046,qbc_marker_hybrid,lhs,member_l2_mean,0.7,true,10,0.9,3,0.05,0.25,0.15,0.6,5,,,,,/zhome/14/b/214266/Repos/ml-surrogates-for-power-systems/outputs/hpo_workflows/qbc_marker_hybrid_sm_avr_gov_v1_20260323_070441/refine/runs/cfg_00000_f28553222f/dataset_manifest.json,member_l2_mean,3,1.3582732677459717,1.3582732677459717,0.7094789743423462,0.5039649605751038,0.7094789743423462,3.7212202548980713,3.8475561141967773,0.8565167784690857,30,"[1510, 1763, 968, 146, 272, 842, 1955, 687, 1514, 1260, 631, 441, 1445, 579, 288, 1366, 1880, 1804, 140, 262, 287, 1354, 1844, 976, 355, 180, 390, 1373, 910, 508, 652, 333, 869, 1759, 1833, 0, 1195, 1223, 1289, 853, 465, 1045, 86, 1101, 1840, 1194, 60, 1426, 270, 773, 119, 1723, 1332, 667, 290, 253, 480, 401, 803, 942, 372, 550, 65, 496, 1925, 1191, 2040, 1492, 981, 1226, 497, 309, 1736, 1872, 1705, 1110, 1379, 1262, 419, 1296, 1278, 159, 1782, 639, 1765, 1292, 369, 1814, 1857, 257, 1597, 1343, 1272, 671, 542, 1581, 1657, 1188, 540, 1323, 36, 341, 2036, 1556, 470, 1921, 986, 344, 694, 624, 1598, 498, 519, 1234, 1281, 1271, 1211, 1205, 340, 1367, 1806, 1668, 1817, 1444, 1617, 781, 295, 595]",1.3582732677459717,0.8732500672340393,0.7212280035018921,3968,/zhome/14/b/214266/Repos/ml-surrogates-for-power-systems/outputs/hpo_workflows/qbc_marker_hybrid_sm_avr_gov_v1_20260323_070441/refine/runs/cfg_00000_f28553222f/qbc/history.jsonl,128,5,2048,31,true,128,256,/zhome/14/b/214266/Repos/ml-surrogates-for-power-systems/outputs/hpo_workflows/qbc_marker_hybrid_sm_avr_gov_v1_20260323_070441/refine/runs/cfg_00000_f28553222f/run_manifest.json,active.acquisition_strategy=qbc_marker_hybrid;;active.candidate_method=lhs;;active.disagreement.metric=member_l2_mean;;active.hybrid.greedy_score_weight=0.7;;active.hybrid.include_anchor_state_markers=true;;active.hybrid.k_density=10;;active.hybrid.pca_explained_variance=0.9;;active.hybrid.preselect_factor=3;;active.hybrid.settling_fraction=0.05;;active.hybrid.weights.diversity=0.25;;active.hybrid.weights.sparsity=0.15;;active.hybrid.weights.uncertainty=0.6;;active.log_every=5;;qbc_K=128;;qbc_M=5;;qbc_P=2048;;qbc_T=31;;qbc_enable_logging=true;;qbc_n0=128;;qbc_n_test=256,,
qbc_marker_hybrid_sm_avr_gov_v1,1,qbc_marker_hybrid,SM_AVR_GOV,default,refine,refinement_and_schedule_search,/zhome/14/b/214266/Repos/ml-surrogates-for-power-systems/outputs/hpo_workflows/qbc_marker_hybrid_sm_avr_gov_v1_20260323_070441/refine,cfg_00001_c9e81afa4b,1,/zhome/14/b/214266/Repos/ml-surrogates-for-power-systems/outputs/hpo_workflows/qbc_marker_hybrid_sm_avr_gov_v1_20260323_070441/refine/runs/cfg_00001_c9e81afa4b,,s01,b4096,thesis_hybrid_sm_avr_gov_hpo_refine,completed,0,True,final_eval_rmse,minimize,0.006731194656094689,0.006731194656094689,4.53089814982377e-05,157.5316498639877,149.32416723499773,0.0015792850172147155,0.0,7.48840436298633,0.32830342795932665,0.07640738197369501,qbc_marker_hybrid,lhs,member_l2_mean,0.7,true,10,0.9,3,0.05,0.25,0.15,0.6,5,,,,,/zhome/14/b/214266/Repos/ml-surrogates-for-power-systems/outputs/hpo_workflows/qbc_marker_hybrid_sm_avr_gov_v1_20260323_070441/refine/runs/cfg_00001_c9e81afa4b/dataset_manifest.json,member_l2_mean,3,1.0396831035614014,1.0396831035614014,0.7121675610542297,0.5699164867401123,0.7121675610542297,3.544666290283203,3.7219133377075195,0.8391413688659668,30,"[3342, 3244, 1722, 783, 1659, 3098, 884, 3078, 2655, 1894, 1108, 1180, 2380, 2045, 206, 959, 193, 1798, 3710, 3237, 13, 1432, 1251, 902, 1922, 1485, 1825, 183, 120, 3867, 455, 1525, 1709, 1388, 3583, 116, 3170, 2385, 1077, 3083, 3934, 3766, 1396, 2832, 3343, 2134, 3474, 863, 1750, 1592, 610, 2356, 1319, 3153, 1926, 543, 978, 309, 523, 2295, 2600, 2116, 2663, 3292, 3387, 3252, 3630, 2641, 272, 1353, 3606, 3248, 15, 2565, 3734, 849, 238, 1436, 2503, 1482, 2248, 2582, 172, 1215, 397, 1782, 2220, 414, 3732, 2674, 1267, 1317, 1567, 1155, 1204, 3074, 1718, 4037, 708, 1794, 362, 1721, 2321, 3748, 3315, 169, 2957, 1322, 995, 3731, 2222, 3503, 1262, 1912, 905, 1225, 1499, 1392, 1706, 1600, 839, 1075, 151, 2867, 2865, 3329, 1122, 3465]",1.0396831035614014,0.9125199913978577,0.7965866923332214,3968,/zhome/14/b/214266/Repos/ml-surrogates-for-power-systems/outputs/hpo_workflows/qbc_marker_hybrid_sm_avr_gov_v1_20260323_070441/refine/runs/cfg_00001_c9e81afa4b/qbc/history.jsonl,128,5,4096,31,true,128,256,/zhome/14/b/214266/Repos/ml-surrogates-for-power-systems/outputs/hpo_workflows/qbc_marker_hybrid_sm_avr_gov_v1_20260323_070441/refine/runs/cfg_00001_c9e81afa4b/run_manifest.json,active.acquisition_strategy=qbc_marker_hybrid;;active.candidate_method=lhs;;active.disagreement.metric=member_l2_mean;;active.hybrid.greedy_score_weight=0.7;;active.hybrid.include_anchor_state_markers=true;;active.hybrid.k_density=10;;active.hybrid.pca_explained_variance=0.9;;active.hybrid.preselect_factor=3;;active.hybrid.settling_fraction=0.05;;active.hybrid.weights.diversity=0.25;;active.hybrid.weights.sparsity=0.15;;active.hybrid.weights.uncertainty=0.6;;active.log_every=5;;qbc_K=128;;qbc_M=5;;qbc_P=4096;;qbc_T=31;;qbc_enable_logging=true;;qbc_n0=128;;qbc_n_test=256,,
qbc_marker_hybrid_sm_avr_gov_v1,1,qbc_marker_hybrid,SM_AVR_GOV,default,refine,refinement_and_schedule_search,/zhome/14/b/214266/Repos/ml-surrogates-for-power-systems/outputs/hpo_workflows/qbc_marker_hybrid_sm_avr_gov_v1_20260323_070441/refine,cfg_00002_28c4b6ee3b,2,/zhome/14/b/214266/Repos/ml-surrogates-for-power-systems/outputs/hpo_workflows/qbc_marker_hybrid_sm_avr_gov_v1_20260323_070441/refine/runs/cfg_00002_28c4b6ee3b,,s01,b4096,thesis_hybrid_sm_avr_gov_hpo_refine,completed,0,True,final_eval_rmse,minimize,0.0072064727695879596,0.0072064727695879596,5.193324977881275e-05,164.93773354403675,151.30665717599913,0.002188973012380302,0.0,12.92238838900812,0.31549548998009413,0.07642549101728946,qbc_marker_hybrid,lhs,member_l2_mean,0.7,true,10,0.9,3,0.05,0.25,0.15,0.6,5,,,,,/zhome/14/b/214266/Repos/ml-surrogates-for-power-systems/outputs/hpo_workflows/qbc_marker_hybrid_sm_avr_gov_v1_20260323_070441/refine/runs/cfg_00002_28c4b6ee3b/dataset_manifest.json,member_l2_mean,3,1.441703200340271,1.441703200340271,0.8838313221931458,0.5037050247192383,0.8838313221931458,3.5229556560516357,3.6837148666381836,1.0215140581130981,30,"[631, 3396, 4947, 6027, 7738, 1933, 3566, 706, 4533, 8142, 2630, 1545, 2817, 1311, 6167, 7775, 5586, 2303, 7005, 2622, 5563, 6077, 2795, 2001, 4968, 5862, 2553, 4702, 6456, 5638, 1093, 607, 5242, 5098, 1756, 3479, 669, 4812, 4215, 1554, 6641, 3161, 6751, 1677, 1165, 4154, 6243, 5514, 5939, 5659, 1555, 7210, 1851, 3804, 7319, 4210, 4309, 3027, 3420, 7545, 1606, 7976, 7450, 4976, 1497, 6000, 4711, 7325, 3023, 2087, 1390, 3961, 7063, 5662, 5468, 1547, 1024, 2857, 898, 2951, 2267, 2913, 2399, 752, 2221, 2592, 2806, 2291, 6776, 6647, 2178, 5001, 5564, 4822, 7596, 6038, 6528, 6039, 7755, 4143, 7297, 7615, 491, 1910, 4218, 452, 4371, 6154, 6464, 7405, 2217, 4181, 6928, 548, 2887, 2773, 5458, 3430, 6666, 8034, 6761, 1300, 6813, 4780, 8178, 5597, 1901, 6597]",1.441703200340271,1.1875898838043213,0.9861408472061157,3968,/zhome/14/b/214266/Repos/ml-surrogates-for-power-systems/outputs/hpo_workflows/qbc_marker_hybrid_sm_avr_gov_v1_20260323_070441/refine/runs/cfg_00002_28c4b6ee3b/qbc/history.jsonl,128,5,8192,31,true,128,256,/zhome/14/b/214266/Repos/ml-surrogates-for-power-systems/outputs/hpo_workflows/qbc_marker_hybrid_sm_avr_gov_v1_20260323_070441/refine/runs/cfg_00002_28c4b6ee3b/run_manifest.json,active.acquisition_strategy=qbc_marker_hybrid;;active.candidate_method=lhs;;active.disagreement.metric=member_l2_mean;;active.hybrid.greedy_score_weight=0.7;;active.hybrid.include_anchor_state_markers=true;;active.hybrid.k_density=10;;active.hybrid.pca_explained_variance=0.9;;active.hybrid.preselect_factor=3;;active.hybrid.settling_fraction=0.05;;active.hybrid.weights.diversity=0.25;;active.hybrid.weights.sparsity=0.15;;active.hybrid.weights.uncertainty=0.6;;active.log_every=5;;qbc_K=128;;qbc_M=5;;qbc_P=8192;;qbc_T=31;;qbc_enable_logging=true;;qbc_n0=128;;qbc_n_test=256,,
qbc_marker_hybrid_sm_avr_gov_v1,1,qbc_marker_hybrid,SM_AVR_GOV,default,refine,refinement_and_schedule_search,/zhome/14/b/214266/Repos/ml-surrogates-for-power-systems/outputs/hpo_workflows/qbc_marker_hybrid_sm_avr_gov_v1_20260323_070441/refine,cfg_00003_bafb8d87ab,3,/zhome/14/b/214266/Repos/ml-surrogates-for-power-systems/outputs/hpo_workflows/qbc_marker_hybrid_sm_avr_gov_v1_20260323_070441/refine/runs/cfg_00003_bafb8d87ab,,s01,b4096,thesis_hybrid_sm_avr_gov_hpo_refine,completed,0,True,final_eval_rmse,minimize,0.006256245983641545,0.006256245983641545,3.914061380783096e-05,154.42431248899084,149.04013228602707,0.0011522640124894679,0.0,4.671699260012247,0.3248057550517842,0.06626205000793561,qbc_marker_hybrid,lhs,member_l2_mean,0.9,true,10,0.9,3,0.05,0.25,0.15,0.6,5,,,,,/zhome/14/b/214266/Repos/ml-surrogates-for-power-systems/outputs/hpo_workflows/qbc_marker_hybrid_sm_avr_gov_v1_20260323_070441/refine/runs/cfg_00003_bafb8d87ab/dataset_manifest.json,member_l2_mean,3,1.4413630962371826,1.4413630962371826,0.7963846325874329,0.4736603796482086,0.7963846325874329,3.866220474243164,3.990569591522217,0.957597553730011,30,"[1137, 1231, 1338, 1072, 1510, 316, 2009, 2016, 1718, 263, 1568, 519, 902, 1087, 1560, 1920, 1133, 758, 273, 1804, 465, 1362, 686, 446, 1785, 1712, 57, 60, 1366, 1092, 689, 581, 1597, 696, 931, 22, 109, 1354, 1581, 1151, 39, 1961, 1398, 1853, 401, 673, 1418, 1257, 1201, 536, 352, 495, 1340, 154, 525, 1582, 1576, 1512, 1997, 1862, 838, 994, 1986, 1313, 76, 1522, 1801, 1054, 727, 1754, 968, 141, 1255, 213, 1404, 267, 1094, 1950, 322, 1692, 287, 1444, 235, 787, 1535, 804, 1933, 1249, 597, 1947, 1442, 542, 652, 65, 823, 260, 550, 1514, 1394, 470, 1119, 1159, 912, 1611, 1300, 425, 951, 119, 1967, 179, 1567, 995, 1995, 547, 123, 1059, 376, 1238, 207, 1118, 928, 1833, 885, 651, 1578, 818, 324, 88]",1.4413630962371826,1.0070717334747314,0.7901818156242371,3968,/zhome/14/b/214266/Repos/ml-surrogates-for-power-systems/outputs/hpo_workflows/qbc_marker_hybrid_sm_avr_gov_v1_20260323_070441/refine/runs/cfg_00003_bafb8d87ab/qbc/history.jsonl,128,5,2048,31,true,128,256,/zhome/14/b/214266/Repos/ml-surrogates-for-power-systems/outputs/hpo_workflows/qbc_marker_hybrid_sm_avr_gov_v1_20260323_070441/refine/runs/cfg_00003_bafb8d87ab/run_manifest.json,active.acquisition_strategy=qbc_marker_hybrid;;active.candidate_method=lhs;;active.disagreement.metric=member_l2_mean;;active.hybrid.greedy_score_weight=0.9;;active.hybrid.include_anchor_state_markers=true;;active.hybrid.k_density=10;;active.hybrid.pca_explained_variance=0.9;;active.hybrid.preselect_factor=3;;active.hybrid.settling_fraction=0.05;;active.hybrid.weights.diversity=0.25;;active.hybrid.weights.sparsity=0.15;;active.hybrid.weights.uncertainty=0.6;;active.log_every=5;;qbc_K=128;;qbc_M=5;;qbc_P=2048;;qbc_T=31;;qbc_enable_logging=true;;qbc_n0=128;;qbc_n_test=256,,
qbc_marker_hybrid_sm_avr_gov_v1,1,qbc_marker_hybrid,SM_AVR_GOV,default,refine,refinement_and_schedule_search,/zhome/14/b/214266/Repos/ml-surrogates-for-power-systems/outputs/hpo_workflows/qbc_marker_hybrid_sm_avr_gov_v1_20260323_070441/refine,cfg_00004_09d16e337b,4,/zhome/14/b/214266/Repos/ml-surrogates-for-power-systems/outputs/hpo_workflows/qbc_marker_hybrid_sm_avr_gov_v1_20260323_070441/refine/runs/cfg_00004_09d16e337b,,s01,b4096,thesis_hybrid_sm_avr_gov_hpo_refine,completed,0,True,final_eval_rmse,minimize,0.005837793141696894,0.005837793141696894,3.407982876524329e-05,159.71277027396718,151.53305158700095,0.0014971769996918738,0.0,7.495345793955494,0.2958826110116206,0.07515296200290322,qbc_marker_hybrid,lhs,member_l2_mean,0.9,true,10,0.9,3,0.05,0.25,0.15,0.6,5,,,,,/zhome/14/b/214266/Repos/ml-surrogates-for-power-systems/outputs/hpo_workflows/qbc_marker_hybrid_sm_avr_gov_v1_20260323_070441/refine/runs/cfg_00004_09d16e337b/dataset_manifest.json,member_l2_mean,3,1.3755491971969604,1.3755491971969604,0.9690650105476379,0.5448435544967651,0.9690650105476379,3.5217812061309814,3.6332807540893555,1.132417917251587,30,"[997, 3408, 2409, 1317, 266, 1940, 2894, 1248, 2230, 2747, 878, 3236, 2196, 1336, 3567, 1904, 1945, 1141, 3412, 3461, 350, 3422, 1781, 2138, 3747, 416, 35, 3231, 2426, 3953, 2687, 1695, 1261, 3224, 974, 80, 3950, 2401, 1623, 1376, 1861, 1967, 1327, 1099, 1144, 1621, 3261, 3688, 989, 3721, 2275, 1001, 988, 2287, 3315, 3355, 52, 355, 1023, 951, 296, 2487, 2619, 896, 2919, 3418, 3633, 3703, 1751, 3527, 245, 3931, 2144, 3638, 794, 3312, 2063, 3727, 3304, 2655, 2691, 728, 2011, 2243, 1983, 247, 3181, 3482, 284, 372, 1406, 1982, 1923, 3774, 2103, 3293, 2930, 3906, 3382, 2277, 89, 1321, 327, 1291, 3011, 2875, 67, 3188, 2767, 2084, 1343, 2899, 3570, 2735, 1024, 847, 3766, 3933, 433, 1219, 1385, 1388, 4024, 3781, 1843, 2234, 1290, 3059]",1.3755491971969604,1.2021675109863281,1.0670651197433472,3968,/zhome/14/b/214266/Repos/ml-surrogates-for-power-systems/outputs/hpo_workflows/qbc_marker_hybrid_sm_avr_gov_v1_20260323_070441/refine/runs/cfg_00004_09d16e337b/qbc/history.jsonl,128,5,4096,31,true,128,256,/zhome/14/b/214266/Repos/ml-surrogates-for-power-systems/outputs/hpo_workflows/qbc_marker_hybrid_sm_avr_gov_v1_20260323_070441/refine/runs/cfg_00004_09d16e337b/run_manifest.json,active.acquisition_strategy=qbc_marker_hybrid;;active.candidate_method=lhs;;active.disagreement.metric=member_l2_mean;;active.hybrid.greedy_score_weight=0.9;;active.hybrid.include_anchor_state_markers=true;;active.hybrid.k_density=10;;active.hybrid.pca_explained_variance=0.9;;active.hybrid.preselect_factor=3;;active.hybrid.settling_fraction=0.05;;active.hybrid.weights.diversity=0.25;;active.hybrid.weights.sparsity=0.15;;active.hybrid.weights.uncertainty=0.6;;active.log_every=5;;qbc_K=128;;qbc_M=5;;qbc_P=4096;;qbc_T=31;;qbc_enable_logging=true;;qbc_n0=128;;qbc_n_test=256,,
qbc_marker_hybrid_sm_avr_gov_v1,1,qbc_marker_hybrid,SM_AVR_GOV,default,refine,refinement_and_schedule_search,/zhome/14/b/214266/Repos/ml-surrogates-for-power-systems/outputs/hpo_workflows/qbc_marker_hybrid_sm_avr_gov_v1_20260323_070441/refine,cfg_00005_61a495923f,5,/zhome/14/b/214266/Repos/ml-surrogates-for-power-systems/outputs/hpo_workflows/qbc_marker_hybrid_sm_avr_gov_v1_20260323_070441/refine/runs/cfg_00005_61a495923f,,s01,b4096,thesis_hybrid_sm_avr_gov_hpo_refine,completed,0,True,final_eval_rmse,minimize,0.008502108316031523,0.008502108316031523,7.228584581753239e-05,164.26472333597485,150.6647685249918,0.002158907998818904,0.0,12.878684668976348,0.3417518280330114,0.06590461498126388,qbc_marker_hybrid,lhs,member_l2_mean,0.9,true,10,0.9,3,0.05,0.25,0.15,0.6,5,,,,,/zhome/14/b/214266/Repos/ml-surrogates-for-power-systems/outputs/hpo_workflows/qbc_marker_hybrid_sm_avr_gov_v1_20260323_070441/refine/runs/cfg_00005_61a495923f/dataset_manifest.json,member_l2_mean,3,1.2560621500015259,1.2560621500015259,0.7165547609329224,0.40475475788116455,0.7165547609329224,3.669468879699707,3.752248525619507,0.8650009036064148,30,"[4955, 271, 2769, 3632, 6489, 3050, 6638, 7933, 1494, 279, 987, 7612, 662, 3689, 1481, 5793, 1526, 3909, 6629, 1419, 4713, 2810, 6863, 669, 4586, 7411, 2129, 769, 6457, 7360, 4458, 3666, 4860, 4364, 6735, 7485, 984, 1742, 1998, 250, 6349, 967, 6482, 6526, 1545, 6423, 8028, 2486, 2897, 4803, 2262, 5431, 4406, 4634, 4521, 1048, 3941, 2683, 7723, 7890, 7882, 6374, 7086, 256, 588, 7326, 6380, 5204, 7839, 4764, 3523, 6373, 6345, 1912, 4211, 6483, 7494, 7067, 24, 1421, 5740, 546, 3708, 840, 7287, 1472, 1353, 7362, 2450, 993, 2852, 1321, 1824, 2469, 4180, 3193, 827, 3925, 7893, 7650, 5664, 2908, 2928, 5951, 2364, 5284, 6601, 1322, 5644, 3696, 4460, 4767, 7538, 4590, 1446, 766, 2569, 6298, 3187, 6783, 178, 7119, 5920, 7256, 5967, 3104, 2542, 4720]",1.2560621500015259,0.9977712035179138,0.8322622179985046,3968,/zhome/14/b/214266/Repos/ml-surrogates-for-power-systems/outputs/hpo_workflows/qbc_marker_hybrid_sm_avr_gov_v1_20260323_070441/refine/runs/cfg_00005_61a495923f/qbc/history.jsonl,128,5,8192,31,true,128,256,/zhome/14/b/214266/Repos/ml-surrogates-for-power-systems/outputs/hpo_workflows/qbc_marker_hybrid_sm_avr_gov_v1_20260323_070441/refine/runs/cfg_00005_61a495923f/run_manifest.json,active.acquisition_strategy=qbc_marker_hybrid;;active.candidate_method=lhs;;active.disagreement.metric=member_l2_mean;;active.hybrid.greedy_score_weight=0.9;;active.hybrid.include_anchor_state_markers=true;;active.hybrid.k_density=10;;active.hybrid.pca_explained_variance=0.9;;active.hybrid.preselect_factor=3;;active.hybrid.settling_fraction=0.05;;active.hybrid.weights.diversity=0.25;;active.hybrid.weights.sparsity=0.15;;active.hybrid.weights.uncertainty=0.6;;active.log_every=5;;qbc_K=128;;qbc_M=5;;qbc_P=8192;;qbc_T=31;;qbc_enable_logging=true;;qbc_n0=128;;qbc_n_test=256,,
qbc_marker_hybrid_sm_avr_gov_v1,1,qbc_marker_hybrid,SM_AVR_GOV,default,refine,refinement_and_schedule_search,/zhome/14/b/214266/Repos/ml-surrogates-for-power-systems/outputs/hpo_workflows/qbc_marker_hybrid_sm_avr_gov_v1_20260323_070441/refine,cfg_00006_1abb850168,6,/zhome/14/b/214266/Repos/ml-surrogates-for-power-systems/outputs/hpo_workflows/qbc_marker_hybrid_sm_avr_gov_v1_20260323_070441/refine/runs/cfg_00006_1abb850168,,s01,b4096,thesis_hybrid_sm_avr_gov_hpo_refine,completed,0,True,final_eval_rmse,minimize,0.006431470985445925,0.006431470985445925,4.1363819036632776e-05,155.38721781299682,149.67503264400875,0.0012117470032535493,0.0,5.01736322400393,0.3161489979829639,0.06664593197638169,qbc_marker_hybrid,lhs,member_l2_mean,0.7,true,10,0.9,5,0.05,0.25,0.15,0.6,5,,,,,/zhome/14/b/214266/Repos/ml-surrogates-for-power-systems/outputs/hpo_workflows/qbc_marker_hybrid_sm_avr_gov_v1_20260323_070441/refine/runs/cfg_00006_1abb850168/dataset_manifest.json,member_l2_mean,3,1.12427818775177,1.12427818775177,0.7319384217262268,0.5314288139343262,0.7319384217262268,3.5016121864318848,3.6550662517547607,0.8890047073364258,30,"[842, 1510, 735, 1140, 465, 1507, 957, 995, 290, 963, 60, 1812, 1771, 819, 1718, 1670, 288, 910, 902, 1508, 1208, 0, 1289, 34, 1695, 129, 1885, 894, 925, 1342, 253, 1892, 542, 370, 1279, 1223, 405, 1924, 70, 1416, 270, 981, 1925, 758, 581, 540, 1763, 831, 40, 1268, 738, 1662, 2005, 447, 1408, 261, 1220, 1785, 1974, 1748, 1752, 764, 414, 427, 1081, 368, 1137, 685, 1338, 686, 402, 747, 1143, 1679, 1454, 1195, 1769, 861, 1379, 1165, 24, 782, 1271, 1926, 1918, 704, 1178, 477, 1247, 1256, 1544, 678, 1038, 410, 1549, 94, 32, 274, 1916, 160, 1721, 603, 279, 2010, 1091, 1083, 1341, 1910, 628, 2009, 37, 1774, 964, 654, 1485, 1152, 931, 1309, 390, 47, 988, 1705, 1468, 1307, 586, 1105, 1158, 1052]",1.12427818775177,0.9317220449447632,0.7045708894729614,3968,/zhome/14/b/214266/Repos/ml-surrogates-for-power-systems/outputs/hpo_workflows/qbc_marker_hybrid_sm_avr_gov_v1_20260323_070441/refine/runs/cfg_00006_1abb850168/qbc/history.jsonl,128,5,2048,31,true,128,256,/zhome/14/b/214266/Repos/ml-surrogates-for-power-systems/outputs/hpo_workflows/qbc_marker_hybrid_sm_avr_gov_v1_20260323_070441/refine/runs/cfg_00006_1abb850168/run_manifest.json,active.acquisition_strategy=qbc_marker_hybrid;;active.candidate_method=lhs;;active.disagreement.metric=member_l2_mean;;active.hybrid.greedy_score_weight=0.7;;active.hybrid.include_anchor_state_markers=true;;active.hybrid.k_density=10;;active.hybrid.pca_explained_variance=0.9;;active.hybrid.preselect_factor=5;;active.hybrid.settling_fraction=0.05;;active.hybrid.weights.diversity=0.25;;active.hybrid.weights.sparsity=0.15;;active.hybrid.weights.uncertainty=0.6;;active.log_every=5;;qbc_K=128;;qbc_M=5;;qbc_P=2048;;qbc_T=31;;qbc_enable_logging=true;;qbc_n0=128;;qbc_n_test=256,,
qbc_marker_hybrid_sm_avr_gov_v1,1,qbc_marker_hybrid,SM_AVR_GOV,default,refine,refinement_and_schedule_search,/zhome/14/b/214266/Repos/ml-surrogates-for-power-systems/outputs/hpo_workflows/qbc_marker_hybrid_sm_avr_gov_v1_20260323_070441/refine,cfg_00007_57ef968050,7,/zhome/14/b/214266/Repos/ml-surrogates-for-power-systems/outputs/hpo_workflows/qbc_marker_hybrid_sm_avr_gov_v1_20260323_070441/refine/runs/cfg_00007_57ef968050,,s01,b4096,thesis_hybrid_sm_avr_gov_hpo_refine,completed,0,True,final_eval_rmse,minimize,0.008912842811833943,0.008912842811833943,7.943876698845997e-05,157.74807766999584,149.23476758995093,0.001758740982040763,0.0,7.789855339040514,0.3333912780508399,0.07435101899318397,qbc_marker_hybrid,lhs,member_l2_mean,0.7,true,10,0.9,5,0.05,0.25,0.15,0.6,5,,,,,/zhome/14/b/214266/Repos/ml-surrogates-for-power-systems/outputs/hpo_workflows/qbc_marker_hybrid_sm_avr_gov_v1_20260323_070441/refine/runs/cfg_00007_57ef968050/dataset_manifest.json,member_l2_mean,3,1.755240797996521,1.755240797996521,1.0931482315063477,0.5353175401687622,1.0931482315063477,3.75496506690979,3.894681930541992,1.4404664039611816,30,"[3735, 1586, 3244, 3590, 4063, 2180, 999, 2047, 2841, 2731, 2487, 2938, 800, 902, 2468, 2069, 1525, 1794, 3710, 228, 2327, 3504, 3843, 1564, 2861, 604, 2303, 2476, 558, 2022, 2870, 1831, 1164, 1839, 2324, 1434, 757, 2478, 2154, 1884, 3237, 3934, 1818, 3431, 2783, 701, 2888, 2230, 2853, 733, 1714, 2561, 1306, 2575, 3448, 2565, 1178, 713, 3116, 1911, 518, 3209, 328, 3329, 2974, 2300, 959, 2638, 555, 1432, 468, 994, 1909, 1197, 3298, 2602, 2427, 3170, 615, 384, 1408, 4037, 3071, 1689, 2560, 2224, 137, 2559, 1482, 2765, 1077, 1120, 2594, 1511, 1330, 3959, 885, 1490, 2812, 96, 1214, 267, 3123, 3624, 4045, 2041, 385, 3225, 414, 13, 1931, 175, 2381, 1825, 3327, 302, 1148, 3252, 488, 3878, 3928, 3437, 3342, 386, 1267, 39, 172, 1592]",1.755240797996521,1.5369820594787598,1.2782691717147827,3968,/zhome/14/b/214266/Repos/ml-surrogates-for-power-systems/outputs/hpo_workflows/qbc_marker_hybrid_sm_avr_gov_v1_20260323_070441/refine/runs/cfg_00007_57ef968050/qbc/history.jsonl,128,5,4096,31,true,128,256,/zhome/14/b/214266/Repos/ml-surrogates-for-power-systems/outputs/hpo_workflows/qbc_marker_hybrid_sm_avr_gov_v1_20260323_070441/refine/runs/cfg_00007_57ef968050/run_manifest.json,active.acquisition_strategy=qbc_marker_hybrid;;active.candidate_method=lhs;;active.disagreement.metric=member_l2_mean;;active.hybrid.greedy_score_weight=0.7;;active.hybrid.include_anchor_state_markers=true;;active.hybrid.k_density=10;;active.hybrid.pca_explained_variance=0.9;;active.hybrid.preselect_factor=5;;active.hybrid.settling_fraction=0.05;;active.hybrid.weights.diversity=0.25;;active.hybrid.weights.sparsity=0.15;;active.hybrid.weights.uncertainty=0.6;;active.log_every=5;;qbc_K=128;;qbc_M=5;;qbc_P=4096;;qbc_T=31;;qbc_enable_logging=true;;qbc_n0=128;;qbc_n_test=256,,
qbc_marker_hybrid_sm_avr_gov_v1,1,qbc_marker_hybrid,SM_AVR_GOV,default,refine,refinement_and_schedule_search,/zhome/14/b/214266/Repos/ml-surrogates-for-power-systems/outputs/hpo_workflows/qbc_marker_hybrid_sm_avr_gov_v1_20260323_070441/refine,cfg_00008_f5a063ce81,8,/zhome/14/b/214266/Repos/ml-surrogates-for-power-systems/outputs/hpo_workflows/qbc_marker_hybrid_sm_avr_gov_v1_20260323_070441/refine/runs/cfg_00008_f5a063ce81,,s01,b4096,thesis_hybrid_sm_avr_gov_hpo_refine,completed,0,True,final_eval_rmse,minimize,0.007449145384838187,0.007449145384838187,5.5489766964456066e-05,166.82334607600933,152.8812668339815,0.002270555996801704,0.0,13.234901378047653,0.3175730200018734,0.07746476103784516,qbc_marker_hybrid,lhs,member_l2_mean,0.7,true,10,0.9,5,0.05,0.25,0.15,0.6,5,,,,,/zhome/14/b/214266/Repos/ml-surrogates-for-power-systems/outputs/hpo_workflows/qbc_marker_hybrid_sm_avr_gov_v1_20260323_070441/refine/runs/cfg_00008_f5a063ce81/dataset_manifest.json,member_l2_mean,3,1.1997458934783936,1.1997458934783936,0.8686867356300354,0.5871070027351379,0.8686867356300354,3.9476308822631836,4.061495780944824,1.0014162063598633,30,"[2444, 7296, 4458, 6167, 4955, 1217, 3229, 1191, 1559, 1557, 7652, 508, 5858, 4424, 6004, 3632, 2041, 2352, 7482, 5893, 548, 1338, 3808, 6903, 1897, 2189, 4186, 6077, 2212, 3920, 5935, 4091, 2422, 7555, 2035, 6354, 4460, 5050, 7349, 3503, 366, 1592, 3743, 3687, 487, 1644, 865, 6867, 5431, 2794, 4754, 1446, 140, 6302, 8068, 4805, 2542, 1677, 4894, 92, 5494, 7869, 5913, 7715, 7915, 1789, 6231, 3055, 2550, 7745, 2786, 5838, 981, 7906, 1184, 246, 1873, 6528, 7184, 6488, 1218, 2100, 272, 1689, 1436, 1472, 6702, 6060, 2780, 3665, 3179, 3495, 7730, 705, 5103, 5527, 1665, 6411, 5564, 8012, 1795, 2551, 3627, 5560, 6741, 5598, 5698, 4733, 4893, 1221, 7208, 749, 2007, 5901, 3190, 8098, 3293, 1359, 7257, 3956, 1156, 2227, 1549, 686, 5796, 7794, 6215, 3342]",1.1997458934783936,1.0903241634368896,0.9751313924789429,3968,/zhome/14/b/214266/Repos/ml-surrogates-for-power-systems/outputs/hpo_workflows/qbc_marker_hybrid_sm_avr_gov_v1_20260323_070441/refine/runs/cfg_00008_f5a063ce81/qbc/history.jsonl,128,5,8192,31,true,128,256,/zhome/14/b/214266/Repos/ml-surrogates-for-power-systems/outputs/hpo_workflows/qbc_marker_hybrid_sm_avr_gov_v1_20260323_070441/refine/runs/cfg_00008_f5a063ce81/run_manifest.json,active.acquisition_strategy=qbc_marker_hybrid;;active.candidate_method=lhs;;active.disagreement.metric=member_l2_mean;;active.hybrid.greedy_score_weight=0.7;;active.hybrid.include_anchor_state_markers=true;;active.hybrid.k_density=10;;active.hybrid.pca_explained_variance=0.9;;active.hybrid.preselect_factor=5;;active.hybrid.settling_fraction=0.05;;active.hybrid.weights.diversity=0.25;;active.hybrid.weights.sparsity=0.15;;active.hybrid.weights.uncertainty=0.6;;active.log_every=5;;qbc_K=128;;qbc_M=5;;qbc_P=8192;;qbc_T=31;;qbc_enable_logging=true;;qbc_n0=128;;qbc_n_test=256,,
qbc_marker_hybrid_sm_avr_gov_v1,1,qbc_marker_hybrid,SM_AVR_GOV,default,refine,refinement_and_schedule_search,/zhome/14/b/214266/Repos/ml-surrogates-for-power-systems/outputs/hpo_workflows/qbc_marker_hybrid_sm_avr_gov_v1_20260323_070441/refine,cfg_00009_6c4911307b,9,/zhome/14/b/214266/Repos/ml-surrogates-for-power-systems/outputs/hpo_workflows/qbc_marker_hybrid_sm_avr_gov_v1_20260323_070441/refine/runs/cfg_00009_6c4911307b,,s01,b4096,thesis_hybrid_sm_avr_gov_hpo_refine,completed,0,True,final_eval_rmse,minimize,0.008719046180062853,0.008719046180062853,7.602176629006863e-05,155.2381079699844,149.5456323529943,0.0012326340074650943,0.0,4.976577009947505,0.3168712300248444,0.07617786701302975,qbc_marker_hybrid,lhs,member_l2_mean,0.9,true,10,0.9,5,0.05,0.25,0.15,0.6,5,,,,,/zhome/14/b/214266/Repos/ml-surrogates-for-power-systems/outputs/hpo_workflows/qbc_marker_hybrid_sm_avr_gov_v1_20260323_070441/refine/runs/cfg_00009_6c4911307b/dataset_manifest.json,member_l2_mean,3,1.3129066228866577,1.3129066228866577,0.9517909288406372,0.57784503698349,0.9517909288406372,4.054756164550781,4.1846747398376465,1.0949804782867432,30,"[333, 1282, 390, 1510, 2010, 0, 140, 963, 576, 1205, 508, 465, 581, 1686, 981, 579, 1211, 1234, 685, 631, 511, 226, 853, 1752, 1825, 27, 639, 1271, 1759, 842, 586, 5, 758, 1968, 1306, 902, 1085, 1302, 189, 431, 1476, 36, 1712, 597, 1547, 1338, 529, 968, 1323, 830, 1299, 270, 71, 622, 404, 716, 279, 62, 1877, 1373, 942, 544, 272, 1941, 1849, 1722, 1525, 1382, 1136, 1723, 1428, 1121, 1312, 2000, 741, 1361, 347, 152, 274, 1226, 1110, 709, 667, 1622, 1611, 931, 1352, 464, 1666, 551, 1438, 809, 928, 1997, 1073, 980, 982, 762, 929, 1696, 86, 1231, 1493, 327, 838, 1616, 80, 2004, 1962, 799, 505, 1921, 1301, 1965, 376, 286, 962, 1995, 61, 470, 725, 979, 214, 2025, 1920, 1128, 514, 1597]",1.3129066228866577,1.1461889743804932,1.0421565771102905,3968,/zhome/14/b/214266/Repos/ml-surrogates-for-power-systems/outputs/hpo_workflows/qbc_marker_hybrid_sm_avr_gov_v1_20260323_070441/refine/runs/cfg_00009_6c4911307b/qbc/history.jsonl,128,5,2048,31,true,128,256,/zhome/14/b/214266/Repos/ml-surrogates-for-power-systems/outputs/hpo_workflows/qbc_marker_hybrid_sm_avr_gov_v1_20260323_070441/refine/runs/cfg_00009_6c4911307b/run_manifest.json,active.acquisition_strategy=qbc_marker_hybrid;;active.candidate_method=lhs;;active.disagreement.metric=member_l2_mean;;active.hybrid.greedy_score_weight=0.9;;active.hybrid.include_anchor_state_markers=true;;active.hybrid.k_density=10;;active.hybrid.pca_explained_variance=0.9;;active.hybrid.preselect_factor=5;;active.hybrid.settling_fraction=0.05;;active.hybrid.weights.diversity=0.25;;active.hybrid.weights.sparsity=0.15;;active.hybrid.weights.uncertainty=0.6;;active.log_every=5;;qbc_K=128;;qbc_M=5;;qbc_P=2048;;qbc_T=31;;qbc_enable_logging=true;;qbc_n0=128;;qbc_n_test=256,,
qbc_marker_hybrid_sm_avr_gov_v1,1,qbc_marker_hybrid,SM_AVR_GOV,default,refine,refinement_and_schedule_search,/zhome/14/b/214266/Repos/ml-surrogates-for-power-systems/outputs/hpo_workflows/qbc_marker_hybrid_sm_avr_gov_v1_20260323_070441/refine,cfg_00010_ab55f04ac0,10,/zhome/14/b/214266/Repos/ml-surrogates-for-power-systems/outputs/hpo_workflows/qbc_marker_hybrid_sm_avr_gov_v1_20260323_070441/refine/runs/cfg_00010_ab55f04ac0,,s01,b4096,thesis_hybrid_sm_avr_gov_hpo_refine,completed,0,True,final_eval_rmse,minimize,0.0067346505865663155,0.0067346505865663155,4.5355518523138016e-05,157.4885753740091,148.97115225798916,0.001545057981275022,0.0,7.823197463992983,0.3062984279822558,0.07192841201322153,qbc_marker_hybrid,lhs,member_l2_mean,0.9,true,10,0.9,5,0.05,0.25,0.15,0.6,5,,,,,/zhome/14/b/214266/Repos/ml-surrogates-for-power-systems/outputs/hpo_workflows/qbc_marker_hybrid_sm_avr_gov_v1_20260323_070441/refine/runs/cfg_00010_ab55f04ac0/dataset_manifest.json,member_l2_mean,3,0.9822502136230469,0.9822502136230469,0.7080634236335754,0.5758698582649231,0.7080634236335754,3.386518955230713,3.494694232940674,0.8388978242874146,30,"[760, 2970, 2110, 3504, 1441, 3400, 3224, 839, 1945, 2941, 4043, 3766, 2521, 2781, 1653, 2678, 4011, 2820, 1678, 939, 5, 28, 1750, 3088, 3321, 308, 3557, 2016, 3749, 1042, 2461, 1587, 1918, 1677, 951, 3118, 1798, 3301, 2921, 3933, 1449, 450, 621, 731, 3977, 266, 3095, 1498, 3009, 2993, 3574, 3703, 3161, 3515, 593, 1766, 1348, 1471, 3168, 89, 1474, 245, 35, 2009, 1334, 3356, 233, 3875, 594, 355, 3827, 925, 2199, 562, 3077, 1388, 3498, 1887, 4050, 3491, 536, 2639, 4076, 3381, 3438, 1980, 2435, 310, 2919, 578, 3207, 356, 15, 2328, 332, 1209, 3280, 2911, 1749, 1297, 3048, 2433, 1740, 1860, 3653, 3133, 1969, 166, 1243, 663, 3626, 4066, 853, 3936, 2251, 2394, 729, 2758, 2418, 219, 1512, 241, 2532, 1282, 711, 194, 3511, 3364]",0.9822502136230469,0.8898651599884033,0.7432255744934082,3968,/zhome/14/b/214266/Repos/ml-surrogates-for-power-systems/outputs/hpo_workflows/qbc_marker_hybrid_sm_avr_gov_v1_20260323_070441/refine/runs/cfg_00010_ab55f04ac0/qbc/history.jsonl,128,5,4096,31,true,128,256,/zhome/14/b/214266/Repos/ml-surrogates-for-power-systems/outputs/hpo_workflows/qbc_marker_hybrid_sm_avr_gov_v1_20260323_070441/refine/runs/cfg_00010_ab55f04ac0/run_manifest.json,active.acquisition_strategy=qbc_marker_hybrid;;active.candidate_method=lhs;;active.disagreement.metric=member_l2_mean;;active.hybrid.greedy_score_weight=0.9;;active.hybrid.include_anchor_state_markers=true;;active.hybrid.k_density=10;;active.hybrid.pca_explained_variance=0.9;;active.hybrid.preselect_factor=5;;active.hybrid.settling_fraction=0.05;;active.hybrid.weights.diversity=0.25;;active.hybrid.weights.sparsity=0.15;;active.hybrid.weights.uncertainty=0.6;;active.log_every=5;;qbc_K=128;;qbc_M=5;;qbc_P=4096;;qbc_T=31;;qbc_enable_logging=true;;qbc_n0=128;;qbc_n_test=256,,
qbc_marker_hybrid_sm_avr_gov_v1,1,qbc_marker_hybrid,SM_AVR_GOV,default,refine,refinement_and_schedule_search,/zhome/14/b/214266/Repos/ml-surrogates-for-power-systems/outputs/hpo_workflows/qbc_marker_hybrid_sm_avr_gov_v1_20260323_070441/refine,cfg_00011_c8e9b1d5d3,11,/zhome/14/b/214266/Repos/ml-surrogates-for-power-systems/outputs/hpo_workflows/qbc_marker_hybrid_sm_avr_gov_v1_20260323_070441/refine/runs/cfg_00011_c8e9b1d5d3,,s01,b4096,thesis_hybrid_sm_avr_gov_hpo_refine,completed,0,True,final_eval_rmse,minimize,0.010312396432458577,0.010312396432458577,0.0001063455201801844,167.31155716703506,153.33486070798244,0.002320263010915369,0.0,13.259498036000878,0.3284338510129601,0.06497688998933882,qbc_marker_hybrid,lhs,member_l2_mean,0.9,true,10,0.9,5,0.05,0.25,0.15,0.6,5,,,,,/zhome/14/b/214266/Repos/ml-surrogates-for-power-systems/outputs/hpo_workflows/qbc_marker_hybrid_sm_avr_gov_v1_20260323_070441/refine/runs/cfg_00011_c8e9b1d5d3/dataset_manifest.json,member_l2_mean,3,1.4547585248947144,1.4547585248947144,1.066653847694397,0.5849524140357971,1.066653847694397,3.806549310684204,3.959622859954834,1.2171052694320679,30,"[3632, 3512, 7802, 4559, 4563, 2315, 3298, 7771, 5264, 4504, 1349, 2810, 2295, 6658, 4143, 2943, 4350, 316, 4707, 972, 943, 5189, 5533, 4525, 4035, 1229, 1557, 1145, 6027, 7039, 1306, 8033, 1638, 3472, 5704, 6274, 6915, 6972, 7516, 2365, 7098, 7326, 6342, 4114, 6673, 5140, 5025, 3027, 137, 6792, 1716, 7798, 6543, 5278, 6386, 1075, 8108, 4854, 7863, 5000, 5574, 5261, 2303, 7046, 6835, 6614, 8175, 601, 1742, 1830, 3576, 525, 3925, 1977, 4271, 7007, 6576, 6456, 6887, 110, 5693, 1072, 6912, 7374, 2676, 1770, 984, 7176, 4607, 5731, 1628, 4915, 4661, 215, 2025, 4406, 1104, 5708, 2346, 891, 2032, 234, 286, 1945, 5676, 3926, 1860, 173, 1847, 4546, 5445, 1647, 2469, 548, 7703, 6708, 3296, 6655, 1878, 2647, 3822, 5418, 6886, 4693, 1554, 4727, 4424, 4917]",1.4221985340118408,1.2576868534088135,1.0977120399475098,3968,/zhome/14/b/214266/Repos/ml-surrogates-for-power-systems/outputs/hpo_workflows/qbc_marker_hybrid_sm_avr_gov_v1_20260323_070441/refine/runs/cfg_00011_c8e9b1d5d3/qbc/history.jsonl,128,5,8192,31,true,128,256,/zhome/14/b/214266/Repos/ml-surrogates-for-power-systems/outputs/hpo_workflows/qbc_marker_hybrid_sm_avr_gov_v1_20260323_070441/refine/runs/cfg_00011_c8e9b1d5d3/run_manifest.json,active.acquisition_strategy=qbc_marker_hybrid;;active.candidate_method=lhs;;active.disagreement.metric=member_l2_mean;;active.hybrid.greedy_score_weight=0.9;;active.hybrid.include_anchor_state_markers=true;;active.hybrid.k_density=10;;active.hybrid.pca_explained_variance=0.9;;active.hybrid.preselect_factor=5;;active.hybrid.settling_fraction=0.05;;active.hybrid.weights.diversity=0.25;;active.hybrid.weights.sparsity=0.15;;active.hybrid.weights.uncertainty=0.6;;active.log_every=5;;qbc_K=128;;qbc_M=5;;qbc_P=8192;;qbc_T=31;;qbc_enable_logging=true;;qbc_n0=128;;qbc_n_test=256,,
qbc_marker_hybrid_sm_avr_gov_v1,1,qbc_marker_hybrid,SM_AVR_GOV,default,refine,refinement_and_schedule_search,/zhome/14/b/214266/Repos/ml-surrogates-for-power-systems/outputs/hpo_workflows/qbc_marker_hybrid_sm_avr_gov_v1_20260323_070441/refine,cfg_00012_7b9ffaf742,12,/zhome/14/b/214266/Repos/ml-surrogates-for-power-systems/outputs/hpo_workflows/qbc_marker_hybrid_sm_avr_gov_v1_20260323_070441/refine/runs/cfg_00012_7b9ffaf742,,s01,b4096,thesis_hybrid_sm_avr_gov_hpo_refine,completed,0,True,final_eval_rmse,minimize,0.005782138312302866,0.005782138312302866,3.3433123462600634e-05,155.42641084699426,149.01229437900474,0.0012481000158004463,0.0,4.619975831999909,0.29807851201621816,0.06693888799054548,qbc_marker_hybrid,lhs,member_l2_mean,0.7,true,10,0.95,3,0.05,0.25,0.15,0.6,5,,,,,/zhome/14/b/214266/Repos/ml-surrogates-for-power-systems/outputs/hpo_workflows/qbc_marker_hybrid_sm_avr_gov_v1_20260323_070441/refine/runs/cfg_00012_7b9ffaf742/dataset_manifest.json,member_l2_mean,4,1.490480661392212,1.490480661392212,0.9372121095657349,0.5069453716278076,0.9372121095657349,4.23451566696167,4.339999675750732,1.1051409244537354,30,"[1205, 1081, 1271, 1510, 1880, 458, 1695, 1723, 1307, 1420, 1718, 60, 540, 1740, 1921, 2000, 1785, 758, 1879, 1066, 782, 370, 333, 421, 189, 1306, 347, 687, 1269, 270, 1759, 902, 1272, 735, 853, 838, 752, 1628, 725, 372, 1234, 750, 226, 1769, 1344, 1597, 262, 1137, 36, 1302, 1686, 86, 1338, 1576, 1026, 1715, 1373, 1343, 544, 885, 787, 267, 1611, 1712, 1454, 597, 653, 865, 1916, 963, 956, 973, 542, 762, 1492, 741, 1808, 322, 1054, 1240, 57, 1997, 1692, 1323, 1121, 995, 980, 981, 1110, 694, 727, 257, 470, 1083, 1326, 1660, 411, 403, 579, 567, 272, 489, 1428, 812, 1092, 1939, 1705, 1299, 62, 480, 1909, 140, 2040, 1947, 80, 1101, 565, 340, 290, 1920, 205, 1556, 1833, 1118, 1965, 1164, 982, 1555]",1.490480661392212,1.1783398389816284,0.9441969990730286,3968,/zhome/14/b/214266/Repos/ml-surrogates-for-power-systems/outputs/hpo_workflows/qbc_marker_hybrid_sm_avr_gov_v1_20260323_070441/refine/runs/cfg_00012_7b9ffaf742/qbc/history.jsonl,128,5,2048,31,true,128,256,/zhome/14/b/214266/Repos/ml-surrogates-for-power-systems/outputs/hpo_workflows/qbc_marker_hybrid_sm_avr_gov_v1_20260323_070441/refine/runs/cfg_00012_7b9ffaf742/run_manifest.json,active.acquisition_strategy=qbc_marker_hybrid;;active.candidate_method=lhs;;active.disagreement.metric=member_l2_mean;;active.hybrid.greedy_score_weight=0.7;;active.hybrid.include_anchor_state_markers=true;;active.hybrid.k_density=10;;active.hybrid.pca_explained_variance=0.95;;active.hybrid.preselect_factor=3;;active.hybrid.settling_fraction=0.05;;active.hybrid.weights.diversity=0.25;;active.hybrid.weights.sparsity=0.15;;active.hybrid.weights.uncertainty=0.6;;active.log_every=5;;qbc_K=128;;qbc_M=5;;qbc_P=2048;;qbc_T=31;;qbc_enable_logging=true;;qbc_n0=128;;qbc_n_test=256,,
qbc_marker_hybrid_sm_avr_gov_v1,1,qbc_marker_hybrid,SM_AVR_GOV,default,refine,refinement_and_schedule_search,/zhome/14/b/214266/Repos/ml-surrogates-for-power-systems/outputs/hpo_workflows/qbc_marker_hybrid_sm_avr_gov_v1_20260323_070441/refine,cfg_00013_79992f74af,13,/zhome/14/b/214266/Repos/ml-surrogates-for-power-systems/outputs/hpo_workflows/qbc_marker_hybrid_sm_avr_gov_v1_20260323_070441/refine/runs/cfg_00013_79992f74af,,s01,b4096,thesis_hybrid_sm_avr_gov_hpo_refine,completed,0,True,final_eval_rmse,minimize,0.00608748596014951,0.00608748596014951,3.70574853150174e-05,154.55858383898158,146.4343781109783,0.001517699973192066,0.0,7.45414438896114,0.28382839396363124,0.07085732102859765,qbc_marker_hybrid,lhs,member_l2_mean,0.7,true,10,0.95,3,0.05,0.25,0.15,0.6,5,,,,,/zhome/14/b/214266/Repos/ml-surrogates-for-power-systems/outputs/hpo_workflows/qbc_marker_hybrid_sm_avr_gov_v1_20260323_070441/refine/runs/cfg_00013_79992f74af/dataset_manifest.json,member_l2_mean,4,1.3559610843658447,1.3559610843658447,1.0677402019500732,0.5838662981987,1.0677402019500732,3.7755632400512695,3.9144575595855713,1.2167093753814697,30,"[2268, 518, 1931, 1751, 2509, 3621, 3620, 270, 3798, 3221, 877, 380, 2956, 1470, 3775, 1421, 1945, 2976, 839, 84, 1224, 820, 1566, 3229, 998, 2418, 2572, 649, 1406, 1012, 2785, 3019, 3029, 726, 419, 245, 760, 118, 1984, 3677, 3000, 3719, 2431, 1474, 204, 1091, 2945, 2529, 1797, 2239, 1028, 3786, 2461, 2328, 951, 3918, 1448, 541, 828, 2927, 983, 106, 575, 2542, 1328, 1834, 2378, 266, 2918, 3381, 2165, 3436, 1252, 3148, 886, 1555, 153, 408, 1812, 1861, 1157, 76, 1109, 3297, 3673, 3420, 2683, 2452, 1144, 2525, 1774, 14, 3224, 306, 876, 145, 3293, 2334, 3634, 4026, 1431, 4076, 3908, 4088, 2304, 2114, 1076, 939, 2592, 10, 2011, 3396, 691, 3166, 1828, 2255, 3102, 1070, 1755, 2936, 3928, 1991, 1095, 1556, 2909, 2510, 3498, 1807]",1.3373439311981201,1.2354111671447754,1.1159223318099976,3968,/zhome/14/b/214266/Repos/ml-surrogates-for-power-systems/outputs/hpo_workflows/qbc_marker_hybrid_sm_avr_gov_v1_20260323_070441/refine/runs/cfg_00013_79992f74af/qbc/history.jsonl,128,5,4096,31,true,128,256,/zhome/14/b/214266/Repos/ml-surrogates-for-power-systems/outputs/hpo_workflows/qbc_marker_hybrid_sm_avr_gov_v1_20260323_070441/refine/runs/cfg_00013_79992f74af/run_manifest.json,active.acquisition_strategy=qbc_marker_hybrid;;active.candidate_method=lhs;;active.disagreement.metric=member_l2_mean;;active.hybrid.greedy_score_weight=0.7;;active.hybrid.include_anchor_state_markers=true;;active.hybrid.k_density=10;;active.hybrid.pca_explained_variance=0.95;;active.hybrid.preselect_factor=3;;active.hybrid.settling_fraction=0.05;;active.hybrid.weights.diversity=0.25;;active.hybrid.weights.sparsity=0.15;;active.hybrid.weights.uncertainty=0.6;;active.log_every=5;;qbc_K=128;;qbc_M=5;;qbc_P=4096;;qbc_T=31;;qbc_enable_logging=true;;qbc_n0=128;;qbc_n_test=256,,
qbc_marker_hybrid_sm_avr_gov_v1,1,qbc_marker_hybrid,SM_AVR_GOV,default,refine,refinement_and_schedule_search,/zhome/14/b/214266/Repos/ml-surrogates-for-power-systems/outputs/hpo_workflows/qbc_marker_hybrid_sm_avr_gov_v1_20260323_070441/refine,cfg_00014_a735c0fe8f,14,/zhome/14/b/214266/Repos/ml-surrogates-for-power-systems/outputs/hpo_workflows/qbc_marker_hybrid_sm_avr_gov_v1_20260323_070441/refine/runs/cfg_00014_a735c0fe8f,,s01,b4096,thesis_hybrid_sm_avr_gov_hpo_refine,completed,0,True,final_eval_rmse,minimize,0.008898273016950677,0.008898273016950677,7.917926268419251e-05,156.55268535600044,143.3672381110373,0.002046072040684521,0.0,12.47971664799843,0.3207280959468335,0.07259236898971722,qbc_marker_hybrid,lhs,member_l2_mean,0.7,true,10,0.95,3,0.05,0.25,0.15,0.6,5,,,,,/zhome/14/b/214266/Repos/ml-surrogates-for-power-systems/outputs/hpo_workflows/qbc_marker_hybrid_sm_avr_gov_v1_20260323_070441/refine/runs/cfg_00014_a735c0fe8f/dataset_manifest.json,member_l2_mean,4,1.5864698886871338,1.5864698886871338,0.7964932918548584,0.42136913537979126,0.7964932918548584,3.668635368347168,3.7623543739318848,1.0719138383865356,30,"[3009, 2549, 279, 3866, 4458, 6467, 7373, 5820, 6890, 7006, 4616, 6136, 5337, 2660, 3477, 4464, 3596, 7779, 3005, 1187, 1518, 2092, 6004, 4038, 6069, 4468, 1574, 4653, 5689, 6489, 7571, 6556, 1318, 5911, 7605, 4394, 431, 5316, 7300, 6078, 5930, 7701, 2530, 3656, 7831, 6413, 2808, 3707, 674, 3352, 5545, 4292, 3874, 3776, 3125, 4533, 7962, 2967, 3402, 6865, 1591, 7934, 2479, 1064, 3884, 408, 6901, 259, 3836, 2163, 5539, 5634, 5119, 2882, 8065, 7270, 3066, 1618, 346, 3613, 6677, 187, 2143, 7044, 4725, 5748, 798, 6434, 903, 3750, 7160, 2213, 2916, 3974, 5736, 3806, 623, 3083, 2111, 7783, 5649, 5209, 2023, 3862, 6259, 5457, 4719, 2703, 3958, 1134, 7426, 562, 1255, 3870, 308, 5239, 1063, 7480, 6746, 1691, 40, 4173, 7570, 586, 669, 3520, 6119, 6721]",1.5864698886871338,1.2461212873458862,0.9722509384155273,3968,/zhome/14/b/214266/Repos/ml-surrogates-for-power-systems/outputs/hpo_workflows/qbc_marker_hybrid_sm_avr_gov_v1_20260323_070441/refine/runs/cfg_00014_a735c0fe8f/qbc/history.jsonl,128,5,8192,31,true,128,256,/zhome/14/b/214266/Repos/ml-surrogates-for-power-systems/outputs/hpo_workflows/qbc_marker_hybrid_sm_avr_gov_v1_20260323_070441/refine/runs/cfg_00014_a735c0fe8f/run_manifest.json,active.acquisition_strategy=qbc_marker_hybrid;;active.candidate_method=lhs;;active.disagreement.metric=member_l2_mean;;active.hybrid.greedy_score_weight=0.7;;active.hybrid.include_anchor_state_markers=true;;active.hybrid.k_density=10;;active.hybrid.pca_explained_variance=0.95;;active.hybrid.preselect_factor=3;;active.hybrid.settling_fraction=0.05;;active.hybrid.weights.diversity=0.25;;active.hybrid.weights.sparsity=0.15;;active.hybrid.weights.uncertainty=0.6;;active.log_every=5;;qbc_K=128;;qbc_M=5;;qbc_P=8192;;qbc_T=31;;qbc_enable_logging=true;;qbc_n0=128;;qbc_n_test=256,,
qbc_marker_hybrid_sm_avr_gov_v1,1,qbc_marker_hybrid,SM_AVR_GOV,default,refine,refinement_and_schedule_search,/zhome/14/b/214266/Repos/ml-surrogates-for-power-systems/outputs/hpo_workflows/qbc_marker_hybrid_sm_avr_gov_v1_20260323_070441/refine,cfg_00015_32339651b1,15,/zhome/14/b/214266/Repos/ml-surrogates-for-power-systems/outputs/hpo_workflows/qbc_marker_hybrid_sm_avr_gov_v1_20260323_070441/refine/runs/cfg_00015_32339651b1,,s01,b4096,thesis_hybrid_sm_avr_gov_hpo_refine,completed,0,True,final_eval_rmse,minimize,0.0060009546964307535,0.0060009546964307535,3.601145726861432e-05,150.20121018204372,145.01673346397,0.001209096983075142,0.0,4.504724273981992,0.2912486090208404,0.07378966000396758,qbc_marker_hybrid,lhs,member_l2_mean,0.9,true,10,0.95,3,0.05,0.25,0.15,0.6,5,,,,,/zhome/14/b/214266/Repos/ml-surrogates-for-power-systems/outputs/hpo_workflows/qbc_marker_hybrid_sm_avr_gov_v1_20260323_070441/refine/runs/cfg_00015_32339651b1/dataset_manifest.json,member_l2_mean,4,1.218666672706604,1.218666672706604,0.7823784351348877,0.4855957627296448,0.7823784351348877,4.212057113647461,4.3035993576049805,0.9338088035583496,30,"[686, 1313, 1812, 1510, 654, 1670, 458, 1718, 735, 1205, 70, 384, 209, 1560, 1427, 964, 1374, 206, 2028, 845, 1688, 995, 1137, 1485, 2035, 889, 1359, 1478, 971, 747, 929, 68, 1989, 1695, 21, 1265, 1848, 1279, 711, 15, 759, 959, 859, 1634, 2010, 581, 55, 1117, 1540, 40, 76, 818, 1544, 833, 1694, 1637, 1689, 72, 1351, 83, 856, 234, 374, 1338, 830, 712, 1091, 1618, 1179, 1588, 637, 1658, 229, 368, 94, 1242, 1974, 61, 1739, 143, 386, 133, 427, 888, 1950, 1534, 2032, 255, 446, 377, 1370, 59, 618, 164, 412, 1196, 576, 130, 619, 1304, 722, 447, 1600, 437, 530, 1876, 1832, 183, 2027, 724, 1940, 313, 1870, 142, 630, 1865, 784, 1978, 1219, 1988, 1595, 156, 173, 507, 1246, 284, 1125, 1508]",1.218666672706604,1.004573106765747,0.8252018690109253,3968,/zhome/14/b/214266/Repos/ml-surrogates-for-power-systems/outputs/hpo_workflows/qbc_marker_hybrid_sm_avr_gov_v1_20260323_070441/refine/runs/cfg_00015_32339651b1/qbc/history.jsonl,128,5,2048,31,true,128,256,/zhome/14/b/214266/Repos/ml-surrogates-for-power-systems/outputs/hpo_workflows/qbc_marker_hybrid_sm_avr_gov_v1_20260323_070441/refine/runs/cfg_00015_32339651b1/run_manifest.json,active.acquisition_strategy=qbc_marker_hybrid;;active.candidate_method=lhs;;active.disagreement.metric=member_l2_mean;;active.hybrid.greedy_score_weight=0.9;;active.hybrid.include_anchor_state_markers=true;;active.hybrid.k_density=10;;active.hybrid.pca_explained_variance=0.95;;active.hybrid.preselect_factor=3;;active.hybrid.settling_fraction=0.05;;active.hybrid.weights.diversity=0.25;;active.hybrid.weights.sparsity=0.15;;active.hybrid.weights.uncertainty=0.6;;active.log_every=5;;qbc_K=128;;qbc_M=5;;qbc_P=2048;;qbc_T=31;;qbc_enable_logging=true;;qbc_n0=128;;qbc_n_test=256,,
qbc_marker_hybrid_sm_avr_gov_v1,1,qbc_marker_hybrid,SM_AVR_GOV,default,refine,refinement_and_schedule_search,/zhome/14/b/214266/Repos/ml-surrogates-for-power-systems/outputs/hpo_workflows/qbc_marker_hybrid_sm_avr_gov_v1_20260323_070441/refine,cfg_00016_19000c4c61,16,/zhome/14/b/214266/Repos/ml-surrogates-for-power-systems/outputs/hpo_workflows/qbc_marker_hybrid_sm_avr_gov_v1_20260323_070441/refine/runs/cfg_00016_19000c4c61,,s01,b4096,thesis_hybrid_sm_avr_gov_hpo_refine,completed,0,True,final_eval_rmse,minimize,0.006243583024827427,0.006243583024827427,3.8982328987913206e-05,152.2678596310434,144.30203512497246,0.0014904600102454424,0.0,7.275914711004589,0.3031811419641599,0.07428597699617967,qbc_marker_hybrid,lhs,member_l2_mean,0.9,true,10,0.95,3,0.05,0.25,0.15,0.6,5,,,,,/zhome/14/b/214266/Repos/ml-surrogates-for-power-systems/outputs/hpo_workflows/qbc_marker_hybrid_sm_avr_gov_v1_20260323_070441/refine/runs/cfg_00016_19000c4c61/dataset_manifest.json,member_l2_mean,4,1.4561448097229004,1.4561448097229004,0.9544223546981812,0.5640150308609009,0.9544223546981812,4.135477066040039,4.244937896728516,1.1802183389663696,30,"[2683, 3244, 1347, 24, 800, 3155, 3980, 184, 1784, 488, 3646, 2021, 3237, 2885, 1178, 4026, 1100, 1592, 726, 1301, 2976, 1201, 2131, 2006, 2791, 2290, 1348, 3298, 3787, 1283, 3771, 2970, 3504, 1040, 414, 3189, 3469, 4086, 2180, 108, 173, 3613, 843, 3342, 2984, 2446, 2246, 385, 1842, 4055, 2094, 2689, 1408, 534, 1511, 2637, 3620, 2909, 3669, 3804, 2824, 591, 796, 2113, 1225, 2432, 3679, 628, 2509, 569, 701, 2693, 886, 3170, 3220, 1330, 3294, 3166, 1587, 2164, 370, 1797, 3818, 1931, 2717, 2220, 1916, 2039, 1926, 1525, 1882, 2813, 1217, 1846, 3099, 3088, 487, 1444, 163, 1614, 1075, 1285, 2022, 2368, 4043, 2161, 1264, 3499, 1216, 1794, 1604, 2070, 1247, 3825, 320, 3844, 3920, 2480, 394, 3945, 2850, 3969, 1156, 283, 1262, 3321, 2815, 2874]",1.4561448097229004,1.291914939880371,1.1033191680908203,3968,/zhome/14/b/214266/Repos/ml-surrogates-for-power-systems/outputs/hpo_workflows/qbc_marker_hybrid_sm_avr_gov_v1_20260323_070441/refine/runs/cfg_00016_19000c4c61/qbc/history.jsonl,128,5,4096,31,true,128,256,/zhome/14/b/214266/Repos/ml-surrogates-for-power-systems/outputs/hpo_workflows/qbc_marker_hybrid_sm_avr_gov_v1_20260323_070441/refine/runs/cfg_00016_19000c4c61/run_manifest.json,active.acquisition_strategy=qbc_marker_hybrid;;active.candidate_method=lhs;;active.disagreement.metric=member_l2_mean;;active.hybrid.greedy_score_weight=0.9;;active.hybrid.include_anchor_state_markers=true;;active.hybrid.k_density=10;;active.hybrid.pca_explained_variance=0.95;;active.hybrid.preselect_factor=3;;active.hybrid.settling_fraction=0.05;;active.hybrid.weights.diversity=0.25;;active.hybrid.weights.sparsity=0.15;;active.hybrid.weights.uncertainty=0.6;;active.log_every=5;;qbc_K=128;;qbc_M=5;;qbc_P=4096;;qbc_T=31;;qbc_enable_logging=true;;qbc_n0=128;;qbc_n_test=256,,
qbc_marker_hybrid_sm_avr_gov_v1,1,qbc_marker_hybrid,SM_AVR_GOV,default,refine,refinement_and_schedule_search,/zhome/14/b/214266/Repos/ml-surrogates-for-power-systems/outputs/hpo_workflows/qbc_marker_hybrid_sm_avr_gov_v1_20260323_070441/refine,cfg_00017_0302c4d6ea,17,/zhome/14/b/214266/Repos/ml-surrogates-for-power-systems/outputs/hpo_workflows/qbc_marker_hybrid_sm_avr_gov_v1_20260323_070441/refine/runs/cfg_00017_0302c4d6ea,,s01,b4096,thesis_hybrid_sm_avr_gov_hpo_refine,completed,0,True,final_eval_rmse,minimize,0.005770233384515512,0.005770233384515512,3.329559331177734e-05,160.60984603402903,147.20268130296608,0.0021967479842714965,0.0,12.69940266996855,0.31685340200783685,0.07440287200734019,qbc_marker_hybrid,lhs,member_l2_mean,0.9,true,10,0.95,3,0.05,0.25,0.15,0.6,5,,,,,/zhome/14/b/214266/Repos/ml-surrogates-for-power-systems/outputs/hpo_workflows/qbc_marker_hybrid_sm_avr_gov_v1_20260323_070441/refine/runs/cfg_00017_0302c4d6ea/dataset_manifest.json,member_l2_mean,4,1.2434680461883545,1.2434680461883545,0.7447409629821777,0.4895867109298706,0.7447409629821777,3.831087589263916,3.958861827850342,0.8700904250144958,30,"[2148, 279, 1557, 2432, 6803, 3396, 2679, 3523, 4592, 5756, 6528, 4458, 7102, 7098, 2034, 4902, 1158, 379, 8032, 6569, 3574, 3534, 491, 3650, 1255, 577, 277, 1192, 6027, 3288, 1601, 7155, 2448, 1686, 2412, 2463, 1227, 8014, 2882, 4665, 1965, 3631, 5331, 1626, 6554, 141, 5532, 5437, 2837, 1404, 4190, 4143, 7928, 3919, 3450, 7701, 431, 253, 1523, 2316, 2502, 2649, 6077, 6614, 2937, 7171, 8152, 6890, 3335, 8046, 2516, 8187, 7040, 3061, 4512, 1729, 40, 2513, 882, 1830, 7358, 3861, 1318, 4730, 967, 1633, 5634, 7869, 484, 4743, 2410, 5674, 3040, 1478, 731, 5362, 4480, 3488, 619, 7758, 2150, 8104, 8029, 5840, 8038, 5041, 5975, 2393, 6846, 87, 6061, 6489, 1076, 7145, 2512, 5000, 7176, 2049, 3845, 6915, 4533, 1680, 4319, 5381, 6708, 1446, 6767, 3588]",1.2434680461883545,0.9738208055496216,0.7705922722816467,3968,/zhome/14/b/214266/Repos/ml-surrogates-for-power-systems/outputs/hpo_workflows/qbc_marker_hybrid_sm_avr_gov_v1_20260323_070441/refine/runs/cfg_00017_0302c4d6ea/qbc/history.jsonl,128,5,8192,31,true,128,256,/zhome/14/b/214266/Repos/ml-surrogates-for-power-systems/outputs/hpo_workflows/qbc_marker_hybrid_sm_avr_gov_v1_20260323_070441/refine/runs/cfg_00017_0302c4d6ea/run_manifest.json,active.acquisition_strategy=qbc_marker_hybrid;;active.candidate_method=lhs;;active.disagreement.metric=member_l2_mean;;active.hybrid.greedy_score_weight=0.9;;active.hybrid.include_anchor_state_markers=true;;active.hybrid.k_density=10;;active.hybrid.pca_explained_variance=0.95;;active.hybrid.preselect_factor=3;;active.hybrid.settling_fraction=0.05;;active.hybrid.weights.diversity=0.25;;active.hybrid.weights.sparsity=0.15;;active.hybrid.weights.uncertainty=0.6;;active.log_every=5;;qbc_K=128;;qbc_M=5;;qbc_P=8192;;qbc_T=31;;qbc_enable_logging=true;;qbc_n0=128;;qbc_n_test=256,,
qbc_marker_hybrid_sm_avr_gov_v1,1,qbc_marker_hybrid,SM_AVR_GOV,default,refine,refinement_and_schedule_search,/zhome/14/b/214266/Repos/ml-surrogates-for-power-systems/outputs/hpo_workflows/qbc_marker_hybrid_sm_avr_gov_v1_20260323_070441/refine,cfg_00018_58476adc04,18,/zhome/14/b/214266/Repos/ml-surrogates-for-power-systems/outputs/hpo_workflows/qbc_marker_hybrid_sm_avr_gov_v1_20260323_070441/refine/runs/cfg_00018_58476adc04,,s01,b4096,thesis_hybrid_sm_avr_gov_hpo_refine,completed,0,True,final_eval_rmse,minimize,0.007760470004848167,0.007760470004848167,6.022489469614811e-05,150.06633985601366,144.52914094703738,0.0012043999740853906,0.0,4.854850730043836,0.29987272399012,0.0651887779822573,qbc_marker_hybrid,lhs,member_l2_mean,0.7,true,10,0.95,5,0.05,0.25,0.15,0.6,5,,,,,/zhome/14/b/214266/Repos/ml-surrogates-for-power-systems/outputs/hpo_workflows/qbc_marker_hybrid_sm_avr_gov_v1_20260323_070441/refine/runs/cfg_00018_58476adc04/dataset_manifest.json,member_l2_mean,4,1.1823198795318604,1.1823198795318604,0.7551324367523193,0.4842642545700073,0.7551324367523193,3.9963040351867676,4.109488487243652,0.8658531308174133,30,"[1510, 1901, 94, 931, 2016, 2018, 686, 1309, 830, 1072, 1285, 1514, 309, 1646, 598, 1532, 1540, 1493, 1804, 0, 1208, 1021, 1750, 65, 504, 1597, 1870, 1739, 27, 60, 55, 1370, 928, 757, 1950, 692, 713, 502, 1147, 1660, 786, 600, 848, 1194, 1823, 1527, 1795, 1361, 959, 1990, 637, 1670, 803, 1059, 913, 1825, 1689, 838, 621, 354, 1760, 270, 216, 715, 255, 853, 226, 1974, 1892, 2022, 1752, 539, 482, 201, 1467, 550, 1929, 747, 1588, 1675, 2009, 1611, 1920, 287, 1396, 671, 159, 17, 219, 1989, 1382, 1637, 703, 791, 900, 1718, 597, 72, 1279, 279, 774, 449, 603, 772, 1411, 1394, 911, 921, 133, 678, 273, 401, 1215, 579, 987, 266, 1813, 615, 574, 576, 1695, 542, 1876, 340, 1314, 32, 759, 328]",1.1823198795318604,0.9201983213424683,0.7697296738624573,3968,/zhome/14/b/214266/Repos/ml-surrogates-for-power-systems/outputs/hpo_workflows/qbc_marker_hybrid_sm_avr_gov_v1_20260323_070441/refine/runs/cfg_00018_58476adc04/qbc/history.jsonl,128,5,2048,31,true,128,256,/zhome/14/b/214266/Repos/ml-surrogates-for-power-systems/outputs/hpo_workflows/qbc_marker_hybrid_sm_avr_gov_v1_20260323_070441/refine/runs/cfg_00018_58476adc04/run_manifest.json,active.acquisition_strategy=qbc_marker_hybrid;;active.candidate_method=lhs;;active.disagreement.metric=member_l2_mean;;active.hybrid.greedy_score_weight=0.7;;active.hybrid.include_anchor_state_markers=true;;active.hybrid.k_density=10;;active.hybrid.pca_explained_variance=0.95;;active.hybrid.preselect_factor=5;;active.hybrid.settling_fraction=0.05;;active.hybrid.weights.diversity=0.25;;active.hybrid.weights.sparsity=0.15;;active.hybrid.weights.uncertainty=0.6;;active.log_every=5;;qbc_K=128;;qbc_M=5;;qbc_P=2048;;qbc_T=31;;qbc_enable_logging=true;;qbc_n0=128;;qbc_n_test=256,,
qbc_marker_hybrid_sm_avr_gov_v1,1,qbc_marker_hybrid,SM_AVR_GOV,default,refine,refinement_and_schedule_search,/zhome/14/b/214266/Repos/ml-surrogates-for-power-systems/outputs/hpo_workflows/qbc_marker_hybrid_sm_avr_gov_v1_20260323_070441/refine,cfg_00019_33a4b3e2c6,19,/zhome/14/b/214266/Repos/ml-surrogates-for-power-systems/outputs/hpo_workflows/qbc_marker_hybrid_sm_avr_gov_v1_20260323_070441/refine/runs/cfg_00019_33a4b3e2c6,,s01,b4096,thesis_hybrid_sm_avr_gov_hpo_refine,completed,0,True,final_eval_rmse,minimize,0.0061371309728239665,0.0061371309728239665,3.766437657759525e-05,153.49282486800803,145.18795121699804,0.0015680440119467676,0.0,7.572738155024126,0.301183931005653,0.07168056501541287,qbc_marker_hybrid,lhs,member_l2_mean,0.7,true,10,0.95,5,0.05,0.25,0.15,0.6,5,,,,,/zhome/14/b/214266/Repos/ml-surrogates-for-power-systems/outputs/hpo_workflows/qbc_marker_hybrid_sm_avr_gov_v1_20260323_070441/refine/runs/cfg_00019_33a4b3e2c6/dataset_manifest.json,member_l2_mean,4,1.0877536535263062,1.0877536535263062,0.7233641147613525,0.5599254369735718,0.7233641147613525,3.8230667114257812,3.913381814956665,0.8523958921432495,30,"[3315, 2554, 3862, 1725, 1654, 191, 2226, 1115, 998, 3304, 117, 1215, 3262, 2330, 119, 1900, 3427, 1789, 2835, 178, 2549, 3978, 2889, 1530, 3085, 966, 3906, 3933, 2056, 1923, 3583, 946, 3990, 3353, 2509, 3420, 238, 3724, 3893, 3011, 2769, 2655, 2483, 1847, 3992, 2005, 146, 1858, 3653, 4033, 3063, 543, 1937, 1862, 1026, 2748, 3417, 126, 1317, 2767, 1369, 2306, 1503, 1375, 2587, 1122, 258, 1410, 2832, 2054, 3261, 3889, 3368, 874, 3801, 112, 2282, 326, 2972, 3703, 772, 3932, 1561, 3108, 892, 3161, 2780, 1680, 2026, 1421, 3093, 600, 2394, 3362, 2130, 1918, 3385, 2003, 1188, 403, 3880, 3676, 1155, 1175, 1728, 825, 1984, 2165, 2103, 104, 1074, 1811, 3397, 1567, 3136, 2361, 3968, 803, 1116, 3680, 1321, 230, 1982, 416, 1768, 910, 500, 2309]",1.0877536535263062,0.928650975227356,0.7475942373275757,3968,/zhome/14/b/214266/Repos/ml-surrogates-for-power-systems/outputs/hpo_workflows/qbc_marker_hybrid_sm_avr_gov_v1_20260323_070441/refine/runs/cfg_00019_33a4b3e2c6/qbc/history.jsonl,128,5,4096,31,true,128,256,/zhome/14/b/214266/Repos/ml-surrogates-for-power-systems/outputs/hpo_workflows/qbc_marker_hybrid_sm_avr_gov_v1_20260323_070441/refine/runs/cfg_00019_33a4b3e2c6/run_manifest.json,active.acquisition_strategy=qbc_marker_hybrid;;active.candidate_method=lhs;;active.disagreement.metric=member_l2_mean;;active.hybrid.greedy_score_weight=0.7;;active.hybrid.include_anchor_state_markers=true;;active.hybrid.k_density=10;;active.hybrid.pca_explained_variance=0.95;;active.hybrid.preselect_factor=5;;active.hybrid.settling_fraction=0.05;;active.hybrid.weights.diversity=0.25;;active.hybrid.weights.sparsity=0.15;;active.hybrid.weights.uncertainty=0.6;;active.log_every=5;;qbc_K=128;;qbc_M=5;;qbc_P=4096;;qbc_T=31;;qbc_enable_logging=true;;qbc_n0=128;;qbc_n_test=256,,
qbc_marker_hybrid_sm_avr_gov_v1,1,qbc_marker_hybrid,SM_AVR_GOV,default,refine,refinement_and_schedule_search,/zhome/14/b/214266/Repos/ml-surrogates-for-power-systems/outputs/hpo_workflows/qbc_marker_hybrid_sm_avr_gov_v1_20260323_070441/refine,cfg_00020_31fca29af1,20,/zhome/14/b/214266/Repos/ml-surrogates-for-power-systems/outputs/hpo_workflows/qbc_marker_hybrid_sm_avr_gov_v1_20260323_070441/refine/runs/cfg_00020_31fca29af1,,s01,b4096,thesis_hybrid_sm_avr_gov_hpo_refine,completed,0,True,final_eval_rmse,minimize,0.005769709437311376,0.005769709437311376,3.328954699099995e-05,157.1583175790147,143.6473011559574,0.0020460010273382068,0.0,12.828957640042063,0.2946613969979808,0.07436237204819918,qbc_marker_hybrid,lhs,member_l2_mean,0.7,true,10,0.95,5,0.05,0.25,0.15,0.6,5,,,,,/zhome/14/b/214266/Repos/ml-surrogates-for-power-systems/outputs/hpo_workflows/qbc_marker_hybrid_sm_avr_gov_v1_20260323_070441/refine/runs/cfg_00020_31fca29af1/dataset_manifest.json,member_l2_mean,4,0.9979453086853027,0.9979453086853027,0.6795381307601929,0.5230394601821899,0.6795381307601929,4.004303455352783,4.115407466888428,0.7757591009140015,30,"[2513, 2182, 174, 6027, 6569, 5431, 6467, 2342, 2034, 6103, 2437, 1644, 4425, 3212, 6821, 4464, 803, 2041, 5656, 2612, 6014, 6539, 5048, 1192, 3645, 3650, 7483, 4616, 4531, 5672, 7102, 3137, 7171, 564, 148, 2635, 1665, 6079, 7074, 5016, 6532, 3360, 517, 7571, 1906, 935, 4512, 3963, 4002, 1816, 7929, 5869, 7402, 5446, 5263, 4681, 6890, 508, 1897, 1729, 7095, 7081, 2896, 7361, 4930, 256, 5699, 3824, 2634, 6074, 1089, 2305, 7884, 1327, 1832, 5793, 6645, 4147, 5649, 150, 7873, 7831, 3081, 5172, 2692, 5276, 7758, 8032, 881, 937, 5893, 2805, 5586, 3888, 3847, 6277, 7247, 2837, 1302, 534, 5183, 5199, 6124, 1468, 6746, 6767, 2528, 1305, 4684, 8093, 779, 3029, 7829, 7566, 1094, 1275, 2570, 5975, 3005, 6656, 5466, 7398, 6102, 1125, 139, 1436, 2498, 1378]",0.9979453086853027,0.8509753942489624,0.7255417704582214,3968,/zhome/14/b/214266/Repos/ml-surrogates-for-power-systems/outputs/hpo_workflows/qbc_marker_hybrid_sm_avr_gov_v1_20260323_070441/refine/runs/cfg_00020_31fca29af1/qbc/history.jsonl,128,5,8192,31,true,128,256,/zhome/14/b/214266/Repos/ml-surrogates-for-power-systems/outputs/hpo_workflows/qbc_marker_hybrid_sm_avr_gov_v1_20260323_070441/refine/runs/cfg_00020_31fca29af1/run_manifest.json,active.acquisition_strategy=qbc_marker_hybrid;;active.candidate_method=lhs;;active.disagreement.metric=member_l2_mean;;active.hybrid.greedy_score_weight=0.7;;active.hybrid.include_anchor_state_markers=true;;active.hybrid.k_density=10;;active.hybrid.pca_explained_variance=0.95;;active.hybrid.preselect_factor=5;;active.hybrid.settling_fraction=0.05;;active.hybrid.weights.diversity=0.25;;active.hybrid.weights.sparsity=0.15;;active.hybrid.weights.uncertainty=0.6;;active.log_every=5;;qbc_K=128;;qbc_M=5;;qbc_P=8192;;qbc_T=31;;qbc_enable_logging=true;;qbc_n0=128;;qbc_n_test=256,,
qbc_marker_hybrid_sm_avr_gov_v1,1,qbc_marker_hybrid,SM_AVR_GOV,default,refine,refinement_and_schedule_search,/zhome/14/b/214266/Repos/ml-surrogates-for-power-systems/outputs/hpo_workflows/qbc_marker_hybrid_sm_avr_gov_v1_20260323_070441/refine,cfg_00021_343e5ca228,21,/zhome/14/b/214266/Repos/ml-surrogates-for-power-systems/outputs/hpo_workflows/qbc_marker_hybrid_sm_avr_gov_v1_20260323_070441/refine/runs/cfg_00021_343e5ca228,,s01,b4096,thesis_hybrid_sm_avr_gov_hpo_refine,completed,0,True,final_eval_rmse,minimize,0.006892618824279111,0.006892618824279111,4.7508194256806746e-05,150.52373828197597,144.9970209269668,0.0011702189804054797,0.0,4.846401632996276,0.29734763695159927,0.07159684802172706,qbc_marker_hybrid,lhs,member_l2_mean,0.9,true,10,0.95,5,0.05,0.25,0.15,0.6,5,,,,,/zhome/14/b/214266/Repos/ml-surrogates-for-power-systems/outputs/hpo_workflows/qbc_marker_hybrid_sm_avr_gov_v1_20260323_070441/refine/runs/cfg_00021_343e5ca228/dataset_manifest.json,member_l2_mean,4,1.0995174646377563,1.0995174646377563,0.8238824605941772,0.5861932635307312,0.8238824605941772,4.2134809494018555,4.331364631652832,0.9379303455352783,30,"[1338, 1510, 1282, 1540, 465, 60, 594, 1601, 300, 902, 856, 333, 1725, 758, 569, 1712, 1695, 519, 838, 36, 963, 1760, 270, 637, 168, 1631, 2000, 338, 848, 1722, 1292, 711, 160, 1961, 1116, 885, 1679, 1997, 747, 1119, 1020, 1096, 982, 1249, 757, 2010, 1072, 1438, 72, 1090, 1442, 184, 1582, 1370, 1504, 267, 1857, 824, 1581, 727, 1202, 151, 1945, 226, 1008, 1825, 787, 988, 612, 1862, 650, 1208, 1407, 1700, 830, 1205, 1986, 1576, 1230, 1054, 1785, 189, 362, 287, 1326, 1300, 806, 239, 881, 1740, 1380, 605, 959, 1067, 22, 96, 544, 2020, 1279, 260, 1974, 1933, 1640, 1076, 833, 1410, 1293, 354, 1149, 1403, 161, 1632, 646, 935, 1379, 1497, 346, 759, 1963, 1362, 729, 1532, 611, 547, 762, 214, 1159, 550]",1.0995174646377563,0.9749623537063599,0.8889297246932983,3968,/zhome/14/b/214266/Repos/ml-surrogates-for-power-systems/outputs/hpo_workflows/qbc_marker_hybrid_sm_avr_gov_v1_20260323_070441/refine/runs/cfg_00021_343e5ca228/qbc/history.jsonl,128,5,2048,31,true,128,256,/zhome/14/b/214266/Repos/ml-surrogates-for-power-systems/outputs/hpo_workflows/qbc_marker_hybrid_sm_avr_gov_v1_20260323_070441/refine/runs/cfg_00021_343e5ca228/run_manifest.json,active.acquisition_strategy=qbc_marker_hybrid;;active.candidate_method=lhs;;active.disagreement.metric=member_l2_mean;;active.hybrid.greedy_score_weight=0.9;;active.hybrid.include_anchor_state_markers=true;;active.hybrid.k_density=10;;active.hybrid.pca_explained_variance=0.95;;active.hybrid.preselect_factor=5;;active.hybrid.settling_fraction=0.05;;active.hybrid.weights.diversity=0.25;;active.hybrid.weights.sparsity=0.15;;active.hybrid.weights.uncertainty=0.6;;active.log_every=5;;qbc_K=128;;qbc_M=5;;qbc_P=2048;;qbc_T=31;;qbc_enable_logging=true;;qbc_n0=128;;qbc_n_test=256,,
qbc_marker_hybrid_sm_avr_gov_v1,1,qbc_marker_hybrid,SM_AVR_GOV,default,refine,refinement_and_schedule_search,/zhome/14/b/214266/Repos/ml-surrogates-for-power-systems/outputs/hpo_workflows/qbc_marker_hybrid_sm_avr_gov_v1_20260323_070441/refine,cfg_00022_88f2164dea,22,/zhome/14/b/214266/Repos/ml-surrogates-for-power-systems/outputs/hpo_workflows/qbc_marker_hybrid_sm_avr_gov_v1_20260323_070441/refine/runs/cfg_00022_88f2164dea,,s01,b4096,thesis_hybrid_sm_avr_gov_hpo_refine,completed,0,True,final_eval_rmse,minimize,0.006573658731053983,0.006573658731053983,4.3212989112362266e-05,156.1327272890485,147.8302786030108,0.0016838780138641596,0.0,7.604938857955858,0.31113986897980794,0.0724700220162049,qbc_marker_hybrid,lhs,member_l2_mean,0.9,true,10,0.95,5,0.05,0.25,0.15,0.6,5,,,,,/zhome/14/b/214266/Repos/ml-surrogates-for-power-systems/outputs/hpo_workflows/qbc_marker_hybrid_sm_avr_gov_v1_20260323_070441/refine/runs/cfg_00022_88f2164dea/dataset_manifest.json,member_l2_mean,4,1.0433838367462158,1.0433838367462158,0.7985808849334717,0.5869156718254089,0.7985808849334717,4.075901985168457,4.192201137542725,0.8889124393463135,30,"[1432, 2045, 3019, 1894, 488, 543, 447, 2719, 183, 1077, 7, 2295, 2812, 1621, 1586, 3862, 3959, 3469, 3583, 1480, 3934, 1272, 1164, 1208, 2889, 3842, 3475, 2714, 1108, 2410, 2134, 812, 1561, 1403, 3747, 272, 2835, 1911, 627, 576, 1175, 3009, 475, 1267, 2009, 1922, 4093, 1248, 414, 3665, 3801, 1768, 1986, 1388, 1871, 1722, 883, 3397, 950, 2438, 20, 2663, 3697, 3759, 1219, 169, 783, 3275, 637, 964, 4011, 3252, 1293, 3336, 268, 2409, 2066, 3382, 3071, 2825, 2311, 3867, 786, 1887, 3972, 1262, 1870, 3365, 1746, 2254, 210, 866, 3256, 1517, 501, 4086, 1881, 3983, 1825, 1772, 1365, 1155, 2766, 626, 825, 978, 2853, 3953, 3343, 3677, 1341, 372, 3931, 2919, 2841, 1053, 1177, 3329, 3763, 3938, 672, 1279, 266, 3752, 1284, 800, 270, 2131]",1.0433838367462158,0.9358302354812622,0.8571180105209351,3968,/zhome/14/b/214266/Repos/ml-surrogates-for-power-systems/outputs/hpo_workflows/qbc_marker_hybrid_sm_avr_gov_v1_20260323_070441/refine/runs/cfg_00022_88f2164dea/qbc/history.jsonl,128,5,4096,31,true,128,256,/zhome/14/b/214266/Repos/ml-surrogates-for-power-systems/outputs/hpo_workflows/qbc_marker_hybrid_sm_avr_gov_v1_20260323_070441/refine/runs/cfg_00022_88f2164dea/run_manifest.json,active.acquisition_strategy=qbc_marker_hybrid;;active.candidate_method=lhs;;active.disagreement.metric=member_l2_mean;;active.hybrid.greedy_score_weight=0.9;;active.hybrid.include_anchor_state_markers=true;;active.hybrid.k_density=10;;active.hybrid.pca_explained_variance=0.95;;active.hybrid.preselect_factor=5;;active.hybrid.settling_fraction=0.05;;active.hybrid.weights.diversity=0.25;;active.hybrid.weights.sparsity=0.15;;active.hybrid.weights.uncertainty=0.6;;active.log_every=5;;qbc_K=128;;qbc_M=5;;qbc_P=4096;;qbc_T=31;;qbc_enable_logging=true;;qbc_n0=128;;qbc_n_test=256,,
qbc_marker_hybrid_sm_avr_gov_v1,1,qbc_marker_hybrid,SM_AVR_GOV,default,refine,refinement_and_schedule_search,/zhome/14/b/214266/Repos/ml-surrogates-for-power-systems/outputs/hpo_workflows/qbc_marker_hybrid_sm_avr_gov_v1_20260323_070441/refine,cfg_00023_546e1acb8f,23,/zhome/14/b/214266/Repos/ml-surrogates-for-power-systems/outputs/hpo_workflows/qbc_marker_hybrid_sm_avr_gov_v1_20260323_070441/refine/runs/cfg_00023_546e1acb8f,,s01,b4096,thesis_hybrid_sm_avr_gov_hpo_refine,completed,0,True,final_eval_rmse,minimize,0.007785023534491606,0.007785023534491606,6.0606591432588175e-05,159.1596958200098,145.59333954600152,0.00208041601581499,0.0,12.874003115983214,0.3050103519926779,0.07288209703983739,qbc_marker_hybrid,lhs,member_l2_mean,0.9,true,10,0.95,5,0.05,0.25,0.15,0.6,5,,,,,/zhome/14/b/214266/Repos/ml-surrogates-for-power-systems/outputs/hpo_workflows/qbc_marker_hybrid_sm_avr_gov_v1_20260323_070441/refine/runs/cfg_00023_546e1acb8f/dataset_manifest.json,member_l2_mean,4,2.060997486114502,2.060997486114502,1.1808748245239258,0.5126677751541138,1.1808748245239258,4.136332035064697,4.230402946472168,1.5265461206436157,30,"[4955, 4027, 7926, 6914, 6454, 1327, 332, 6263, 1873, 7889, 859, 5750, 1048, 7327, 286, 3698, 4702, 7119, 2802, 3031, 1706, 6749, 4860, 5242, 1477, 2412, 4587, 311, 5862, 2718, 3808, 3396, 5149, 1677, 4759, 3708, 7831, 8142, 1556, 4429, 1691, 3656, 2561, 5645, 3444, 6878, 7869, 5945, 5887, 1705, 2031, 1743, 4215, 686, 2095, 5468, 4981, 7351, 4684, 5198, 2265, 7402, 7063, 6282, 1603, 2667, 1181, 3219, 4527, 1165, 4448, 194, 3427, 3045, 4122, 2422, 7571, 7943, 6027, 1305, 7021, 7545, 4195, 7757, 8155, 4600, 1191, 5022, 2916, 5484, 6677, 3267, 19, 1927, 1047, 600, 1146, 446, 906, 1528, 7005, 2173, 7647, 3470, 3721, 6486, 5720, 3206, 769, 2930, 1669, 3792, 7270, 5395, 7789, 5112, 3666, 4840, 1042, 4906, 4966, 6166, 4974, 1141, 3445, 6457, 3803, 7102]",2.060997486114502,1.7698702812194824,1.370126485824585,3968,/zhome/14/b/214266/Repos/ml-surrogates-for-power-systems/outputs/hpo_workflows/qbc_marker_hybrid_sm_avr_gov_v1_20260323_070441/refine/runs/cfg_00023_546e1acb8f/qbc/history.jsonl,128,5,8192,31,true,128,256,/zhome/14/b/214266/Repos/ml-surrogates-for-power-systems/outputs/hpo_workflows/qbc_marker_hybrid_sm_avr_gov_v1_20260323_070441/refine/runs/cfg_00023_546e1acb8f/run_manifest.json,active.acquisition_strategy=qbc_marker_hybrid;;active.candidate_method=lhs;;active.disagreement.metric=member_l2_mean;;active.hybrid.greedy_score_weight=0.9;;active.hybrid.include_anchor_state_markers=true;;active.hybrid.k_density=10;;active.hybrid.pca_explained_variance=0.95;;active.hybrid.preselect_factor=5;;active.hybrid.settling_fraction=0.05;;active.hybrid.weights.diversity=0.25;;active.hybrid.weights.sparsity=0.15;;active.hybrid.weights.uncertainty=0.6;;active.log_every=5;;qbc_K=128;;qbc_M=5;;qbc_P=8192;;qbc_T=31;;qbc_enable_logging=true;;qbc_n0=128;;qbc_n_test=256,,
qbc_marker_hybrid_sm_avr_gov_v1,1,qbc_marker_hybrid,SM_AVR_GOV,default,refine,refinement_and_schedule_search,/zhome/14/b/214266/Repos/ml-surrogates-for-power-systems/outputs/hpo_workflows/qbc_marker_hybrid_sm_avr_gov_v1_20260323_070441/refine,cfg_00024_48cce64b47,24,/zhome/14/b/214266/Repos/ml-surrogates-for-power-systems/outputs/hpo_workflows/qbc_marker_hybrid_sm_avr_gov_v1_20260323_070441/refine/runs/cfg_00024_48cce64b47,,s02,b4096,thesis_hybrid_sm_avr_gov_hpo_refine,completed,0,True,final_eval_rmse,minimize,0.005948715532373813,0.005948715532373813,3.5387216485105455e-05,150.39245561900316,145.17480151500786,0.001172293967101723,0.0,4.535343596013263,0.30366520502138883,0.06548004102660343,qbc_marker_hybrid,lhs,member_l2_mean,0.7,true,10,0.9,3,0.05,0.25,0.15,0.6,5,,,,,/zhome/14/b/214266/Repos/ml-surrogates-for-power-systems/outputs/hpo_workflows/qbc_marker_hybrid_sm_avr_gov_v1_20260323_070441/refine/runs/cfg_00024_48cce64b47/dataset_manifest.json,member_l2_mean,3,0.8104631304740906,0.8104631304740906,0.5073495507240295,0.4745274484157562,0.5073495507240295,3.6099042892456055,3.7331337928771973,0.5966867208480835,30,"[1477, 442, 88, 1900, 135, 435, 1796, 779, 896, 1511, 1059, 784, 1648, 136, 1129, 947, 1441, 65, 1915, 1640, 841, 1628, 1651, 630, 1199, 1833, 1864, 1237, 1595, 1358, 1006, 1756, 1889, 1930, 1402, 1419, 1293, 690, 1714, 499, 259, 1719, 443, 73, 297, 1981, 278, 833, 1988, 1262, 101, 1371, 217, 454, 520, 1924, 351, 573, 970, 1342, 830, 190, 1459, 1118, 825, 465, 526, 1706, 902, 208, 1751, 1775, 2039, 255, 1307, 93, 588, 714, 711, 742, 486, 192, 681, 1209, 2031, 880, 1887, 748, 363, 1710, 58, 1492, 852, 311, 287, 239, 1882, 1154, 527, 1539, 790, 1018, 35, 1103, 683, 516, 994, 367, 1965, 152, 652, 1515, 1290, 195, 1741, 1740, 1730, 51, 1383, 244, 600, 216, 57, 1695, 39, 806, 1333, 1101]",0.8104631304740906,0.6354172229766846,0.5010106563568115,3968,/zhome/14/b/214266/Repos/ml-surrogates-for-power-systems/outputs/hpo_workflows/qbc_marker_hybrid_sm_avr_gov_v1_20260323_070441/refine/runs/cfg_00024_48cce64b47/qbc/history.jsonl,128,5,2048,31,true,128,256,/zhome/14/b/214266/Repos/ml-surrogates-for-power-systems/outputs/hpo_workflows/qbc_marker_hybrid_sm_avr_gov_v1_20260323_070441/refine/runs/cfg_00024_48cce64b47/run_manifest.json,active.acquisition_strategy=qbc_marker_hybrid;;active.candidate_method=lhs;;active.disagreement.metric=member_l2_mean;;active.hybrid.greedy_score_weight=0.7;;active.hybrid.include_anchor_state_markers=true;;active.hybrid.k_density=10;;active.hybrid.pca_explained_variance=0.9;;active.hybrid.preselect_factor=3;;active.hybrid.settling_fraction=0.05;;active.hybrid.weights.diversity=0.25;;active.hybrid.weights.sparsity=0.15;;active.hybrid.weights.uncertainty=0.6;;active.log_every=5;;qbc_K=128;;qbc_M=5;;qbc_P=2048;;qbc_T=31;;qbc_enable_logging=true;;qbc_n0=128;;qbc_n_test=256,,
qbc_marker_hybrid_sm_avr_gov_v1,1,qbc_marker_hybrid,SM_AVR_GOV,default,refine,refinement_and_schedule_search,/zhome/14/b/214266/Repos/ml-surrogates-for-power-systems/outputs/hpo_workflows/qbc_marker_hybrid_sm_avr_gov_v1_20260323_070441/refine,cfg_00025_5a7d70eea6,25,/zhome/14/b/214266/Repos/ml-surrogates-for-power-systems/outputs/hpo_workflows/qbc_marker_hybrid_sm_avr_gov_v1_20260323_070441/refine/runs/cfg_00025_5a7d70eea6,,s02,b4096,thesis_hybrid_sm_avr_gov_hpo_refine,completed,0,True,final_eval_rmse,minimize,0.00537947216635367,0.00537947216635367,2.8938720788573846e-05,155.83999318198767,147.9019933770178,0.0015119360177777708,0.0,7.265576909005176,0.2860834249877371,0.07375882501946762,qbc_marker_hybrid,lhs,member_l2_mean,0.7,true,10,0.9,3,0.05,0.25,0.15,0.6,5,,,,,/zhome/14/b/214266/Repos/ml-surrogates-for-power-systems/outputs/hpo_workflows/qbc_marker_hybrid_sm_avr_gov_v1_20260323_070441/refine/runs/cfg_00025_5a7d70eea6/dataset_manifest.json,member_l2_mean,3,1.9989659786224365,1.9989659786224365,1.2955787181854248,0.5328073501586914,1.2955787181854248,3.6910417079925537,3.828350067138672,1.5992634296417236,30,"[2537, 3612, 2633, 1065, 873, 4002, 695, 2727, 3176, 962, 3848, 2140, 2957, 2158, 3451, 3647, 1835, 2320, 3018, 3211, 2838, 3049, 1970, 1660, 2536, 2609, 987, 89, 1960, 2554, 2962, 2544, 1964, 584, 1844, 1632, 1761, 1610, 2917, 888, 1497, 2553, 2586, 4044, 878, 1678, 1397, 2493, 928, 1941, 2222, 1212, 1044, 1274, 1068, 2902, 2905, 166, 1345, 3426, 1008, 2272, 977, 3665, 2159, 1500, 3257, 17, 4005, 1363, 3555, 762, 3728, 1358, 1477, 451, 3679, 612, 2700, 3630, 293, 601, 1955, 1878, 1672, 3364, 674, 4090, 3044, 357, 1688, 1719, 2351, 2976, 2483, 1904, 1641, 2311, 3209, 2517, 3657, 1117, 2342, 1804, 1445, 1881, 3310, 2617, 241, 3838, 2212, 1435, 655, 1662, 511, 2947, 3148, 2132, 1926, 3104, 1905, 4063, 620, 2638, 2644, 2085, 1583, 1851]",1.9989659786224365,1.7733551263809204,1.5359231233596802,3968,/zhome/14/b/214266/Repos/ml-surrogates-for-power-systems/outputs/hpo_workflows/qbc_marker_hybrid_sm_avr_gov_v1_20260323_070441/refine/runs/cfg_00025_5a7d70eea6/qbc/history.jsonl,128,5,4096,31,true,128,256,/zhome/14/b/214266/Repos/ml-surrogates-for-power-systems/outputs/hpo_workflows/qbc_marker_hybrid_sm_avr_gov_v1_20260323_070441/refine/runs/cfg_00025_5a7d70eea6/run_manifest.json,active.acquisition_strategy=qbc_marker_hybrid;;active.candidate_method=lhs;;active.disagreement.metric=member_l2_mean;;active.hybrid.greedy_score_weight=0.7;;active.hybrid.include_anchor_state_markers=true;;active.hybrid.k_density=10;;active.hybrid.pca_explained_variance=0.9;;active.hybrid.preselect_factor=3;;active.hybrid.settling_fraction=0.05;;active.hybrid.weights.diversity=0.25;;active.hybrid.weights.sparsity=0.15;;active.hybrid.weights.uncertainty=0.6;;active.log_every=5;;qbc_K=128;;qbc_M=5;;qbc_P=4096;;qbc_T=31;;qbc_enable_logging=true;;qbc_n0=128;;qbc_n_test=256,,
qbc_marker_hybrid_sm_avr_gov_v1,1,qbc_marker_hybrid,SM_AVR_GOV,default,refine,refinement_and_schedule_search,/zhome/14/b/214266/Repos/ml-surrogates-for-power-systems/outputs/hpo_workflows/qbc_marker_hybrid_sm_avr_gov_v1_20260323_070441/refine,cfg_00026_3e37e92bb0,26,/zhome/14/b/214266/Repos/ml-surrogates-for-power-systems/outputs/hpo_workflows/qbc_marker_hybrid_sm_avr_gov_v1_20260323_070441/refine/runs/cfg_00026_3e37e92bb0,,s02,b4096,thesis_hybrid_sm_avr_gov_hpo_refine,completed,0,True,final_eval_rmse,minimize,0.0053919980071020475,0.0053919980071020475,2.9073642508592457e-05,158.33006376301637,145.16566476301523,0.002046945970505476,0.0,12.475653249013703,0.31401505396934226,0.06349386798683554,qbc_marker_hybrid,lhs,member_l2_mean,0.7,true,10,0.9,3,0.05,0.25,0.15,0.6,5,,,,,/zhome/14/b/214266/Repos/ml-surrogates-for-power-systems/outputs/hpo_workflows/qbc_marker_hybrid_sm_avr_gov_v1_20260323_070441/refine/runs/cfg_00026_3e37e92bb0/dataset_manifest.json,member_l2_mean,3,2.017503261566162,2.017503261566162,1.3086901903152466,0.5284218788146973,1.3086901903152466,4.142838478088379,4.247278690338135,1.7169013023376465,30,"[7432, 2407, 5989, 351, 4249, 1847, 182, 8042, 3765, 863, 1085, 7303, 1548, 4644, 5312, 170, 5988, 2883, 2831, 4106, 4483, 536, 7745, 5126, 7436, 7211, 1762, 4251, 7936, 6483, 931, 6313, 4377, 6328, 6460, 6934, 788, 2073, 4899, 7264, 1063, 149, 7492, 1291, 886, 38, 766, 6623, 7407, 5222, 6153, 5906, 465, 1767, 6889, 310, 8183, 28, 3618, 2502, 5960, 6067, 5629, 1685, 6446, 6057, 5134, 1416, 5191, 4131, 4292, 6760, 524, 6374, 7526, 5512, 6679, 3820, 3599, 1448, 300, 8139, 5949, 279, 4177, 5734, 7142, 7204, 4282, 862, 1095, 5614, 4828, 132, 7481, 7503, 2863, 6235, 4023, 309, 7908, 6264, 349, 498, 7365, 2655, 1605, 4009, 6073, 6967, 7651, 6978, 1451, 5869, 6427, 4031, 4443, 6916, 7738, 779, 1660, 2599, 4806, 2253, 6838, 5275, 7485, 7359]",2.017503261566162,1.8614294528961182,1.7400108575820923,3968,/zhome/14/b/214266/Repos/ml-surrogates-for-power-systems/outputs/hpo_workflows/qbc_marker_hybrid_sm_avr_gov_v1_20260323_070441/refine/runs/cfg_00026_3e37e92bb0/qbc/history.jsonl,128,5,8192,31,true,128,256,/zhome/14/b/214266/Repos/ml-surrogates-for-power-systems/outputs/hpo_workflows/qbc_marker_hybrid_sm_avr_gov_v1_20260323_070441/refine/runs/cfg_00026_3e37e92bb0/run_manifest.json,active.acquisition_strategy=qbc_marker_hybrid;;active.candidate_method=lhs;;active.disagreement.metric=member_l2_mean;;active.hybrid.greedy_score_weight=0.7;;active.hybrid.include_anchor_state_markers=true;;active.hybrid.k_density=10;;active.hybrid.pca_explained_variance=0.9;;active.hybrid.preselect_factor=3;;active.hybrid.settling_fraction=0.05;;active.hybrid.weights.diversity=0.25;;active.hybrid.weights.sparsity=0.15;;active.hybrid.weights.uncertainty=0.6;;active.log_every=5;;qbc_K=128;;qbc_M=5;;qbc_P=8192;;qbc_T=31;;qbc_enable_logging=true;;qbc_n0=128;;qbc_n_test=256,,
qbc_marker_hybrid_sm_avr_gov_v1,1,qbc_marker_hybrid,SM_AVR_GOV,default,refine,refinement_and_schedule_search,/zhome/14/b/214266/Repos/ml-surrogates-for-power-systems/outputs/hpo_workflows/qbc_marker_hybrid_sm_avr_gov_v1_20260323_070441/refine,cfg_00027_7f1b40edb8,27,/zhome/14/b/214266/Repos/ml-surrogates-for-power-systems/outputs/hpo_workflows/qbc_marker_hybrid_sm_avr_gov_v1_20260323_070441/refine/runs/cfg_00027_7f1b40edb8,,s02,b4096,thesis_hybrid_sm_avr_gov_hpo_refine,completed,0,True,final_eval_rmse,minimize,0.00541963406015551,0.00541963406015551,2.9372433345997706e-05,152.3019097839715,147.0054374980391,0.0012196300085633993,0.0,4.609688561002258,0.3056514860363677,0.06714094703784212,qbc_marker_hybrid,lhs,member_l2_mean,0.9,true,10,0.9,3,0.05,0.25,0.15,0.6,5,,,,,/zhome/14/b/214266/Repos/ml-surrogates-for-power-systems/outputs/hpo_workflows/qbc_marker_hybrid_sm_avr_gov_v1_20260323_070441/refine/runs/cfg_00027_7f1b40edb8/dataset_manifest.json,member_l2_mean,3,0.8841480016708374,0.8841480016708374,0.5419710874557495,0.4947032332420349,0.5419710874557495,3.6903958320617676,3.8221163749694824,0.6559028029441833,30,"[1595, 100, 212, 527, 946, 567, 721, 774, 273, 1293, 1531, 1350, 714, 190, 1300, 185, 1150, 1903, 216, 1894, 1751, 276, 587, 51, 501, 367, 1358, 1846, 364, 1455, 1690, 1000, 1182, 1855, 42, 136, 17, 915, 1152, 1217, 1650, 1159, 1214, 74, 1706, 1741, 1704, 102, 1626, 830, 520, 1746, 255, 70, 868, 785, 970, 1860, 890, 801, 1059, 1909, 715, 759, 1207, 841, 1768, 135, 1265, 187, 943, 360, 614, 673, 1724, 1631, 1438, 1605, 1981, 551, 407, 1999, 530, 883, 446, 1563, 1950, 1286, 618, 1799, 554, 188, 1959, 1187, 1424, 244, 844, 2035, 1110, 922, 245, 1136, 880, 170, 402, 179, 1394, 363, 1805, 238, 972, 132, 469, 1271, 1315, 1178, 747, 1213, 411, 1789, 1235, 196, 1108, 288, 224, 858, 98, 1068]",0.8841480016708374,0.6954079270362854,0.5775771141052246,3968,/zhome/14/b/214266/Repos/ml-surrogates-for-power-systems/outputs/hpo_workflows/qbc_marker_hybrid_sm_avr_gov_v1_20260323_070441/refine/runs/cfg_00027_7f1b40edb8/qbc/history.jsonl,128,5,2048,31,true,128,256,/zhome/14/b/214266/Repos/ml-surrogates-for-power-systems/outputs/hpo_workflows/qbc_marker_hybrid_sm_avr_gov_v1_20260323_070441/refine/runs/cfg_00027_7f1b40edb8/run_manifest.json,active.acquisition_strategy=qbc_marker_hybrid;;active.candidate_method=lhs;;active.disagreement.metric=member_l2_mean;;active.hybrid.greedy_score_weight=0.9;;active.hybrid.include_anchor_state_markers=true;;active.hybrid.k_density=10;;active.hybrid.pca_explained_variance=0.9;;active.hybrid.preselect_factor=3;;active.hybrid.settling_fraction=0.05;;active.hybrid.weights.diversity=0.25;;active.hybrid.weights.sparsity=0.15;;active.hybrid.weights.uncertainty=0.6;;active.log_every=5;;qbc_K=128;;qbc_M=5;;qbc_P=2048;;qbc_T=31;;qbc_enable_logging=true;;qbc_n0=128;;qbc_n_test=256,,
qbc_marker_hybrid_sm_avr_gov_v1,1,qbc_marker_hybrid,SM_AVR_GOV,default,refine,refinement_and_schedule_search,/zhome/14/b/214266/Repos/ml-surrogates-for-power-systems/outputs/hpo_workflows/qbc_marker_hybrid_sm_avr_gov_v1_20260323_070441/refine,cfg_00028_1ac425e025,28,/zhome/14/b/214266/Repos/ml-surrogates-for-power-systems/outputs/hpo_workflows/qbc_marker_hybrid_sm_avr_gov_v1_20260323_070441/refine/runs/cfg_00028_1ac425e025,,s02,b4096,thesis_hybrid_sm_avr_gov_hpo_refine,completed,0,True,final_eval_rmse,minimize,0.008580262891086666,0.008580262891086666,7.362091128015891e-05,152.03983066300862,144.08001365698874,0.0015450549544766545,0.0,7.273484387027565,0.2970691579976119,0.07538777805166319,qbc_marker_hybrid,lhs,member_l2_mean,0.9,true,10,0.9,3,0.05,0.25,0.15,0.6,5,,,,,/zhome/14/b/214266/Repos/ml-surrogates-for-power-systems/outputs/hpo_workflows/qbc_marker_hybrid_sm_avr_gov_v1_20260323_070441/refine/runs/cfg_00028_1ac425e025/dataset_manifest.json,member_l2_mean,3,1.5305719375610352,1.5305719375610352,1.0653266906738281,0.5346938371658325,1.0653266906738281,3.6659996509552,3.7822682857513428,1.2365829944610596,30,"[1871, 3096, 362, 3612, 293, 3761, 928, 2626, 1102, 3839, 3450, 4003, 1761, 1478, 2480, 2723, 3699, 1261, 1497, 1274, 2905, 3250, 2320, 1771, 1714, 2863, 1397, 695, 4019, 830, 2493, 2609, 132, 3481, 1560, 1500, 3818, 2259, 3695, 3201, 2670, 875, 2699, 3038, 3238, 1941, 3104, 131, 3516, 3655, 1386, 3630, 1718, 1306, 915, 1641, 2176, 1777, 3017, 3658, 378, 2060, 2390, 2134, 1540, 1719, 3853, 1322, 2307, 962, 451, 893, 1499, 603, 2287, 1688, 1065, 1169, 1774, 2387, 1107, 1727, 89, 2639, 284, 894, 2722, 2894, 2935, 1227, 1970, 385, 4002, 272, 2429, 2140, 2969, 3764, 2226, 2495, 2687, 2696, 2327, 2310, 241, 4005, 1678, 3137, 1212, 622, 2763, 200, 652, 2347, 4079, 1139, 2984, 2643, 2017, 1238, 3988, 72, 426, 3211, 3187, 584, 3176, 2961]",1.5305719375610352,1.3392517566680908,1.1486237049102783,3968,/zhome/14/b/214266/Repos/ml-surrogates-for-power-systems/outputs/hpo_workflows/qbc_marker_hybrid_sm_avr_gov_v1_20260323_070441/refine/runs/cfg_00028_1ac425e025/qbc/history.jsonl,128,5,4096,31,true,128,256,/zhome/14/b/214266/Repos/ml-surrogates-for-power-systems/outputs/hpo_workflows/qbc_marker_hybrid_sm_avr_gov_v1_20260323_070441/refine/runs/cfg_00028_1ac425e025/run_manifest.json,active.acquisition_strategy=qbc_marker_hybrid;;active.candidate_method=lhs;;active.disagreement.metric=member_l2_mean;;active.hybrid.greedy_score_weight=0.9;;active.hybrid.include_anchor_state_markers=true;;active.hybrid.k_density=10;;active.hybrid.pca_explained_variance=0.9;;active.hybrid.preselect_factor=3;;active.hybrid.settling_fraction=0.05;;active.hybrid.weights.diversity=0.25;;active.hybrid.weights.sparsity=0.15;;active.hybrid.weights.uncertainty=0.6;;active.log_every=5;;qbc_K=128;;qbc_M=5;;qbc_P=4096;;qbc_T=31;;qbc_enable_logging=true;;qbc_n0=128;;qbc_n_test=256,,
qbc_marker_hybrid_sm_avr_gov_v1,1,qbc_marker_hybrid,SM_AVR_GOV,default,refine,refinement_and_schedule_search,/zhome/14/b/214266/Repos/ml-surrogates-for-power-systems/outputs/hpo_workflows/qbc_marker_hybrid_sm_avr_gov_v1_20260323_070441/refine,cfg_00029_4f9ed7bdb6,29,/zhome/14/b/214266/Repos/ml-surrogates-for-power-systems/outputs/hpo_workflows/qbc_marker_hybrid_sm_avr_gov_v1_20260323_070441/refine/runs/cfg_00029_4f9ed7bdb6,,s02,b4096,thesis_hybrid_sm_avr_gov_hpo_refine,completed,0,True,final_eval_rmse,minimize,0.006266912276048784,0.006266912276048784,3.9274189475690946e-05,157.83405571000185,144.66263740404975,0.002097071032039821,0.0,12.466639177058823,0.31504896108526736,0.0728055649669841,qbc_marker_hybrid,lhs,member_l2_mean,0.9,true,10,0.9,3,0.05,0.25,0.15,0.6,5,,,,,/zhome/14/b/214266/Repos/ml-surrogates-for-power-systems/outputs/hpo_workflows/qbc_marker_hybrid_sm_avr_gov_v1_20260323_070441/refine/runs/cfg_00029_4f9ed7bdb6/dataset_manifest.json,member_l2_mean,3,1.3337013721466064,1.3337013721466064,0.730686366558075,0.47700774669647217,0.730686366558075,3.5532925128936768,3.643073797225952,0.942984402179718,30,"[3722, 860, 7956, 3762, 6648, 814, 7569, 7864, 2683, 6958, 8113, 1845, 5731, 1744, 4083, 741, 4855, 7067, 5457, 4205, 6197, 6913, 7184, 6149, 5585, 5946, 1395, 1506, 602, 5080, 4965, 1302, 275, 7354, 7490, 715, 189, 7534, 3827, 1284, 2254, 5453, 6086, 1479, 207, 521, 4153, 35, 7071, 955, 685, 2442, 797, 980, 3539, 3281, 3102, 7360, 6155, 3925, 6743, 5680, 6779, 2984, 3845, 2132, 1944, 2854, 6783, 658, 4272, 6531, 3193, 4068, 953, 2628, 5823, 1057, 221, 7906, 3545, 3210, 1786, 91, 2103, 5065, 4289, 7326, 249, 3837, 5386, 1102, 7060, 246, 1234, 7448, 500, 7451, 8168, 3740, 5374, 7001, 5984, 1913, 7514, 486, 6142, 3683, 1690, 6148, 1107, 4417, 4573, 2712, 4338, 7815, 4982, 5054, 2142, 7134, 5347, 4720, 5603, 6403, 2316, 3105, 7875, 2738]",1.3337013721466064,1.096916913986206,0.9556717872619629,3968,/zhome/14/b/214266/Repos/ml-surrogates-for-power-systems/outputs/hpo_workflows/qbc_marker_hybrid_sm_avr_gov_v1_20260323_070441/refine/runs/cfg_00029_4f9ed7bdb6/qbc/history.jsonl,128,5,8192,31,true,128,256,/zhome/14/b/214266/Repos/ml-surrogates-for-power-systems/outputs/hpo_workflows/qbc_marker_hybrid_sm_avr_gov_v1_20260323_070441/refine/runs/cfg_00029_4f9ed7bdb6/run_manifest.json,active.acquisition_strategy=qbc_marker_hybrid;;active.candidate_method=lhs;;active.disagreement.metric=member_l2_mean;;active.hybrid.greedy_score_weight=0.9;;active.hybrid.include_anchor_state_markers=true;;active.hybrid.k_density=10;;active.hybrid.pca_explained_variance=0.9;;active.hybrid.preselect_factor=3;;active.hybrid.settling_fraction=0.05;;active.hybrid.weights.diversity=0.25;;active.hybrid.weights.sparsity=0.15;;active.hybrid.weights.uncertainty=0.6;;active.log_every=5;;qbc_K=128;;qbc_M=5;;qbc_P=8192;;qbc_T=31;;qbc_enable_logging=true;;qbc_n0=128;;qbc_n_test=256,,
qbc_marker_hybrid_sm_avr_gov_v1,1,qbc_marker_hybrid,SM_AVR_GOV,default,refine,refinement_and_schedule_search,/zhome/14/b/214266/Repos/ml-surrogates-for-power-systems/outputs/hpo_workflows/qbc_marker_hybrid_sm_avr_gov_v1_20260323_070441/refine,cfg_00030_960d99f4a1,30,/zhome/14/b/214266/Repos/ml-surrogates-for-power-systems/outputs/hpo_workflows/qbc_marker_hybrid_sm_avr_gov_v1_20260323_070441/refine/runs/cfg_00030_960d99f4a1,,s02,b4096,thesis_hybrid_sm_avr_gov_hpo_refine,completed,0,True,final_eval_rmse,minimize,0.006169473280833749,0.006169473280833749,3.806240056292154e-05,153.56719167600386,148.0028354069218,0.0012802410637959838,0.0,4.860368932946585,0.29914399492554367,0.06521138001699,qbc_marker_hybrid,lhs,member_l2_mean,0.7,true,10,0.9,5,0.05,0.25,0.15,0.6,5,,,,,/zhome/14/b/214266/Repos/ml-surrogates-for-power-systems/outputs/hpo_workflows/qbc_marker_hybrid_sm_avr_gov_v1_20260323_070441/refine/runs/cfg_00030_960d99f4a1/dataset_manifest.json,member_l2_mean,3,1.263015627861023,1.263015627861023,0.8285993337631226,0.5106043219566345,0.8285993337631226,3.40396785736084,3.5324454307556152,0.9866966605186462,30,"[1146, 779, 2029, 1315, 1419, 1719, 681, 255, 495, 326, 244, 374, 1129, 1314, 1511, 754, 1825, 1595, 277, 159, 1293, 453, 1057, 1839, 1503, 547, 2039, 1697, 1804, 360, 880, 490, 428, 23, 1751, 1459, 1741, 1209, 1467, 947, 331, 1099, 138, 216, 182, 1583, 497, 135, 81, 520, 382, 1145, 766, 144, 342, 328, 363, 988, 371, 47, 611, 563, 1496, 1950, 778, 1005, 1331, 1953, 1110, 2004, 773, 1054, 986, 105, 463, 899, 190, 737, 2000, 1939, 1610, 1404, 1894, 1837, 714, 719, 2043, 1726, 1061, 605, 1224, 1900, 581, 366, 990, 1457, 111, 152, 962, 2008, 886, 1201, 567, 1931, 1476, 729, 40, 1985, 788, 1660, 1502, 764, 18, 1670, 771, 1346, 631, 1103, 1513, 1745, 1286, 1631, 1150, 1321, 470, 90, 1368, 1383]",1.263015627861023,1.0497528314590454,0.7971217036247253,3968,/zhome/14/b/214266/Repos/ml-surrogates-for-power-systems/outputs/hpo_workflows/qbc_marker_hybrid_sm_avr_gov_v1_20260323_070441/refine/runs/cfg_00030_960d99f4a1/qbc/history.jsonl,128,5,2048,31,true,128,256,/zhome/14/b/214266/Repos/ml-surrogates-for-power-systems/outputs/hpo_workflows/qbc_marker_hybrid_sm_avr_gov_v1_20260323_070441/refine/runs/cfg_00030_960d99f4a1/run_manifest.json,active.acquisition_strategy=qbc_marker_hybrid;;active.candidate_method=lhs;;active.disagreement.metric=member_l2_mean;;active.hybrid.greedy_score_weight=0.7;;active.hybrid.include_anchor_state_markers=true;;active.hybrid.k_density=10;;active.hybrid.pca_explained_variance=0.9;;active.hybrid.preselect_factor=5;;active.hybrid.settling_fraction=0.05;;active.hybrid.weights.diversity=0.25;;active.hybrid.weights.sparsity=0.15;;active.hybrid.weights.uncertainty=0.6;;active.log_every=5;;qbc_K=128;;qbc_M=5;;qbc_P=2048;;qbc_T=31;;qbc_enable_logging=true;;qbc_n0=128;;qbc_n_test=256,,
qbc_marker_hybrid_sm_avr_gov_v1,1,qbc_marker_hybrid,SM_AVR_GOV,default,refine,refinement_and_schedule_search,/zhome/14/b/214266/Repos/ml-surrogates-for-power-systems/outputs/hpo_workflows/qbc_marker_hybrid_sm_avr_gov_v1_20260323_070441/refine,cfg_00031_9c1a000461,31,/zhome/14/b/214266/Repos/ml-surrogates-for-power-systems/outputs/hpo_workflows/qbc_marker_hybrid_sm_avr_gov_v1_20260323_070441/refine/runs/cfg_00031_9c1a000461,,s02,b4096,thesis_hybrid_sm_avr_gov_hpo_refine,completed,0,True,final_eval_rmse,minimize,0.006154555950016538,0.006154555950016538,3.7878558941883966e-05,153.30812115897425,145.07721830904484,0.0016468690009787679,0.0,7.542692592018284,0.2985261940630153,0.07225569104775786,qbc_marker_hybrid,lhs,member_l2_mean,0.7,true,10,0.9,5,0.05,0.25,0.15,0.6,5,,,,,/zhome/14/b/214266/Repos/ml-surrogates-for-power-systems/outputs/hpo_workflows/qbc_marker_hybrid_sm_avr_gov_v1_20260323_070441/refine/runs/cfg_00031_9c1a000461/dataset_manifest.json,member_l2_mean,3,0.9021555185317993,0.9021555185317993,0.6143941283226013,0.5405087471008301,0.6143941283226013,3.543773889541626,3.6928138732910156,0.7246977686882019,30,"[3741, 3207, 878, 3113, 2774, 2178, 944, 537, 3578, 2996, 2673, 3409, 483, 2520, 1596, 727, 3267, 1768, 539, 2258, 4034, 3924, 745, 1820, 3152, 131, 2768, 3494, 2998, 3818, 3902, 1639, 3956, 2876, 3583, 1745, 1577, 383, 4028, 229, 3932, 55, 1205, 213, 3595, 958, 1652, 3907, 1704, 181, 3815, 3211, 3150, 692, 159, 3841, 2493, 2000, 1668, 2090, 2043, 3543, 3692, 1254, 2329, 2588, 790, 2034, 4090, 728, 1918, 2794, 775, 761, 4010, 3018, 3790, 1677, 2993, 4074, 883, 139, 2957, 2525, 3011, 1861, 2324, 1001, 1447, 2462, 49, 1600, 2617, 586, 1444, 221, 3388, 995, 276, 1982, 292, 3391, 1074, 3921, 3417, 3708, 2589, 1084, 3323, 2245, 3117, 1492, 2061, 657, 2924, 960, 309, 2255, 227, 2941, 6, 2285, 806, 2898, 2362, 636, 1707, 3686]",0.9021555185317993,0.7720016837120056,0.6467427611351013,3968,/zhome/14/b/214266/Repos/ml-surrogates-for-power-systems/outputs/hpo_workflows/qbc_marker_hybrid_sm_avr_gov_v1_20260323_070441/refine/runs/cfg_00031_9c1a000461/qbc/history.jsonl,128,5,4096,31,true,128,256,/zhome/14/b/214266/Repos/ml-surrogates-for-power-systems/outputs/hpo_workflows/qbc_marker_hybrid_sm_avr_gov_v1_20260323_070441/refine/runs/cfg_00031_9c1a000461/run_manifest.json,active.acquisition_strategy=qbc_marker_hybrid;;active.candidate_method=lhs;;active.disagreement.metric=member_l2_mean;;active.hybrid.greedy_score_weight=0.7;;active.hybrid.include_anchor_state_markers=true;;active.hybrid.k_density=10;;active.hybrid.pca_explained_variance=0.9;;active.hybrid.preselect_factor=5;;active.hybrid.settling_fraction=0.05;;active.hybrid.weights.diversity=0.25;;active.hybrid.weights.sparsity=0.15;;active.hybrid.weights.uncertainty=0.6;;active.log_every=5;;qbc_K=128;;qbc_M=5;;qbc_P=4096;;qbc_T=31;;qbc_enable_logging=true;;qbc_n0=128;;qbc_n_test=256,,
qbc_marker_hybrid_sm_avr_gov_v1,1,qbc_marker_hybrid,SM_AVR_GOV,default,refine,refinement_and_schedule_search,/zhome/14/b/214266/Repos/ml-surrogates-for-power-systems/outputs/hpo_workflows/qbc_marker_hybrid_sm_avr_gov_v1_20260323_070441/refine,cfg_00032_317ae4efa8,32,/zhome/14/b/214266/Repos/ml-surrogates-for-power-systems/outputs/hpo_workflows/qbc_marker_hybrid_sm_avr_gov_v1_20260323_070441/refine/runs/cfg_00032_317ae4efa8,,s02,b4096,thesis_hybrid_sm_avr_gov_hpo_refine,completed,0,True,final_eval_rmse,minimize,0.0059462669656496145,0.0059462669656496145,3.535809082677588e-05,158.70412244903855,145.20185005199164,0.002040699007920921,0.0,12.829229352995753,0.2861363309202716,0.07238637399859726,qbc_marker_hybrid,lhs,member_l2_mean,0.7,true,10,0.9,5,0.05,0.25,0.15,0.6,5,,,,,/zhome/14/b/214266/Repos/ml-surrogates-for-power-systems/outputs/hpo_workflows/qbc_marker_hybrid_sm_avr_gov_v1_20260323_070441/refine/runs/cfg_00032_317ae4efa8/dataset_manifest.json,member_l2_mean,3,1.307691216468811,1.307691216468811,0.8573894500732422,0.5314515829086304,0.8573894500732422,3.5347681045532227,3.689077138900757,1.0258182287216187,30,"[3010, 5177, 6909, 4509, 3960, 1965, 253, 2627, 7319, 7725, 2656, 4112, 5143, 6009, 5888, 4557, 5501, 338, 7899, 2013, 5817, 5326, 6525, 340, 7860, 1804, 6331, 4307, 4965, 4095, 1264, 5347, 6245, 7735, 4762, 1942, 2391, 887, 1526, 2856, 5385, 1108, 1551, 2081, 3255, 318, 7753, 4777, 3257, 2293, 4622, 70, 222, 4597, 1513, 5905, 4681, 7421, 7531, 120, 3159, 6808, 5522, 610, 8165, 2556, 4199, 1321, 5120, 5254, 7678, 4958, 4561, 480, 7459, 2794, 6217, 5104, 4662, 5591, 6564, 2776, 7547, 6640, 4505, 6998, 7243, 1337, 5250, 3917, 3849, 5258, 4478, 1635, 5779, 473, 5879, 4905, 4408, 109, 7714, 3847, 6907, 6377, 6090, 6173, 6533, 3893, 6302, 7698, 8056, 2889, 6438, 5627, 7273, 948, 4916, 7094, 3199, 7253, 7558, 1807, 5239, 6759, 6111, 1866, 7535, 1253]",1.307691216468811,1.1275298595428467,0.9615694880485535,3968,/zhome/14/b/214266/Repos/ml-surrogates-for-power-systems/outputs/hpo_workflows/qbc_marker_hybrid_sm_avr_gov_v1_20260323_070441/refine/runs/cfg_00032_317ae4efa8/qbc/history.jsonl,128,5,8192,31,true,128,256,/zhome/14/b/214266/Repos/ml-surrogates-for-power-systems/outputs/hpo_workflows/qbc_marker_hybrid_sm_avr_gov_v1_20260323_070441/refine/runs/cfg_00032_317ae4efa8/run_manifest.json,active.acquisition_strategy=qbc_marker_hybrid;;active.candidate_method=lhs;;active.disagreement.metric=member_l2_mean;;active.hybrid.greedy_score_weight=0.7;;active.hybrid.include_anchor_state_markers=true;;active.hybrid.k_density=10;;active.hybrid.pca_explained_variance=0.9;;active.hybrid.preselect_factor=5;;active.hybrid.settling_fraction=0.05;;active.hybrid.weights.diversity=0.25;;active.hybrid.weights.sparsity=0.15;;active.hybrid.weights.uncertainty=0.6;;active.log_every=5;;qbc_K=128;;qbc_M=5;;qbc_P=8192;;qbc_T=31;;qbc_enable_logging=true;;qbc_n0=128;;qbc_n_test=256,,
qbc_marker_hybrid_sm_avr_gov_v1,1,qbc_marker_hybrid,SM_AVR_GOV,default,refine,refinement_and_schedule_search,/zhome/14/b/214266/Repos/ml-surrogates-for-power-systems/outputs/hpo_workflows/qbc_marker_hybrid_sm_avr_gov_v1_20260323_070441/refine,cfg_00033_11af9afc7b,33,/zhome/14/b/214266/Repos/ml-surrogates-for-power-systems/outputs/hpo_workflows/qbc_marker_hybrid_sm_avr_gov_v1_20260323_070441/refine/runs/cfg_00033_11af9afc7b,,s02,b4096,thesis_hybrid_sm_avr_gov_hpo_refine,completed,0,True,final_eval_rmse,minimize,0.007902307667540258,0.007902307667540258,6.244646647246554e-05,149.869548849063,144.37004465796053,0.0011724340729415417,0.0,4.833775541046634,0.2885619329754263,0.0650786911137402,qbc_marker_hybrid,lhs,member_l2_mean,0.9,true,10,0.9,5,0.05,0.25,0.15,0.6,5,,,,,/zhome/14/b/214266/Repos/ml-surrogates-for-power-systems/outputs/hpo_workflows/qbc_marker_hybrid_sm_avr_gov_v1_20260323_070441/refine/runs/cfg_00033_11af9afc7b/dataset_manifest.json,member_l2_mean,3,1.1812747716903687,1.1812747716903687,0.8349118232727051,0.49552419781684875,0.8349118232727051,3.8699207305908203,4.0376691818237305,0.9295251369476318,30,"[1799, 1595, 2029, 629, 643, 1640, 1735, 55, 1539, 222, 646, 989, 929, 1695, 702, 838, 1793, 1336, 188, 1261, 1292, 33, 1805, 916, 1398, 208, 1151, 1719, 758, 189, 742, 394, 291, 623, 569, 725, 1694, 1264, 277, 1167, 464, 1389, 1102, 1683, 781, 342, 1502, 0, 445, 164, 1080, 1293, 1488, 1529, 784, 554, 79, 1947, 465, 1327, 1430, 1537, 667, 2043, 2012, 1006, 201, 1240, 946, 1129, 1359, 977, 1655, 748, 615, 255, 401, 195, 1522, 560, 442, 1294, 1286, 159, 158, 681, 896, 474, 785, 11, 2039, 815, 841, 1371, 1063, 1847, 893, 1194, 1708, 583, 1196, 425, 1691, 532, 1611, 1714, 819, 463, 239, 1099, 876, 1447, 801, 1632, 1775, 1983, 1195, 549, 1587, 562, 544, 1222, 351, 791, 2007, 1578, 1103, 1532]",1.1812747716903687,0.982219934463501,0.8729629516601562,3968,/zhome/14/b/214266/Repos/ml-surrogates-for-power-systems/outputs/hpo_workflows/qbc_marker_hybrid_sm_avr_gov_v1_20260323_070441/refine/runs/cfg_00033_11af9afc7b/qbc/history.jsonl,128,5,2048,31,true,128,256,/zhome/14/b/214266/Repos/ml-surrogates-for-power-systems/outputs/hpo_workflows/qbc_marker_hybrid_sm_avr_gov_v1_20260323_070441/refine/runs/cfg_00033_11af9afc7b/run_manifest.json,active.acquisition_strategy=qbc_marker_hybrid;;active.candidate_method=lhs;;active.disagreement.metric=member_l2_mean;;active.hybrid.greedy_score_weight=0.9;;active.hybrid.include_anchor_state_markers=true;;active.hybrid.k_density=10;;active.hybrid.pca_explained_variance=0.9;;active.hybrid.preselect_factor=5;;active.hybrid.settling_fraction=0.05;;active.hybrid.weights.diversity=0.25;;active.hybrid.weights.sparsity=0.15;;active.hybrid.weights.uncertainty=0.6;;active.log_every=5;;qbc_K=128;;qbc_M=5;;qbc_P=2048;;qbc_T=31;;qbc_enable_logging=true;;qbc_n0=128;;qbc_n_test=256,,
qbc_marker_hybrid_sm_avr_gov_v1,1,qbc_marker_hybrid,SM_AVR_GOV,default,refine,refinement_and_schedule_search,/zhome/14/b/214266/Repos/ml-surrogates-for-power-systems/outputs/hpo_workflows/qbc_marker_hybrid_sm_avr_gov_v1_20260323_070441/refine,cfg_00034_0681dae4de,34,/zhome/14/b/214266/Repos/ml-surrogates-for-power-systems/outputs/hpo_workflows/qbc_marker_hybrid_sm_avr_gov_v1_20260323_070441/refine/runs/cfg_00034_0681dae4de,,s02,b4096,thesis_hybrid_sm_avr_gov_hpo_refine,completed,0,True,final_eval_rmse,minimize,0.00553589302228948,0.00553589302228948,3.064611155423336e-05,154.3294761190191,145.89905408304185,0.0015143000055104494,0.0,7.572077332995832,0.2828610419528559,0.07173185597639531,qbc_marker_hybrid,lhs,member_l2_mean,0.9,true,10,0.9,5,0.05,0.25,0.15,0.6,5,,,,,/zhome/14/b/214266/Repos/ml-surrogates-for-power-systems/outputs/hpo_workflows/qbc_marker_hybrid_sm_avr_gov_v1_20260323_070441/refine/runs/cfg_00034_0681dae4de/dataset_manifest.json,member_l2_mean,3,1.3780767917633057,1.3780767917633057,1.0271923542022705,0.5642732977867126,1.0271923542022705,3.8941173553466797,4.061886787414551,1.1447367668151855,30,"[362, 34, 1871, 828, 2721, 742, 1056, 2281, 3699, 3746, 719, 3278, 4064, 1211, 727, 3913, 1947, 1464, 1729, 2735, 3077, 3776, 2496, 1154, 158, 1408, 1765, 2619, 3193, 2599, 1452, 2927, 2202, 3371, 684, 774, 2244, 3764, 897, 3132, 2189, 3330, 3758, 1918, 982, 3085, 1578, 904, 2350, 2416, 3450, 2749, 1902, 668, 2495, 3985, 3526, 3082, 3548, 3317, 1687, 2577, 2238, 475, 2866, 1911, 693, 1055, 1449, 4043, 1587, 1671, 4082, 392, 3284, 310, 736, 94, 1230, 716, 2229, 2808, 2538, 1935, 863, 1801, 1032, 2386, 466, 2623, 2673, 477, 1289, 2321, 2645, 519, 838, 3025, 3480, 23, 2935, 2235, 3629, 1407, 1266, 2336, 3516, 3852, 2209, 2692, 3507, 2020, 2706, 1746, 950, 3713, 689, 216, 404, 1193, 624, 3992, 2792, 2063, 2736, 3319, 540, 2046]",1.3780767917633057,1.2073109149932861,1.1123526096343994,3968,/zhome/14/b/214266/Repos/ml-surrogates-for-power-systems/outputs/hpo_workflows/qbc_marker_hybrid_sm_avr_gov_v1_20260323_070441/refine/runs/cfg_00034_0681dae4de/qbc/history.jsonl,128,5,4096,31,true,128,256,/zhome/14/b/214266/Repos/ml-surrogates-for-power-systems/outputs/hpo_workflows/qbc_marker_hybrid_sm_avr_gov_v1_20260323_070441/refine/runs/cfg_00034_0681dae4de/run_manifest.json,active.acquisition_strategy=qbc_marker_hybrid;;active.candidate_method=lhs;;active.disagreement.metric=member_l2_mean;;active.hybrid.greedy_score_weight=0.9;;active.hybrid.include_anchor_state_markers=true;;active.hybrid.k_density=10;;active.hybrid.pca_explained_variance=0.9;;active.hybrid.preselect_factor=5;;active.hybrid.settling_fraction=0.05;;active.hybrid.weights.diversity=0.25;;active.hybrid.weights.sparsity=0.15;;active.hybrid.weights.uncertainty=0.6;;active.log_every=5;;qbc_K=128;;qbc_M=5;;qbc_P=4096;;qbc_T=31;;qbc_enable_logging=true;;qbc_n0=128;;qbc_n_test=256,,
qbc_marker_hybrid_sm_avr_gov_v1,1,qbc_marker_hybrid,SM_AVR_GOV,default,refine,refinement_and_schedule_search,/zhome/14/b/214266/Repos/ml-surrogates-for-power-systems/outputs/hpo_workflows/qbc_marker_hybrid_sm_avr_gov_v1_20260323_070441/refine,cfg_00035_e498fc6122,35,/zhome/14/b/214266/Repos/ml-surrogates-for-power-systems/outputs/hpo_workflows/qbc_marker_hybrid_sm_avr_gov_v1_20260323_070441/refine/runs/cfg_00035_e498fc6122,,s02,b4096,thesis_hybrid_sm_avr_gov_hpo_refine,completed,0,True,final_eval_rmse,minimize,0.006647352709504915,0.006647352709504915,4.418729804456234e-05,158.71132833103184,145.05188990395982,0.002020581974647939,0.0,12.96674966905266,0.30555892700795084,0.0737052639015019,qbc_marker_hybrid,lhs,member_l2_mean,0.9,true,10,0.9,5,0.05,0.25,0.15,0.6,5,,,,,/zhome/14/b/214266/Repos/ml-surrogates-for-power-systems/outputs/hpo_workflows/qbc_marker_hybrid_sm_avr_gov_v1_20260323_070441/refine/runs/cfg_00035_e498fc6122/dataset_manifest.json,member_l2_mean,3,1.3602632284164429,1.3602632284164429,0.7990493178367615,0.461483359336853,0.7990493178367615,4.139970779418945,4.2128190994262695,0.9924432635307312,30,"[1538, 477, 7670, 195, 4249, 6817, 3896, 5177, 3030, 817, 1015, 2583, 3762, 5923, 4094, 536, 1762, 8013, 718, 6628, 6568, 4554, 5515, 4756, 1257, 5375, 5425, 176, 4070, 309, 5059, 5748, 607, 8075, 6206, 6430, 2596, 3203, 1732, 5661, 3049, 5988, 6357, 6450, 4266, 3435, 1484, 7683, 3973, 532, 5512, 1425, 3454, 6117, 7729, 262, 6460, 3, 3907, 3112, 2538, 3140, 5202, 1451, 5883, 7849, 2680, 828, 4293, 5369, 2034, 1075, 7284, 4447, 498, 4009, 7745, 496, 3718, 7482, 2348, 4248, 1314, 2838, 4355, 7884, 1588, 1157, 203, 543, 4734, 5205, 5307, 4305, 155, 384, 4555, 6318, 5847, 5450, 6917, 3711, 3633, 2502, 7671, 964, 7404, 6621, 4377, 2983, 4023, 6373, 4985, 130, 668, 2144, 2883, 5402, 2612, 180, 7598, 1448, 7954, 1541, 7288, 1620, 7204, 7142]",1.3602632284164429,1.1603868007659912,0.9664034843444824,3968,/zhome/14/b/214266/Repos/ml-surrogates-for-power-systems/outputs/hpo_workflows/qbc_marker_hybrid_sm_avr_gov_v1_20260323_070441/refine/runs/cfg_00035_e498fc6122/qbc/history.jsonl,128,5,8192,31,true,128,256,/zhome/14/b/214266/Repos/ml-surrogates-for-power-systems/outputs/hpo_workflows/qbc_marker_hybrid_sm_avr_gov_v1_20260323_070441/refine/runs/cfg_00035_e498fc6122/run_manifest.json,active.acquisition_strategy=qbc_marker_hybrid;;active.candidate_method=lhs;;active.disagreement.metric=member_l2_mean;;active.hybrid.greedy_score_weight=0.9;;active.hybrid.include_anchor_state_markers=true;;active.hybrid.k_density=10;;active.hybrid.pca_explained_variance=0.9;;active.hybrid.preselect_factor=5;;active.hybrid.settling_fraction=0.05;;active.hybrid.weights.diversity=0.25;;active.hybrid.weights.sparsity=0.15;;active.hybrid.weights.uncertainty=0.6;;active.log_every=5;;qbc_K=128;;qbc_M=5;;qbc_P=8192;;qbc_T=31;;qbc_enable_logging=true;;qbc_n0=128;;qbc_n_test=256,,
qbc_marker_hybrid_sm_avr_gov_v1,1,qbc_marker_hybrid,SM_AVR_GOV,default,refine,refinement_and_schedule_search,/zhome/14/b/214266/Repos/ml-surrogates-for-power-systems/outputs/hpo_workflows/qbc_marker_hybrid_sm_avr_gov_v1_20260323_070441/refine,cfg_00036_767b70b29f,36,/zhome/14/b/214266/Repos/ml-surrogates-for-power-systems/outputs/hpo_workflows/qbc_marker_hybrid_sm_avr_gov_v1_20260323_070441/refine/runs/cfg_00036_767b70b29f,,s02,b4096,thesis_hybrid_sm_avr_gov_hpo_refine,completed,0,True,final_eval_rmse,minimize,0.009151836783395081,0.009151836783395081,8.375611650990322e-05,151.68499326799065,146.44774250104092,0.0012167160166427493,0.0,4.572970848996192,0.28361055301502347,0.06574303598608822,qbc_marker_hybrid,lhs,member_l2_mean,0.7,true,10,0.95,3,0.05,0.25,0.15,0.6,5,,,,,/zhome/14/b/214266/Repos/ml-surrogates-for-power-systems/outputs/hpo_workflows/qbc_marker_hybrid_sm_avr_gov_v1_20260323_070441/refine/runs/cfg_00036_767b70b29f/dataset_manifest.json,member_l2_mean,4,1.3165546655654907,1.3165546655654907,0.8412367701530457,0.5228911638259888,0.8412367701530457,4.118417739868164,4.259792327880859,1.0061841011047363,30,"[1477, 1734, 935, 1129, 1453, 688, 1817, 2029, 784, 774, 1990, 1891, 1539, 1290, 1494, 1025, 259, 1999, 239, 1918, 635, 1915, 79, 33, 1188, 1150, 275, 456, 160, 1264, 795, 554, 1695, 2047, 781, 970, 1260, 775, 360, 257, 1107, 311, 423, 1722, 1283, 1227, 146, 1358, 1297, 841, 905, 731, 62, 1538, 339, 437, 1523, 313, 589, 1262, 1105, 1971, 1241, 1643, 1744, 591, 1659, 825, 1656, 1865, 1966, 1871, 268, 175, 792, 1655, 742, 1799, 1772, 726, 1205, 862, 166, 926, 746, 434, 171, 1251, 1951, 1302, 426, 1691, 1492, 284, 526, 1897, 25, 1848, 475, 1793, 212, 932, 744, 949, 1541, 433, 1680, 958, 1824, 486, 1564, 1154, 1945, 425, 643, 452, 70, 408, 936, 793, 1805, 445, 725, 341, 860, 1396, 602, 442]",1.3165546655654907,1.027406930923462,0.8800104260444641,3968,/zhome/14/b/214266/Repos/ml-surrogates-for-power-systems/outputs/hpo_workflows/qbc_marker_hybrid_sm_avr_gov_v1_20260323_070441/refine/runs/cfg_00036_767b70b29f/qbc/history.jsonl,128,5,2048,31,true,128,256,/zhome/14/b/214266/Repos/ml-surrogates-for-power-systems/outputs/hpo_workflows/qbc_marker_hybrid_sm_avr_gov_v1_20260323_070441/refine/runs/cfg_00036_767b70b29f/run_manifest.json,active.acquisition_strategy=qbc_marker_hybrid;;active.candidate_method=lhs;;active.disagreement.metric=member_l2_mean;;active.hybrid.greedy_score_weight=0.7;;active.hybrid.include_anchor_state_markers=true;;active.hybrid.k_density=10;;active.hybrid.pca_explained_variance=0.95;;active.hybrid.preselect_factor=3;;active.hybrid.settling_fraction=0.05;;active.hybrid.weights.diversity=0.25;;active.hybrid.weights.sparsity=0.15;;active.hybrid.weights.uncertainty=0.6;;active.log_every=5;;qbc_K=128;;qbc_M=5;;qbc_P=2048;;qbc_T=31;;qbc_enable_logging=true;;qbc_n0=128;;qbc_n_test=256,,
qbc_marker_hybrid_sm_avr_gov_v1,1,qbc_marker_hybrid,SM_AVR_GOV,default,refine,refinement_and_schedule_search,/zhome/14/b/214266/Repos/ml-surrogates-for-power-systems/outputs/hpo_workflows/qbc_marker_hybrid_sm_avr_gov_v1_20260323_070441/refine,cfg_00037_38776b196d,37,/zhome/14/b/214266/Repos/ml-surrogates-for-power-systems/outputs/hpo_workflows/qbc_marker_hybrid_sm_avr_gov_v1_20260323_070441/refine/runs/cfg_00037_38776b196d,,s02,b4096,thesis_hybrid_sm_avr_gov_hpo_refine,completed,0,True,final_eval_rmse,minimize,0.006629373703685275,0.006629373703685275,4.3948595703113824e-05,157.19974002602976,149.1735927060945,0.0015613590367138386,0.0,7.320442089927383,0.3215888630365953,0.07416816800832748,qbc_marker_hybrid,lhs,member_l2_mean,0.7,true,10,0.95,3,0.05,0.25,0.15,0.6,5,,,,,/zhome/14/b/214266/Repos/ml-surrogates-for-power-systems/outputs/hpo_workflows/qbc_marker_hybrid_sm_avr_gov_v1_20260323_070441/refine/runs/cfg_00037_38776b196d/dataset_manifest.json,member_l2_mean,4,1.1156749725341797,1.1156749725341797,0.6188755035400391,0.4577317535877228,0.6188755035400391,3.807142972946167,3.9116504192352295,0.7232922315597534,30,"[4030, 1132, 483, 2226, 2789, 676, 2993, 159, 830, 944, 2905, 2768, 3741, 3381, 1928, 3612, 2871, 1562, 3913, 1768, 3815, 3444, 2537, 3458, 1883, 1014, 1232, 2715, 3082, 2362, 3208, 2164, 3669, 3924, 2255, 2609, 21, 1274, 2103, 3113, 1752, 2240, 1447, 1835, 3776, 3689, 3431, 1036, 1779, 2439, 429, 1397, 1306, 3237, 2090, 624, 2054, 1388, 2125, 3645, 3152, 3646, 3761, 3151, 3622, 3263, 915, 937, 183, 3811, 1462, 3687, 597, 702, 3956, 3655, 810, 1913, 2904, 1860, 3529, 3190, 628, 2682, 3995, 2808, 2967, 309, 1477, 3914, 1875, 1918, 2513, 379, 2613, 2953, 2208, 793, 1107, 1777, 4010, 1793, 1968, 646, 1924, 740, 1413, 365, 2193, 1258, 1003, 585, 3691, 931, 47, 2784, 341, 650, 368, 984, 448, 461, 2743, 1874, 1759, 1654, 200, 819]",1.1156749725341797,0.7837505340576172,0.6136730909347534,3968,/zhome/14/b/214266/Repos/ml-surrogates-for-power-systems/outputs/hpo_workflows/qbc_marker_hybrid_sm_avr_gov_v1_20260323_070441/refine/runs/cfg_00037_38776b196d/qbc/history.jsonl,128,5,4096,31,true,128,256,/zhome/14/b/214266/Repos/ml-surrogates-for-power-systems/outputs/hpo_workflows/qbc_marker_hybrid_sm_avr_gov_v1_20260323_070441/refine/runs/cfg_00037_38776b196d/run_manifest.json,active.acquisition_strategy=qbc_marker_hybrid;;active.candidate_method=lhs;;active.disagreement.metric=member_l2_mean;;active.hybrid.greedy_score_weight=0.7;;active.hybrid.include_anchor_state_markers=true;;active.hybrid.k_density=10;;active.hybrid.pca_explained_variance=0.95;;active.hybrid.preselect_factor=3;;active.hybrid.settling_fraction=0.05;;active.hybrid.weights.diversity=0.25;;active.hybrid.weights.sparsity=0.15;;active.hybrid.weights.uncertainty=0.6;;active.log_every=5;;qbc_K=128;;qbc_M=5;;qbc_P=4096;;qbc_T=31;;qbc_enable_logging=true;;qbc_n0=128;;qbc_n_test=256,,
qbc_marker_hybrid_sm_avr_gov_v1,1,qbc_marker_hybrid,SM_AVR_GOV,default,refine,refinement_and_schedule_search,/zhome/14/b/214266/Repos/ml-surrogates-for-power-systems/outputs/hpo_workflows/qbc_marker_hybrid_sm_avr_gov_v1_20260323_070441/refine,cfg_00038_2a33d5d847,38,/zhome/14/b/214266/Repos/ml-surrogates-for-power-systems/outputs/hpo_workflows/qbc_marker_hybrid_sm_avr_gov_v1_20260323_070441/refine/runs/cfg_00038_2a33d5d847,,s02,b4096,thesis_hybrid_sm_avr_gov_hpo_refine,completed,0,True,final_eval_rmse,minimize,0.005503318923797274,0.005503318923797274,3.0286519177025184e-05,158.6482280261116,145.31387454201467,0.0019732790533453226,0.0,12.648219834081829,0.2994921840727329,0.07037240301724523,qbc_marker_hybrid,lhs,member_l2_mean,0.7,true,10,0.95,3,0.05,0.25,0.15,0.6,5,,,,,/zhome/14/b/214266/Repos/ml-surrogates-for-power-systems/outputs/hpo_workflows/qbc_marker_hybrid_sm_avr_gov_v1_20260323_070441/refine/runs/cfg_00038_2a33d5d847/dataset_manifest.json,member_l2_mean,4,1.147037386894226,1.147037386894226,0.8525647521018982,0.5517778396606445,0.8525647521018982,4.292886734008789,4.364157676696777,0.9627736806869507,30,"[7373, 2533, 5177, 309, 2383, 1439, 7404, 5988, 521, 1259, 67, 6463, 6446, 3112, 3722, 5202, 4483, 6464, 207, 2583, 5041, 6971, 5275, 4836, 5883, 685, 741, 5569, 6057, 4600, 807, 2927, 4287, 3049, 5374, 384, 6628, 6568, 4305, 938, 4555, 2005, 1206, 1944, 4720, 7577, 137, 4249, 1479, 2683, 2213, 6430, 4885, 6005, 4216, 50, 7204, 6010, 8094, 970, 1338, 745, 8175, 6277, 4083, 3160, 120, 761, 4194, 4201, 8033, 1484, 4668, 6313, 2866, 180, 3175, 4695, 5209, 4417, 7864, 6365, 2619, 4552, 4827, 7865, 3907, 4023, 4377, 5721, 1847, 2904, 5205, 1451, 635, 6617, 1845, 6437, 6490, 6318, 899, 3697, 1690, 6658, 7712, 2110, 6368, 6117, 1210, 547, 7288, 7448, 602, 5651, 4067, 194, 7875, 7167, 1685, 5375, 912, 4400, 6317, 1174, 6917, 2374, 5128, 5906]",1.147037386894226,1.0272136926651,0.9522634744644165,3968,/zhome/14/b/214266/Repos/ml-surrogates-for-power-systems/outputs/hpo_workflows/qbc_marker_hybrid_sm_avr_gov_v1_20260323_070441/refine/runs/cfg_00038_2a33d5d847/qbc/history.jsonl,128,5,8192,31,true,128,256,/zhome/14/b/214266/Repos/ml-surrogates-for-power-systems/outputs/hpo_workflows/qbc_marker_hybrid_sm_avr_gov_v1_20260323_070441/refine/runs/cfg_00038_2a33d5d847/run_manifest.json,active.acquisition_strategy=qbc_marker_hybrid;;active.candidate_method=lhs;;active.disagreement.metric=member_l2_mean;;active.hybrid.greedy_score_weight=0.7;;active.hybrid.include_anchor_state_markers=true;;active.hybrid.k_density=10;;active.hybrid.pca_explained_variance=0.95;;active.hybrid.preselect_factor=3;;active.hybrid.settling_fraction=0.05;;active.hybrid.weights.diversity=0.25;;active.hybrid.weights.sparsity=0.15;;active.hybrid.weights.uncertainty=0.6;;active.log_every=5;;qbc_K=128;;qbc_M=5;;qbc_P=8192;;qbc_T=31;;qbc_enable_logging=true;;qbc_n0=128;;qbc_n_test=256,,
qbc_marker_hybrid_sm_avr_gov_v1,1,qbc_marker_hybrid,SM_AVR_GOV,default,refine,refinement_and_schedule_search,/zhome/14/b/214266/Repos/ml-surrogates-for-power-systems/outputs/hpo_workflows/qbc_marker_hybrid_sm_avr_gov_v1_20260323_070441/refine,cfg_00039_40bcada933,39,/zhome/14/b/214266/Repos/ml-surrogates-for-power-systems/outputs/hpo_workflows/qbc_marker_hybrid_sm_avr_gov_v1_20260323_070441/refine/runs/cfg_00039_40bcada933,,s02,b4096,thesis_hybrid_sm_avr_gov_hpo_refine,completed,0,True,final_eval_rmse,minimize,0.006516213121503289,0.006516213121503289,4.246103344485164e-05,162.1943296919344,156.69464633602183,0.0012515289708971977,0.0,4.785104969050735,0.3264706500340253,0.07135466299951077,qbc_marker_hybrid,lhs,member_l2_mean,0.9,true,10,0.95,3,0.05,0.25,0.15,0.6,5,,,,,/zhome/14/b/214266/Repos/ml-surrogates-for-power-systems/outputs/hpo_workflows/qbc_marker_hybrid_sm_avr_gov_v1_20260323_070441/refine/runs/cfg_00039_40bcada933/dataset_manifest.json,member_l2_mean,4,1.0318162441253662,1.0318162441253662,0.632851243019104,0.4843846559524536,0.632851243019104,4.074522018432617,4.185628414154053,0.7272666096687317,30,"[1553, 2029, 1477, 1539, 1648, 1129, 1238, 778, 601, 1441, 1796, 1419, 216, 88, 295, 1915, 426, 1715, 160, 166, 138, 1719, 1560, 1981, 423, 495, 1799, 1839, 454, 1459, 1113, 1824, 2039, 643, 1643, 1515, 1006, 226, 1103, 746, 192, 1307, 271, 475, 331, 1402, 880, 1729, 111, 188, 1318, 497, 33, 1201, 841, 159, 169, 1527, 1697, 1055, 1209, 23, 876, 1988, 1516, 766, 1431, 1107, 1358, 1503, 1005, 452, 784, 600, 2000, 1591, 1146, 13, 758, 958, 901, 2020, 1562, 631, 136, 40, 1382, 463, 1694, 1708, 702, 152, 1306, 46, 1843, 644, 1336, 151, 153, 585, 424, 1522, 1742, 1404, 1061, 1583, 191, 821, 180, 1071, 373, 665, 1810, 809, 1718, 1243, 1273, 1894, 1735, 98, 1676, 793, 1096, 1214, 1109, 681, 246, 795]",1.0318162441253662,0.7740979790687561,0.6423426866531372,3968,/zhome/14/b/214266/Repos/ml-surrogates-for-power-systems/outputs/hpo_workflows/qbc_marker_hybrid_sm_avr_gov_v1_20260323_070441/refine/runs/cfg_00039_40bcada933/qbc/history.jsonl,128,5,2048,31,true,128,256,/zhome/14/b/214266/Repos/ml-surrogates-for-power-systems/outputs/hpo_workflows/qbc_marker_hybrid_sm_avr_gov_v1_20260323_070441/refine/runs/cfg_00039_40bcada933/run_manifest.json,active.acquisition_strategy=qbc_marker_hybrid;;active.candidate_method=lhs;;active.disagreement.metric=member_l2_mean;;active.hybrid.greedy_score_weight=0.9;;active.hybrid.include_anchor_state_markers=true;;active.hybrid.k_density=10;;active.hybrid.pca_explained_variance=0.95;;active.hybrid.preselect_factor=3;;active.hybrid.settling_fraction=0.05;;active.hybrid.weights.diversity=0.25;;active.hybrid.weights.sparsity=0.15;;active.hybrid.weights.uncertainty=0.6;;active.log_every=5;;qbc_K=128;;qbc_M=5;;qbc_P=2048;;qbc_T=31;;qbc_enable_logging=true;;qbc_n0=128;;qbc_n_test=256,,
qbc_marker_hybrid_sm_avr_gov_v1,1,qbc_marker_hybrid,SM_AVR_GOV,default,refine,refinement_and_schedule_search,/zhome/14/b/214266/Repos/ml-surrogates-for-power-systems/outputs/hpo_workflows/qbc_marker_hybrid_sm_avr_gov_v1_20260323_070441/refine,cfg_00040_af1e0b9005,40,/zhome/14/b/214266/Repos/ml-surrogates-for-power-systems/outputs/hpo_workflows/qbc_marker_hybrid_sm_avr_gov_v1_20260323_070441/refine/runs/cfg_00040_af1e0b9005,,s02,b4096,thesis_hybrid_sm_avr_gov_hpo_refine,completed,0,True,final_eval_rmse,minimize,0.007693020870384445,0.007693020870384445,5.918257011217065e-05,172.5107329590246,164.02608509303536,0.0017254489939659834,0.0,7.7466374289942905,0.33904638909734786,0.07857728307135403,qbc_marker_hybrid,lhs,member_l2_mean,0.9,true,10,0.95,3,0.05,0.25,0.15,0.6,5,,,,,/zhome/14/b/214266/Repos/ml-surrogates-for-power-systems/outputs/hpo_workflows/qbc_marker_hybrid_sm_avr_gov_v1_20260323_070441/refine/runs/cfg_00040_af1e0b9005/dataset_manifest.json,member_l2_mean,4,2.1802399158477783,2.1802399158477783,1.5519022941589355,0.5434656143188477,1.5519022941589355,3.914484739303589,4.09370756149292,1.8345911502838135,30,"[3082, 1871, 1050, 1306, 362, 2804, 477, 2464, 379, 667, 339, 3692, 2808, 1205, 2920, 2813, 3554, 931, 2588, 453, 3595, 26, 3353, 4087, 1028, 3186, 2362, 757, 347, 761, 3132, 3575, 369, 334, 1765, 2039, 995, 3567, 2439, 1118, 711, 748, 2726, 2623, 3128, 119, 1912, 1013, 3263, 3523, 358, 1418, 3161, 2960, 941, 1078, 183, 1860, 1959, 2452, 3868, 3811, 2970, 1157, 810, 2133, 597, 2321, 2511, 2209, 3357, 727, 720, 3978, 1850, 2994, 3847, 2796, 1665, 897, 3995, 4006, 237, 3532, 2931, 3928, 3908, 3301, 2386, 759, 2114, 3393, 689, 1451, 2326, 2244, 2458, 1713, 3985, 3139, 2591, 2542, 1443, 527, 1136, 1193, 1080, 3776, 2512, 1063, 134, 314, 3980, 3513, 3913, 3032, 1403, 4042, 548, 3935, 2238, 3123, 3516, 139, 3872, 1138, 3942, 1431]",2.1802399158477783,1.9428032636642456,1.630224585533142,3968,/zhome/14/b/214266/Repos/ml-surrogates-for-power-systems/outputs/hpo_workflows/qbc_marker_hybrid_sm_avr_gov_v1_20260323_070441/refine/runs/cfg_00040_af1e0b9005/qbc/history.jsonl,128,5,4096,31,true,128,256,/zhome/14/b/214266/Repos/ml-surrogates-for-power-systems/outputs/hpo_workflows/qbc_marker_hybrid_sm_avr_gov_v1_20260323_070441/refine/runs/cfg_00040_af1e0b9005/run_manifest.json,active.acquisition_strategy=qbc_marker_hybrid;;active.candidate_method=lhs;;active.disagreement.metric=member_l2_mean;;active.hybrid.greedy_score_weight=0.9;;active.hybrid.include_anchor_state_markers=true;;active.hybrid.k_density=10;;active.hybrid.pca_explained_variance=0.95;;active.hybrid.preselect_factor=3;;active.hybrid.settling_fraction=0.05;;active.hybrid.weights.diversity=0.25;;active.hybrid.weights.sparsity=0.15;;active.hybrid.weights.uncertainty=0.6;;active.log_every=5;;qbc_K=128;;qbc_M=5;;qbc_P=4096;;qbc_T=31;;qbc_enable_logging=true;;qbc_n0=128;;qbc_n_test=256,,
qbc_marker_hybrid_sm_avr_gov_v1,1,qbc_marker_hybrid,SM_AVR_GOV,default,refine,refinement_and_schedule_search,/zhome/14/b/214266/Repos/ml-surrogates-for-power-systems/outputs/hpo_workflows/qbc_marker_hybrid_sm_avr_gov_v1_20260323_070441/refine,cfg_00041_7ba36b7651,41,/zhome/14/b/214266/Repos/ml-surrogates-for-power-systems/outputs/hpo_workflows/qbc_marker_hybrid_sm_avr_gov_v1_20260323_070441/refine/runs/cfg_00041_7ba36b7651,,s02,b4096,thesis_hybrid_sm_avr_gov_hpo_refine,completed,0,True,final_eval_rmse,minimize,0.005974977144135956,0.005974977144135956,3.570035187294707e-05,176.50089391402435,162.48205189802684,0.0024472459917888045,0.0,13.244631429901347,0.3517816290259361,0.08156083396170288,qbc_marker_hybrid,lhs,member_l2_mean,0.9,true,10,0.95,3,0.05,0.25,0.15,0.6,5,,,,,/zhome/14/b/214266/Repos/ml-surrogates-for-power-systems/outputs/hpo_workflows/qbc_marker_hybrid_sm_avr_gov_v1_20260323_070441/refine/runs/cfg_00041_7ba36b7651/dataset_manifest.json,member_l2_mean,4,1.6975494623184204,1.6975494623184204,0.7785040736198425,0.4240666627883911,0.7785040736198425,4.212830066680908,4.3076629638671875,0.9369661808013916,30,"[1439, 2518, 7518, 6817, 7432, 2919, 4827, 5177, 2490, 2984, 5426, 3968, 4293, 955, 4003, 6149, 5401, 890, 1538, 5744, 1057, 486, 6222, 1340, 1214, 2356, 2347, 7390, 6790, 2142, 7369, 15, 4877, 7534, 6584, 2748, 1980, 5933, 7396, 3573, 7056, 4889, 7639, 6046, 2192, 2082, 7244, 3827, 3383, 2666, 3762, 5032, 1085, 3179, 2146, 6648, 308, 715, 4840, 3150, 8106, 2354, 6600, 6403, 2920, 3052, 844, 1675, 6206, 2883, 3896, 45, 3837, 7535, 4318, 6379, 3144, 1845, 1343, 7675, 502, 3208, 3049, 1944, 2191, 3382, 6193, 998, 1455, 391, 1991, 1899, 2671, 7616, 1234, 3938, 7308, 6249, 2018, 4337, 195, 7386, 7529, 6805, 6285, 4646, 385, 5000, 5360, 900, 1174, 743, 7157, 5862, 5068, 5338, 2734, 4599, 8024, 6460, 333, 3338, 324, 3907, 1479, 2928, 4125, 4289]",1.6975494623184204,1.2510871887207031,0.8771225214004517,3968,/zhome/14/b/214266/Repos/ml-surrogates-for-power-systems/outputs/hpo_workflows/qbc_marker_hybrid_sm_avr_gov_v1_20260323_070441/refine/runs/cfg_00041_7ba36b7651/qbc/history.jsonl,128,5,8192,31,true,128,256,/zhome/14/b/214266/Repos/ml-surrogates-for-power-systems/outputs/hpo_workflows/qbc_marker_hybrid_sm_avr_gov_v1_20260323_070441/refine/runs/cfg_00041_7ba36b7651/run_manifest.json,active.acquisition_strategy=qbc_marker_hybrid;;active.candidate_method=lhs;;active.disagreement.metric=member_l2_mean;;active.hybrid.greedy_score_weight=0.9;;active.hybrid.include_anchor_state_markers=true;;active.hybrid.k_density=10;;active.hybrid.pca_explained_variance=0.95;;active.hybrid.preselect_factor=3;;active.hybrid.settling_fraction=0.05;;active.hybrid.weights.diversity=0.25;;active.hybrid.weights.sparsity=0.15;;active.hybrid.weights.uncertainty=0.6;;active.log_every=5;;qbc_K=128;;qbc_M=5;;qbc_P=8192;;qbc_T=31;;qbc_enable_logging=true;;qbc_n0=128;;qbc_n_test=256,,
qbc_marker_hybrid_sm_avr_gov_v1,1,qbc_marker_hybrid,SM_AVR_GOV,default,refine,refinement_and_schedule_search,/zhome/14/b/214266/Repos/ml-surrogates-for-power-systems/outputs/hpo_workflows/qbc_marker_hybrid_sm_avr_gov_v1_20260323_070441/refine,cfg_00042_ab1e7e3e1b,42,/zhome/14/b/214266/Repos/ml-surrogates-for-power-systems/outputs/hpo_workflows/qbc_marker_hybrid_sm_avr_gov_v1_20260323_070441/refine/runs/cfg_00042_ab1e7e3e1b,,s02,b4096,thesis_hybrid_sm_avr_gov_hpo_refine,completed,0,True,final_eval_rmse,minimize,0.00740180913639962,0.00740180913639962,5.478677849168889e-05,171.9836555760121,166.1273297240259,0.0013421670300886035,0.0,5.134159832959995,0.334645499009639,0.07206261600367725,qbc_marker_hybrid,lhs,member_l2_mean,0.7,true,10,0.95,5,0.05,0.25,0.15,0.6,5,,,,,/zhome/14/b/214266/Repos/ml-surrogates-for-power-systems/outputs/hpo_workflows/qbc_marker_hybrid_sm_avr_gov_v1_20260323_070441/refine/runs/cfg_00042_ab1e7e3e1b/dataset_manifest.json,member_l2_mean,4,1.5769824981689453,1.5769824981689453,1.0798379182815552,0.45824122428894043,1.0798379182815552,3.9218945503234863,4.044407367706299,1.2024898529052734,30,"[1522, 714, 1806, 1799, 1385, 1061, 169, 1660, 268, 759, 1293, 1402, 502, 527, 1401, 493, 681, 1927, 1388, 755, 545, 544, 1874, 756, 1099, 293, 1947, 690, 34, 2011, 1110, 1539, 1334, 1756, 1382, 1457, 464, 1981, 490, 135, 1532, 600, 152, 1553, 1800, 1988, 2029, 791, 1595, 1477, 1565, 208, 350, 1068, 1103, 164, 962, 886, 631, 1000, 581, 2039, 783, 1010, 463, 435, 65, 210, 584, 1747, 1745, 1882, 23, 355, 1213, 1495, 1537, 1670, 1118, 1237, 784, 1599, 446, 1697, 1467, 997, 1839, 311, 928, 916, 1944, 1384, 499, 1026, 1080, 13, 1812, 958, 728, 1596, 1873, 1145, 1741, 1427, 1503, 203, 26, 683, 1753, 226, 271, 328, 977, 1608, 1619, 402, 639, 277, 1366, 1962, 1436, 2013, 629, 902, 1810, 379, 1722, 1133]",1.5769824981689453,1.2417174577713013,1.0408753156661987,3968,/zhome/14/b/214266/Repos/ml-surrogates-for-power-systems/outputs/hpo_workflows/qbc_marker_hybrid_sm_avr_gov_v1_20260323_070441/refine/runs/cfg_00042_ab1e7e3e1b/qbc/history.jsonl,128,5,2048,31,true,128,256,/zhome/14/b/214266/Repos/ml-surrogates-for-power-systems/outputs/hpo_workflows/qbc_marker_hybrid_sm_avr_gov_v1_20260323_070441/refine/runs/cfg_00042_ab1e7e3e1b/run_manifest.json,active.acquisition_strategy=qbc_marker_hybrid;;active.candidate_method=lhs;;active.disagreement.metric=member_l2_mean;;active.hybrid.greedy_score_weight=0.7;;active.hybrid.include_anchor_state_markers=true;;active.hybrid.k_density=10;;active.hybrid.pca_explained_variance=0.95;;active.hybrid.preselect_factor=5;;active.hybrid.settling_fraction=0.05;;active.hybrid.weights.diversity=0.25;;active.hybrid.weights.sparsity=0.15;;active.hybrid.weights.uncertainty=0.6;;active.log_every=5;;qbc_K=128;;qbc_M=5;;qbc_P=2048;;qbc_T=31;;qbc_enable_logging=true;;qbc_n0=128;;qbc_n_test=256,,
qbc_marker_hybrid_sm_avr_gov_v1,1,qbc_marker_hybrid,SM_AVR_GOV,default,refine,refinement_and_schedule_search,/zhome/14/b/214266/Repos/ml-surrogates-for-power-systems/outputs/hpo_workflows/qbc_marker_hybrid_sm_avr_gov_v1_20260323_070441/refine,cfg_00043_fd25a6b4b2,43,/zhome/14/b/214266/Repos/ml-surrogates-for-power-systems/outputs/hpo_workflows/qbc_marker_hybrid_sm_avr_gov_v1_20260323_070441/refine/runs/cfg_00043_fd25a6b4b2,,s02,b4096,thesis_hybrid_sm_avr_gov_hpo_refine,completed,0,True,final_eval_rmse,minimize,0.006320351898363207,0.006320351898363207,3.99468481191434e-05,172.72526064899284,163.41830476897303,0.0016668380703777075,0.0,8.021887730923481,0.342931226012297,0.08141401002649218,qbc_marker_hybrid,lhs,member_l2_mean,0.7,true,10,0.95,5,0.05,0.25,0.15,0.6,5,,,,,/zhome/14/b/214266/Repos/ml-surrogates-for-power-systems/outputs/hpo_workflows/qbc_marker_hybrid_sm_avr_gov_v1_20260323_070441/refine/runs/cfg_00043_fd25a6b4b2/dataset_manifest.json,member_l2_mean,4,1.2379395961761475,1.2379395961761475,0.8747798800468445,0.5880999565124512,0.8747798800468445,4.071910858154297,4.196895599365234,1.0332324504852295,30,"[3701, 1014, 1585, 1668, 1820, 419, 1094, 3699, 2984, 986, 1856, 696, 654, 1339, 603, 3687, 390, 2501, 4031, 1560, 2035, 2998, 547, 783, 1801, 1440, 3522, 3709, 2943, 3665, 268, 945, 1158, 750, 3804, 3113, 1392, 124, 110, 2096, 1729, 2231, 3974, 2689, 1472, 1278, 2682, 3993, 301, 3988, 259, 219, 1639, 2834, 2654, 2154, 7, 1209, 2496, 2578, 1924, 3543, 3491, 2648, 1734, 2542, 3819, 2090, 3520, 2626, 775, 1933, 310, 1360, 2416, 2573, 3424, 3670, 2144, 3043, 3849, 3150, 2105, 1243, 1937, 1673, 3786, 715, 2930, 1859, 1643, 99, 1504, 2124, 282, 3982, 2164, 2538, 2381, 410, 729, 3981, 2158, 3014, 411, 1035, 226, 1304, 1001, 500, 3744, 520, 483, 3862, 3698, 2404, 3996, 1874, 3401, 3309, 2683, 2884, 3966, 3486, 1679, 629, 2520, 2055]",1.2379395961761475,1.0712320804595947,0.9161375761032104,3968,/zhome/14/b/214266/Repos/ml-surrogates-for-power-systems/outputs/hpo_workflows/qbc_marker_hybrid_sm_avr_gov_v1_20260323_070441/refine/runs/cfg_00043_fd25a6b4b2/qbc/history.jsonl,128,5,4096,31,true,128,256,/zhome/14/b/214266/Repos/ml-surrogates-for-power-systems/outputs/hpo_workflows/qbc_marker_hybrid_sm_avr_gov_v1_20260323_070441/refine/runs/cfg_00043_fd25a6b4b2/run_manifest.json,active.acquisition_strategy=qbc_marker_hybrid;;active.candidate_method=lhs;;active.disagreement.metric=member_l2_mean;;active.hybrid.greedy_score_weight=0.7;;active.hybrid.include_anchor_state_markers=true;;active.hybrid.k_density=10;;active.hybrid.pca_explained_variance=0.95;;active.hybrid.preselect_factor=5;;active.hybrid.settling_fraction=0.05;;active.hybrid.weights.diversity=0.25;;active.hybrid.weights.sparsity=0.15;;active.hybrid.weights.uncertainty=0.6;;active.log_every=5;;qbc_K=128;;qbc_M=5;;qbc_P=4096;;qbc_T=31;;qbc_enable_logging=true;;qbc_n0=128;;qbc_n_test=256,,
qbc_marker_hybrid_sm_avr_gov_v1,1,qbc_marker_hybrid,SM_AVR_GOV,default,refine,refinement_and_schedule_search,/zhome/14/b/214266/Repos/ml-surrogates-for-power-systems/outputs/hpo_workflows/qbc_marker_hybrid_sm_avr_gov_v1_20260323_070441/refine,cfg_00044_adf2153cda,44,/zhome/14/b/214266/Repos/ml-surrogates-for-power-systems/outputs/hpo_workflows/qbc_marker_hybrid_sm_avr_gov_v1_20260323_070441/refine/runs/cfg_00044_adf2153cda,,s02,b4096,thesis_hybrid_sm_avr_gov_hpo_refine,completed,0,True,final_eval_rmse,minimize,0.0051732819045604206,0.0051732819045604206,2.6762845664052293e-05,178.7554661910981,164.41923892800696,0.002278034924529493,0.0,13.589936259901151,0.34394485293887556,0.08057998993899673,qbc_marker_hybrid,lhs,member_l2_mean,0.7,true,10,0.95,5,0.05,0.25,0.15,0.6,5,,,,,/zhome/14/b/214266/Repos/ml-surrogates-for-power-systems/outputs/hpo_workflows/qbc_marker_hybrid_sm_avr_gov_v1_20260323_070441/refine/runs/cfg_00044_adf2153cda/dataset_manifest.json,member_l2_mean,4,1.1699652671813965,1.1699652671813965,0.7389453649520874,0.5515012741088867,0.7389453649520874,3.98992919921875,4.077473163604736,0.8685380816459656,30,"[1057, 3256, 5432, 5177, 7136, 6817, 5509, 6901, 4768, 5426, 8108, 4323, 5032, 6790, 5066, 1082, 6305, 3374, 743, 6059, 1085, 1644, 6249, 3600, 5116, 1708, 6805, 7244, 3507, 6584, 7518, 3717, 6712, 5141, 5251, 4003, 1468, 3567, 989, 7432, 3573, 7378, 3179, 1675, 291, 4840, 7166, 7876, 4889, 1234, 4680, 933, 2142, 2666, 7335, 367, 1220, 3382, 1944, 498, 102, 486, 502, 5969, 4858, 5401, 5272, 1895, 6381, 5517, 3383, 1005, 2660, 6182, 5747, 5358, 3323, 955, 2679, 6633, 4207, 45, 3763, 1340, 308, 1439, 8041, 4289, 7874, 1164, 4342, 8124, 7353, 15, 2984, 890, 5807, 324, 7832, 2671, 3052, 7157, 6005, 6403, 1343, 2490, 6222, 7295, 5744, 8106, 6648, 5287, 2146, 3938, 7823, 5789, 1287, 1846, 2329, 7181, 2741, 2192, 5933, 5952, 5220, 5651, 7826, 2071]",1.1699652671813965,0.9769662022590637,0.8181296586990356,3968,/zhome/14/b/214266/Repos/ml-surrogates-for-power-systems/outputs/hpo_workflows/qbc_marker_hybrid_sm_avr_gov_v1_20260323_070441/refine/runs/cfg_00044_adf2153cda/qbc/history.jsonl,128,5,8192,31,true,128,256,/zhome/14/b/214266/Repos/ml-surrogates-for-power-systems/outputs/hpo_workflows/qbc_marker_hybrid_sm_avr_gov_v1_20260323_070441/refine/runs/cfg_00044_adf2153cda/run_manifest.json,active.acquisition_strategy=qbc_marker_hybrid;;active.candidate_method=lhs;;active.disagreement.metric=member_l2_mean;;active.hybrid.greedy_score_weight=0.7;;active.hybrid.include_anchor_state_markers=true;;active.hybrid.k_density=10;;active.hybrid.pca_explained_variance=0.95;;active.hybrid.preselect_factor=5;;active.hybrid.settling_fraction=0.05;;active.hybrid.weights.diversity=0.25;;active.hybrid.weights.sparsity=0.15;;active.hybrid.weights.uncertainty=0.6;;active.log_every=5;;qbc_K=128;;qbc_M=5;;qbc_P=8192;;qbc_T=31;;qbc_enable_logging=true;;qbc_n0=128;;qbc_n_test=256,,
qbc_marker_hybrid_sm_avr_gov_v1,1,qbc_marker_hybrid,SM_AVR_GOV,default,refine,refinement_and_schedule_search,/zhome/14/b/214266/Repos/ml-surrogates-for-power-systems/outputs/hpo_workflows/qbc_marker_hybrid_sm_avr_gov_v1_20260323_070441/refine,cfg_00045_c03d937601,45,/zhome/14/b/214266/Repos/ml-surrogates-for-power-systems/outputs/hpo_workflows/qbc_marker_hybrid_sm_avr_gov_v1_20260323_070441/refine/runs/cfg_00045_c03d937601,,s02,b4096,thesis_hybrid_sm_avr_gov_hpo_refine,completed,0,True,final_eval_rmse,minimize,0.005556896820074558,0.005556896820074558,3.087910226895474e-05,165.61174791306257,159.73625462700147,0.0013594420161098242,0.0,5.140273457043804,0.33871551300399005,0.0712993189226836,qbc_marker_hybrid,lhs,member_l2_mean,0.9,true,10,0.95,5,0.05,0.25,0.15,0.6,5,,,,,/zhome/14/b/214266/Repos/ml-surrogates-for-power-systems/outputs/hpo_workflows/qbc_marker_hybrid_sm_avr_gov_v1_20260323_070441/refine/runs/cfg_00045_c03d937601/dataset_manifest.json,member_l2_mean,4,1.302933931350708,1.302933931350708,0.9903453588485718,0.5387833118438721,0.9903453588485718,4.133525848388672,4.261472702026367,1.1416367292404175,30,"[1799, 756, 98, 1680, 1477, 1939, 970, 1690, 876, 1262, 1771, 1228, 212, 1513, 1290, 1297, 772, 81, 932, 136, 1019, 916, 1326, 666, 1999, 287, 67, 1695, 792, 1141, 1026, 704, 444, 1265, 1824, 760, 1915, 758, 305, 175, 188, 1604, 1880, 915, 112, 2047, 79, 1953, 1225, 391, 1539, 1613, 612, 983, 1492, 700, 1815, 910, 899, 488, 835, 1474, 331, 239, 746, 731, 1453, 1264, 990, 245, 1814, 475, 1301, 1897, 852, 784, 712, 742, 433, 1167, 2030, 462, 1564, 385, 1358, 1651, 643, 1181, 1583, 1536, 298, 774, 507, 554, 936, 387, 1563, 1903, 1445, 1954, 1214, 1996, 913, 804, 74, 480, 1205, 1194, 306, 1748, 729, 701, 10, 744, 435, 841, 1989, 647, 246, 837, 92, 1173, 926, 867, 1910, 1331, 216, 1772]",1.302933931350708,1.1739120483398438,1.0753101110458374,3968,/zhome/14/b/214266/Repos/ml-surrogates-for-power-systems/outputs/hpo_workflows/qbc_marker_hybrid_sm_avr_gov_v1_20260323_070441/refine/runs/cfg_00045_c03d937601/qbc/history.jsonl,128,5,2048,31,true,128,256,/zhome/14/b/214266/Repos/ml-surrogates-for-power-systems/outputs/hpo_workflows/qbc_marker_hybrid_sm_avr_gov_v1_20260323_070441/refine/runs/cfg_00045_c03d937601/run_manifest.json,active.acquisition_strategy=qbc_marker_hybrid;;active.candidate_method=lhs;;active.disagreement.metric=member_l2_mean;;active.hybrid.greedy_score_weight=0.9;;active.hybrid.include_anchor_state_markers=true;;active.hybrid.k_density=10;;active.hybrid.pca_explained_variance=0.95;;active.hybrid.preselect_factor=5;;active.hybrid.settling_fraction=0.05;;active.hybrid.weights.diversity=0.25;;active.hybrid.weights.sparsity=0.15;;active.hybrid.weights.uncertainty=0.6;;active.log_every=5;;qbc_K=128;;qbc_M=5;;qbc_P=2048;;qbc_T=31;;qbc_enable_logging=true;;qbc_n0=128;;qbc_n_test=256,,
qbc_marker_hybrid_sm_avr_gov_v1,1,qbc_marker_hybrid,SM_AVR_GOV,default,refine,refinement_and_schedule_search,/zhome/14/b/214266/Repos/ml-surrogates-for-power-systems/outputs/hpo_workflows/qbc_marker_hybrid_sm_avr_gov_v1_20260323_070441/refine,cfg_00046_0283f5bc57,46,/zhome/14/b/214266/Repos/ml-surrogates-for-power-systems/outputs/hpo_workflows/qbc_marker_hybrid_sm_avr_gov_v1_20260323_070441/refine/runs/cfg_00046_0283f5bc57,,s02,b4096,thesis_hybrid_sm_avr_gov_hpo_refine,completed,0,True,final_eval_rmse,minimize,0.006900134406294997,0.006900134406294997,4.761185482493602e-05,173.10154075501487,164.35875076206867,0.0017463000258430839,0.0,8.015835179015994,0.3310996420914307,0.07793079304974526,qbc_marker_hybrid,lhs,member_l2_mean,0.9,true,10,0.95,5,0.05,0.25,0.15,0.6,5,,,,,/zhome/14/b/214266/Repos/ml-surrogates-for-power-systems/outputs/hpo_workflows/qbc_marker_hybrid_sm_avr_gov_v1_20260323_070441/refine/runs/cfg_00046_0283f5bc57/dataset_manifest.json,member_l2_mean,4,1.1671600341796875,1.1671600341796875,0.8287180066108704,0.5698040723800659,0.8287180066108704,3.936641216278076,4.046090126037598,0.973471999168396,30,"[1768, 3612, 2090, 3402, 928, 3537, 309, 3016, 3250, 349, 2994, 3481, 3388, 3030, 944, 1682, 2439, 1930, 1334, 342, 652, 1620, 2138, 4007, 740, 1336, 3464, 1946, 1350, 1925, 1496, 6, 2869, 793, 2985, 79, 882, 47, 2942, 2747, 973, 3091, 1500, 2899, 3231, 965, 2712, 1492, 3143, 1270, 1461, 1003, 1036, 3847, 3007, 166, 784, 1232, 3617, 3221, 2259, 2958, 1361, 2639, 385, 2173, 3921, 1998, 3809, 1677, 2127, 3197, 389, 1834, 440, 3667, 1017, 2378, 3152, 3628, 1271, 1170, 3894, 2374, 3634, 2544, 132, 369, 2745, 561, 3460, 688, 1467, 3650, 1050, 2616, 3344, 1481, 95, 1092, 2704, 3361, 2309, 1417, 2709, 1942, 243, 3176, 442, 43, 2086, 1026, 3637, 4094, 2123, 2839, 2389, 1715, 2151, 3824, 3092, 1329, 794, 2054, 2711, 3934, 3815, 992]",1.1671600341796875,1.0215342044830322,0.9145487546920776,3968,/zhome/14/b/214266/Repos/ml-surrogates-for-power-systems/outputs/hpo_workflows/qbc_marker_hybrid_sm_avr_gov_v1_20260323_070441/refine/runs/cfg_00046_0283f5bc57/qbc/history.jsonl,128,5,4096,31,true,128,256,/zhome/14/b/214266/Repos/ml-surrogates-for-power-systems/outputs/hpo_workflows/qbc_marker_hybrid_sm_avr_gov_v1_20260323_070441/refine/runs/cfg_00046_0283f5bc57/run_manifest.json,active.acquisition_strategy=qbc_marker_hybrid;;active.candidate_method=lhs;;active.disagreement.metric=member_l2_mean;;active.hybrid.greedy_score_weight=0.9;;active.hybrid.include_anchor_state_markers=true;;active.hybrid.k_density=10;;active.hybrid.pca_explained_variance=0.95;;active.hybrid.preselect_factor=5;;active.hybrid.settling_fraction=0.05;;active.hybrid.weights.diversity=0.25;;active.hybrid.weights.sparsity=0.15;;active.hybrid.weights.uncertainty=0.6;;active.log_every=5;;qbc_K=128;;qbc_M=5;;qbc_P=4096;;qbc_T=31;;qbc_enable_logging=true;;qbc_n0=128;;qbc_n_test=256,,
qbc_marker_hybrid_sm_avr_gov_v1,1,qbc_marker_hybrid,SM_AVR_GOV,default,refine,refinement_and_schedule_search,/zhome/14/b/214266/Repos/ml-surrogates-for-power-systems/outputs/hpo_workflows/qbc_marker_hybrid_sm_avr_gov_v1_20260323_070441/refine,cfg_00047_5f2b68c00c,47,/zhome/14/b/214266/Repos/ml-surrogates-for-power-systems/outputs/hpo_workflows/qbc_marker_hybrid_sm_avr_gov_v1_20260323_070441/refine/runs/cfg_00047_5f2b68c00c,,s02,b4096,thesis_hybrid_sm_avr_gov_hpo_refine,completed,0,True,final_eval_rmse,minimize,0.0065688790620851145,0.0065688790620851145,4.315017213230021e-05,177.57452663499862,162.44097185391,0.002318884013220668,0.0,13.458515038015321,0.34420107200276107,0.07868768600746989,qbc_marker_hybrid,lhs,member_l2_mean,0.9,true,10,0.95,5,0.05,0.25,0.15,0.6,5,,,,,/zhome/14/b/214266/Repos/ml-surrogates-for-power-systems/outputs/hpo_workflows/qbc_marker_hybrid_sm_avr_gov_v1_20260323_070441/refine/runs/cfg_00047_5f2b68c00c/dataset_manifest.json,member_l2_mean,4,1.166695237159729,1.166695237159729,0.7634865641593933,0.5027316808700562,0.7634865641593933,4.000990390777588,4.091869354248047,0.9137914180755615,30,"[5177, 2704, 2167, 3213, 4382, 5817, 15, 5509, 1253, 4003, 5565, 1439, 4489, 7514, 1988, 5685, 7940, 4376, 8091, 102, 2132, 6005, 3498, 5041, 4884, 5423, 187, 6738, 3925, 1690, 5585, 4428, 3740, 5390, 5000, 4601, 7610, 8185, 906, 4192, 848, 6918, 4634, 4673, 4319, 18, 980, 2485, 7278, 162, 8168, 1311, 3236, 700, 3239, 240, 397, 1714, 5361, 5559, 5453, 6112, 758, 6866, 4632, 2310, 4274, 1736, 8113, 166, 8102, 6867, 5991, 6569, 4613, 5144, 2268, 953, 6692, 425, 8035, 2698, 3168, 1529, 3636, 5467, 7855, 1083, 5640, 7064, 1574, 6932, 6797, 2149, 4930, 6445, 3922, 5532, 2906, 7596, 4546, 2826, 4422, 7971, 7216, 3930, 4813, 7474, 4523, 783, 3827, 6, 5915, 7480, 1328, 3382, 2699, 2115, 2690, 1743, 7895, 7456, 5985, 3823, 6128, 1016, 1477, 2644]",1.166695237159729,1.0167654752731323,0.8723064661026001,3968,/zhome/14/b/214266/Repos/ml-surrogates-for-power-systems/outputs/hpo_workflows/qbc_marker_hybrid_sm_avr_gov_v1_20260323_070441/refine/runs/cfg_00047_5f2b68c00c/qbc/history.jsonl,128,5,8192,31,true,128,256,/zhome/14/b/214266/Repos/ml-surrogates-for-power-systems/outputs/hpo_workflows/qbc_marker_hybrid_sm_avr_gov_v1_20260323_070441/refine/runs/cfg_00047_5f2b68c00c/run_manifest.json,active.acquisition_strategy=qbc_marker_hybrid;;active.candidate_method=lhs;;active.disagreement.metric=member_l2_mean;;active.hybrid.greedy_score_weight=0.9;;active.hybrid.include_anchor_state_markers=true;;active.hybrid.k_density=10;;active.hybrid.pca_explained_variance=0.95;;active.hybrid.preselect_factor=5;;active.hybrid.settling_fraction=0.05;;active.hybrid.weights.diversity=0.25;;active.hybrid.weights.sparsity=0.15;;active.hybrid.weights.uncertainty=0.6;;active.log_every=5;;qbc_K=128;;qbc_M=5;;qbc_P=8192;;qbc_T=31;;qbc_enable_logging=true;;qbc_n0=128;;qbc_n_test=256,,
