row_idx	cfg_id	method	preset	budget	seed	experiment_id	model_flag	skip_preprocess	skip_baseline	baseline_epochs	run_root	stage1_overrides	stage2_overrides	stage3_overrides
0	cfg_00000_e39ef96d9e	marker_directed	main	b1024	s01	thesis_marker_hpo_stage1	SM4	true	true		/zhome/14/b/214266/Repos/ml-surrogates-for-power-systems/outputs/hpo/marker_directed/stage1_policy_search/marker_directed_policy_search_20260301_160048/runs/cfg_00000_e39ef96d9e	active.candidate_method=lhs;;active.log_every=5;;active.marker.greedy_score_weight=0.7;;active.marker.include_anchor_state_markers=true;;active.marker.k_density=10;;active.marker.pca_explained_variance=0.9;;active.marker.preselect_factor=3;;active.marker.settling_fraction=0.05;;active.marker.weights.diversity=0.4;;active.marker.weights.sparsity=0.4;;qbc_K=64;;qbc_P=2048;;qbc_T=15;;qbc_enable_logging=true;;qbc_n0=64		
1	cfg_00001_042bcd2e25	marker_directed	main	b1024	s01	thesis_marker_hpo_stage1	SM4	true	true		/zhome/14/b/214266/Repos/ml-surrogates-for-power-systems/outputs/hpo/marker_directed/stage1_policy_search/marker_directed_policy_search_20260301_160048/runs/cfg_00001_042bcd2e25	active.candidate_method=lhs;;active.log_every=5;;active.marker.greedy_score_weight=0.7;;active.marker.include_anchor_state_markers=true;;active.marker.k_density=10;;active.marker.pca_explained_variance=0.9;;active.marker.preselect_factor=3;;active.marker.settling_fraction=0.05;;active.marker.weights.diversity=0.6;;active.marker.weights.sparsity=0.4;;qbc_K=64;;qbc_P=2048;;qbc_T=15;;qbc_enable_logging=true;;qbc_n0=64		
2	cfg_00002_ed88606e48	marker_directed	main	b1024	s01	thesis_marker_hpo_stage1	SM4	true	true		/zhome/14/b/214266/Repos/ml-surrogates-for-power-systems/outputs/hpo/marker_directed/stage1_policy_search/marker_directed_policy_search_20260301_160048/runs/cfg_00002_ed88606e48	active.candidate_method=lhs;;active.log_every=5;;active.marker.greedy_score_weight=0.7;;active.marker.include_anchor_state_markers=true;;active.marker.k_density=10;;active.marker.pca_explained_variance=0.9;;active.marker.preselect_factor=3;;active.marker.settling_fraction=0.05;;active.marker.weights.diversity=0.8;;active.marker.weights.sparsity=0.4;;qbc_K=64;;qbc_P=2048;;qbc_T=15;;qbc_enable_logging=true;;qbc_n0=64		
3	cfg_00003_502db627bc	marker_directed	main	b1024	s01	thesis_marker_hpo_stage1	SM4	true	true		/zhome/14/b/214266/Repos/ml-surrogates-for-power-systems/outputs/hpo/marker_directed/stage1_policy_search/marker_directed_policy_search_20260301_160048/runs/cfg_00003_502db627bc	active.candidate_method=lhs;;active.log_every=5;;active.marker.greedy_score_weight=0.9;;active.marker.include_anchor_state_markers=true;;active.marker.k_density=10;;active.marker.pca_explained_variance=0.9;;active.marker.preselect_factor=3;;active.marker.settling_fraction=0.05;;active.marker.weights.diversity=0.4;;active.marker.weights.sparsity=0.4;;qbc_K=64;;qbc_P=2048;;qbc_T=15;;qbc_enable_logging=true;;qbc_n0=64		
4	cfg_00004_25c5b0f8be	marker_directed	main	b1024	s01	thesis_marker_hpo_stage1	SM4	true	true		/zhome/14/b/214266/Repos/ml-surrogates-for-power-systems/outputs/hpo/marker_directed/stage1_policy_search/marker_directed_policy_search_20260301_160048/runs/cfg_00004_25c5b0f8be	active.candidate_method=lhs;;active.log_every=5;;active.marker.greedy_score_weight=0.9;;active.marker.include_anchor_state_markers=true;;active.marker.k_density=10;;active.marker.pca_explained_variance=0.9;;active.marker.preselect_factor=3;;active.marker.settling_fraction=0.05;;active.marker.weights.diversity=0.6;;active.marker.weights.sparsity=0.4;;qbc_K=64;;qbc_P=2048;;qbc_T=15;;qbc_enable_logging=true;;qbc_n0=64		
5	cfg_00005_ef89ca8a58	marker_directed	main	b1024	s01	thesis_marker_hpo_stage1	SM4	true	true		/zhome/14/b/214266/Repos/ml-surrogates-for-power-systems/outputs/hpo/marker_directed/stage1_policy_search/marker_directed_policy_search_20260301_160048/runs/cfg_00005_ef89ca8a58	active.candidate_method=lhs;;active.log_every=5;;active.marker.greedy_score_weight=0.9;;active.marker.include_anchor_state_markers=true;;active.marker.k_density=10;;active.marker.pca_explained_variance=0.9;;active.marker.preselect_factor=3;;active.marker.settling_fraction=0.05;;active.marker.weights.diversity=0.8;;active.marker.weights.sparsity=0.4;;qbc_K=64;;qbc_P=2048;;qbc_T=15;;qbc_enable_logging=true;;qbc_n0=64		
6	cfg_00006_b602c24f46	marker_directed	main	b1024	s01	thesis_marker_hpo_stage1	SM4	true	true		/zhome/14/b/214266/Repos/ml-surrogates-for-power-systems/outputs/hpo/marker_directed/stage1_policy_search/marker_directed_policy_search_20260301_160048/runs/cfg_00006_b602c24f46	active.candidate_method=lhs;;active.log_every=5;;active.marker.greedy_score_weight=0.7;;active.marker.include_anchor_state_markers=true;;active.marker.k_density=10;;active.marker.pca_explained_variance=0.9;;active.marker.preselect_factor=5;;active.marker.settling_fraction=0.05;;active.marker.weights.diversity=0.4;;active.marker.weights.sparsity=0.4;;qbc_K=64;;qbc_P=2048;;qbc_T=15;;qbc_enable_logging=true;;qbc_n0=64		
7	cfg_00007_8eda4428d5	marker_directed	main	b1024	s01	thesis_marker_hpo_stage1	SM4	true	true		/zhome/14/b/214266/Repos/ml-surrogates-for-power-systems/outputs/hpo/marker_directed/stage1_policy_search/marker_directed_policy_search_20260301_160048/runs/cfg_00007_8eda4428d5	active.candidate_method=lhs;;active.log_every=5;;active.marker.greedy_score_weight=0.7;;active.marker.include_anchor_state_markers=true;;active.marker.k_density=10;;active.marker.pca_explained_variance=0.9;;active.marker.preselect_factor=5;;active.marker.settling_fraction=0.05;;active.marker.weights.diversity=0.6;;active.marker.weights.sparsity=0.4;;qbc_K=64;;qbc_P=2048;;qbc_T=15;;qbc_enable_logging=true;;qbc_n0=64		
8	cfg_00008_f352d6d5a6	marker_directed	main	b1024	s01	thesis_marker_hpo_stage1	SM4	true	true		/zhome/14/b/214266/Repos/ml-surrogates-for-power-systems/outputs/hpo/marker_directed/stage1_policy_search/marker_directed_policy_search_20260301_160048/runs/cfg_00008_f352d6d5a6	active.candidate_method=lhs;;active.log_every=5;;active.marker.greedy_score_weight=0.7;;active.marker.include_anchor_state_markers=true;;active.marker.k_density=10;;active.marker.pca_explained_variance=0.9;;active.marker.preselect_factor=5;;active.marker.settling_fraction=0.05;;active.marker.weights.diversity=0.8;;active.marker.weights.sparsity=0.4;;qbc_K=64;;qbc_P=2048;;qbc_T=15;;qbc_enable_logging=true;;qbc_n0=64		
9	cfg_00009_8731aa8607	marker_directed	main	b1024	s01	thesis_marker_hpo_stage1	SM4	true	true		/zhome/14/b/214266/Repos/ml-surrogates-for-power-systems/outputs/hpo/marker_directed/stage1_policy_search/marker_directed_policy_search_20260301_160048/runs/cfg_00009_8731aa8607	active.candidate_method=lhs;;active.log_every=5;;active.marker.greedy_score_weight=0.9;;active.marker.include_anchor_state_markers=true;;active.marker.k_density=10;;active.marker.pca_explained_variance=0.9;;active.marker.preselect_factor=5;;active.marker.settling_fraction=0.05;;active.marker.weights.diversity=0.4;;active.marker.weights.sparsity=0.4;;qbc_K=64;;qbc_P=2048;;qbc_T=15;;qbc_enable_logging=true;;qbc_n0=64		
10	cfg_00010_e87b2c28c2	marker_directed	main	b1024	s01	thesis_marker_hpo_stage1	SM4	true	true		/zhome/14/b/214266/Repos/ml-surrogates-for-power-systems/outputs/hpo/marker_directed/stage1_policy_search/marker_directed_policy_search_20260301_160048/runs/cfg_00010_e87b2c28c2	active.candidate_method=lhs;;active.log_every=5;;active.marker.greedy_score_weight=0.9;;active.marker.include_anchor_state_markers=true;;active.marker.k_density=10;;active.marker.pca_explained_variance=0.9;;active.marker.preselect_factor=5;;active.marker.settling_fraction=0.05;;active.marker.weights.diversity=0.6;;active.marker.weights.sparsity=0.4;;qbc_K=64;;qbc_P=2048;;qbc_T=15;;qbc_enable_logging=true;;qbc_n0=64		
11	cfg_00011_d9d7b7503b	marker_directed	main	b1024	s01	thesis_marker_hpo_stage1	SM4	true	true		/zhome/14/b/214266/Repos/ml-surrogates-for-power-systems/outputs/hpo/marker_directed/stage1_policy_search/marker_directed_policy_search_20260301_160048/runs/cfg_00011_d9d7b7503b	active.candidate_method=lhs;;active.log_every=5;;active.marker.greedy_score_weight=0.9;;active.marker.include_anchor_state_markers=true;;active.marker.k_density=10;;active.marker.pca_explained_variance=0.9;;active.marker.preselect_factor=5;;active.marker.settling_fraction=0.05;;active.marker.weights.diversity=0.8;;active.marker.weights.sparsity=0.4;;qbc_K=64;;qbc_P=2048;;qbc_T=15;;qbc_enable_logging=true;;qbc_n0=64		
12	cfg_00012_60b3b84385	marker_directed	main	b1024	s01	thesis_marker_hpo_stage1	SM4	true	true		/zhome/14/b/214266/Repos/ml-surrogates-for-power-systems/outputs/hpo/marker_directed/stage1_policy_search/marker_directed_policy_search_20260301_160048/runs/cfg_00012_60b3b84385	active.candidate_method=lhs;;active.log_every=5;;active.marker.greedy_score_weight=0.7;;active.marker.include_anchor_state_markers=true;;active.marker.k_density=20;;active.marker.pca_explained_variance=0.9;;active.marker.preselect_factor=3;;active.marker.settling_fraction=0.05;;active.marker.weights.diversity=0.4;;active.marker.weights.sparsity=0.4;;qbc_K=64;;qbc_P=2048;;qbc_T=15;;qbc_enable_logging=true;;qbc_n0=64		
13	cfg_00013_50fc734f59	marker_directed	main	b1024	s01	thesis_marker_hpo_stage1	SM4	true	true		/zhome/14/b/214266/Repos/ml-surrogates-for-power-systems/outputs/hpo/marker_directed/stage1_policy_search/marker_directed_policy_search_20260301_160048/runs/cfg_00013_50fc734f59	active.candidate_method=lhs;;active.log_every=5;;active.marker.greedy_score_weight=0.7;;active.marker.include_anchor_state_markers=true;;active.marker.k_density=20;;active.marker.pca_explained_variance=0.9;;active.marker.preselect_factor=3;;active.marker.settling_fraction=0.05;;active.marker.weights.diversity=0.6;;active.marker.weights.sparsity=0.4;;qbc_K=64;;qbc_P=2048;;qbc_T=15;;qbc_enable_logging=true;;qbc_n0=64		
14	cfg_00014_130b0daea8	marker_directed	main	b1024	s01	thesis_marker_hpo_stage1	SM4	true	true		/zhome/14/b/214266/Repos/ml-surrogates-for-power-systems/outputs/hpo/marker_directed/stage1_policy_search/marker_directed_policy_search_20260301_160048/runs/cfg_00014_130b0daea8	active.candidate_method=lhs;;active.log_every=5;;active.marker.greedy_score_weight=0.7;;active.marker.include_anchor_state_markers=true;;active.marker.k_density=20;;active.marker.pca_explained_variance=0.9;;active.marker.preselect_factor=3;;active.marker.settling_fraction=0.05;;active.marker.weights.diversity=0.8;;active.marker.weights.sparsity=0.4;;qbc_K=64;;qbc_P=2048;;qbc_T=15;;qbc_enable_logging=true;;qbc_n0=64		
15	cfg_00015_356abe1701	marker_directed	main	b1024	s01	thesis_marker_hpo_stage1	SM4	true	true		/zhome/14/b/214266/Repos/ml-surrogates-for-power-systems/outputs/hpo/marker_directed/stage1_policy_search/marker_directed_policy_search_20260301_160048/runs/cfg_00015_356abe1701	active.candidate_method=lhs;;active.log_every=5;;active.marker.greedy_score_weight=0.9;;active.marker.include_anchor_state_markers=true;;active.marker.k_density=20;;active.marker.pca_explained_variance=0.9;;active.marker.preselect_factor=3;;active.marker.settling_fraction=0.05;;active.marker.weights.diversity=0.4;;active.marker.weights.sparsity=0.4;;qbc_K=64;;qbc_P=2048;;qbc_T=15;;qbc_enable_logging=true;;qbc_n0=64		
16	cfg_00016_9fba24cf5f	marker_directed	main	b1024	s01	thesis_marker_hpo_stage1	SM4	true	true		/zhome/14/b/214266/Repos/ml-surrogates-for-power-systems/outputs/hpo/marker_directed/stage1_policy_search/marker_directed_policy_search_20260301_160048/runs/cfg_00016_9fba24cf5f	active.candidate_method=lhs;;active.log_every=5;;active.marker.greedy_score_weight=0.9;;active.marker.include_anchor_state_markers=true;;active.marker.k_density=20;;active.marker.pca_explained_variance=0.9;;active.marker.preselect_factor=3;;active.marker.settling_fraction=0.05;;active.marker.weights.diversity=0.6;;active.marker.weights.sparsity=0.4;;qbc_K=64;;qbc_P=2048;;qbc_T=15;;qbc_enable_logging=true;;qbc_n0=64		
17	cfg_00017_4e8a3de76b	marker_directed	main	b1024	s01	thesis_marker_hpo_stage1	SM4	true	true		/zhome/14/b/214266/Repos/ml-surrogates-for-power-systems/outputs/hpo/marker_directed/stage1_policy_search/marker_directed_policy_search_20260301_160048/runs/cfg_00017_4e8a3de76b	active.candidate_method=lhs;;active.log_every=5;;active.marker.greedy_score_weight=0.9;;active.marker.include_anchor_state_markers=true;;active.marker.k_density=20;;active.marker.pca_explained_variance=0.9;;active.marker.preselect_factor=3;;active.marker.settling_fraction=0.05;;active.marker.weights.diversity=0.8;;active.marker.weights.sparsity=0.4;;qbc_K=64;;qbc_P=2048;;qbc_T=15;;qbc_enable_logging=true;;qbc_n0=64		
18	cfg_00018_3172b197b0	marker_directed	main	b1024	s01	thesis_marker_hpo_stage1	SM4	true	true		/zhome/14/b/214266/Repos/ml-surrogates-for-power-systems/outputs/hpo/marker_directed/stage1_policy_search/marker_directed_policy_search_20260301_160048/runs/cfg_00018_3172b197b0	active.candidate_method=lhs;;active.log_every=5;;active.marker.greedy_score_weight=0.7;;active.marker.include_anchor_state_markers=true;;active.marker.k_density=20;;active.marker.pca_explained_variance=0.9;;active.marker.preselect_factor=5;;active.marker.settling_fraction=0.05;;active.marker.weights.diversity=0.4;;active.marker.weights.sparsity=0.4;;qbc_K=64;;qbc_P=2048;;qbc_T=15;;qbc_enable_logging=true;;qbc_n0=64		
19	cfg_00019_65cc5c15ae	marker_directed	main	b1024	s01	thesis_marker_hpo_stage1	SM4	true	true		/zhome/14/b/214266/Repos/ml-surrogates-for-power-systems/outputs/hpo/marker_directed/stage1_policy_search/marker_directed_policy_search_20260301_160048/runs/cfg_00019_65cc5c15ae	active.candidate_method=lhs;;active.log_every=5;;active.marker.greedy_score_weight=0.7;;active.marker.include_anchor_state_markers=true;;active.marker.k_density=20;;active.marker.pca_explained_variance=0.9;;active.marker.preselect_factor=5;;active.marker.settling_fraction=0.05;;active.marker.weights.diversity=0.6;;active.marker.weights.sparsity=0.4;;qbc_K=64;;qbc_P=2048;;qbc_T=15;;qbc_enable_logging=true;;qbc_n0=64		
20	cfg_00020_242e08dc2e	marker_directed	main	b1024	s01	thesis_marker_hpo_stage1	SM4	true	true		/zhome/14/b/214266/Repos/ml-surrogates-for-power-systems/outputs/hpo/marker_directed/stage1_policy_search/marker_directed_policy_search_20260301_160048/runs/cfg_00020_242e08dc2e	active.candidate_method=lhs;;active.log_every=5;;active.marker.greedy_score_weight=0.7;;active.marker.include_anchor_state_markers=true;;active.marker.k_density=20;;active.marker.pca_explained_variance=0.9;;active.marker.preselect_factor=5;;active.marker.settling_fraction=0.05;;active.marker.weights.diversity=0.8;;active.marker.weights.sparsity=0.4;;qbc_K=64;;qbc_P=2048;;qbc_T=15;;qbc_enable_logging=true;;qbc_n0=64		
21	cfg_00021_d38fe20516	marker_directed	main	b1024	s01	thesis_marker_hpo_stage1	SM4	true	true		/zhome/14/b/214266/Repos/ml-surrogates-for-power-systems/outputs/hpo/marker_directed/stage1_policy_search/marker_directed_policy_search_20260301_160048/runs/cfg_00021_d38fe20516	active.candidate_method=lhs;;active.log_every=5;;active.marker.greedy_score_weight=0.9;;active.marker.include_anchor_state_markers=true;;active.marker.k_density=20;;active.marker.pca_explained_variance=0.9;;active.marker.preselect_factor=5;;active.marker.settling_fraction=0.05;;active.marker.weights.diversity=0.4;;active.marker.weights.sparsity=0.4;;qbc_K=64;;qbc_P=2048;;qbc_T=15;;qbc_enable_logging=true;;qbc_n0=64		
22	cfg_00022_26cd0001bc	marker_directed	main	b1024	s01	thesis_marker_hpo_stage1	SM4	true	true		/zhome/14/b/214266/Repos/ml-surrogates-for-power-systems/outputs/hpo/marker_directed/stage1_policy_search/marker_directed_policy_search_20260301_160048/runs/cfg_00022_26cd0001bc	active.candidate_method=lhs;;active.log_every=5;;active.marker.greedy_score_weight=0.9;;active.marker.include_anchor_state_markers=true;;active.marker.k_density=20;;active.marker.pca_explained_variance=0.9;;active.marker.preselect_factor=5;;active.marker.settling_fraction=0.05;;active.marker.weights.diversity=0.6;;active.marker.weights.sparsity=0.4;;qbc_K=64;;qbc_P=2048;;qbc_T=15;;qbc_enable_logging=true;;qbc_n0=64		
23	cfg_00023_34a90bef26	marker_directed	main	b1024	s01	thesis_marker_hpo_stage1	SM4	true	true		/zhome/14/b/214266/Repos/ml-surrogates-for-power-systems/outputs/hpo/marker_directed/stage1_policy_search/marker_directed_policy_search_20260301_160048/runs/cfg_00023_34a90bef26	active.candidate_method=lhs;;active.log_every=5;;active.marker.greedy_score_weight=0.9;;active.marker.include_anchor_state_markers=true;;active.marker.k_density=20;;active.marker.pca_explained_variance=0.9;;active.marker.preselect_factor=5;;active.marker.settling_fraction=0.05;;active.marker.weights.diversity=0.8;;active.marker.weights.sparsity=0.4;;qbc_K=64;;qbc_P=2048;;qbc_T=15;;qbc_enable_logging=true;;qbc_n0=64		
24	cfg_00024_436dec4aca	marker_directed	main	b1024	s01	thesis_marker_hpo_stage1	SM4	true	true		/zhome/14/b/214266/Repos/ml-surrogates-for-power-systems/outputs/hpo/marker_directed/stage1_policy_search/marker_directed_policy_search_20260301_160048/runs/cfg_00024_436dec4aca	active.candidate_method=lhs;;active.log_every=5;;active.marker.greedy_score_weight=0.7;;active.marker.include_anchor_state_markers=true;;active.marker.k_density=10;;active.marker.pca_explained_variance=0.95;;active.marker.preselect_factor=3;;active.marker.settling_fraction=0.05;;active.marker.weights.diversity=0.4;;active.marker.weights.sparsity=0.4;;qbc_K=64;;qbc_P=2048;;qbc_T=15;;qbc_enable_logging=true;;qbc_n0=64		
25	cfg_00025_3f441a7953	marker_directed	main	b1024	s01	thesis_marker_hpo_stage1	SM4	true	true		/zhome/14/b/214266/Repos/ml-surrogates-for-power-systems/outputs/hpo/marker_directed/stage1_policy_search/marker_directed_policy_search_20260301_160048/runs/cfg_00025_3f441a7953	active.candidate_method=lhs;;active.log_every=5;;active.marker.greedy_score_weight=0.7;;active.marker.include_anchor_state_markers=true;;active.marker.k_density=10;;active.marker.pca_explained_variance=0.95;;active.marker.preselect_factor=3;;active.marker.settling_fraction=0.05;;active.marker.weights.diversity=0.6;;active.marker.weights.sparsity=0.4;;qbc_K=64;;qbc_P=2048;;qbc_T=15;;qbc_enable_logging=true;;qbc_n0=64		
26	cfg_00026_df80b106ae	marker_directed	main	b1024	s01	thesis_marker_hpo_stage1	SM4	true	true		/zhome/14/b/214266/Repos/ml-surrogates-for-power-systems/outputs/hpo/marker_directed/stage1_policy_search/marker_directed_policy_search_20260301_160048/runs/cfg_00026_df80b106ae	active.candidate_method=lhs;;active.log_every=5;;active.marker.greedy_score_weight=0.7;;active.marker.include_anchor_state_markers=true;;active.marker.k_density=10;;active.marker.pca_explained_variance=0.95;;active.marker.preselect_factor=3;;active.marker.settling_fraction=0.05;;active.marker.weights.diversity=0.8;;active.marker.weights.sparsity=0.4;;qbc_K=64;;qbc_P=2048;;qbc_T=15;;qbc_enable_logging=true;;qbc_n0=64		
27	cfg_00027_85395ec491	marker_directed	main	b1024	s01	thesis_marker_hpo_stage1	SM4	true	true		/zhome/14/b/214266/Repos/ml-surrogates-for-power-systems/outputs/hpo/marker_directed/stage1_policy_search/marker_directed_policy_search_20260301_160048/runs/cfg_00027_85395ec491	active.candidate_method=lhs;;active.log_every=5;;active.marker.greedy_score_weight=0.9;;active.marker.include_anchor_state_markers=true;;active.marker.k_density=10;;active.marker.pca_explained_variance=0.95;;active.marker.preselect_factor=3;;active.marker.settling_fraction=0.05;;active.marker.weights.diversity=0.4;;active.marker.weights.sparsity=0.4;;qbc_K=64;;qbc_P=2048;;qbc_T=15;;qbc_enable_logging=true;;qbc_n0=64		
28	cfg_00028_014109e967	marker_directed	main	b1024	s01	thesis_marker_hpo_stage1	SM4	true	true		/zhome/14/b/214266/Repos/ml-surrogates-for-power-systems/outputs/hpo/marker_directed/stage1_policy_search/marker_directed_policy_search_20260301_160048/runs/cfg_00028_014109e967	active.candidate_method=lhs;;active.log_every=5;;active.marker.greedy_score_weight=0.9;;active.marker.include_anchor_state_markers=true;;active.marker.k_density=10;;active.marker.pca_explained_variance=0.95;;active.marker.preselect_factor=3;;active.marker.settling_fraction=0.05;;active.marker.weights.diversity=0.6;;active.marker.weights.sparsity=0.4;;qbc_K=64;;qbc_P=2048;;qbc_T=15;;qbc_enable_logging=true;;qbc_n0=64		
29	cfg_00029_c2ad11b63a	marker_directed	main	b1024	s01	thesis_marker_hpo_stage1	SM4	true	true		/zhome/14/b/214266/Repos/ml-surrogates-for-power-systems/outputs/hpo/marker_directed/stage1_policy_search/marker_directed_policy_search_20260301_160048/runs/cfg_00029_c2ad11b63a	active.candidate_method=lhs;;active.log_every=5;;active.marker.greedy_score_weight=0.9;;active.marker.include_anchor_state_markers=true;;active.marker.k_density=10;;active.marker.pca_explained_variance=0.95;;active.marker.preselect_factor=3;;active.marker.settling_fraction=0.05;;active.marker.weights.diversity=0.8;;active.marker.weights.sparsity=0.4;;qbc_K=64;;qbc_P=2048;;qbc_T=15;;qbc_enable_logging=true;;qbc_n0=64		
30	cfg_00030_ca908ff4ec	marker_directed	main	b1024	s01	thesis_marker_hpo_stage1	SM4	true	true		/zhome/14/b/214266/Repos/ml-surrogates-for-power-systems/outputs/hpo/marker_directed/stage1_policy_search/marker_directed_policy_search_20260301_160048/runs/cfg_00030_ca908ff4ec	active.candidate_method=lhs;;active.log_every=5;;active.marker.greedy_score_weight=0.7;;active.marker.include_anchor_state_markers=true;;active.marker.k_density=10;;active.marker.pca_explained_variance=0.95;;active.marker.preselect_factor=5;;active.marker.settling_fraction=0.05;;active.marker.weights.diversity=0.4;;active.marker.weights.sparsity=0.4;;qbc_K=64;;qbc_P=2048;;qbc_T=15;;qbc_enable_logging=true;;qbc_n0=64		
31	cfg_00031_c9f6ba34a7	marker_directed	main	b1024	s01	thesis_marker_hpo_stage1	SM4	true	true		/zhome/14/b/214266/Repos/ml-surrogates-for-power-systems/outputs/hpo/marker_directed/stage1_policy_search/marker_directed_policy_search_20260301_160048/runs/cfg_00031_c9f6ba34a7	active.candidate_method=lhs;;active.log_every=5;;active.marker.greedy_score_weight=0.7;;active.marker.include_anchor_state_markers=true;;active.marker.k_density=10;;active.marker.pca_explained_variance=0.95;;active.marker.preselect_factor=5;;active.marker.settling_fraction=0.05;;active.marker.weights.diversity=0.6;;active.marker.weights.sparsity=0.4;;qbc_K=64;;qbc_P=2048;;qbc_T=15;;qbc_enable_logging=true;;qbc_n0=64		
32	cfg_00032_187c235126	marker_directed	main	b1024	s01	thesis_marker_hpo_stage1	SM4	true	true		/zhome/14/b/214266/Repos/ml-surrogates-for-power-systems/outputs/hpo/marker_directed/stage1_policy_search/marker_directed_policy_search_20260301_160048/runs/cfg_00032_187c235126	active.candidate_method=lhs;;active.log_every=5;;active.marker.greedy_score_weight=0.7;;active.marker.include_anchor_state_markers=true;;active.marker.k_density=10;;active.marker.pca_explained_variance=0.95;;active.marker.preselect_factor=5;;active.marker.settling_fraction=0.05;;active.marker.weights.diversity=0.8;;active.marker.weights.sparsity=0.4;;qbc_K=64;;qbc_P=2048;;qbc_T=15;;qbc_enable_logging=true;;qbc_n0=64		
33	cfg_00033_670c35e662	marker_directed	main	b1024	s01	thesis_marker_hpo_stage1	SM4	true	true		/zhome/14/b/214266/Repos/ml-surrogates-for-power-systems/outputs/hpo/marker_directed/stage1_policy_search/marker_directed_policy_search_20260301_160048/runs/cfg_00033_670c35e662	active.candidate_method=lhs;;active.log_every=5;;active.marker.greedy_score_weight=0.9;;active.marker.include_anchor_state_markers=true;;active.marker.k_density=10;;active.marker.pca_explained_variance=0.95;;active.marker.preselect_factor=5;;active.marker.settling_fraction=0.05;;active.marker.weights.diversity=0.4;;active.marker.weights.sparsity=0.4;;qbc_K=64;;qbc_P=2048;;qbc_T=15;;qbc_enable_logging=true;;qbc_n0=64		
34	cfg_00034_6ae51d6d7f	marker_directed	main	b1024	s01	thesis_marker_hpo_stage1	SM4	true	true		/zhome/14/b/214266/Repos/ml-surrogates-for-power-systems/outputs/hpo/marker_directed/stage1_policy_search/marker_directed_policy_search_20260301_160048/runs/cfg_00034_6ae51d6d7f	active.candidate_method=lhs;;active.log_every=5;;active.marker.greedy_score_weight=0.9;;active.marker.include_anchor_state_markers=true;;active.marker.k_density=10;;active.marker.pca_explained_variance=0.95;;active.marker.preselect_factor=5;;active.marker.settling_fraction=0.05;;active.marker.weights.diversity=0.6;;active.marker.weights.sparsity=0.4;;qbc_K=64;;qbc_P=2048;;qbc_T=15;;qbc_enable_logging=true;;qbc_n0=64		
35	cfg_00035_35048f8274	marker_directed	main	b1024	s01	thesis_marker_hpo_stage1	SM4	true	true		/zhome/14/b/214266/Repos/ml-surrogates-for-power-systems/outputs/hpo/marker_directed/stage1_policy_search/marker_directed_policy_search_20260301_160048/runs/cfg_00035_35048f8274	active.candidate_method=lhs;;active.log_every=5;;active.marker.greedy_score_weight=0.9;;active.marker.include_anchor_state_markers=true;;active.marker.k_density=10;;active.marker.pca_explained_variance=0.95;;active.marker.preselect_factor=5;;active.marker.settling_fraction=0.05;;active.marker.weights.diversity=0.8;;active.marker.weights.sparsity=0.4;;qbc_K=64;;qbc_P=2048;;qbc_T=15;;qbc_enable_logging=true;;qbc_n0=64		
36	cfg_00036_8b80248a43	marker_directed	main	b1024	s01	thesis_marker_hpo_stage1	SM4	true	true		/zhome/14/b/214266/Repos/ml-surrogates-for-power-systems/outputs/hpo/marker_directed/stage1_policy_search/marker_directed_policy_search_20260301_160048/runs/cfg_00036_8b80248a43	active.candidate_method=lhs;;active.log_every=5;;active.marker.greedy_score_weight=0.7;;active.marker.include_anchor_state_markers=true;;active.marker.k_density=20;;active.marker.pca_explained_variance=0.95;;active.marker.preselect_factor=3;;active.marker.settling_fraction=0.05;;active.marker.weights.diversity=0.4;;active.marker.weights.sparsity=0.4;;qbc_K=64;;qbc_P=2048;;qbc_T=15;;qbc_enable_logging=true;;qbc_n0=64		
37	cfg_00037_9e89bcdfc5	marker_directed	main	b1024	s01	thesis_marker_hpo_stage1	SM4	true	true		/zhome/14/b/214266/Repos/ml-surrogates-for-power-systems/outputs/hpo/marker_directed/stage1_policy_search/marker_directed_policy_search_20260301_160048/runs/cfg_00037_9e89bcdfc5	active.candidate_method=lhs;;active.log_every=5;;active.marker.greedy_score_weight=0.7;;active.marker.include_anchor_state_markers=true;;active.marker.k_density=20;;active.marker.pca_explained_variance=0.95;;active.marker.preselect_factor=3;;active.marker.settling_fraction=0.05;;active.marker.weights.diversity=0.6;;active.marker.weights.sparsity=0.4;;qbc_K=64;;qbc_P=2048;;qbc_T=15;;qbc_enable_logging=true;;qbc_n0=64		
38	cfg_00038_e3a0106024	marker_directed	main	b1024	s01	thesis_marker_hpo_stage1	SM4	true	true		/zhome/14/b/214266/Repos/ml-surrogates-for-power-systems/outputs/hpo/marker_directed/stage1_policy_search/marker_directed_policy_search_20260301_160048/runs/cfg_00038_e3a0106024	active.candidate_method=lhs;;active.log_every=5;;active.marker.greedy_score_weight=0.7;;active.marker.include_anchor_state_markers=true;;active.marker.k_density=20;;active.marker.pca_explained_variance=0.95;;active.marker.preselect_factor=3;;active.marker.settling_fraction=0.05;;active.marker.weights.diversity=0.8;;active.marker.weights.sparsity=0.4;;qbc_K=64;;qbc_P=2048;;qbc_T=15;;qbc_enable_logging=true;;qbc_n0=64		
39	cfg_00039_ae04fba790	marker_directed	main	b1024	s01	thesis_marker_hpo_stage1	SM4	true	true		/zhome/14/b/214266/Repos/ml-surrogates-for-power-systems/outputs/hpo/marker_directed/stage1_policy_search/marker_directed_policy_search_20260301_160048/runs/cfg_00039_ae04fba790	active.candidate_method=lhs;;active.log_every=5;;active.marker.greedy_score_weight=0.9;;active.marker.include_anchor_state_markers=true;;active.marker.k_density=20;;active.marker.pca_explained_variance=0.95;;active.marker.preselect_factor=3;;active.marker.settling_fraction=0.05;;active.marker.weights.diversity=0.4;;active.marker.weights.sparsity=0.4;;qbc_K=64;;qbc_P=2048;;qbc_T=15;;qbc_enable_logging=true;;qbc_n0=64		
40	cfg_00040_f1dab69695	marker_directed	main	b1024	s01	thesis_marker_hpo_stage1	SM4	true	true		/zhome/14/b/214266/Repos/ml-surrogates-for-power-systems/outputs/hpo/marker_directed/stage1_policy_search/marker_directed_policy_search_20260301_160048/runs/cfg_00040_f1dab69695	active.candidate_method=lhs;;active.log_every=5;;active.marker.greedy_score_weight=0.9;;active.marker.include_anchor_state_markers=true;;active.marker.k_density=20;;active.marker.pca_explained_variance=0.95;;active.marker.preselect_factor=3;;active.marker.settling_fraction=0.05;;active.marker.weights.diversity=0.6;;active.marker.weights.sparsity=0.4;;qbc_K=64;;qbc_P=2048;;qbc_T=15;;qbc_enable_logging=true;;qbc_n0=64		
41	cfg_00041_0afaa80b62	marker_directed	main	b1024	s01	thesis_marker_hpo_stage1	SM4	true	true		/zhome/14/b/214266/Repos/ml-surrogates-for-power-systems/outputs/hpo/marker_directed/stage1_policy_search/marker_directed_policy_search_20260301_160048/runs/cfg_00041_0afaa80b62	active.candidate_method=lhs;;active.log_every=5;;active.marker.greedy_score_weight=0.9;;active.marker.include_anchor_state_markers=true;;active.marker.k_density=20;;active.marker.pca_explained_variance=0.95;;active.marker.preselect_factor=3;;active.marker.settling_fraction=0.05;;active.marker.weights.diversity=0.8;;active.marker.weights.sparsity=0.4;;qbc_K=64;;qbc_P=2048;;qbc_T=15;;qbc_enable_logging=true;;qbc_n0=64		
42	cfg_00042_a7507cbd5a	marker_directed	main	b1024	s01	thesis_marker_hpo_stage1	SM4	true	true		/zhome/14/b/214266/Repos/ml-surrogates-for-power-systems/outputs/hpo/marker_directed/stage1_policy_search/marker_directed_policy_search_20260301_160048/runs/cfg_00042_a7507cbd5a	active.candidate_method=lhs;;active.log_every=5;;active.marker.greedy_score_weight=0.7;;active.marker.include_anchor_state_markers=true;;active.marker.k_density=20;;active.marker.pca_explained_variance=0.95;;active.marker.preselect_factor=5;;active.marker.settling_fraction=0.05;;active.marker.weights.diversity=0.4;;active.marker.weights.sparsity=0.4;;qbc_K=64;;qbc_P=2048;;qbc_T=15;;qbc_enable_logging=true;;qbc_n0=64		
43	cfg_00043_ed8cd4eddc	marker_directed	main	b1024	s01	thesis_marker_hpo_stage1	SM4	true	true		/zhome/14/b/214266/Repos/ml-surrogates-for-power-systems/outputs/hpo/marker_directed/stage1_policy_search/marker_directed_policy_search_20260301_160048/runs/cfg_00043_ed8cd4eddc	active.candidate_method=lhs;;active.log_every=5;;active.marker.greedy_score_weight=0.7;;active.marker.include_anchor_state_markers=true;;active.marker.k_density=20;;active.marker.pca_explained_variance=0.95;;active.marker.preselect_factor=5;;active.marker.settling_fraction=0.05;;active.marker.weights.diversity=0.6;;active.marker.weights.sparsity=0.4;;qbc_K=64;;qbc_P=2048;;qbc_T=15;;qbc_enable_logging=true;;qbc_n0=64		
44	cfg_00044_f0edbefa67	marker_directed	main	b1024	s01	thesis_marker_hpo_stage1	SM4	true	true		/zhome/14/b/214266/Repos/ml-surrogates-for-power-systems/outputs/hpo/marker_directed/stage1_policy_search/marker_directed_policy_search_20260301_160048/runs/cfg_00044_f0edbefa67	active.candidate_method=lhs;;active.log_every=5;;active.marker.greedy_score_weight=0.7;;active.marker.include_anchor_state_markers=true;;active.marker.k_density=20;;active.marker.pca_explained_variance=0.95;;active.marker.preselect_factor=5;;active.marker.settling_fraction=0.05;;active.marker.weights.diversity=0.8;;active.marker.weights.sparsity=0.4;;qbc_K=64;;qbc_P=2048;;qbc_T=15;;qbc_enable_logging=true;;qbc_n0=64		
45	cfg_00045_979c9cb2cf	marker_directed	main	b1024	s01	thesis_marker_hpo_stage1	SM4	true	true		/zhome/14/b/214266/Repos/ml-surrogates-for-power-systems/outputs/hpo/marker_directed/stage1_policy_search/marker_directed_policy_search_20260301_160048/runs/cfg_00045_979c9cb2cf	active.candidate_method=lhs;;active.log_every=5;;active.marker.greedy_score_weight=0.9;;active.marker.include_anchor_state_markers=true;;active.marker.k_density=20;;active.marker.pca_explained_variance=0.95;;active.marker.preselect_factor=5;;active.marker.settling_fraction=0.05;;active.marker.weights.diversity=0.4;;active.marker.weights.sparsity=0.4;;qbc_K=64;;qbc_P=2048;;qbc_T=15;;qbc_enable_logging=true;;qbc_n0=64		
46	cfg_00046_8bf9a18f1f	marker_directed	main	b1024	s01	thesis_marker_hpo_stage1	SM4	true	true		/zhome/14/b/214266/Repos/ml-surrogates-for-power-systems/outputs/hpo/marker_directed/stage1_policy_search/marker_directed_policy_search_20260301_160048/runs/cfg_00046_8bf9a18f1f	active.candidate_method=lhs;;active.log_every=5;;active.marker.greedy_score_weight=0.9;;active.marker.include_anchor_state_markers=true;;active.marker.k_density=20;;active.marker.pca_explained_variance=0.95;;active.marker.preselect_factor=5;;active.marker.settling_fraction=0.05;;active.marker.weights.diversity=0.6;;active.marker.weights.sparsity=0.4;;qbc_K=64;;qbc_P=2048;;qbc_T=15;;qbc_enable_logging=true;;qbc_n0=64		
47	cfg_00047_a4aafe7562	marker_directed	main	b1024	s01	thesis_marker_hpo_stage1	SM4	true	true		/zhome/14/b/214266/Repos/ml-surrogates-for-power-systems/outputs/hpo/marker_directed/stage1_policy_search/marker_directed_policy_search_20260301_160048/runs/cfg_00047_a4aafe7562	active.candidate_method=lhs;;active.log_every=5;;active.marker.greedy_score_weight=0.9;;active.marker.include_anchor_state_markers=true;;active.marker.k_density=20;;active.marker.pca_explained_variance=0.95;;active.marker.preselect_factor=5;;active.marker.settling_fraction=0.05;;active.marker.weights.diversity=0.8;;active.marker.weights.sparsity=0.4;;qbc_K=64;;qbc_P=2048;;qbc_T=15;;qbc_enable_logging=true;;qbc_n0=64		
48	cfg_00048_b960bfb94c	marker_directed	main	b1024	s02	thesis_marker_hpo_stage1	SM4	true	true		/zhome/14/b/214266/Repos/ml-surrogates-for-power-systems/outputs/hpo/marker_directed/stage1_policy_search/marker_directed_policy_search_20260301_160048/runs/cfg_00048_b960bfb94c	active.candidate_method=lhs;;active.log_every=5;;active.marker.greedy_score_weight=0.7;;active.marker.include_anchor_state_markers=true;;active.marker.k_density=10;;active.marker.pca_explained_variance=0.9;;active.marker.preselect_factor=3;;active.marker.settling_fraction=0.05;;active.marker.weights.diversity=0.4;;active.marker.weights.sparsity=0.4;;qbc_K=64;;qbc_P=2048;;qbc_T=15;;qbc_enable_logging=true;;qbc_n0=64		
49	cfg_00049_de6e9a302a	marker_directed	main	b1024	s02	thesis_marker_hpo_stage1	SM4	true	true		/zhome/14/b/214266/Repos/ml-surrogates-for-power-systems/outputs/hpo/marker_directed/stage1_policy_search/marker_directed_policy_search_20260301_160048/runs/cfg_00049_de6e9a302a	active.candidate_method=lhs;;active.log_every=5;;active.marker.greedy_score_weight=0.7;;active.marker.include_anchor_state_markers=true;;active.marker.k_density=10;;active.marker.pca_explained_variance=0.9;;active.marker.preselect_factor=3;;active.marker.settling_fraction=0.05;;active.marker.weights.diversity=0.6;;active.marker.weights.sparsity=0.4;;qbc_K=64;;qbc_P=2048;;qbc_T=15;;qbc_enable_logging=true;;qbc_n0=64		
50	cfg_00050_a30aaa4f93	marker_directed	main	b1024	s02	thesis_marker_hpo_stage1	SM4	true	true		/zhome/14/b/214266/Repos/ml-surrogates-for-power-systems/outputs/hpo/marker_directed/stage1_policy_search/marker_directed_policy_search_20260301_160048/runs/cfg_00050_a30aaa4f93	active.candidate_method=lhs;;active.log_every=5;;active.marker.greedy_score_weight=0.7;;active.marker.include_anchor_state_markers=true;;active.marker.k_density=10;;active.marker.pca_explained_variance=0.9;;active.marker.preselect_factor=3;;active.marker.settling_fraction=0.05;;active.marker.weights.diversity=0.8;;active.marker.weights.sparsity=0.4;;qbc_K=64;;qbc_P=2048;;qbc_T=15;;qbc_enable_logging=true;;qbc_n0=64		
51	cfg_00051_eaadf75f00	marker_directed	main	b1024	s02	thesis_marker_hpo_stage1	SM4	true	true		/zhome/14/b/214266/Repos/ml-surrogates-for-power-systems/outputs/hpo/marker_directed/stage1_policy_search/marker_directed_policy_search_20260301_160048/runs/cfg_00051_eaadf75f00	active.candidate_method=lhs;;active.log_every=5;;active.marker.greedy_score_weight=0.9;;active.marker.include_anchor_state_markers=true;;active.marker.k_density=10;;active.marker.pca_explained_variance=0.9;;active.marker.preselect_factor=3;;active.marker.settling_fraction=0.05;;active.marker.weights.diversity=0.4;;active.marker.weights.sparsity=0.4;;qbc_K=64;;qbc_P=2048;;qbc_T=15;;qbc_enable_logging=true;;qbc_n0=64		
52	cfg_00052_7c1f431077	marker_directed	main	b1024	s02	thesis_marker_hpo_stage1	SM4	true	true		/zhome/14/b/214266/Repos/ml-surrogates-for-power-systems/outputs/hpo/marker_directed/stage1_policy_search/marker_directed_policy_search_20260301_160048/runs/cfg_00052_7c1f431077	active.candidate_method=lhs;;active.log_every=5;;active.marker.greedy_score_weight=0.9;;active.marker.include_anchor_state_markers=true;;active.marker.k_density=10;;active.marker.pca_explained_variance=0.9;;active.marker.preselect_factor=3;;active.marker.settling_fraction=0.05;;active.marker.weights.diversity=0.6;;active.marker.weights.sparsity=0.4;;qbc_K=64;;qbc_P=2048;;qbc_T=15;;qbc_enable_logging=true;;qbc_n0=64		
53	cfg_00053_73f32fe453	marker_directed	main	b1024	s02	thesis_marker_hpo_stage1	SM4	true	true		/zhome/14/b/214266/Repos/ml-surrogates-for-power-systems/outputs/hpo/marker_directed/stage1_policy_search/marker_directed_policy_search_20260301_160048/runs/cfg_00053_73f32fe453	active.candidate_method=lhs;;active.log_every=5;;active.marker.greedy_score_weight=0.9;;active.marker.include_anchor_state_markers=true;;active.marker.k_density=10;;active.marker.pca_explained_variance=0.9;;active.marker.preselect_factor=3;;active.marker.settling_fraction=0.05;;active.marker.weights.diversity=0.8;;active.marker.weights.sparsity=0.4;;qbc_K=64;;qbc_P=2048;;qbc_T=15;;qbc_enable_logging=true;;qbc_n0=64		
54	cfg_00054_185e1313ff	marker_directed	main	b1024	s02	thesis_marker_hpo_stage1	SM4	true	true		/zhome/14/b/214266/Repos/ml-surrogates-for-power-systems/outputs/hpo/marker_directed/stage1_policy_search/marker_directed_policy_search_20260301_160048/runs/cfg_00054_185e1313ff	active.candidate_method=lhs;;active.log_every=5;;active.marker.greedy_score_weight=0.7;;active.marker.include_anchor_state_markers=true;;active.marker.k_density=10;;active.marker.pca_explained_variance=0.9;;active.marker.preselect_factor=5;;active.marker.settling_fraction=0.05;;active.marker.weights.diversity=0.4;;active.marker.weights.sparsity=0.4;;qbc_K=64;;qbc_P=2048;;qbc_T=15;;qbc_enable_logging=true;;qbc_n0=64		
55	cfg_00055_ccb57e9ca0	marker_directed	main	b1024	s02	thesis_marker_hpo_stage1	SM4	true	true		/zhome/14/b/214266/Repos/ml-surrogates-for-power-systems/outputs/hpo/marker_directed/stage1_policy_search/marker_directed_policy_search_20260301_160048/runs/cfg_00055_ccb57e9ca0	active.candidate_method=lhs;;active.log_every=5;;active.marker.greedy_score_weight=0.7;;active.marker.include_anchor_state_markers=true;;active.marker.k_density=10;;active.marker.pca_explained_variance=0.9;;active.marker.preselect_factor=5;;active.marker.settling_fraction=0.05;;active.marker.weights.diversity=0.6;;active.marker.weights.sparsity=0.4;;qbc_K=64;;qbc_P=2048;;qbc_T=15;;qbc_enable_logging=true;;qbc_n0=64		
56	cfg_00056_1a1377f729	marker_directed	main	b1024	s02	thesis_marker_hpo_stage1	SM4	true	true		/zhome/14/b/214266/Repos/ml-surrogates-for-power-systems/outputs/hpo/marker_directed/stage1_policy_search/marker_directed_policy_search_20260301_160048/runs/cfg_00056_1a1377f729	active.candidate_method=lhs;;active.log_every=5;;active.marker.greedy_score_weight=0.7;;active.marker.include_anchor_state_markers=true;;active.marker.k_density=10;;active.marker.pca_explained_variance=0.9;;active.marker.preselect_factor=5;;active.marker.settling_fraction=0.05;;active.marker.weights.diversity=0.8;;active.marker.weights.sparsity=0.4;;qbc_K=64;;qbc_P=2048;;qbc_T=15;;qbc_enable_logging=true;;qbc_n0=64		
57	cfg_00057_1c621d36eb	marker_directed	main	b1024	s02	thesis_marker_hpo_stage1	SM4	true	true		/zhome/14/b/214266/Repos/ml-surrogates-for-power-systems/outputs/hpo/marker_directed/stage1_policy_search/marker_directed_policy_search_20260301_160048/runs/cfg_00057_1c621d36eb	active.candidate_method=lhs;;active.log_every=5;;active.marker.greedy_score_weight=0.9;;active.marker.include_anchor_state_markers=true;;active.marker.k_density=10;;active.marker.pca_explained_variance=0.9;;active.marker.preselect_factor=5;;active.marker.settling_fraction=0.05;;active.marker.weights.diversity=0.4;;active.marker.weights.sparsity=0.4;;qbc_K=64;;qbc_P=2048;;qbc_T=15;;qbc_enable_logging=true;;qbc_n0=64		
58	cfg_00058_e5dde9adc7	marker_directed	main	b1024	s02	thesis_marker_hpo_stage1	SM4	true	true		/zhome/14/b/214266/Repos/ml-surrogates-for-power-systems/outputs/hpo/marker_directed/stage1_policy_search/marker_directed_policy_search_20260301_160048/runs/cfg_00058_e5dde9adc7	active.candidate_method=lhs;;active.log_every=5;;active.marker.greedy_score_weight=0.9;;active.marker.include_anchor_state_markers=true;;active.marker.k_density=10;;active.marker.pca_explained_variance=0.9;;active.marker.preselect_factor=5;;active.marker.settling_fraction=0.05;;active.marker.weights.diversity=0.6;;active.marker.weights.sparsity=0.4;;qbc_K=64;;qbc_P=2048;;qbc_T=15;;qbc_enable_logging=true;;qbc_n0=64		
59	cfg_00059_a8b7367e40	marker_directed	main	b1024	s02	thesis_marker_hpo_stage1	SM4	true	true		/zhome/14/b/214266/Repos/ml-surrogates-for-power-systems/outputs/hpo/marker_directed/stage1_policy_search/marker_directed_policy_search_20260301_160048/runs/cfg_00059_a8b7367e40	active.candidate_method=lhs;;active.log_every=5;;active.marker.greedy_score_weight=0.9;;active.marker.include_anchor_state_markers=true;;active.marker.k_density=10;;active.marker.pca_explained_variance=0.9;;active.marker.preselect_factor=5;;active.marker.settling_fraction=0.05;;active.marker.weights.diversity=0.8;;active.marker.weights.sparsity=0.4;;qbc_K=64;;qbc_P=2048;;qbc_T=15;;qbc_enable_logging=true;;qbc_n0=64		
60	cfg_00060_b99c07e3bf	marker_directed	main	b1024	s02	thesis_marker_hpo_stage1	SM4	true	true		/zhome/14/b/214266/Repos/ml-surrogates-for-power-systems/outputs/hpo/marker_directed/stage1_policy_search/marker_directed_policy_search_20260301_160048/runs/cfg_00060_b99c07e3bf	active.candidate_method=lhs;;active.log_every=5;;active.marker.greedy_score_weight=0.7;;active.marker.include_anchor_state_markers=true;;active.marker.k_density=20;;active.marker.pca_explained_variance=0.9;;active.marker.preselect_factor=3;;active.marker.settling_fraction=0.05;;active.marker.weights.diversity=0.4;;active.marker.weights.sparsity=0.4;;qbc_K=64;;qbc_P=2048;;qbc_T=15;;qbc_enable_logging=true;;qbc_n0=64		
61	cfg_00061_8d70def2a1	marker_directed	main	b1024	s02	thesis_marker_hpo_stage1	SM4	true	true		/zhome/14/b/214266/Repos/ml-surrogates-for-power-systems/outputs/hpo/marker_directed/stage1_policy_search/marker_directed_policy_search_20260301_160048/runs/cfg_00061_8d70def2a1	active.candidate_method=lhs;;active.log_every=5;;active.marker.greedy_score_weight=0.7;;active.marker.include_anchor_state_markers=true;;active.marker.k_density=20;;active.marker.pca_explained_variance=0.9;;active.marker.preselect_factor=3;;active.marker.settling_fraction=0.05;;active.marker.weights.diversity=0.6;;active.marker.weights.sparsity=0.4;;qbc_K=64;;qbc_P=2048;;qbc_T=15;;qbc_enable_logging=true;;qbc_n0=64		
62	cfg_00062_9d825e1cc1	marker_directed	main	b1024	s02	thesis_marker_hpo_stage1	SM4	true	true		/zhome/14/b/214266/Repos/ml-surrogates-for-power-systems/outputs/hpo/marker_directed/stage1_policy_search/marker_directed_policy_search_20260301_160048/runs/cfg_00062_9d825e1cc1	active.candidate_method=lhs;;active.log_every=5;;active.marker.greedy_score_weight=0.7;;active.marker.include_anchor_state_markers=true;;active.marker.k_density=20;;active.marker.pca_explained_variance=0.9;;active.marker.preselect_factor=3;;active.marker.settling_fraction=0.05;;active.marker.weights.diversity=0.8;;active.marker.weights.sparsity=0.4;;qbc_K=64;;qbc_P=2048;;qbc_T=15;;qbc_enable_logging=true;;qbc_n0=64		
63	cfg_00063_377101bfda	marker_directed	main	b1024	s02	thesis_marker_hpo_stage1	SM4	true	true		/zhome/14/b/214266/Repos/ml-surrogates-for-power-systems/outputs/hpo/marker_directed/stage1_policy_search/marker_directed_policy_search_20260301_160048/runs/cfg_00063_377101bfda	active.candidate_method=lhs;;active.log_every=5;;active.marker.greedy_score_weight=0.9;;active.marker.include_anchor_state_markers=true;;active.marker.k_density=20;;active.marker.pca_explained_variance=0.9;;active.marker.preselect_factor=3;;active.marker.settling_fraction=0.05;;active.marker.weights.diversity=0.4;;active.marker.weights.sparsity=0.4;;qbc_K=64;;qbc_P=2048;;qbc_T=15;;qbc_enable_logging=true;;qbc_n0=64		
64	cfg_00064_8e196e62c3	marker_directed	main	b1024	s02	thesis_marker_hpo_stage1	SM4	true	true		/zhome/14/b/214266/Repos/ml-surrogates-for-power-systems/outputs/hpo/marker_directed/stage1_policy_search/marker_directed_policy_search_20260301_160048/runs/cfg_00064_8e196e62c3	active.candidate_method=lhs;;active.log_every=5;;active.marker.greedy_score_weight=0.9;;active.marker.include_anchor_state_markers=true;;active.marker.k_density=20;;active.marker.pca_explained_variance=0.9;;active.marker.preselect_factor=3;;active.marker.settling_fraction=0.05;;active.marker.weights.diversity=0.6;;active.marker.weights.sparsity=0.4;;qbc_K=64;;qbc_P=2048;;qbc_T=15;;qbc_enable_logging=true;;qbc_n0=64		
65	cfg_00065_ab4c90fa8c	marker_directed	main	b1024	s02	thesis_marker_hpo_stage1	SM4	true	true		/zhome/14/b/214266/Repos/ml-surrogates-for-power-systems/outputs/hpo/marker_directed/stage1_policy_search/marker_directed_policy_search_20260301_160048/runs/cfg_00065_ab4c90fa8c	active.candidate_method=lhs;;active.log_every=5;;active.marker.greedy_score_weight=0.9;;active.marker.include_anchor_state_markers=true;;active.marker.k_density=20;;active.marker.pca_explained_variance=0.9;;active.marker.preselect_factor=3;;active.marker.settling_fraction=0.05;;active.marker.weights.diversity=0.8;;active.marker.weights.sparsity=0.4;;qbc_K=64;;qbc_P=2048;;qbc_T=15;;qbc_enable_logging=true;;qbc_n0=64		
66	cfg_00066_8721893f23	marker_directed	main	b1024	s02	thesis_marker_hpo_stage1	SM4	true	true		/zhome/14/b/214266/Repos/ml-surrogates-for-power-systems/outputs/hpo/marker_directed/stage1_policy_search/marker_directed_policy_search_20260301_160048/runs/cfg_00066_8721893f23	active.candidate_method=lhs;;active.log_every=5;;active.marker.greedy_score_weight=0.7;;active.marker.include_anchor_state_markers=true;;active.marker.k_density=20;;active.marker.pca_explained_variance=0.9;;active.marker.preselect_factor=5;;active.marker.settling_fraction=0.05;;active.marker.weights.diversity=0.4;;active.marker.weights.sparsity=0.4;;qbc_K=64;;qbc_P=2048;;qbc_T=15;;qbc_enable_logging=true;;qbc_n0=64		
67	cfg_00067_7b30f4a954	marker_directed	main	b1024	s02	thesis_marker_hpo_stage1	SM4	true	true		/zhome/14/b/214266/Repos/ml-surrogates-for-power-systems/outputs/hpo/marker_directed/stage1_policy_search/marker_directed_policy_search_20260301_160048/runs/cfg_00067_7b30f4a954	active.candidate_method=lhs;;active.log_every=5;;active.marker.greedy_score_weight=0.7;;active.marker.include_anchor_state_markers=true;;active.marker.k_density=20;;active.marker.pca_explained_variance=0.9;;active.marker.preselect_factor=5;;active.marker.settling_fraction=0.05;;active.marker.weights.diversity=0.6;;active.marker.weights.sparsity=0.4;;qbc_K=64;;qbc_P=2048;;qbc_T=15;;qbc_enable_logging=true;;qbc_n0=64		
68	cfg_00068_fa2de1c73c	marker_directed	main	b1024	s02	thesis_marker_hpo_stage1	SM4	true	true		/zhome/14/b/214266/Repos/ml-surrogates-for-power-systems/outputs/hpo/marker_directed/stage1_policy_search/marker_directed_policy_search_20260301_160048/runs/cfg_00068_fa2de1c73c	active.candidate_method=lhs;;active.log_every=5;;active.marker.greedy_score_weight=0.7;;active.marker.include_anchor_state_markers=true;;active.marker.k_density=20;;active.marker.pca_explained_variance=0.9;;active.marker.preselect_factor=5;;active.marker.settling_fraction=0.05;;active.marker.weights.diversity=0.8;;active.marker.weights.sparsity=0.4;;qbc_K=64;;qbc_P=2048;;qbc_T=15;;qbc_enable_logging=true;;qbc_n0=64		
69	cfg_00069_95d715f39e	marker_directed	main	b1024	s02	thesis_marker_hpo_stage1	SM4	true	true		/zhome/14/b/214266/Repos/ml-surrogates-for-power-systems/outputs/hpo/marker_directed/stage1_policy_search/marker_directed_policy_search_20260301_160048/runs/cfg_00069_95d715f39e	active.candidate_method=lhs;;active.log_every=5;;active.marker.greedy_score_weight=0.9;;active.marker.include_anchor_state_markers=true;;active.marker.k_density=20;;active.marker.pca_explained_variance=0.9;;active.marker.preselect_factor=5;;active.marker.settling_fraction=0.05;;active.marker.weights.diversity=0.4;;active.marker.weights.sparsity=0.4;;qbc_K=64;;qbc_P=2048;;qbc_T=15;;qbc_enable_logging=true;;qbc_n0=64		
70	cfg_00070_f6b12fbd1e	marker_directed	main	b1024	s02	thesis_marker_hpo_stage1	SM4	true	true		/zhome/14/b/214266/Repos/ml-surrogates-for-power-systems/outputs/hpo/marker_directed/stage1_policy_search/marker_directed_policy_search_20260301_160048/runs/cfg_00070_f6b12fbd1e	active.candidate_method=lhs;;active.log_every=5;;active.marker.greedy_score_weight=0.9;;active.marker.include_anchor_state_markers=true;;active.marker.k_density=20;;active.marker.pca_explained_variance=0.9;;active.marker.preselect_factor=5;;active.marker.settling_fraction=0.05;;active.marker.weights.diversity=0.6;;active.marker.weights.sparsity=0.4;;qbc_K=64;;qbc_P=2048;;qbc_T=15;;qbc_enable_logging=true;;qbc_n0=64		
71	cfg_00071_f6730ddbc1	marker_directed	main	b1024	s02	thesis_marker_hpo_stage1	SM4	true	true		/zhome/14/b/214266/Repos/ml-surrogates-for-power-systems/outputs/hpo/marker_directed/stage1_policy_search/marker_directed_policy_search_20260301_160048/runs/cfg_00071_f6730ddbc1	active.candidate_method=lhs;;active.log_every=5;;active.marker.greedy_score_weight=0.9;;active.marker.include_anchor_state_markers=true;;active.marker.k_density=20;;active.marker.pca_explained_variance=0.9;;active.marker.preselect_factor=5;;active.marker.settling_fraction=0.05;;active.marker.weights.diversity=0.8;;active.marker.weights.sparsity=0.4;;qbc_K=64;;qbc_P=2048;;qbc_T=15;;qbc_enable_logging=true;;qbc_n0=64		
72	cfg_00072_8bbc4addd0	marker_directed	main	b1024	s02	thesis_marker_hpo_stage1	SM4	true	true		/zhome/14/b/214266/Repos/ml-surrogates-for-power-systems/outputs/hpo/marker_directed/stage1_policy_search/marker_directed_policy_search_20260301_160048/runs/cfg_00072_8bbc4addd0	active.candidate_method=lhs;;active.log_every=5;;active.marker.greedy_score_weight=0.7;;active.marker.include_anchor_state_markers=true;;active.marker.k_density=10;;active.marker.pca_explained_variance=0.95;;active.marker.preselect_factor=3;;active.marker.settling_fraction=0.05;;active.marker.weights.diversity=0.4;;active.marker.weights.sparsity=0.4;;qbc_K=64;;qbc_P=2048;;qbc_T=15;;qbc_enable_logging=true;;qbc_n0=64		
73	cfg_00073_1313fac395	marker_directed	main	b1024	s02	thesis_marker_hpo_stage1	SM4	true	true		/zhome/14/b/214266/Repos/ml-surrogates-for-power-systems/outputs/hpo/marker_directed/stage1_policy_search/marker_directed_policy_search_20260301_160048/runs/cfg_00073_1313fac395	active.candidate_method=lhs;;active.log_every=5;;active.marker.greedy_score_weight=0.7;;active.marker.include_anchor_state_markers=true;;active.marker.k_density=10;;active.marker.pca_explained_variance=0.95;;active.marker.preselect_factor=3;;active.marker.settling_fraction=0.05;;active.marker.weights.diversity=0.6;;active.marker.weights.sparsity=0.4;;qbc_K=64;;qbc_P=2048;;qbc_T=15;;qbc_enable_logging=true;;qbc_n0=64		
74	cfg_00074_cc33ce2f82	marker_directed	main	b1024	s02	thesis_marker_hpo_stage1	SM4	true	true		/zhome/14/b/214266/Repos/ml-surrogates-for-power-systems/outputs/hpo/marker_directed/stage1_policy_search/marker_directed_policy_search_20260301_160048/runs/cfg_00074_cc33ce2f82	active.candidate_method=lhs;;active.log_every=5;;active.marker.greedy_score_weight=0.7;;active.marker.include_anchor_state_markers=true;;active.marker.k_density=10;;active.marker.pca_explained_variance=0.95;;active.marker.preselect_factor=3;;active.marker.settling_fraction=0.05;;active.marker.weights.diversity=0.8;;active.marker.weights.sparsity=0.4;;qbc_K=64;;qbc_P=2048;;qbc_T=15;;qbc_enable_logging=true;;qbc_n0=64		
75	cfg_00075_dd42b0a6e9	marker_directed	main	b1024	s02	thesis_marker_hpo_stage1	SM4	true	true		/zhome/14/b/214266/Repos/ml-surrogates-for-power-systems/outputs/hpo/marker_directed/stage1_policy_search/marker_directed_policy_search_20260301_160048/runs/cfg_00075_dd42b0a6e9	active.candidate_method=lhs;;active.log_every=5;;active.marker.greedy_score_weight=0.9;;active.marker.include_anchor_state_markers=true;;active.marker.k_density=10;;active.marker.pca_explained_variance=0.95;;active.marker.preselect_factor=3;;active.marker.settling_fraction=0.05;;active.marker.weights.diversity=0.4;;active.marker.weights.sparsity=0.4;;qbc_K=64;;qbc_P=2048;;qbc_T=15;;qbc_enable_logging=true;;qbc_n0=64		
76	cfg_00076_a20d9cda21	marker_directed	main	b1024	s02	thesis_marker_hpo_stage1	SM4	true	true		/zhome/14/b/214266/Repos/ml-surrogates-for-power-systems/outputs/hpo/marker_directed/stage1_policy_search/marker_directed_policy_search_20260301_160048/runs/cfg_00076_a20d9cda21	active.candidate_method=lhs;;active.log_every=5;;active.marker.greedy_score_weight=0.9;;active.marker.include_anchor_state_markers=true;;active.marker.k_density=10;;active.marker.pca_explained_variance=0.95;;active.marker.preselect_factor=3;;active.marker.settling_fraction=0.05;;active.marker.weights.diversity=0.6;;active.marker.weights.sparsity=0.4;;qbc_K=64;;qbc_P=2048;;qbc_T=15;;qbc_enable_logging=true;;qbc_n0=64		
77	cfg_00077_0a9a06d7a4	marker_directed	main	b1024	s02	thesis_marker_hpo_stage1	SM4	true	true		/zhome/14/b/214266/Repos/ml-surrogates-for-power-systems/outputs/hpo/marker_directed/stage1_policy_search/marker_directed_policy_search_20260301_160048/runs/cfg_00077_0a9a06d7a4	active.candidate_method=lhs;;active.log_every=5;;active.marker.greedy_score_weight=0.9;;active.marker.include_anchor_state_markers=true;;active.marker.k_density=10;;active.marker.pca_explained_variance=0.95;;active.marker.preselect_factor=3;;active.marker.settling_fraction=0.05;;active.marker.weights.diversity=0.8;;active.marker.weights.sparsity=0.4;;qbc_K=64;;qbc_P=2048;;qbc_T=15;;qbc_enable_logging=true;;qbc_n0=64		
78	cfg_00078_5cfb134302	marker_directed	main	b1024	s02	thesis_marker_hpo_stage1	SM4	true	true		/zhome/14/b/214266/Repos/ml-surrogates-for-power-systems/outputs/hpo/marker_directed/stage1_policy_search/marker_directed_policy_search_20260301_160048/runs/cfg_00078_5cfb134302	active.candidate_method=lhs;;active.log_every=5;;active.marker.greedy_score_weight=0.7;;active.marker.include_anchor_state_markers=true;;active.marker.k_density=10;;active.marker.pca_explained_variance=0.95;;active.marker.preselect_factor=5;;active.marker.settling_fraction=0.05;;active.marker.weights.diversity=0.4;;active.marker.weights.sparsity=0.4;;qbc_K=64;;qbc_P=2048;;qbc_T=15;;qbc_enable_logging=true;;qbc_n0=64		
79	cfg_00079_5382eb3dcb	marker_directed	main	b1024	s02	thesis_marker_hpo_stage1	SM4	true	true		/zhome/14/b/214266/Repos/ml-surrogates-for-power-systems/outputs/hpo/marker_directed/stage1_policy_search/marker_directed_policy_search_20260301_160048/runs/cfg_00079_5382eb3dcb	active.candidate_method=lhs;;active.log_every=5;;active.marker.greedy_score_weight=0.7;;active.marker.include_anchor_state_markers=true;;active.marker.k_density=10;;active.marker.pca_explained_variance=0.95;;active.marker.preselect_factor=5;;active.marker.settling_fraction=0.05;;active.marker.weights.diversity=0.6;;active.marker.weights.sparsity=0.4;;qbc_K=64;;qbc_P=2048;;qbc_T=15;;qbc_enable_logging=true;;qbc_n0=64		
80	cfg_00080_e08e6d61d3	marker_directed	main	b1024	s02	thesis_marker_hpo_stage1	SM4	true	true		/zhome/14/b/214266/Repos/ml-surrogates-for-power-systems/outputs/hpo/marker_directed/stage1_policy_search/marker_directed_policy_search_20260301_160048/runs/cfg_00080_e08e6d61d3	active.candidate_method=lhs;;active.log_every=5;;active.marker.greedy_score_weight=0.7;;active.marker.include_anchor_state_markers=true;;active.marker.k_density=10;;active.marker.pca_explained_variance=0.95;;active.marker.preselect_factor=5;;active.marker.settling_fraction=0.05;;active.marker.weights.diversity=0.8;;active.marker.weights.sparsity=0.4;;qbc_K=64;;qbc_P=2048;;qbc_T=15;;qbc_enable_logging=true;;qbc_n0=64		
81	cfg_00081_f713a7d394	marker_directed	main	b1024	s02	thesis_marker_hpo_stage1	SM4	true	true		/zhome/14/b/214266/Repos/ml-surrogates-for-power-systems/outputs/hpo/marker_directed/stage1_policy_search/marker_directed_policy_search_20260301_160048/runs/cfg_00081_f713a7d394	active.candidate_method=lhs;;active.log_every=5;;active.marker.greedy_score_weight=0.9;;active.marker.include_anchor_state_markers=true;;active.marker.k_density=10;;active.marker.pca_explained_variance=0.95;;active.marker.preselect_factor=5;;active.marker.settling_fraction=0.05;;active.marker.weights.diversity=0.4;;active.marker.weights.sparsity=0.4;;qbc_K=64;;qbc_P=2048;;qbc_T=15;;qbc_enable_logging=true;;qbc_n0=64		
82	cfg_00082_874afe1628	marker_directed	main	b1024	s02	thesis_marker_hpo_stage1	SM4	true	true		/zhome/14/b/214266/Repos/ml-surrogates-for-power-systems/outputs/hpo/marker_directed/stage1_policy_search/marker_directed_policy_search_20260301_160048/runs/cfg_00082_874afe1628	active.candidate_method=lhs;;active.log_every=5;;active.marker.greedy_score_weight=0.9;;active.marker.include_anchor_state_markers=true;;active.marker.k_density=10;;active.marker.pca_explained_variance=0.95;;active.marker.preselect_factor=5;;active.marker.settling_fraction=0.05;;active.marker.weights.diversity=0.6;;active.marker.weights.sparsity=0.4;;qbc_K=64;;qbc_P=2048;;qbc_T=15;;qbc_enable_logging=true;;qbc_n0=64		
83	cfg_00083_a9f1aa1272	marker_directed	main	b1024	s02	thesis_marker_hpo_stage1	SM4	true	true		/zhome/14/b/214266/Repos/ml-surrogates-for-power-systems/outputs/hpo/marker_directed/stage1_policy_search/marker_directed_policy_search_20260301_160048/runs/cfg_00083_a9f1aa1272	active.candidate_method=lhs;;active.log_every=5;;active.marker.greedy_score_weight=0.9;;active.marker.include_anchor_state_markers=true;;active.marker.k_density=10;;active.marker.pca_explained_variance=0.95;;active.marker.preselect_factor=5;;active.marker.settling_fraction=0.05;;active.marker.weights.diversity=0.8;;active.marker.weights.sparsity=0.4;;qbc_K=64;;qbc_P=2048;;qbc_T=15;;qbc_enable_logging=true;;qbc_n0=64		
84	cfg_00084_780cf900e6	marker_directed	main	b1024	s02	thesis_marker_hpo_stage1	SM4	true	true		/zhome/14/b/214266/Repos/ml-surrogates-for-power-systems/outputs/hpo/marker_directed/stage1_policy_search/marker_directed_policy_search_20260301_160048/runs/cfg_00084_780cf900e6	active.candidate_method=lhs;;active.log_every=5;;active.marker.greedy_score_weight=0.7;;active.marker.include_anchor_state_markers=true;;active.marker.k_density=20;;active.marker.pca_explained_variance=0.95;;active.marker.preselect_factor=3;;active.marker.settling_fraction=0.05;;active.marker.weights.diversity=0.4;;active.marker.weights.sparsity=0.4;;qbc_K=64;;qbc_P=2048;;qbc_T=15;;qbc_enable_logging=true;;qbc_n0=64		
85	cfg_00085_044173e548	marker_directed	main	b1024	s02	thesis_marker_hpo_stage1	SM4	true	true		/zhome/14/b/214266/Repos/ml-surrogates-for-power-systems/outputs/hpo/marker_directed/stage1_policy_search/marker_directed_policy_search_20260301_160048/runs/cfg_00085_044173e548	active.candidate_method=lhs;;active.log_every=5;;active.marker.greedy_score_weight=0.7;;active.marker.include_anchor_state_markers=true;;active.marker.k_density=20;;active.marker.pca_explained_variance=0.95;;active.marker.preselect_factor=3;;active.marker.settling_fraction=0.05;;active.marker.weights.diversity=0.6;;active.marker.weights.sparsity=0.4;;qbc_K=64;;qbc_P=2048;;qbc_T=15;;qbc_enable_logging=true;;qbc_n0=64		
86	cfg_00086_23143dbfba	marker_directed	main	b1024	s02	thesis_marker_hpo_stage1	SM4	true	true		/zhome/14/b/214266/Repos/ml-surrogates-for-power-systems/outputs/hpo/marker_directed/stage1_policy_search/marker_directed_policy_search_20260301_160048/runs/cfg_00086_23143dbfba	active.candidate_method=lhs;;active.log_every=5;;active.marker.greedy_score_weight=0.7;;active.marker.include_anchor_state_markers=true;;active.marker.k_density=20;;active.marker.pca_explained_variance=0.95;;active.marker.preselect_factor=3;;active.marker.settling_fraction=0.05;;active.marker.weights.diversity=0.8;;active.marker.weights.sparsity=0.4;;qbc_K=64;;qbc_P=2048;;qbc_T=15;;qbc_enable_logging=true;;qbc_n0=64		
87	cfg_00087_75dabb1c8d	marker_directed	main	b1024	s02	thesis_marker_hpo_stage1	SM4	true	true		/zhome/14/b/214266/Repos/ml-surrogates-for-power-systems/outputs/hpo/marker_directed/stage1_policy_search/marker_directed_policy_search_20260301_160048/runs/cfg_00087_75dabb1c8d	active.candidate_method=lhs;;active.log_every=5;;active.marker.greedy_score_weight=0.9;;active.marker.include_anchor_state_markers=true;;active.marker.k_density=20;;active.marker.pca_explained_variance=0.95;;active.marker.preselect_factor=3;;active.marker.settling_fraction=0.05;;active.marker.weights.diversity=0.4;;active.marker.weights.sparsity=0.4;;qbc_K=64;;qbc_P=2048;;qbc_T=15;;qbc_enable_logging=true;;qbc_n0=64		
88	cfg_00088_05186bdf8e	marker_directed	main	b1024	s02	thesis_marker_hpo_stage1	SM4	true	true		/zhome/14/b/214266/Repos/ml-surrogates-for-power-systems/outputs/hpo/marker_directed/stage1_policy_search/marker_directed_policy_search_20260301_160048/runs/cfg_00088_05186bdf8e	active.candidate_method=lhs;;active.log_every=5;;active.marker.greedy_score_weight=0.9;;active.marker.include_anchor_state_markers=true;;active.marker.k_density=20;;active.marker.pca_explained_variance=0.95;;active.marker.preselect_factor=3;;active.marker.settling_fraction=0.05;;active.marker.weights.diversity=0.6;;active.marker.weights.sparsity=0.4;;qbc_K=64;;qbc_P=2048;;qbc_T=15;;qbc_enable_logging=true;;qbc_n0=64		
89	cfg_00089_b911a0757c	marker_directed	main	b1024	s02	thesis_marker_hpo_stage1	SM4	true	true		/zhome/14/b/214266/Repos/ml-surrogates-for-power-systems/outputs/hpo/marker_directed/stage1_policy_search/marker_directed_policy_search_20260301_160048/runs/cfg_00089_b911a0757c	active.candidate_method=lhs;;active.log_every=5;;active.marker.greedy_score_weight=0.9;;active.marker.include_anchor_state_markers=true;;active.marker.k_density=20;;active.marker.pca_explained_variance=0.95;;active.marker.preselect_factor=3;;active.marker.settling_fraction=0.05;;active.marker.weights.diversity=0.8;;active.marker.weights.sparsity=0.4;;qbc_K=64;;qbc_P=2048;;qbc_T=15;;qbc_enable_logging=true;;qbc_n0=64		
90	cfg_00090_5bdf2a9cfe	marker_directed	main	b1024	s02	thesis_marker_hpo_stage1	SM4	true	true		/zhome/14/b/214266/Repos/ml-surrogates-for-power-systems/outputs/hpo/marker_directed/stage1_policy_search/marker_directed_policy_search_20260301_160048/runs/cfg_00090_5bdf2a9cfe	active.candidate_method=lhs;;active.log_every=5;;active.marker.greedy_score_weight=0.7;;active.marker.include_anchor_state_markers=true;;active.marker.k_density=20;;active.marker.pca_explained_variance=0.95;;active.marker.preselect_factor=5;;active.marker.settling_fraction=0.05;;active.marker.weights.diversity=0.4;;active.marker.weights.sparsity=0.4;;qbc_K=64;;qbc_P=2048;;qbc_T=15;;qbc_enable_logging=true;;qbc_n0=64		
91	cfg_00091_9be81d70f5	marker_directed	main	b1024	s02	thesis_marker_hpo_stage1	SM4	true	true		/zhome/14/b/214266/Repos/ml-surrogates-for-power-systems/outputs/hpo/marker_directed/stage1_policy_search/marker_directed_policy_search_20260301_160048/runs/cfg_00091_9be81d70f5	active.candidate_method=lhs;;active.log_every=5;;active.marker.greedy_score_weight=0.7;;active.marker.include_anchor_state_markers=true;;active.marker.k_density=20;;active.marker.pca_explained_variance=0.95;;active.marker.preselect_factor=5;;active.marker.settling_fraction=0.05;;active.marker.weights.diversity=0.6;;active.marker.weights.sparsity=0.4;;qbc_K=64;;qbc_P=2048;;qbc_T=15;;qbc_enable_logging=true;;qbc_n0=64		
92	cfg_00092_df084ab09b	marker_directed	main	b1024	s02	thesis_marker_hpo_stage1	SM4	true	true		/zhome/14/b/214266/Repos/ml-surrogates-for-power-systems/outputs/hpo/marker_directed/stage1_policy_search/marker_directed_policy_search_20260301_160048/runs/cfg_00092_df084ab09b	active.candidate_method=lhs;;active.log_every=5;;active.marker.greedy_score_weight=0.7;;active.marker.include_anchor_state_markers=true;;active.marker.k_density=20;;active.marker.pca_explained_variance=0.95;;active.marker.preselect_factor=5;;active.marker.settling_fraction=0.05;;active.marker.weights.diversity=0.8;;active.marker.weights.sparsity=0.4;;qbc_K=64;;qbc_P=2048;;qbc_T=15;;qbc_enable_logging=true;;qbc_n0=64		
93	cfg_00093_6f756eec1e	marker_directed	main	b1024	s02	thesis_marker_hpo_stage1	SM4	true	true		/zhome/14/b/214266/Repos/ml-surrogates-for-power-systems/outputs/hpo/marker_directed/stage1_policy_search/marker_directed_policy_search_20260301_160048/runs/cfg_00093_6f756eec1e	active.candidate_method=lhs;;active.log_every=5;;active.marker.greedy_score_weight=0.9;;active.marker.include_anchor_state_markers=true;;active.marker.k_density=20;;active.marker.pca_explained_variance=0.95;;active.marker.preselect_factor=5;;active.marker.settling_fraction=0.05;;active.marker.weights.diversity=0.4;;active.marker.weights.sparsity=0.4;;qbc_K=64;;qbc_P=2048;;qbc_T=15;;qbc_enable_logging=true;;qbc_n0=64		
94	cfg_00094_68e99aaeaf	marker_directed	main	b1024	s02	thesis_marker_hpo_stage1	SM4	true	true		/zhome/14/b/214266/Repos/ml-surrogates-for-power-systems/outputs/hpo/marker_directed/stage1_policy_search/marker_directed_policy_search_20260301_160048/runs/cfg_00094_68e99aaeaf	active.candidate_method=lhs;;active.log_every=5;;active.marker.greedy_score_weight=0.9;;active.marker.include_anchor_state_markers=true;;active.marker.k_density=20;;active.marker.pca_explained_variance=0.95;;active.marker.preselect_factor=5;;active.marker.settling_fraction=0.05;;active.marker.weights.diversity=0.6;;active.marker.weights.sparsity=0.4;;qbc_K=64;;qbc_P=2048;;qbc_T=15;;qbc_enable_logging=true;;qbc_n0=64		
95	cfg_00095_c9f0885175	marker_directed	main	b1024	s02	thesis_marker_hpo_stage1	SM4	true	true		/zhome/14/b/214266/Repos/ml-surrogates-for-power-systems/outputs/hpo/marker_directed/stage1_policy_search/marker_directed_policy_search_20260301_160048/runs/cfg_00095_c9f0885175	active.candidate_method=lhs;;active.log_every=5;;active.marker.greedy_score_weight=0.9;;active.marker.include_anchor_state_markers=true;;active.marker.k_density=20;;active.marker.pca_explained_variance=0.95;;active.marker.preselect_factor=5;;active.marker.settling_fraction=0.05;;active.marker.weights.diversity=0.8;;active.marker.weights.sparsity=0.4;;qbc_K=64;;qbc_P=2048;;qbc_T=15;;qbc_enable_logging=true;;qbc_n0=64		
96	cfg_00096_d158ff7071	marker_directed	main	b1024	s03	thesis_marker_hpo_stage1	SM4	true	true		/zhome/14/b/214266/Repos/ml-surrogates-for-power-systems/outputs/hpo/marker_directed/stage1_policy_search/marker_directed_policy_search_20260301_160048/runs/cfg_00096_d158ff7071	active.candidate_method=lhs;;active.log_every=5;;active.marker.greedy_score_weight=0.7;;active.marker.include_anchor_state_markers=true;;active.marker.k_density=10;;active.marker.pca_explained_variance=0.9;;active.marker.preselect_factor=3;;active.marker.settling_fraction=0.05;;active.marker.weights.diversity=0.4;;active.marker.weights.sparsity=0.4;;qbc_K=64;;qbc_P=2048;;qbc_T=15;;qbc_enable_logging=true;;qbc_n0=64		
97	cfg_00097_10df8abcfc	marker_directed	main	b1024	s03	thesis_marker_hpo_stage1	SM4	true	true		/zhome/14/b/214266/Repos/ml-surrogates-for-power-systems/outputs/hpo/marker_directed/stage1_policy_search/marker_directed_policy_search_20260301_160048/runs/cfg_00097_10df8abcfc	active.candidate_method=lhs;;active.log_every=5;;active.marker.greedy_score_weight=0.7;;active.marker.include_anchor_state_markers=true;;active.marker.k_density=10;;active.marker.pca_explained_variance=0.9;;active.marker.preselect_factor=3;;active.marker.settling_fraction=0.05;;active.marker.weights.diversity=0.6;;active.marker.weights.sparsity=0.4;;qbc_K=64;;qbc_P=2048;;qbc_T=15;;qbc_enable_logging=true;;qbc_n0=64		
98	cfg_00098_de13f4999b	marker_directed	main	b1024	s03	thesis_marker_hpo_stage1	SM4	true	true		/zhome/14/b/214266/Repos/ml-surrogates-for-power-systems/outputs/hpo/marker_directed/stage1_policy_search/marker_directed_policy_search_20260301_160048/runs/cfg_00098_de13f4999b	active.candidate_method=lhs;;active.log_every=5;;active.marker.greedy_score_weight=0.7;;active.marker.include_anchor_state_markers=true;;active.marker.k_density=10;;active.marker.pca_explained_variance=0.9;;active.marker.preselect_factor=3;;active.marker.settling_fraction=0.05;;active.marker.weights.diversity=0.8;;active.marker.weights.sparsity=0.4;;qbc_K=64;;qbc_P=2048;;qbc_T=15;;qbc_enable_logging=true;;qbc_n0=64		
99	cfg_00099_8f3cea54ce	marker_directed	main	b1024	s03	thesis_marker_hpo_stage1	SM4	true	true		/zhome/14/b/214266/Repos/ml-surrogates-for-power-systems/outputs/hpo/marker_directed/stage1_policy_search/marker_directed_policy_search_20260301_160048/runs/cfg_00099_8f3cea54ce	active.candidate_method=lhs;;active.log_every=5;;active.marker.greedy_score_weight=0.9;;active.marker.include_anchor_state_markers=true;;active.marker.k_density=10;;active.marker.pca_explained_variance=0.9;;active.marker.preselect_factor=3;;active.marker.settling_fraction=0.05;;active.marker.weights.diversity=0.4;;active.marker.weights.sparsity=0.4;;qbc_K=64;;qbc_P=2048;;qbc_T=15;;qbc_enable_logging=true;;qbc_n0=64		
100	cfg_00100_2ef7b88a6d	marker_directed	main	b1024	s03	thesis_marker_hpo_stage1	SM4	true	true		/zhome/14/b/214266/Repos/ml-surrogates-for-power-systems/outputs/hpo/marker_directed/stage1_policy_search/marker_directed_policy_search_20260301_160048/runs/cfg_00100_2ef7b88a6d	active.candidate_method=lhs;;active.log_every=5;;active.marker.greedy_score_weight=0.9;;active.marker.include_anchor_state_markers=true;;active.marker.k_density=10;;active.marker.pca_explained_variance=0.9;;active.marker.preselect_factor=3;;active.marker.settling_fraction=0.05;;active.marker.weights.diversity=0.6;;active.marker.weights.sparsity=0.4;;qbc_K=64;;qbc_P=2048;;qbc_T=15;;qbc_enable_logging=true;;qbc_n0=64		
101	cfg_00101_6be473c89d	marker_directed	main	b1024	s03	thesis_marker_hpo_stage1	SM4	true	true		/zhome/14/b/214266/Repos/ml-surrogates-for-power-systems/outputs/hpo/marker_directed/stage1_policy_search/marker_directed_policy_search_20260301_160048/runs/cfg_00101_6be473c89d	active.candidate_method=lhs;;active.log_every=5;;active.marker.greedy_score_weight=0.9;;active.marker.include_anchor_state_markers=true;;active.marker.k_density=10;;active.marker.pca_explained_variance=0.9;;active.marker.preselect_factor=3;;active.marker.settling_fraction=0.05;;active.marker.weights.diversity=0.8;;active.marker.weights.sparsity=0.4;;qbc_K=64;;qbc_P=2048;;qbc_T=15;;qbc_enable_logging=true;;qbc_n0=64		
102	cfg_00102_4a1a0af7ee	marker_directed	main	b1024	s03	thesis_marker_hpo_stage1	SM4	true	true		/zhome/14/b/214266/Repos/ml-surrogates-for-power-systems/outputs/hpo/marker_directed/stage1_policy_search/marker_directed_policy_search_20260301_160048/runs/cfg_00102_4a1a0af7ee	active.candidate_method=lhs;;active.log_every=5;;active.marker.greedy_score_weight=0.7;;active.marker.include_anchor_state_markers=true;;active.marker.k_density=10;;active.marker.pca_explained_variance=0.9;;active.marker.preselect_factor=5;;active.marker.settling_fraction=0.05;;active.marker.weights.diversity=0.4;;active.marker.weights.sparsity=0.4;;qbc_K=64;;qbc_P=2048;;qbc_T=15;;qbc_enable_logging=true;;qbc_n0=64		
103	cfg_00103_6ba0b25ecf	marker_directed	main	b1024	s03	thesis_marker_hpo_stage1	SM4	true	true		/zhome/14/b/214266/Repos/ml-surrogates-for-power-systems/outputs/hpo/marker_directed/stage1_policy_search/marker_directed_policy_search_20260301_160048/runs/cfg_00103_6ba0b25ecf	active.candidate_method=lhs;;active.log_every=5;;active.marker.greedy_score_weight=0.7;;active.marker.include_anchor_state_markers=true;;active.marker.k_density=10;;active.marker.pca_explained_variance=0.9;;active.marker.preselect_factor=5;;active.marker.settling_fraction=0.05;;active.marker.weights.diversity=0.6;;active.marker.weights.sparsity=0.4;;qbc_K=64;;qbc_P=2048;;qbc_T=15;;qbc_enable_logging=true;;qbc_n0=64		
104	cfg_00104_958aa02b5d	marker_directed	main	b1024	s03	thesis_marker_hpo_stage1	SM4	true	true		/zhome/14/b/214266/Repos/ml-surrogates-for-power-systems/outputs/hpo/marker_directed/stage1_policy_search/marker_directed_policy_search_20260301_160048/runs/cfg_00104_958aa02b5d	active.candidate_method=lhs;;active.log_every=5;;active.marker.greedy_score_weight=0.7;;active.marker.include_anchor_state_markers=true;;active.marker.k_density=10;;active.marker.pca_explained_variance=0.9;;active.marker.preselect_factor=5;;active.marker.settling_fraction=0.05;;active.marker.weights.diversity=0.8;;active.marker.weights.sparsity=0.4;;qbc_K=64;;qbc_P=2048;;qbc_T=15;;qbc_enable_logging=true;;qbc_n0=64		
105	cfg_00105_5f8826a484	marker_directed	main	b1024	s03	thesis_marker_hpo_stage1	SM4	true	true		/zhome/14/b/214266/Repos/ml-surrogates-for-power-systems/outputs/hpo/marker_directed/stage1_policy_search/marker_directed_policy_search_20260301_160048/runs/cfg_00105_5f8826a484	active.candidate_method=lhs;;active.log_every=5;;active.marker.greedy_score_weight=0.9;;active.marker.include_anchor_state_markers=true;;active.marker.k_density=10;;active.marker.pca_explained_variance=0.9;;active.marker.preselect_factor=5;;active.marker.settling_fraction=0.05;;active.marker.weights.diversity=0.4;;active.marker.weights.sparsity=0.4;;qbc_K=64;;qbc_P=2048;;qbc_T=15;;qbc_enable_logging=true;;qbc_n0=64		
106	cfg_00106_8f174eec66	marker_directed	main	b1024	s03	thesis_marker_hpo_stage1	SM4	true	true		/zhome/14/b/214266/Repos/ml-surrogates-for-power-systems/outputs/hpo/marker_directed/stage1_policy_search/marker_directed_policy_search_20260301_160048/runs/cfg_00106_8f174eec66	active.candidate_method=lhs;;active.log_every=5;;active.marker.greedy_score_weight=0.9;;active.marker.include_anchor_state_markers=true;;active.marker.k_density=10;;active.marker.pca_explained_variance=0.9;;active.marker.preselect_factor=5;;active.marker.settling_fraction=0.05;;active.marker.weights.diversity=0.6;;active.marker.weights.sparsity=0.4;;qbc_K=64;;qbc_P=2048;;qbc_T=15;;qbc_enable_logging=true;;qbc_n0=64		
107	cfg_00107_388820a2c4	marker_directed	main	b1024	s03	thesis_marker_hpo_stage1	SM4	true	true		/zhome/14/b/214266/Repos/ml-surrogates-for-power-systems/outputs/hpo/marker_directed/stage1_policy_search/marker_directed_policy_search_20260301_160048/runs/cfg_00107_388820a2c4	active.candidate_method=lhs;;active.log_every=5;;active.marker.greedy_score_weight=0.9;;active.marker.include_anchor_state_markers=true;;active.marker.k_density=10;;active.marker.pca_explained_variance=0.9;;active.marker.preselect_factor=5;;active.marker.settling_fraction=0.05;;active.marker.weights.diversity=0.8;;active.marker.weights.sparsity=0.4;;qbc_K=64;;qbc_P=2048;;qbc_T=15;;qbc_enable_logging=true;;qbc_n0=64		
108	cfg_00108_557be1401b	marker_directed	main	b1024	s03	thesis_marker_hpo_stage1	SM4	true	true		/zhome/14/b/214266/Repos/ml-surrogates-for-power-systems/outputs/hpo/marker_directed/stage1_policy_search/marker_directed_policy_search_20260301_160048/runs/cfg_00108_557be1401b	active.candidate_method=lhs;;active.log_every=5;;active.marker.greedy_score_weight=0.7;;active.marker.include_anchor_state_markers=true;;active.marker.k_density=20;;active.marker.pca_explained_variance=0.9;;active.marker.preselect_factor=3;;active.marker.settling_fraction=0.05;;active.marker.weights.diversity=0.4;;active.marker.weights.sparsity=0.4;;qbc_K=64;;qbc_P=2048;;qbc_T=15;;qbc_enable_logging=true;;qbc_n0=64		
109	cfg_00109_e7c5b19141	marker_directed	main	b1024	s03	thesis_marker_hpo_stage1	SM4	true	true		/zhome/14/b/214266/Repos/ml-surrogates-for-power-systems/outputs/hpo/marker_directed/stage1_policy_search/marker_directed_policy_search_20260301_160048/runs/cfg_00109_e7c5b19141	active.candidate_method=lhs;;active.log_every=5;;active.marker.greedy_score_weight=0.7;;active.marker.include_anchor_state_markers=true;;active.marker.k_density=20;;active.marker.pca_explained_variance=0.9;;active.marker.preselect_factor=3;;active.marker.settling_fraction=0.05;;active.marker.weights.diversity=0.6;;active.marker.weights.sparsity=0.4;;qbc_K=64;;qbc_P=2048;;qbc_T=15;;qbc_enable_logging=true;;qbc_n0=64		
110	cfg_00110_034da70b2d	marker_directed	main	b1024	s03	thesis_marker_hpo_stage1	SM4	true	true		/zhome/14/b/214266/Repos/ml-surrogates-for-power-systems/outputs/hpo/marker_directed/stage1_policy_search/marker_directed_policy_search_20260301_160048/runs/cfg_00110_034da70b2d	active.candidate_method=lhs;;active.log_every=5;;active.marker.greedy_score_weight=0.7;;active.marker.include_anchor_state_markers=true;;active.marker.k_density=20;;active.marker.pca_explained_variance=0.9;;active.marker.preselect_factor=3;;active.marker.settling_fraction=0.05;;active.marker.weights.diversity=0.8;;active.marker.weights.sparsity=0.4;;qbc_K=64;;qbc_P=2048;;qbc_T=15;;qbc_enable_logging=true;;qbc_n0=64		
111	cfg_00111_2b8fba554d	marker_directed	main	b1024	s03	thesis_marker_hpo_stage1	SM4	true	true		/zhome/14/b/214266/Repos/ml-surrogates-for-power-systems/outputs/hpo/marker_directed/stage1_policy_search/marker_directed_policy_search_20260301_160048/runs/cfg_00111_2b8fba554d	active.candidate_method=lhs;;active.log_every=5;;active.marker.greedy_score_weight=0.9;;active.marker.include_anchor_state_markers=true;;active.marker.k_density=20;;active.marker.pca_explained_variance=0.9;;active.marker.preselect_factor=3;;active.marker.settling_fraction=0.05;;active.marker.weights.diversity=0.4;;active.marker.weights.sparsity=0.4;;qbc_K=64;;qbc_P=2048;;qbc_T=15;;qbc_enable_logging=true;;qbc_n0=64		
112	cfg_00112_7763253c0d	marker_directed	main	b1024	s03	thesis_marker_hpo_stage1	SM4	true	true		/zhome/14/b/214266/Repos/ml-surrogates-for-power-systems/outputs/hpo/marker_directed/stage1_policy_search/marker_directed_policy_search_20260301_160048/runs/cfg_00112_7763253c0d	active.candidate_method=lhs;;active.log_every=5;;active.marker.greedy_score_weight=0.9;;active.marker.include_anchor_state_markers=true;;active.marker.k_density=20;;active.marker.pca_explained_variance=0.9;;active.marker.preselect_factor=3;;active.marker.settling_fraction=0.05;;active.marker.weights.diversity=0.6;;active.marker.weights.sparsity=0.4;;qbc_K=64;;qbc_P=2048;;qbc_T=15;;qbc_enable_logging=true;;qbc_n0=64		
113	cfg_00113_f9e4e393dd	marker_directed	main	b1024	s03	thesis_marker_hpo_stage1	SM4	true	true		/zhome/14/b/214266/Repos/ml-surrogates-for-power-systems/outputs/hpo/marker_directed/stage1_policy_search/marker_directed_policy_search_20260301_160048/runs/cfg_00113_f9e4e393dd	active.candidate_method=lhs;;active.log_every=5;;active.marker.greedy_score_weight=0.9;;active.marker.include_anchor_state_markers=true;;active.marker.k_density=20;;active.marker.pca_explained_variance=0.9;;active.marker.preselect_factor=3;;active.marker.settling_fraction=0.05;;active.marker.weights.diversity=0.8;;active.marker.weights.sparsity=0.4;;qbc_K=64;;qbc_P=2048;;qbc_T=15;;qbc_enable_logging=true;;qbc_n0=64		
114	cfg_00114_dbafccaef8	marker_directed	main	b1024	s03	thesis_marker_hpo_stage1	SM4	true	true		/zhome/14/b/214266/Repos/ml-surrogates-for-power-systems/outputs/hpo/marker_directed/stage1_policy_search/marker_directed_policy_search_20260301_160048/runs/cfg_00114_dbafccaef8	active.candidate_method=lhs;;active.log_every=5;;active.marker.greedy_score_weight=0.7;;active.marker.include_anchor_state_markers=true;;active.marker.k_density=20;;active.marker.pca_explained_variance=0.9;;active.marker.preselect_factor=5;;active.marker.settling_fraction=0.05;;active.marker.weights.diversity=0.4;;active.marker.weights.sparsity=0.4;;qbc_K=64;;qbc_P=2048;;qbc_T=15;;qbc_enable_logging=true;;qbc_n0=64		
115	cfg_00115_cb53037c49	marker_directed	main	b1024	s03	thesis_marker_hpo_stage1	SM4	true	true		/zhome/14/b/214266/Repos/ml-surrogates-for-power-systems/outputs/hpo/marker_directed/stage1_policy_search/marker_directed_policy_search_20260301_160048/runs/cfg_00115_cb53037c49	active.candidate_method=lhs;;active.log_every=5;;active.marker.greedy_score_weight=0.7;;active.marker.include_anchor_state_markers=true;;active.marker.k_density=20;;active.marker.pca_explained_variance=0.9;;active.marker.preselect_factor=5;;active.marker.settling_fraction=0.05;;active.marker.weights.diversity=0.6;;active.marker.weights.sparsity=0.4;;qbc_K=64;;qbc_P=2048;;qbc_T=15;;qbc_enable_logging=true;;qbc_n0=64		
116	cfg_00116_72b950e2a8	marker_directed	main	b1024	s03	thesis_marker_hpo_stage1	SM4	true	true		/zhome/14/b/214266/Repos/ml-surrogates-for-power-systems/outputs/hpo/marker_directed/stage1_policy_search/marker_directed_policy_search_20260301_160048/runs/cfg_00116_72b950e2a8	active.candidate_method=lhs;;active.log_every=5;;active.marker.greedy_score_weight=0.7;;active.marker.include_anchor_state_markers=true;;active.marker.k_density=20;;active.marker.pca_explained_variance=0.9;;active.marker.preselect_factor=5;;active.marker.settling_fraction=0.05;;active.marker.weights.diversity=0.8;;active.marker.weights.sparsity=0.4;;qbc_K=64;;qbc_P=2048;;qbc_T=15;;qbc_enable_logging=true;;qbc_n0=64		
117	cfg_00117_7aadc72b04	marker_directed	main	b1024	s03	thesis_marker_hpo_stage1	SM4	true	true		/zhome/14/b/214266/Repos/ml-surrogates-for-power-systems/outputs/hpo/marker_directed/stage1_policy_search/marker_directed_policy_search_20260301_160048/runs/cfg_00117_7aadc72b04	active.candidate_method=lhs;;active.log_every=5;;active.marker.greedy_score_weight=0.9;;active.marker.include_anchor_state_markers=true;;active.marker.k_density=20;;active.marker.pca_explained_variance=0.9;;active.marker.preselect_factor=5;;active.marker.settling_fraction=0.05;;active.marker.weights.diversity=0.4;;active.marker.weights.sparsity=0.4;;qbc_K=64;;qbc_P=2048;;qbc_T=15;;qbc_enable_logging=true;;qbc_n0=64		
118	cfg_00118_06993e2754	marker_directed	main	b1024	s03	thesis_marker_hpo_stage1	SM4	true	true		/zhome/14/b/214266/Repos/ml-surrogates-for-power-systems/outputs/hpo/marker_directed/stage1_policy_search/marker_directed_policy_search_20260301_160048/runs/cfg_00118_06993e2754	active.candidate_method=lhs;;active.log_every=5;;active.marker.greedy_score_weight=0.9;;active.marker.include_anchor_state_markers=true;;active.marker.k_density=20;;active.marker.pca_explained_variance=0.9;;active.marker.preselect_factor=5;;active.marker.settling_fraction=0.05;;active.marker.weights.diversity=0.6;;active.marker.weights.sparsity=0.4;;qbc_K=64;;qbc_P=2048;;qbc_T=15;;qbc_enable_logging=true;;qbc_n0=64		
119	cfg_00119_f8e301f8ec	marker_directed	main	b1024	s03	thesis_marker_hpo_stage1	SM4	true	true		/zhome/14/b/214266/Repos/ml-surrogates-for-power-systems/outputs/hpo/marker_directed/stage1_policy_search/marker_directed_policy_search_20260301_160048/runs/cfg_00119_f8e301f8ec	active.candidate_method=lhs;;active.log_every=5;;active.marker.greedy_score_weight=0.9;;active.marker.include_anchor_state_markers=true;;active.marker.k_density=20;;active.marker.pca_explained_variance=0.9;;active.marker.preselect_factor=5;;active.marker.settling_fraction=0.05;;active.marker.weights.diversity=0.8;;active.marker.weights.sparsity=0.4;;qbc_K=64;;qbc_P=2048;;qbc_T=15;;qbc_enable_logging=true;;qbc_n0=64		
120	cfg_00120_15be48538a	marker_directed	main	b1024	s03	thesis_marker_hpo_stage1	SM4	true	true		/zhome/14/b/214266/Repos/ml-surrogates-for-power-systems/outputs/hpo/marker_directed/stage1_policy_search/marker_directed_policy_search_20260301_160048/runs/cfg_00120_15be48538a	active.candidate_method=lhs;;active.log_every=5;;active.marker.greedy_score_weight=0.7;;active.marker.include_anchor_state_markers=true;;active.marker.k_density=10;;active.marker.pca_explained_variance=0.95;;active.marker.preselect_factor=3;;active.marker.settling_fraction=0.05;;active.marker.weights.diversity=0.4;;active.marker.weights.sparsity=0.4;;qbc_K=64;;qbc_P=2048;;qbc_T=15;;qbc_enable_logging=true;;qbc_n0=64		
121	cfg_00121_ca55e05523	marker_directed	main	b1024	s03	thesis_marker_hpo_stage1	SM4	true	true		/zhome/14/b/214266/Repos/ml-surrogates-for-power-systems/outputs/hpo/marker_directed/stage1_policy_search/marker_directed_policy_search_20260301_160048/runs/cfg_00121_ca55e05523	active.candidate_method=lhs;;active.log_every=5;;active.marker.greedy_score_weight=0.7;;active.marker.include_anchor_state_markers=true;;active.marker.k_density=10;;active.marker.pca_explained_variance=0.95;;active.marker.preselect_factor=3;;active.marker.settling_fraction=0.05;;active.marker.weights.diversity=0.6;;active.marker.weights.sparsity=0.4;;qbc_K=64;;qbc_P=2048;;qbc_T=15;;qbc_enable_logging=true;;qbc_n0=64		
122	cfg_00122_daa4fa6cd6	marker_directed	main	b1024	s03	thesis_marker_hpo_stage1	SM4	true	true		/zhome/14/b/214266/Repos/ml-surrogates-for-power-systems/outputs/hpo/marker_directed/stage1_policy_search/marker_directed_policy_search_20260301_160048/runs/cfg_00122_daa4fa6cd6	active.candidate_method=lhs;;active.log_every=5;;active.marker.greedy_score_weight=0.7;;active.marker.include_anchor_state_markers=true;;active.marker.k_density=10;;active.marker.pca_explained_variance=0.95;;active.marker.preselect_factor=3;;active.marker.settling_fraction=0.05;;active.marker.weights.diversity=0.8;;active.marker.weights.sparsity=0.4;;qbc_K=64;;qbc_P=2048;;qbc_T=15;;qbc_enable_logging=true;;qbc_n0=64		
123	cfg_00123_75b3658be5	marker_directed	main	b1024	s03	thesis_marker_hpo_stage1	SM4	true	true		/zhome/14/b/214266/Repos/ml-surrogates-for-power-systems/outputs/hpo/marker_directed/stage1_policy_search/marker_directed_policy_search_20260301_160048/runs/cfg_00123_75b3658be5	active.candidate_method=lhs;;active.log_every=5;;active.marker.greedy_score_weight=0.9;;active.marker.include_anchor_state_markers=true;;active.marker.k_density=10;;active.marker.pca_explained_variance=0.95;;active.marker.preselect_factor=3;;active.marker.settling_fraction=0.05;;active.marker.weights.diversity=0.4;;active.marker.weights.sparsity=0.4;;qbc_K=64;;qbc_P=2048;;qbc_T=15;;qbc_enable_logging=true;;qbc_n0=64		
124	cfg_00124_c69f19c0c7	marker_directed	main	b1024	s03	thesis_marker_hpo_stage1	SM4	true	true		/zhome/14/b/214266/Repos/ml-surrogates-for-power-systems/outputs/hpo/marker_directed/stage1_policy_search/marker_directed_policy_search_20260301_160048/runs/cfg_00124_c69f19c0c7	active.candidate_method=lhs;;active.log_every=5;;active.marker.greedy_score_weight=0.9;;active.marker.include_anchor_state_markers=true;;active.marker.k_density=10;;active.marker.pca_explained_variance=0.95;;active.marker.preselect_factor=3;;active.marker.settling_fraction=0.05;;active.marker.weights.diversity=0.6;;active.marker.weights.sparsity=0.4;;qbc_K=64;;qbc_P=2048;;qbc_T=15;;qbc_enable_logging=true;;qbc_n0=64		
125	cfg_00125_9ef1d8a534	marker_directed	main	b1024	s03	thesis_marker_hpo_stage1	SM4	true	true		/zhome/14/b/214266/Repos/ml-surrogates-for-power-systems/outputs/hpo/marker_directed/stage1_policy_search/marker_directed_policy_search_20260301_160048/runs/cfg_00125_9ef1d8a534	active.candidate_method=lhs;;active.log_every=5;;active.marker.greedy_score_weight=0.9;;active.marker.include_anchor_state_markers=true;;active.marker.k_density=10;;active.marker.pca_explained_variance=0.95;;active.marker.preselect_factor=3;;active.marker.settling_fraction=0.05;;active.marker.weights.diversity=0.8;;active.marker.weights.sparsity=0.4;;qbc_K=64;;qbc_P=2048;;qbc_T=15;;qbc_enable_logging=true;;qbc_n0=64		
126	cfg_00126_1051c2d599	marker_directed	main	b1024	s03	thesis_marker_hpo_stage1	SM4	true	true		/zhome/14/b/214266/Repos/ml-surrogates-for-power-systems/outputs/hpo/marker_directed/stage1_policy_search/marker_directed_policy_search_20260301_160048/runs/cfg_00126_1051c2d599	active.candidate_method=lhs;;active.log_every=5;;active.marker.greedy_score_weight=0.7;;active.marker.include_anchor_state_markers=true;;active.marker.k_density=10;;active.marker.pca_explained_variance=0.95;;active.marker.preselect_factor=5;;active.marker.settling_fraction=0.05;;active.marker.weights.diversity=0.4;;active.marker.weights.sparsity=0.4;;qbc_K=64;;qbc_P=2048;;qbc_T=15;;qbc_enable_logging=true;;qbc_n0=64		
127	cfg_00127_dd881943b4	marker_directed	main	b1024	s03	thesis_marker_hpo_stage1	SM4	true	true		/zhome/14/b/214266/Repos/ml-surrogates-for-power-systems/outputs/hpo/marker_directed/stage1_policy_search/marker_directed_policy_search_20260301_160048/runs/cfg_00127_dd881943b4	active.candidate_method=lhs;;active.log_every=5;;active.marker.greedy_score_weight=0.7;;active.marker.include_anchor_state_markers=true;;active.marker.k_density=10;;active.marker.pca_explained_variance=0.95;;active.marker.preselect_factor=5;;active.marker.settling_fraction=0.05;;active.marker.weights.diversity=0.6;;active.marker.weights.sparsity=0.4;;qbc_K=64;;qbc_P=2048;;qbc_T=15;;qbc_enable_logging=true;;qbc_n0=64		
128	cfg_00128_5eb58819c2	marker_directed	main	b1024	s03	thesis_marker_hpo_stage1	SM4	true	true		/zhome/14/b/214266/Repos/ml-surrogates-for-power-systems/outputs/hpo/marker_directed/stage1_policy_search/marker_directed_policy_search_20260301_160048/runs/cfg_00128_5eb58819c2	active.candidate_method=lhs;;active.log_every=5;;active.marker.greedy_score_weight=0.7;;active.marker.include_anchor_state_markers=true;;active.marker.k_density=10;;active.marker.pca_explained_variance=0.95;;active.marker.preselect_factor=5;;active.marker.settling_fraction=0.05;;active.marker.weights.diversity=0.8;;active.marker.weights.sparsity=0.4;;qbc_K=64;;qbc_P=2048;;qbc_T=15;;qbc_enable_logging=true;;qbc_n0=64		
129	cfg_00129_22dbd2b08d	marker_directed	main	b1024	s03	thesis_marker_hpo_stage1	SM4	true	true		/zhome/14/b/214266/Repos/ml-surrogates-for-power-systems/outputs/hpo/marker_directed/stage1_policy_search/marker_directed_policy_search_20260301_160048/runs/cfg_00129_22dbd2b08d	active.candidate_method=lhs;;active.log_every=5;;active.marker.greedy_score_weight=0.9;;active.marker.include_anchor_state_markers=true;;active.marker.k_density=10;;active.marker.pca_explained_variance=0.95;;active.marker.preselect_factor=5;;active.marker.settling_fraction=0.05;;active.marker.weights.diversity=0.4;;active.marker.weights.sparsity=0.4;;qbc_K=64;;qbc_P=2048;;qbc_T=15;;qbc_enable_logging=true;;qbc_n0=64		
130	cfg_00130_738dd7f13b	marker_directed	main	b1024	s03	thesis_marker_hpo_stage1	SM4	true	true		/zhome/14/b/214266/Repos/ml-surrogates-for-power-systems/outputs/hpo/marker_directed/stage1_policy_search/marker_directed_policy_search_20260301_160048/runs/cfg_00130_738dd7f13b	active.candidate_method=lhs;;active.log_every=5;;active.marker.greedy_score_weight=0.9;;active.marker.include_anchor_state_markers=true;;active.marker.k_density=10;;active.marker.pca_explained_variance=0.95;;active.marker.preselect_factor=5;;active.marker.settling_fraction=0.05;;active.marker.weights.diversity=0.6;;active.marker.weights.sparsity=0.4;;qbc_K=64;;qbc_P=2048;;qbc_T=15;;qbc_enable_logging=true;;qbc_n0=64		
131	cfg_00131_c2c5dcdba1	marker_directed	main	b1024	s03	thesis_marker_hpo_stage1	SM4	true	true		/zhome/14/b/214266/Repos/ml-surrogates-for-power-systems/outputs/hpo/marker_directed/stage1_policy_search/marker_directed_policy_search_20260301_160048/runs/cfg_00131_c2c5dcdba1	active.candidate_method=lhs;;active.log_every=5;;active.marker.greedy_score_weight=0.9;;active.marker.include_anchor_state_markers=true;;active.marker.k_density=10;;active.marker.pca_explained_variance=0.95;;active.marker.preselect_factor=5;;active.marker.settling_fraction=0.05;;active.marker.weights.diversity=0.8;;active.marker.weights.sparsity=0.4;;qbc_K=64;;qbc_P=2048;;qbc_T=15;;qbc_enable_logging=true;;qbc_n0=64		
132	cfg_00132_8f55970790	marker_directed	main	b1024	s03	thesis_marker_hpo_stage1	SM4	true	true		/zhome/14/b/214266/Repos/ml-surrogates-for-power-systems/outputs/hpo/marker_directed/stage1_policy_search/marker_directed_policy_search_20260301_160048/runs/cfg_00132_8f55970790	active.candidate_method=lhs;;active.log_every=5;;active.marker.greedy_score_weight=0.7;;active.marker.include_anchor_state_markers=true;;active.marker.k_density=20;;active.marker.pca_explained_variance=0.95;;active.marker.preselect_factor=3;;active.marker.settling_fraction=0.05;;active.marker.weights.diversity=0.4;;active.marker.weights.sparsity=0.4;;qbc_K=64;;qbc_P=2048;;qbc_T=15;;qbc_enable_logging=true;;qbc_n0=64		
133	cfg_00133_eb971d3564	marker_directed	main	b1024	s03	thesis_marker_hpo_stage1	SM4	true	true		/zhome/14/b/214266/Repos/ml-surrogates-for-power-systems/outputs/hpo/marker_directed/stage1_policy_search/marker_directed_policy_search_20260301_160048/runs/cfg_00133_eb971d3564	active.candidate_method=lhs;;active.log_every=5;;active.marker.greedy_score_weight=0.7;;active.marker.include_anchor_state_markers=true;;active.marker.k_density=20;;active.marker.pca_explained_variance=0.95;;active.marker.preselect_factor=3;;active.marker.settling_fraction=0.05;;active.marker.weights.diversity=0.6;;active.marker.weights.sparsity=0.4;;qbc_K=64;;qbc_P=2048;;qbc_T=15;;qbc_enable_logging=true;;qbc_n0=64		
134	cfg_00134_3c7d963c10	marker_directed	main	b1024	s03	thesis_marker_hpo_stage1	SM4	true	true		/zhome/14/b/214266/Repos/ml-surrogates-for-power-systems/outputs/hpo/marker_directed/stage1_policy_search/marker_directed_policy_search_20260301_160048/runs/cfg_00134_3c7d963c10	active.candidate_method=lhs;;active.log_every=5;;active.marker.greedy_score_weight=0.7;;active.marker.include_anchor_state_markers=true;;active.marker.k_density=20;;active.marker.pca_explained_variance=0.95;;active.marker.preselect_factor=3;;active.marker.settling_fraction=0.05;;active.marker.weights.diversity=0.8;;active.marker.weights.sparsity=0.4;;qbc_K=64;;qbc_P=2048;;qbc_T=15;;qbc_enable_logging=true;;qbc_n0=64		
135	cfg_00135_2ff3ef384f	marker_directed	main	b1024	s03	thesis_marker_hpo_stage1	SM4	true	true		/zhome/14/b/214266/Repos/ml-surrogates-for-power-systems/outputs/hpo/marker_directed/stage1_policy_search/marker_directed_policy_search_20260301_160048/runs/cfg_00135_2ff3ef384f	active.candidate_method=lhs;;active.log_every=5;;active.marker.greedy_score_weight=0.9;;active.marker.include_anchor_state_markers=true;;active.marker.k_density=20;;active.marker.pca_explained_variance=0.95;;active.marker.preselect_factor=3;;active.marker.settling_fraction=0.05;;active.marker.weights.diversity=0.4;;active.marker.weights.sparsity=0.4;;qbc_K=64;;qbc_P=2048;;qbc_T=15;;qbc_enable_logging=true;;qbc_n0=64		
136	cfg_00136_773c0cc545	marker_directed	main	b1024	s03	thesis_marker_hpo_stage1	SM4	true	true		/zhome/14/b/214266/Repos/ml-surrogates-for-power-systems/outputs/hpo/marker_directed/stage1_policy_search/marker_directed_policy_search_20260301_160048/runs/cfg_00136_773c0cc545	active.candidate_method=lhs;;active.log_every=5;;active.marker.greedy_score_weight=0.9;;active.marker.include_anchor_state_markers=true;;active.marker.k_density=20;;active.marker.pca_explained_variance=0.95;;active.marker.preselect_factor=3;;active.marker.settling_fraction=0.05;;active.marker.weights.diversity=0.6;;active.marker.weights.sparsity=0.4;;qbc_K=64;;qbc_P=2048;;qbc_T=15;;qbc_enable_logging=true;;qbc_n0=64		
137	cfg_00137_5672c0038d	marker_directed	main	b1024	s03	thesis_marker_hpo_stage1	SM4	true	true		/zhome/14/b/214266/Repos/ml-surrogates-for-power-systems/outputs/hpo/marker_directed/stage1_policy_search/marker_directed_policy_search_20260301_160048/runs/cfg_00137_5672c0038d	active.candidate_method=lhs;;active.log_every=5;;active.marker.greedy_score_weight=0.9;;active.marker.include_anchor_state_markers=true;;active.marker.k_density=20;;active.marker.pca_explained_variance=0.95;;active.marker.preselect_factor=3;;active.marker.settling_fraction=0.05;;active.marker.weights.diversity=0.8;;active.marker.weights.sparsity=0.4;;qbc_K=64;;qbc_P=2048;;qbc_T=15;;qbc_enable_logging=true;;qbc_n0=64		
138	cfg_00138_c6e8c8111b	marker_directed	main	b1024	s03	thesis_marker_hpo_stage1	SM4	true	true		/zhome/14/b/214266/Repos/ml-surrogates-for-power-systems/outputs/hpo/marker_directed/stage1_policy_search/marker_directed_policy_search_20260301_160048/runs/cfg_00138_c6e8c8111b	active.candidate_method=lhs;;active.log_every=5;;active.marker.greedy_score_weight=0.7;;active.marker.include_anchor_state_markers=true;;active.marker.k_density=20;;active.marker.pca_explained_variance=0.95;;active.marker.preselect_factor=5;;active.marker.settling_fraction=0.05;;active.marker.weights.diversity=0.4;;active.marker.weights.sparsity=0.4;;qbc_K=64;;qbc_P=2048;;qbc_T=15;;qbc_enable_logging=true;;qbc_n0=64		
139	cfg_00139_58dd9ee9ca	marker_directed	main	b1024	s03	thesis_marker_hpo_stage1	SM4	true	true		/zhome/14/b/214266/Repos/ml-surrogates-for-power-systems/outputs/hpo/marker_directed/stage1_policy_search/marker_directed_policy_search_20260301_160048/runs/cfg_00139_58dd9ee9ca	active.candidate_method=lhs;;active.log_every=5;;active.marker.greedy_score_weight=0.7;;active.marker.include_anchor_state_markers=true;;active.marker.k_density=20;;active.marker.pca_explained_variance=0.95;;active.marker.preselect_factor=5;;active.marker.settling_fraction=0.05;;active.marker.weights.diversity=0.6;;active.marker.weights.sparsity=0.4;;qbc_K=64;;qbc_P=2048;;qbc_T=15;;qbc_enable_logging=true;;qbc_n0=64		
140	cfg_00140_91a4b24f4e	marker_directed	main	b1024	s03	thesis_marker_hpo_stage1	SM4	true	true		/zhome/14/b/214266/Repos/ml-surrogates-for-power-systems/outputs/hpo/marker_directed/stage1_policy_search/marker_directed_policy_search_20260301_160048/runs/cfg_00140_91a4b24f4e	active.candidate_method=lhs;;active.log_every=5;;active.marker.greedy_score_weight=0.7;;active.marker.include_anchor_state_markers=true;;active.marker.k_density=20;;active.marker.pca_explained_variance=0.95;;active.marker.preselect_factor=5;;active.marker.settling_fraction=0.05;;active.marker.weights.diversity=0.8;;active.marker.weights.sparsity=0.4;;qbc_K=64;;qbc_P=2048;;qbc_T=15;;qbc_enable_logging=true;;qbc_n0=64		
141	cfg_00141_b3f31f2fa0	marker_directed	main	b1024	s03	thesis_marker_hpo_stage1	SM4	true	true		/zhome/14/b/214266/Repos/ml-surrogates-for-power-systems/outputs/hpo/marker_directed/stage1_policy_search/marker_directed_policy_search_20260301_160048/runs/cfg_00141_b3f31f2fa0	active.candidate_method=lhs;;active.log_every=5;;active.marker.greedy_score_weight=0.9;;active.marker.include_anchor_state_markers=true;;active.marker.k_density=20;;active.marker.pca_explained_variance=0.95;;active.marker.preselect_factor=5;;active.marker.settling_fraction=0.05;;active.marker.weights.diversity=0.4;;active.marker.weights.sparsity=0.4;;qbc_K=64;;qbc_P=2048;;qbc_T=15;;qbc_enable_logging=true;;qbc_n0=64		
142	cfg_00142_984fb6a4ac	marker_directed	main	b1024	s03	thesis_marker_hpo_stage1	SM4	true	true		/zhome/14/b/214266/Repos/ml-surrogates-for-power-systems/outputs/hpo/marker_directed/stage1_policy_search/marker_directed_policy_search_20260301_160048/runs/cfg_00142_984fb6a4ac	active.candidate_method=lhs;;active.log_every=5;;active.marker.greedy_score_weight=0.9;;active.marker.include_anchor_state_markers=true;;active.marker.k_density=20;;active.marker.pca_explained_variance=0.95;;active.marker.preselect_factor=5;;active.marker.settling_fraction=0.05;;active.marker.weights.diversity=0.6;;active.marker.weights.sparsity=0.4;;qbc_K=64;;qbc_P=2048;;qbc_T=15;;qbc_enable_logging=true;;qbc_n0=64		
143	cfg_00143_e4e19640d5	marker_directed	main	b1024	s03	thesis_marker_hpo_stage1	SM4	true	true		/zhome/14/b/214266/Repos/ml-surrogates-for-power-systems/outputs/hpo/marker_directed/stage1_policy_search/marker_directed_policy_search_20260301_160048/runs/cfg_00143_e4e19640d5	active.candidate_method=lhs;;active.log_every=5;;active.marker.greedy_score_weight=0.9;;active.marker.include_anchor_state_markers=true;;active.marker.k_density=20;;active.marker.pca_explained_variance=0.95;;active.marker.preselect_factor=5;;active.marker.settling_fraction=0.05;;active.marker.weights.diversity=0.8;;active.marker.weights.sparsity=0.4;;qbc_K=64;;qbc_P=2048;;qbc_T=15;;qbc_enable_logging=true;;qbc_n0=64		
