dataset_id,run_root,method,budget,dataset_seed_label,dataset_seed_value,baseline_seed_label,baseline_seed_value,preset,model_flag,dataset_root,dataset_root_status,baseline_root,baseline_status,metrics_path,n_train,n_test,mse,rmse,manifest_path
lhs_static_b1024_ds01,/zhome/14/b/214266/Repos/ml-surrogates-for-power-systems/outputs/experiments/thesis_sm4_benchmark_sm4_v2/default/lhs_static/b1024/ds01,lhs_static,b1024,ds01,101,bs01,1101,default,SM4,/zhome/14/b/214266/Repos/ml-surrogates-for-power-systems/outputs/experiments/thesis_sm4_benchmark_sm4_v2/default/lhs_static/b1024/ds01/data/SM4/dataset_v1,pruned_after_run,/zhome/14/b/214266/Repos/ml-surrogates-for-power-systems/outputs/experiments/thesis_sm4_benchmark_sm4_v2/default/lhs_static/b1024/ds01/baseline/bs01,completed,/zhome/14/b/214266/Repos/ml-surrogates-for-power-systems/outputs/experiments/thesis_sm4_benchmark_sm4_v2/default/lhs_static/b1024/ds01/baseline/bs01/metrics.json,921,8192,0.001043190248310566,0.032298455819289036,/zhome/14/b/214266/Repos/ml-surrogates-for-power-systems/results/benchmark/experiments/thesis_sm4_benchmark_sm4_v2/default/lhs_static/b1024/ds01/dataset_manifest.json
lhs_static_b1024_ds01,/zhome/14/b/214266/Repos/ml-surrogates-for-power-systems/outputs/experiments/thesis_sm4_benchmark_sm4_v2/default/lhs_static/b1024/ds01,lhs_static,b1024,ds01,101,bs02,2202,default,SM4,/zhome/14/b/214266/Repos/ml-surrogates-for-power-systems/outputs/experiments/thesis_sm4_benchmark_sm4_v2/default/lhs_static/b1024/ds01/data/SM4/dataset_v1,pruned_after_run,/zhome/14/b/214266/Repos/ml-surrogates-for-power-systems/outputs/experiments/thesis_sm4_benchmark_sm4_v2/default/lhs_static/b1024/ds01/baseline/bs02,completed,/zhome/14/b/214266/Repos/ml-surrogates-for-power-systems/outputs/experiments/thesis_sm4_benchmark_sm4_v2/default/lhs_static/b1024/ds01/baseline/bs02/metrics.json,921,8192,0.0008722449420019984,0.029533793220681937,/zhome/14/b/214266/Repos/ml-surrogates-for-power-systems/results/benchmark/experiments/thesis_sm4_benchmark_sm4_v2/default/lhs_static/b1024/ds01/dataset_manifest.json
lhs_static_b1024_ds01,/zhome/14/b/214266/Repos/ml-surrogates-for-power-systems/outputs/experiments/thesis_sm4_benchmark_sm4_v2/default/lhs_static/b1024/ds01,lhs_static,b1024,ds01,101,bs03,3303,default,SM4,/zhome/14/b/214266/Repos/ml-surrogates-for-power-systems/outputs/experiments/thesis_sm4_benchmark_sm4_v2/default/lhs_static/b1024/ds01/data/SM4/dataset_v1,pruned_after_run,/zhome/14/b/214266/Repos/ml-surrogates-for-power-systems/outputs/experiments/thesis_sm4_benchmark_sm4_v2/default/lhs_static/b1024/ds01/baseline/bs03,completed,/zhome/14/b/214266/Repos/ml-surrogates-for-power-systems/outputs/experiments/thesis_sm4_benchmark_sm4_v2/default/lhs_static/b1024/ds01/baseline/bs03/metrics.json,921,8192,0.0009280865779146552,0.030464513419955607,/zhome/14/b/214266/Repos/ml-surrogates-for-power-systems/results/benchmark/experiments/thesis_sm4_benchmark_sm4_v2/default/lhs_static/b1024/ds01/dataset_manifest.json
lhs_static_b1024_ds02,/zhome/14/b/214266/Repos/ml-surrogates-for-power-systems/outputs/experiments/thesis_sm4_benchmark_sm4_v2/default/lhs_static/b1024/ds02,lhs_static,b1024,ds02,202,bs01,1101,default,SM4,/zhome/14/b/214266/Repos/ml-surrogates-for-power-systems/outputs/experiments/thesis_sm4_benchmark_sm4_v2/default/lhs_static/b1024/ds02/data/SM4/dataset_v1,pruned_after_run,/zhome/14/b/214266/Repos/ml-surrogates-for-power-systems/outputs/experiments/thesis_sm4_benchmark_sm4_v2/default/lhs_static/b1024/ds02/baseline/bs01,completed,/zhome/14/b/214266/Repos/ml-surrogates-for-power-systems/outputs/experiments/thesis_sm4_benchmark_sm4_v2/default/lhs_static/b1024/ds02/baseline/bs01/metrics.json,921,8192,0.0010406794026494026,0.03225956296432738,/zhome/14/b/214266/Repos/ml-surrogates-for-power-systems/results/benchmark/experiments/thesis_sm4_benchmark_sm4_v2/default/lhs_static/b1024/ds02/dataset_manifest.json
lhs_static_b1024_ds02,/zhome/14/b/214266/Repos/ml-surrogates-for-power-systems/outputs/experiments/thesis_sm4_benchmark_sm4_v2/default/lhs_static/b1024/ds02,lhs_static,b1024,ds02,202,bs02,2202,default,SM4,/zhome/14/b/214266/Repos/ml-surrogates-for-power-systems/outputs/experiments/thesis_sm4_benchmark_sm4_v2/default/lhs_static/b1024/ds02/data/SM4/dataset_v1,pruned_after_run,/zhome/14/b/214266/Repos/ml-surrogates-for-power-systems/outputs/experiments/thesis_sm4_benchmark_sm4_v2/default/lhs_static/b1024/ds02/baseline/bs02,completed,/zhome/14/b/214266/Repos/ml-surrogates-for-power-systems/outputs/experiments/thesis_sm4_benchmark_sm4_v2/default/lhs_static/b1024/ds02/baseline/bs02/metrics.json,921,8192,0.0011277719167992473,0.03358231553659228,/zhome/14/b/214266/Repos/ml-surrogates-for-power-systems/results/benchmark/experiments/thesis_sm4_benchmark_sm4_v2/default/lhs_static/b1024/ds02/dataset_manifest.json
lhs_static_b1024_ds02,/zhome/14/b/214266/Repos/ml-surrogates-for-power-systems/outputs/experiments/thesis_sm4_benchmark_sm4_v2/default/lhs_static/b1024/ds02,lhs_static,b1024,ds02,202,bs03,3303,default,SM4,/zhome/14/b/214266/Repos/ml-surrogates-for-power-systems/outputs/experiments/thesis_sm4_benchmark_sm4_v2/default/lhs_static/b1024/ds02/data/SM4/dataset_v1,pruned_after_run,/zhome/14/b/214266/Repos/ml-surrogates-for-power-systems/outputs/experiments/thesis_sm4_benchmark_sm4_v2/default/lhs_static/b1024/ds02/baseline/bs03,completed,/zhome/14/b/214266/Repos/ml-surrogates-for-power-systems/outputs/experiments/thesis_sm4_benchmark_sm4_v2/default/lhs_static/b1024/ds02/baseline/bs03/metrics.json,921,8192,0.0011449840385466814,0.033837612778484856,/zhome/14/b/214266/Repos/ml-surrogates-for-power-systems/results/benchmark/experiments/thesis_sm4_benchmark_sm4_v2/default/lhs_static/b1024/ds02/dataset_manifest.json
lhs_static_b1024_ds03,/zhome/14/b/214266/Repos/ml-surrogates-for-power-systems/outputs/experiments/thesis_sm4_benchmark_sm4_v2/default/lhs_static/b1024/ds03,lhs_static,b1024,ds03,303,bs01,1101,default,SM4,/zhome/14/b/214266/Repos/ml-surrogates-for-power-systems/outputs/experiments/thesis_sm4_benchmark_sm4_v2/default/lhs_static/b1024/ds03/data/SM4/dataset_v1,pruned_after_run,/zhome/14/b/214266/Repos/ml-surrogates-for-power-systems/outputs/experiments/thesis_sm4_benchmark_sm4_v2/default/lhs_static/b1024/ds03/baseline/bs01,completed,/zhome/14/b/214266/Repos/ml-surrogates-for-power-systems/outputs/experiments/thesis_sm4_benchmark_sm4_v2/default/lhs_static/b1024/ds03/baseline/bs01/metrics.json,921,8192,0.0011898281518369913,0.03449388571670335,/zhome/14/b/214266/Repos/ml-surrogates-for-power-systems/results/benchmark/experiments/thesis_sm4_benchmark_sm4_v2/default/lhs_static/b1024/ds03/dataset_manifest.json
lhs_static_b1024_ds03,/zhome/14/b/214266/Repos/ml-surrogates-for-power-systems/outputs/experiments/thesis_sm4_benchmark_sm4_v2/default/lhs_static/b1024/ds03,lhs_static,b1024,ds03,303,bs02,2202,default,SM4,/zhome/14/b/214266/Repos/ml-surrogates-for-power-systems/outputs/experiments/thesis_sm4_benchmark_sm4_v2/default/lhs_static/b1024/ds03/data/SM4/dataset_v1,pruned_after_run,/zhome/14/b/214266/Repos/ml-surrogates-for-power-systems/outputs/experiments/thesis_sm4_benchmark_sm4_v2/default/lhs_static/b1024/ds03/baseline/bs02,completed,/zhome/14/b/214266/Repos/ml-surrogates-for-power-systems/outputs/experiments/thesis_sm4_benchmark_sm4_v2/default/lhs_static/b1024/ds03/baseline/bs02/metrics.json,921,8192,0.0010170030873268843,0.03189048584338101,/zhome/14/b/214266/Repos/ml-surrogates-for-power-systems/results/benchmark/experiments/thesis_sm4_benchmark_sm4_v2/default/lhs_static/b1024/ds03/dataset_manifest.json
lhs_static_b1024_ds03,/zhome/14/b/214266/Repos/ml-surrogates-for-power-systems/outputs/experiments/thesis_sm4_benchmark_sm4_v2/default/lhs_static/b1024/ds03,lhs_static,b1024,ds03,303,bs03,3303,default,SM4,/zhome/14/b/214266/Repos/ml-surrogates-for-power-systems/outputs/experiments/thesis_sm4_benchmark_sm4_v2/default/lhs_static/b1024/ds03/data/SM4/dataset_v1,pruned_after_run,/zhome/14/b/214266/Repos/ml-surrogates-for-power-systems/outputs/experiments/thesis_sm4_benchmark_sm4_v2/default/lhs_static/b1024/ds03/baseline/bs03,completed,/zhome/14/b/214266/Repos/ml-surrogates-for-power-systems/outputs/experiments/thesis_sm4_benchmark_sm4_v2/default/lhs_static/b1024/ds03/baseline/bs03/metrics.json,921,8192,0.0012138448655605316,0.03484027648513329,/zhome/14/b/214266/Repos/ml-surrogates-for-power-systems/results/benchmark/experiments/thesis_sm4_benchmark_sm4_v2/default/lhs_static/b1024/ds03/dataset_manifest.json
lhs_static_b1024_ds04,/zhome/14/b/214266/Repos/ml-surrogates-for-power-systems/outputs/experiments/thesis_sm4_benchmark_sm4_v2/default/lhs_static/b1024/ds04,lhs_static,b1024,ds04,404,bs01,1101,default,SM4,/zhome/14/b/214266/Repos/ml-surrogates-for-power-systems/outputs/experiments/thesis_sm4_benchmark_sm4_v2/default/lhs_static/b1024/ds04/data/SM4/dataset_v1,pruned_after_run,/zhome/14/b/214266/Repos/ml-surrogates-for-power-systems/outputs/experiments/thesis_sm4_benchmark_sm4_v2/default/lhs_static/b1024/ds04/baseline/bs01,completed,/zhome/14/b/214266/Repos/ml-surrogates-for-power-systems/outputs/experiments/thesis_sm4_benchmark_sm4_v2/default/lhs_static/b1024/ds04/baseline/bs01/metrics.json,921,8192,0.001316365785896778,0.036281755551472124,/zhome/14/b/214266/Repos/ml-surrogates-for-power-systems/results/benchmark/experiments/thesis_sm4_benchmark_sm4_v2/default/lhs_static/b1024/ds04/dataset_manifest.json
lhs_static_b1024_ds04,/zhome/14/b/214266/Repos/ml-surrogates-for-power-systems/outputs/experiments/thesis_sm4_benchmark_sm4_v2/default/lhs_static/b1024/ds04,lhs_static,b1024,ds04,404,bs02,2202,default,SM4,/zhome/14/b/214266/Repos/ml-surrogates-for-power-systems/outputs/experiments/thesis_sm4_benchmark_sm4_v2/default/lhs_static/b1024/ds04/data/SM4/dataset_v1,pruned_after_run,/zhome/14/b/214266/Repos/ml-surrogates-for-power-systems/outputs/experiments/thesis_sm4_benchmark_sm4_v2/default/lhs_static/b1024/ds04/baseline/bs02,completed,/zhome/14/b/214266/Repos/ml-surrogates-for-power-systems/outputs/experiments/thesis_sm4_benchmark_sm4_v2/default/lhs_static/b1024/ds04/baseline/bs02/metrics.json,921,8192,0.0007449651602655649,0.02729404990589643,/zhome/14/b/214266/Repos/ml-surrogates-for-power-systems/results/benchmark/experiments/thesis_sm4_benchmark_sm4_v2/default/lhs_static/b1024/ds04/dataset_manifest.json
lhs_static_b1024_ds04,/zhome/14/b/214266/Repos/ml-surrogates-for-power-systems/outputs/experiments/thesis_sm4_benchmark_sm4_v2/default/lhs_static/b1024/ds04,lhs_static,b1024,ds04,404,bs03,3303,default,SM4,/zhome/14/b/214266/Repos/ml-surrogates-for-power-systems/outputs/experiments/thesis_sm4_benchmark_sm4_v2/default/lhs_static/b1024/ds04/data/SM4/dataset_v1,pruned_after_run,/zhome/14/b/214266/Repos/ml-surrogates-for-power-systems/outputs/experiments/thesis_sm4_benchmark_sm4_v2/default/lhs_static/b1024/ds04/baseline/bs03,completed,/zhome/14/b/214266/Repos/ml-surrogates-for-power-systems/outputs/experiments/thesis_sm4_benchmark_sm4_v2/default/lhs_static/b1024/ds04/baseline/bs03/metrics.json,921,8192,0.001075215870514512,0.03279048445074443,/zhome/14/b/214266/Repos/ml-surrogates-for-power-systems/results/benchmark/experiments/thesis_sm4_benchmark_sm4_v2/default/lhs_static/b1024/ds04/dataset_manifest.json
lhs_static_b1024_ds05,/zhome/14/b/214266/Repos/ml-surrogates-for-power-systems/outputs/experiments/thesis_sm4_benchmark_sm4_v2/default/lhs_static/b1024/ds05,lhs_static,b1024,ds05,505,bs01,1101,default,SM4,/zhome/14/b/214266/Repos/ml-surrogates-for-power-systems/outputs/experiments/thesis_sm4_benchmark_sm4_v2/default/lhs_static/b1024/ds05/data/SM4/dataset_v1,pruned_after_run,/zhome/14/b/214266/Repos/ml-surrogates-for-power-systems/outputs/experiments/thesis_sm4_benchmark_sm4_v2/default/lhs_static/b1024/ds05/baseline/bs01,completed,/zhome/14/b/214266/Repos/ml-surrogates-for-power-systems/outputs/experiments/thesis_sm4_benchmark_sm4_v2/default/lhs_static/b1024/ds05/baseline/bs01/metrics.json,921,8192,0.0011190990917384624,0.033452938461941764,/zhome/14/b/214266/Repos/ml-surrogates-for-power-systems/results/benchmark/experiments/thesis_sm4_benchmark_sm4_v2/default/lhs_static/b1024/ds05/dataset_manifest.json
lhs_static_b1024_ds05,/zhome/14/b/214266/Repos/ml-surrogates-for-power-systems/outputs/experiments/thesis_sm4_benchmark_sm4_v2/default/lhs_static/b1024/ds05,lhs_static,b1024,ds05,505,bs02,2202,default,SM4,/zhome/14/b/214266/Repos/ml-surrogates-for-power-systems/outputs/experiments/thesis_sm4_benchmark_sm4_v2/default/lhs_static/b1024/ds05/data/SM4/dataset_v1,pruned_after_run,/zhome/14/b/214266/Repos/ml-surrogates-for-power-systems/outputs/experiments/thesis_sm4_benchmark_sm4_v2/default/lhs_static/b1024/ds05/baseline/bs02,completed,/zhome/14/b/214266/Repos/ml-surrogates-for-power-systems/outputs/experiments/thesis_sm4_benchmark_sm4_v2/default/lhs_static/b1024/ds05/baseline/bs02/metrics.json,921,8192,0.001638536574319005,0.04047884106936617,/zhome/14/b/214266/Repos/ml-surrogates-for-power-systems/results/benchmark/experiments/thesis_sm4_benchmark_sm4_v2/default/lhs_static/b1024/ds05/dataset_manifest.json
lhs_static_b1024_ds05,/zhome/14/b/214266/Repos/ml-surrogates-for-power-systems/outputs/experiments/thesis_sm4_benchmark_sm4_v2/default/lhs_static/b1024/ds05,lhs_static,b1024,ds05,505,bs03,3303,default,SM4,/zhome/14/b/214266/Repos/ml-surrogates-for-power-systems/outputs/experiments/thesis_sm4_benchmark_sm4_v2/default/lhs_static/b1024/ds05/data/SM4/dataset_v1,pruned_after_run,/zhome/14/b/214266/Repos/ml-surrogates-for-power-systems/outputs/experiments/thesis_sm4_benchmark_sm4_v2/default/lhs_static/b1024/ds05/baseline/bs03,completed,/zhome/14/b/214266/Repos/ml-surrogates-for-power-systems/outputs/experiments/thesis_sm4_benchmark_sm4_v2/default/lhs_static/b1024/ds05/baseline/bs03/metrics.json,921,8192,0.0013885763473808765,0.03726360620472576,/zhome/14/b/214266/Repos/ml-surrogates-for-power-systems/results/benchmark/experiments/thesis_sm4_benchmark_sm4_v2/default/lhs_static/b1024/ds05/dataset_manifest.json
lhs_static_b4096_ds01,/zhome/14/b/214266/Repos/ml-surrogates-for-power-systems/outputs/experiments/thesis_sm4_benchmark_sm4_v2/default/lhs_static/b4096/ds01,lhs_static,b4096,ds01,101,bs01,1101,default,SM4,/zhome/14/b/214266/Repos/ml-surrogates-for-power-systems/outputs/experiments/thesis_sm4_benchmark_sm4_v2/default/lhs_static/b4096/ds01/data/SM4/dataset_v1,pruned_after_run,/zhome/14/b/214266/Repos/ml-surrogates-for-power-systems/outputs/experiments/thesis_sm4_benchmark_sm4_v2/default/lhs_static/b4096/ds01/baseline/bs01,completed,/zhome/14/b/214266/Repos/ml-surrogates-for-power-systems/outputs/experiments/thesis_sm4_benchmark_sm4_v2/default/lhs_static/b4096/ds01/baseline/bs01/metrics.json,3686,8192,0.00026650403742678463,0.016324951375939367,/zhome/14/b/214266/Repos/ml-surrogates-for-power-systems/results/benchmark/experiments/thesis_sm4_benchmark_sm4_v2/default/lhs_static/b4096/ds01/dataset_manifest.json
lhs_static_b4096_ds01,/zhome/14/b/214266/Repos/ml-surrogates-for-power-systems/outputs/experiments/thesis_sm4_benchmark_sm4_v2/default/lhs_static/b4096/ds01,lhs_static,b4096,ds01,101,bs02,2202,default,SM4,/zhome/14/b/214266/Repos/ml-surrogates-for-power-systems/outputs/experiments/thesis_sm4_benchmark_sm4_v2/default/lhs_static/b4096/ds01/data/SM4/dataset_v1,pruned_after_run,/zhome/14/b/214266/Repos/ml-surrogates-for-power-systems/outputs/experiments/thesis_sm4_benchmark_sm4_v2/default/lhs_static/b4096/ds01/baseline/bs02,completed,/zhome/14/b/214266/Repos/ml-surrogates-for-power-systems/outputs/experiments/thesis_sm4_benchmark_sm4_v2/default/lhs_static/b4096/ds01/baseline/bs02/metrics.json,3686,8192,0.00035402827779762447,0.01881563918121371,/zhome/14/b/214266/Repos/ml-surrogates-for-power-systems/results/benchmark/experiments/thesis_sm4_benchmark_sm4_v2/default/lhs_static/b4096/ds01/dataset_manifest.json
lhs_static_b4096_ds01,/zhome/14/b/214266/Repos/ml-surrogates-for-power-systems/outputs/experiments/thesis_sm4_benchmark_sm4_v2/default/lhs_static/b4096/ds01,lhs_static,b4096,ds01,101,bs03,3303,default,SM4,/zhome/14/b/214266/Repos/ml-surrogates-for-power-systems/outputs/experiments/thesis_sm4_benchmark_sm4_v2/default/lhs_static/b4096/ds01/data/SM4/dataset_v1,pruned_after_run,/zhome/14/b/214266/Repos/ml-surrogates-for-power-systems/outputs/experiments/thesis_sm4_benchmark_sm4_v2/default/lhs_static/b4096/ds01/baseline/bs03,completed,/zhome/14/b/214266/Repos/ml-surrogates-for-power-systems/outputs/experiments/thesis_sm4_benchmark_sm4_v2/default/lhs_static/b4096/ds01/baseline/bs03/metrics.json,3686,8192,0.0002697926538530737,0.01642536617105,/zhome/14/b/214266/Repos/ml-surrogates-for-power-systems/results/benchmark/experiments/thesis_sm4_benchmark_sm4_v2/default/lhs_static/b4096/ds01/dataset_manifest.json
lhs_static_b4096_ds02,/zhome/14/b/214266/Repos/ml-surrogates-for-power-systems/outputs/experiments/thesis_sm4_benchmark_sm4_v2/default/lhs_static/b4096/ds02,lhs_static,b4096,ds02,202,bs01,1101,default,SM4,/zhome/14/b/214266/Repos/ml-surrogates-for-power-systems/outputs/experiments/thesis_sm4_benchmark_sm4_v2/default/lhs_static/b4096/ds02/data/SM4/dataset_v1,pruned_after_run,/zhome/14/b/214266/Repos/ml-surrogates-for-power-systems/outputs/experiments/thesis_sm4_benchmark_sm4_v2/default/lhs_static/b4096/ds02/baseline/bs01,completed,/zhome/14/b/214266/Repos/ml-surrogates-for-power-systems/outputs/experiments/thesis_sm4_benchmark_sm4_v2/default/lhs_static/b4096/ds02/baseline/bs01/metrics.json,3686,8192,0.0003498377918731421,0.018703951236921628,/zhome/14/b/214266/Repos/ml-surrogates-for-power-systems/results/benchmark/experiments/thesis_sm4_benchmark_sm4_v2/default/lhs_static/b4096/ds02/dataset_manifest.json
lhs_static_b4096_ds02,/zhome/14/b/214266/Repos/ml-surrogates-for-power-systems/outputs/experiments/thesis_sm4_benchmark_sm4_v2/default/lhs_static/b4096/ds02,lhs_static,b4096,ds02,202,bs02,2202,default,SM4,/zhome/14/b/214266/Repos/ml-surrogates-for-power-systems/outputs/experiments/thesis_sm4_benchmark_sm4_v2/default/lhs_static/b4096/ds02/data/SM4/dataset_v1,pruned_after_run,/zhome/14/b/214266/Repos/ml-surrogates-for-power-systems/outputs/experiments/thesis_sm4_benchmark_sm4_v2/default/lhs_static/b4096/ds02/baseline/bs02,completed,/zhome/14/b/214266/Repos/ml-surrogates-for-power-systems/outputs/experiments/thesis_sm4_benchmark_sm4_v2/default/lhs_static/b4096/ds02/baseline/bs02/metrics.json,3686,8192,0.00026742502814158797,0.01635313511659425,/zhome/14/b/214266/Repos/ml-surrogates-for-power-systems/results/benchmark/experiments/thesis_sm4_benchmark_sm4_v2/default/lhs_static/b4096/ds02/dataset_manifest.json
lhs_static_b4096_ds02,/zhome/14/b/214266/Repos/ml-surrogates-for-power-systems/outputs/experiments/thesis_sm4_benchmark_sm4_v2/default/lhs_static/b4096/ds02,lhs_static,b4096,ds02,202,bs03,3303,default,SM4,/zhome/14/b/214266/Repos/ml-surrogates-for-power-systems/outputs/experiments/thesis_sm4_benchmark_sm4_v2/default/lhs_static/b4096/ds02/data/SM4/dataset_v1,pruned_after_run,/zhome/14/b/214266/Repos/ml-surrogates-for-power-systems/outputs/experiments/thesis_sm4_benchmark_sm4_v2/default/lhs_static/b4096/ds02/baseline/bs03,completed,/zhome/14/b/214266/Repos/ml-surrogates-for-power-systems/outputs/experiments/thesis_sm4_benchmark_sm4_v2/default/lhs_static/b4096/ds02/baseline/bs03/metrics.json,3686,8192,0.00043548582470975816,0.02086829712050694,/zhome/14/b/214266/Repos/ml-surrogates-for-power-systems/results/benchmark/experiments/thesis_sm4_benchmark_sm4_v2/default/lhs_static/b4096/ds02/dataset_manifest.json
lhs_static_b4096_ds03,/zhome/14/b/214266/Repos/ml-surrogates-for-power-systems/outputs/experiments/thesis_sm4_benchmark_sm4_v2/default/lhs_static/b4096/ds03,lhs_static,b4096,ds03,303,bs01,1101,default,SM4,/zhome/14/b/214266/Repos/ml-surrogates-for-power-systems/outputs/experiments/thesis_sm4_benchmark_sm4_v2/default/lhs_static/b4096/ds03/data/SM4/dataset_v1,pruned_after_run,/zhome/14/b/214266/Repos/ml-surrogates-for-power-systems/outputs/experiments/thesis_sm4_benchmark_sm4_v2/default/lhs_static/b4096/ds03/baseline/bs01,completed,/zhome/14/b/214266/Repos/ml-surrogates-for-power-systems/outputs/experiments/thesis_sm4_benchmark_sm4_v2/default/lhs_static/b4096/ds03/baseline/bs01/metrics.json,3686,8192,0.00010969889990519732,0.010473724261464845,/zhome/14/b/214266/Repos/ml-surrogates-for-power-systems/results/benchmark/experiments/thesis_sm4_benchmark_sm4_v2/default/lhs_static/b4096/ds03/dataset_manifest.json
lhs_static_b4096_ds03,/zhome/14/b/214266/Repos/ml-surrogates-for-power-systems/outputs/experiments/thesis_sm4_benchmark_sm4_v2/default/lhs_static/b4096/ds03,lhs_static,b4096,ds03,303,bs02,2202,default,SM4,/zhome/14/b/214266/Repos/ml-surrogates-for-power-systems/outputs/experiments/thesis_sm4_benchmark_sm4_v2/default/lhs_static/b4096/ds03/data/SM4/dataset_v1,pruned_after_run,/zhome/14/b/214266/Repos/ml-surrogates-for-power-systems/outputs/experiments/thesis_sm4_benchmark_sm4_v2/default/lhs_static/b4096/ds03/baseline/bs02,completed,/zhome/14/b/214266/Repos/ml-surrogates-for-power-systems/outputs/experiments/thesis_sm4_benchmark_sm4_v2/default/lhs_static/b4096/ds03/baseline/bs02/metrics.json,3686,8192,0.00018783315317705274,0.013705223572676686,/zhome/14/b/214266/Repos/ml-surrogates-for-power-systems/results/benchmark/experiments/thesis_sm4_benchmark_sm4_v2/default/lhs_static/b4096/ds03/dataset_manifest.json
lhs_static_b4096_ds03,/zhome/14/b/214266/Repos/ml-surrogates-for-power-systems/outputs/experiments/thesis_sm4_benchmark_sm4_v2/default/lhs_static/b4096/ds03,lhs_static,b4096,ds03,303,bs03,3303,default,SM4,/zhome/14/b/214266/Repos/ml-surrogates-for-power-systems/outputs/experiments/thesis_sm4_benchmark_sm4_v2/default/lhs_static/b4096/ds03/data/SM4/dataset_v1,pruned_after_run,/zhome/14/b/214266/Repos/ml-surrogates-for-power-systems/outputs/experiments/thesis_sm4_benchmark_sm4_v2/default/lhs_static/b4096/ds03/baseline/bs03,completed,/zhome/14/b/214266/Repos/ml-surrogates-for-power-systems/outputs/experiments/thesis_sm4_benchmark_sm4_v2/default/lhs_static/b4096/ds03/baseline/bs03/metrics.json,3686,8192,0.0002993089728988707,0.017300548340988233,/zhome/14/b/214266/Repos/ml-surrogates-for-power-systems/results/benchmark/experiments/thesis_sm4_benchmark_sm4_v2/default/lhs_static/b4096/ds03/dataset_manifest.json
lhs_static_b4096_ds04,/zhome/14/b/214266/Repos/ml-surrogates-for-power-systems/outputs/experiments/thesis_sm4_benchmark_sm4_v2/default/lhs_static/b4096/ds04,lhs_static,b4096,ds04,404,bs01,1101,default,SM4,/zhome/14/b/214266/Repos/ml-surrogates-for-power-systems/outputs/experiments/thesis_sm4_benchmark_sm4_v2/default/lhs_static/b4096/ds04/data/SM4/dataset_v1,pruned_after_run,/zhome/14/b/214266/Repos/ml-surrogates-for-power-systems/outputs/experiments/thesis_sm4_benchmark_sm4_v2/default/lhs_static/b4096/ds04/baseline/bs01,completed,/zhome/14/b/214266/Repos/ml-surrogates-for-power-systems/outputs/experiments/thesis_sm4_benchmark_sm4_v2/default/lhs_static/b4096/ds04/baseline/bs01/metrics.json,3686,8192,0.00023421015066560358,0.015303925988634537,/zhome/14/b/214266/Repos/ml-surrogates-for-power-systems/results/benchmark/experiments/thesis_sm4_benchmark_sm4_v2/default/lhs_static/b4096/ds04/dataset_manifest.json
lhs_static_b4096_ds04,/zhome/14/b/214266/Repos/ml-surrogates-for-power-systems/outputs/experiments/thesis_sm4_benchmark_sm4_v2/default/lhs_static/b4096/ds04,lhs_static,b4096,ds04,404,bs02,2202,default,SM4,/zhome/14/b/214266/Repos/ml-surrogates-for-power-systems/outputs/experiments/thesis_sm4_benchmark_sm4_v2/default/lhs_static/b4096/ds04/data/SM4/dataset_v1,pruned_after_run,/zhome/14/b/214266/Repos/ml-surrogates-for-power-systems/outputs/experiments/thesis_sm4_benchmark_sm4_v2/default/lhs_static/b4096/ds04/baseline/bs02,completed,/zhome/14/b/214266/Repos/ml-surrogates-for-power-systems/outputs/experiments/thesis_sm4_benchmark_sm4_v2/default/lhs_static/b4096/ds04/baseline/bs02/metrics.json,3686,8192,0.00018058541172649711,0.01343820716191327,/zhome/14/b/214266/Repos/ml-surrogates-for-power-systems/results/benchmark/experiments/thesis_sm4_benchmark_sm4_v2/default/lhs_static/b4096/ds04/dataset_manifest.json
lhs_static_b4096_ds04,/zhome/14/b/214266/Repos/ml-surrogates-for-power-systems/outputs/experiments/thesis_sm4_benchmark_sm4_v2/default/lhs_static/b4096/ds04,lhs_static,b4096,ds04,404,bs03,3303,default,SM4,/zhome/14/b/214266/Repos/ml-surrogates-for-power-systems/outputs/experiments/thesis_sm4_benchmark_sm4_v2/default/lhs_static/b4096/ds04/data/SM4/dataset_v1,pruned_after_run,/zhome/14/b/214266/Repos/ml-surrogates-for-power-systems/outputs/experiments/thesis_sm4_benchmark_sm4_v2/default/lhs_static/b4096/ds04/baseline/bs03,completed,/zhome/14/b/214266/Repos/ml-surrogates-for-power-systems/outputs/experiments/thesis_sm4_benchmark_sm4_v2/default/lhs_static/b4096/ds04/baseline/bs03/metrics.json,3686,8192,0.0003183243970852345,0.01784164782426877,/zhome/14/b/214266/Repos/ml-surrogates-for-power-systems/results/benchmark/experiments/thesis_sm4_benchmark_sm4_v2/default/lhs_static/b4096/ds04/dataset_manifest.json
lhs_static_b4096_ds05,/zhome/14/b/214266/Repos/ml-surrogates-for-power-systems/outputs/experiments/thesis_sm4_benchmark_sm4_v2/default/lhs_static/b4096/ds05,lhs_static,b4096,ds05,505,bs01,1101,default,SM4,/zhome/14/b/214266/Repos/ml-surrogates-for-power-systems/outputs/experiments/thesis_sm4_benchmark_sm4_v2/default/lhs_static/b4096/ds05/data/SM4/dataset_v1,pruned_after_run,/zhome/14/b/214266/Repos/ml-surrogates-for-power-systems/outputs/experiments/thesis_sm4_benchmark_sm4_v2/default/lhs_static/b4096/ds05/baseline/bs01,completed,/zhome/14/b/214266/Repos/ml-surrogates-for-power-systems/outputs/experiments/thesis_sm4_benchmark_sm4_v2/default/lhs_static/b4096/ds05/baseline/bs01/metrics.json,3686,8192,0.00018137655570171773,0.013467611358430186,/zhome/14/b/214266/Repos/ml-surrogates-for-power-systems/results/benchmark/experiments/thesis_sm4_benchmark_sm4_v2/default/lhs_static/b4096/ds05/dataset_manifest.json
lhs_static_b4096_ds05,/zhome/14/b/214266/Repos/ml-surrogates-for-power-systems/outputs/experiments/thesis_sm4_benchmark_sm4_v2/default/lhs_static/b4096/ds05,lhs_static,b4096,ds05,505,bs02,2202,default,SM4,/zhome/14/b/214266/Repos/ml-surrogates-for-power-systems/outputs/experiments/thesis_sm4_benchmark_sm4_v2/default/lhs_static/b4096/ds05/data/SM4/dataset_v1,pruned_after_run,/zhome/14/b/214266/Repos/ml-surrogates-for-power-systems/outputs/experiments/thesis_sm4_benchmark_sm4_v2/default/lhs_static/b4096/ds05/baseline/bs02,completed,/zhome/14/b/214266/Repos/ml-surrogates-for-power-systems/outputs/experiments/thesis_sm4_benchmark_sm4_v2/default/lhs_static/b4096/ds05/baseline/bs02/metrics.json,3686,8192,0.00012862833682447672,0.011341443330743963,/zhome/14/b/214266/Repos/ml-surrogates-for-power-systems/results/benchmark/experiments/thesis_sm4_benchmark_sm4_v2/default/lhs_static/b4096/ds05/dataset_manifest.json
lhs_static_b4096_ds05,/zhome/14/b/214266/Repos/ml-surrogates-for-power-systems/outputs/experiments/thesis_sm4_benchmark_sm4_v2/default/lhs_static/b4096/ds05,lhs_static,b4096,ds05,505,bs03,3303,default,SM4,/zhome/14/b/214266/Repos/ml-surrogates-for-power-systems/outputs/experiments/thesis_sm4_benchmark_sm4_v2/default/lhs_static/b4096/ds05/data/SM4/dataset_v1,pruned_after_run,/zhome/14/b/214266/Repos/ml-surrogates-for-power-systems/outputs/experiments/thesis_sm4_benchmark_sm4_v2/default/lhs_static/b4096/ds05/baseline/bs03,completed,/zhome/14/b/214266/Repos/ml-surrogates-for-power-systems/outputs/experiments/thesis_sm4_benchmark_sm4_v2/default/lhs_static/b4096/ds05/baseline/bs03/metrics.json,3686,8192,0.0002146346669178456,0.0146504152472838,/zhome/14/b/214266/Repos/ml-surrogates-for-power-systems/results/benchmark/experiments/thesis_sm4_benchmark_sm4_v2/default/lhs_static/b4096/ds05/dataset_manifest.json
lhs_static_b8192_ds01,/zhome/14/b/214266/Repos/ml-surrogates-for-power-systems/outputs/experiments/thesis_sm4_benchmark_sm4_v2/default/lhs_static/b8192/ds01,lhs_static,b8192,ds01,101,bs01,1101,default,SM4,/zhome/14/b/214266/Repos/ml-surrogates-for-power-systems/outputs/experiments/thesis_sm4_benchmark_sm4_v2/default/lhs_static/b8192/ds01/data/SM4/dataset_v1,pruned_after_run,/zhome/14/b/214266/Repos/ml-surrogates-for-power-systems/outputs/experiments/thesis_sm4_benchmark_sm4_v2/default/lhs_static/b8192/ds01/baseline/bs01,completed,/zhome/14/b/214266/Repos/ml-surrogates-for-power-systems/outputs/experiments/thesis_sm4_benchmark_sm4_v2/default/lhs_static/b8192/ds01/baseline/bs01/metrics.json,7372,8192,7.603577250847593e-05,0.008719849339780816,/zhome/14/b/214266/Repos/ml-surrogates-for-power-systems/results/benchmark/experiments/thesis_sm4_benchmark_sm4_v2/default/lhs_static/b8192/ds01/dataset_manifest.json
lhs_static_b8192_ds01,/zhome/14/b/214266/Repos/ml-surrogates-for-power-systems/outputs/experiments/thesis_sm4_benchmark_sm4_v2/default/lhs_static/b8192/ds01,lhs_static,b8192,ds01,101,bs02,2202,default,SM4,/zhome/14/b/214266/Repos/ml-surrogates-for-power-systems/outputs/experiments/thesis_sm4_benchmark_sm4_v2/default/lhs_static/b8192/ds01/data/SM4/dataset_v1,pruned_after_run,/zhome/14/b/214266/Repos/ml-surrogates-for-power-systems/outputs/experiments/thesis_sm4_benchmark_sm4_v2/default/lhs_static/b8192/ds01/baseline/bs02,completed,/zhome/14/b/214266/Repos/ml-surrogates-for-power-systems/outputs/experiments/thesis_sm4_benchmark_sm4_v2/default/lhs_static/b8192/ds01/baseline/bs02/metrics.json,7372,8192,0.00016321461589541286,0.012775547577126112,/zhome/14/b/214266/Repos/ml-surrogates-for-power-systems/results/benchmark/experiments/thesis_sm4_benchmark_sm4_v2/default/lhs_static/b8192/ds01/dataset_manifest.json
lhs_static_b8192_ds01,/zhome/14/b/214266/Repos/ml-surrogates-for-power-systems/outputs/experiments/thesis_sm4_benchmark_sm4_v2/default/lhs_static/b8192/ds01,lhs_static,b8192,ds01,101,bs03,3303,default,SM4,/zhome/14/b/214266/Repos/ml-surrogates-for-power-systems/outputs/experiments/thesis_sm4_benchmark_sm4_v2/default/lhs_static/b8192/ds01/data/SM4/dataset_v1,pruned_after_run,/zhome/14/b/214266/Repos/ml-surrogates-for-power-systems/outputs/experiments/thesis_sm4_benchmark_sm4_v2/default/lhs_static/b8192/ds01/baseline/bs03,completed,/zhome/14/b/214266/Repos/ml-surrogates-for-power-systems/outputs/experiments/thesis_sm4_benchmark_sm4_v2/default/lhs_static/b8192/ds01/baseline/bs03/metrics.json,7372,8192,0.00010726743494160473,0.010356999321309466,/zhome/14/b/214266/Repos/ml-surrogates-for-power-systems/results/benchmark/experiments/thesis_sm4_benchmark_sm4_v2/default/lhs_static/b8192/ds01/dataset_manifest.json
lhs_static_b8192_ds02,/zhome/14/b/214266/Repos/ml-surrogates-for-power-systems/outputs/experiments/thesis_sm4_benchmark_sm4_v2/default/lhs_static/b8192/ds02,lhs_static,b8192,ds02,202,bs01,1101,default,SM4,/zhome/14/b/214266/Repos/ml-surrogates-for-power-systems/outputs/experiments/thesis_sm4_benchmark_sm4_v2/default/lhs_static/b8192/ds02/data/SM4/dataset_v1,pruned_after_run,/zhome/14/b/214266/Repos/ml-surrogates-for-power-systems/outputs/experiments/thesis_sm4_benchmark_sm4_v2/default/lhs_static/b8192/ds02/baseline/bs01,completed,/zhome/14/b/214266/Repos/ml-surrogates-for-power-systems/outputs/experiments/thesis_sm4_benchmark_sm4_v2/default/lhs_static/b8192/ds02/baseline/bs01/metrics.json,7372,8192,0.00010940418724203482,0.010459645655663237,/zhome/14/b/214266/Repos/ml-surrogates-for-power-systems/results/benchmark/experiments/thesis_sm4_benchmark_sm4_v2/default/lhs_static/b8192/ds02/dataset_manifest.json
lhs_static_b8192_ds02,/zhome/14/b/214266/Repos/ml-surrogates-for-power-systems/outputs/experiments/thesis_sm4_benchmark_sm4_v2/default/lhs_static/b8192/ds02,lhs_static,b8192,ds02,202,bs02,2202,default,SM4,/zhome/14/b/214266/Repos/ml-surrogates-for-power-systems/outputs/experiments/thesis_sm4_benchmark_sm4_v2/default/lhs_static/b8192/ds02/data/SM4/dataset_v1,pruned_after_run,/zhome/14/b/214266/Repos/ml-surrogates-for-power-systems/outputs/experiments/thesis_sm4_benchmark_sm4_v2/default/lhs_static/b8192/ds02/baseline/bs02,completed,/zhome/14/b/214266/Repos/ml-surrogates-for-power-systems/outputs/experiments/thesis_sm4_benchmark_sm4_v2/default/lhs_static/b8192/ds02/baseline/bs02/metrics.json,7372,8192,0.0001521945232525468,0.012336714443179221,/zhome/14/b/214266/Repos/ml-surrogates-for-power-systems/results/benchmark/experiments/thesis_sm4_benchmark_sm4_v2/default/lhs_static/b8192/ds02/dataset_manifest.json
lhs_static_b8192_ds02,/zhome/14/b/214266/Repos/ml-surrogates-for-power-systems/outputs/experiments/thesis_sm4_benchmark_sm4_v2/default/lhs_static/b8192/ds02,lhs_static,b8192,ds02,202,bs03,3303,default,SM4,/zhome/14/b/214266/Repos/ml-surrogates-for-power-systems/outputs/experiments/thesis_sm4_benchmark_sm4_v2/default/lhs_static/b8192/ds02/data/SM4/dataset_v1,pruned_after_run,/zhome/14/b/214266/Repos/ml-surrogates-for-power-systems/outputs/experiments/thesis_sm4_benchmark_sm4_v2/default/lhs_static/b8192/ds02/baseline/bs03,completed,/zhome/14/b/214266/Repos/ml-surrogates-for-power-systems/outputs/experiments/thesis_sm4_benchmark_sm4_v2/default/lhs_static/b8192/ds02/baseline/bs03/metrics.json,7372,8192,0.00012539014278445393,0.011197774010242122,/zhome/14/b/214266/Repos/ml-surrogates-for-power-systems/results/benchmark/experiments/thesis_sm4_benchmark_sm4_v2/default/lhs_static/b8192/ds02/dataset_manifest.json
lhs_static_b8192_ds03,/zhome/14/b/214266/Repos/ml-surrogates-for-power-systems/outputs/experiments/thesis_sm4_benchmark_sm4_v2/default/lhs_static/b8192/ds03,lhs_static,b8192,ds03,303,bs01,1101,default,SM4,/zhome/14/b/214266/Repos/ml-surrogates-for-power-systems/outputs/experiments/thesis_sm4_benchmark_sm4_v2/default/lhs_static/b8192/ds03/data/SM4/dataset_v2,pruned_after_run,/zhome/14/b/214266/Repos/ml-surrogates-for-power-systems/outputs/experiments/thesis_sm4_benchmark_sm4_v2/default/lhs_static/b8192/ds03/baseline/bs01,completed,/zhome/14/b/214266/Repos/ml-surrogates-for-power-systems/outputs/experiments/thesis_sm4_benchmark_sm4_v2/default/lhs_static/b8192/ds03/baseline/bs01/metrics.json,7372,8192,0.0002541102876421064,0.01594083710606524,/zhome/14/b/214266/Repos/ml-surrogates-for-power-systems/results/benchmark/experiments/thesis_sm4_benchmark_sm4_v2/default/lhs_static/b8192/ds03/dataset_manifest.json
lhs_static_b8192_ds03,/zhome/14/b/214266/Repos/ml-surrogates-for-power-systems/outputs/experiments/thesis_sm4_benchmark_sm4_v2/default/lhs_static/b8192/ds03,lhs_static,b8192,ds03,303,bs02,2202,default,SM4,/zhome/14/b/214266/Repos/ml-surrogates-for-power-systems/outputs/experiments/thesis_sm4_benchmark_sm4_v2/default/lhs_static/b8192/ds03/data/SM4/dataset_v2,pruned_after_run,/zhome/14/b/214266/Repos/ml-surrogates-for-power-systems/outputs/experiments/thesis_sm4_benchmark_sm4_v2/default/lhs_static/b8192/ds03/baseline/bs02,completed,/zhome/14/b/214266/Repos/ml-surrogates-for-power-systems/outputs/experiments/thesis_sm4_benchmark_sm4_v2/default/lhs_static/b8192/ds03/baseline/bs02/metrics.json,7372,8192,0.00030617768061347306,0.017497933609814418,/zhome/14/b/214266/Repos/ml-surrogates-for-power-systems/results/benchmark/experiments/thesis_sm4_benchmark_sm4_v2/default/lhs_static/b8192/ds03/dataset_manifest.json
lhs_static_b8192_ds03,/zhome/14/b/214266/Repos/ml-surrogates-for-power-systems/outputs/experiments/thesis_sm4_benchmark_sm4_v2/default/lhs_static/b8192/ds03,lhs_static,b8192,ds03,303,bs03,3303,default,SM4,/zhome/14/b/214266/Repos/ml-surrogates-for-power-systems/outputs/experiments/thesis_sm4_benchmark_sm4_v2/default/lhs_static/b8192/ds03/data/SM4/dataset_v2,pruned_after_run,/zhome/14/b/214266/Repos/ml-surrogates-for-power-systems/outputs/experiments/thesis_sm4_benchmark_sm4_v2/default/lhs_static/b8192/ds03/baseline/bs03,completed,/zhome/14/b/214266/Repos/ml-surrogates-for-power-systems/outputs/experiments/thesis_sm4_benchmark_sm4_v2/default/lhs_static/b8192/ds03/baseline/bs03/metrics.json,7372,8192,0.0001732240489218384,0.013161460744227383,/zhome/14/b/214266/Repos/ml-surrogates-for-power-systems/results/benchmark/experiments/thesis_sm4_benchmark_sm4_v2/default/lhs_static/b8192/ds03/dataset_manifest.json
lhs_static_b8192_ds04,/zhome/14/b/214266/Repos/ml-surrogates-for-power-systems/outputs/experiments/thesis_sm4_benchmark_sm4_v2/default/lhs_static/b8192/ds04,lhs_static,b8192,ds04,404,bs01,1101,default,SM4,/zhome/14/b/214266/Repos/ml-surrogates-for-power-systems/outputs/experiments/thesis_sm4_benchmark_sm4_v2/default/lhs_static/b8192/ds04/data/SM4/dataset_v1,pruned_after_run,/zhome/14/b/214266/Repos/ml-surrogates-for-power-systems/outputs/experiments/thesis_sm4_benchmark_sm4_v2/default/lhs_static/b8192/ds04/baseline/bs01,completed,/zhome/14/b/214266/Repos/ml-surrogates-for-power-systems/outputs/experiments/thesis_sm4_benchmark_sm4_v2/default/lhs_static/b8192/ds04/baseline/bs01/metrics.json,7372,8192,0.0002623467880766839,0.016197122833289987,/zhome/14/b/214266/Repos/ml-surrogates-for-power-systems/results/benchmark/experiments/thesis_sm4_benchmark_sm4_v2/default/lhs_static/b8192/ds04/dataset_manifest.json
lhs_static_b8192_ds04,/zhome/14/b/214266/Repos/ml-surrogates-for-power-systems/outputs/experiments/thesis_sm4_benchmark_sm4_v2/default/lhs_static/b8192/ds04,lhs_static,b8192,ds04,404,bs02,2202,default,SM4,/zhome/14/b/214266/Repos/ml-surrogates-for-power-systems/outputs/experiments/thesis_sm4_benchmark_sm4_v2/default/lhs_static/b8192/ds04/data/SM4/dataset_v1,pruned_after_run,/zhome/14/b/214266/Repos/ml-surrogates-for-power-systems/outputs/experiments/thesis_sm4_benchmark_sm4_v2/default/lhs_static/b8192/ds04/baseline/bs02,completed,/zhome/14/b/214266/Repos/ml-surrogates-for-power-systems/outputs/experiments/thesis_sm4_benchmark_sm4_v2/default/lhs_static/b8192/ds04/baseline/bs02/metrics.json,7372,8192,0.00019862406770698726,0.014093405113988147,/zhome/14/b/214266/Repos/ml-surrogates-for-power-systems/results/benchmark/experiments/thesis_sm4_benchmark_sm4_v2/default/lhs_static/b8192/ds04/dataset_manifest.json
lhs_static_b8192_ds04,/zhome/14/b/214266/Repos/ml-surrogates-for-power-systems/outputs/experiments/thesis_sm4_benchmark_sm4_v2/default/lhs_static/b8192/ds04,lhs_static,b8192,ds04,404,bs03,3303,default,SM4,/zhome/14/b/214266/Repos/ml-surrogates-for-power-systems/outputs/experiments/thesis_sm4_benchmark_sm4_v2/default/lhs_static/b8192/ds04/data/SM4/dataset_v1,pruned_after_run,/zhome/14/b/214266/Repos/ml-surrogates-for-power-systems/outputs/experiments/thesis_sm4_benchmark_sm4_v2/default/lhs_static/b8192/ds04/baseline/bs03,completed,/zhome/14/b/214266/Repos/ml-surrogates-for-power-systems/outputs/experiments/thesis_sm4_benchmark_sm4_v2/default/lhs_static/b8192/ds04/baseline/bs03/metrics.json,7372,8192,0.00013271222996991128,0.011520079425503597,/zhome/14/b/214266/Repos/ml-surrogates-for-power-systems/results/benchmark/experiments/thesis_sm4_benchmark_sm4_v2/default/lhs_static/b8192/ds04/dataset_manifest.json
lhs_static_b8192_ds05,/zhome/14/b/214266/Repos/ml-surrogates-for-power-systems/outputs/experiments/thesis_sm4_benchmark_sm4_v2/default/lhs_static/b8192/ds05,lhs_static,b8192,ds05,505,bs01,1101,default,SM4,/zhome/14/b/214266/Repos/ml-surrogates-for-power-systems/outputs/experiments/thesis_sm4_benchmark_sm4_v2/default/lhs_static/b8192/ds05/data/SM4/dataset_v1,pruned_after_run,/zhome/14/b/214266/Repos/ml-surrogates-for-power-systems/outputs/experiments/thesis_sm4_benchmark_sm4_v2/default/lhs_static/b8192/ds05/baseline/bs01,completed,/zhome/14/b/214266/Repos/ml-surrogates-for-power-systems/outputs/experiments/thesis_sm4_benchmark_sm4_v2/default/lhs_static/b8192/ds05/baseline/bs01/metrics.json,7372,8192,0.00016709283227100968,0.012926439272708076,/zhome/14/b/214266/Repos/ml-surrogates-for-power-systems/results/benchmark/experiments/thesis_sm4_benchmark_sm4_v2/default/lhs_static/b8192/ds05/dataset_manifest.json
lhs_static_b8192_ds05,/zhome/14/b/214266/Repos/ml-surrogates-for-power-systems/outputs/experiments/thesis_sm4_benchmark_sm4_v2/default/lhs_static/b8192/ds05,lhs_static,b8192,ds05,505,bs02,2202,default,SM4,/zhome/14/b/214266/Repos/ml-surrogates-for-power-systems/outputs/experiments/thesis_sm4_benchmark_sm4_v2/default/lhs_static/b8192/ds05/data/SM4/dataset_v1,pruned_after_run,/zhome/14/b/214266/Repos/ml-surrogates-for-power-systems/outputs/experiments/thesis_sm4_benchmark_sm4_v2/default/lhs_static/b8192/ds05/baseline/bs02,completed,/zhome/14/b/214266/Repos/ml-surrogates-for-power-systems/outputs/experiments/thesis_sm4_benchmark_sm4_v2/default/lhs_static/b8192/ds05/baseline/bs02/metrics.json,7372,8192,0.00020972295897081494,0.014481814767867146,/zhome/14/b/214266/Repos/ml-surrogates-for-power-systems/results/benchmark/experiments/thesis_sm4_benchmark_sm4_v2/default/lhs_static/b8192/ds05/dataset_manifest.json
lhs_static_b8192_ds05,/zhome/14/b/214266/Repos/ml-surrogates-for-power-systems/outputs/experiments/thesis_sm4_benchmark_sm4_v2/default/lhs_static/b8192/ds05,lhs_static,b8192,ds05,505,bs03,3303,default,SM4,/zhome/14/b/214266/Repos/ml-surrogates-for-power-systems/outputs/experiments/thesis_sm4_benchmark_sm4_v2/default/lhs_static/b8192/ds05/data/SM4/dataset_v1,pruned_after_run,/zhome/14/b/214266/Repos/ml-surrogates-for-power-systems/outputs/experiments/thesis_sm4_benchmark_sm4_v2/default/lhs_static/b8192/ds05/baseline/bs03,completed,/zhome/14/b/214266/Repos/ml-surrogates-for-power-systems/outputs/experiments/thesis_sm4_benchmark_sm4_v2/default/lhs_static/b8192/ds05/baseline/bs03/metrics.json,7372,8192,9.242408123100176e-05,0.009613744391807063,/zhome/14/b/214266/Repos/ml-surrogates-for-power-systems/results/benchmark/experiments/thesis_sm4_benchmark_sm4_v2/default/lhs_static/b8192/ds05/dataset_manifest.json
marker_directed_b1024_ds01,/zhome/14/b/214266/Repos/ml-surrogates-for-power-systems/outputs/experiments/thesis_sm4_benchmark_sm4_v2/default/marker_directed/b1024/ds01,marker_directed,b1024,ds01,101,bs01,1101,default,SM4,/zhome/14/b/214266/Repos/ml-surrogates-for-power-systems/outputs/experiments/thesis_sm4_benchmark_sm4_v2/default/marker_directed/b1024/ds01/data/SM4/dataset_v1,pruned_after_run,/zhome/14/b/214266/Repos/ml-surrogates-for-power-systems/outputs/experiments/thesis_sm4_benchmark_sm4_v2/default/marker_directed/b1024/ds01/baseline/bs01,completed,/zhome/14/b/214266/Repos/ml-surrogates-for-power-systems/outputs/experiments/thesis_sm4_benchmark_sm4_v2/default/marker_directed/b1024/ds01/baseline/bs01/metrics.json,921,8192,0.001479083439335227,0.03845885384843426,/zhome/14/b/214266/Repos/ml-surrogates-for-power-systems/results/benchmark/experiments/thesis_sm4_benchmark_sm4_v2/default/marker_directed/b1024/ds01/dataset_manifest.json
marker_directed_b1024_ds01,/zhome/14/b/214266/Repos/ml-surrogates-for-power-systems/outputs/experiments/thesis_sm4_benchmark_sm4_v2/default/marker_directed/b1024/ds01,marker_directed,b1024,ds01,101,bs02,2202,default,SM4,/zhome/14/b/214266/Repos/ml-surrogates-for-power-systems/outputs/experiments/thesis_sm4_benchmark_sm4_v2/default/marker_directed/b1024/ds01/data/SM4/dataset_v1,pruned_after_run,/zhome/14/b/214266/Repos/ml-surrogates-for-power-systems/outputs/experiments/thesis_sm4_benchmark_sm4_v2/default/marker_directed/b1024/ds01/baseline/bs02,completed,/zhome/14/b/214266/Repos/ml-surrogates-for-power-systems/outputs/experiments/thesis_sm4_benchmark_sm4_v2/default/marker_directed/b1024/ds01/baseline/bs02/metrics.json,921,8192,0.0013594793854281306,0.036871118581189403,/zhome/14/b/214266/Repos/ml-surrogates-for-power-systems/results/benchmark/experiments/thesis_sm4_benchmark_sm4_v2/default/marker_directed/b1024/ds01/dataset_manifest.json
marker_directed_b1024_ds01,/zhome/14/b/214266/Repos/ml-surrogates-for-power-systems/outputs/experiments/thesis_sm4_benchmark_sm4_v2/default/marker_directed/b1024/ds01,marker_directed,b1024,ds01,101,bs03,3303,default,SM4,/zhome/14/b/214266/Repos/ml-surrogates-for-power-systems/outputs/experiments/thesis_sm4_benchmark_sm4_v2/default/marker_directed/b1024/ds01/data/SM4/dataset_v1,pruned_after_run,/zhome/14/b/214266/Repos/ml-surrogates-for-power-systems/outputs/experiments/thesis_sm4_benchmark_sm4_v2/default/marker_directed/b1024/ds01/baseline/bs03,completed,/zhome/14/b/214266/Repos/ml-surrogates-for-power-systems/outputs/experiments/thesis_sm4_benchmark_sm4_v2/default/marker_directed/b1024/ds01/baseline/bs03/metrics.json,921,8192,0.0013334827963262796,0.03651688371597828,/zhome/14/b/214266/Repos/ml-surrogates-for-power-systems/results/benchmark/experiments/thesis_sm4_benchmark_sm4_v2/default/marker_directed/b1024/ds01/dataset_manifest.json
marker_directed_b1024_ds02,/zhome/14/b/214266/Repos/ml-surrogates-for-power-systems/outputs/experiments/thesis_sm4_benchmark_sm4_v2/default/marker_directed/b1024/ds02,marker_directed,b1024,ds02,202,bs01,1101,default,SM4,/zhome/14/b/214266/Repos/ml-surrogates-for-power-systems/outputs/experiments/thesis_sm4_benchmark_sm4_v2/default/marker_directed/b1024/ds02/data/SM4/dataset_v1,pruned_after_run,/zhome/14/b/214266/Repos/ml-surrogates-for-power-systems/outputs/experiments/thesis_sm4_benchmark_sm4_v2/default/marker_directed/b1024/ds02/baseline/bs01,completed,/zhome/14/b/214266/Repos/ml-surrogates-for-power-systems/outputs/experiments/thesis_sm4_benchmark_sm4_v2/default/marker_directed/b1024/ds02/baseline/bs01/metrics.json,921,8192,0.001496198121458292,0.038680720281017156,/zhome/14/b/214266/Repos/ml-surrogates-for-power-systems/results/benchmark/experiments/thesis_sm4_benchmark_sm4_v2/default/marker_directed/b1024/ds02/dataset_manifest.json
marker_directed_b1024_ds02,/zhome/14/b/214266/Repos/ml-surrogates-for-power-systems/outputs/experiments/thesis_sm4_benchmark_sm4_v2/default/marker_directed/b1024/ds02,marker_directed,b1024,ds02,202,bs02,2202,default,SM4,/zhome/14/b/214266/Repos/ml-surrogates-for-power-systems/outputs/experiments/thesis_sm4_benchmark_sm4_v2/default/marker_directed/b1024/ds02/data/SM4/dataset_v1,pruned_after_run,/zhome/14/b/214266/Repos/ml-surrogates-for-power-systems/outputs/experiments/thesis_sm4_benchmark_sm4_v2/default/marker_directed/b1024/ds02/baseline/bs02,completed,/zhome/14/b/214266/Repos/ml-surrogates-for-power-systems/outputs/experiments/thesis_sm4_benchmark_sm4_v2/default/marker_directed/b1024/ds02/baseline/bs02/metrics.json,921,8192,0.0021288790740072727,0.046139777567813144,/zhome/14/b/214266/Repos/ml-surrogates-for-power-systems/results/benchmark/experiments/thesis_sm4_benchmark_sm4_v2/default/marker_directed/b1024/ds02/dataset_manifest.json
marker_directed_b1024_ds02,/zhome/14/b/214266/Repos/ml-surrogates-for-power-systems/outputs/experiments/thesis_sm4_benchmark_sm4_v2/default/marker_directed/b1024/ds02,marker_directed,b1024,ds02,202,bs03,3303,default,SM4,/zhome/14/b/214266/Repos/ml-surrogates-for-power-systems/outputs/experiments/thesis_sm4_benchmark_sm4_v2/default/marker_directed/b1024/ds02/data/SM4/dataset_v1,pruned_after_run,/zhome/14/b/214266/Repos/ml-surrogates-for-power-systems/outputs/experiments/thesis_sm4_benchmark_sm4_v2/default/marker_directed/b1024/ds02/baseline/bs03,completed,/zhome/14/b/214266/Repos/ml-surrogates-for-power-systems/outputs/experiments/thesis_sm4_benchmark_sm4_v2/default/marker_directed/b1024/ds02/baseline/bs03/metrics.json,921,8192,0.0014213108224794269,0.03770027615919314,/zhome/14/b/214266/Repos/ml-surrogates-for-power-systems/results/benchmark/experiments/thesis_sm4_benchmark_sm4_v2/default/marker_directed/b1024/ds02/dataset_manifest.json
marker_directed_b1024_ds03,/zhome/14/b/214266/Repos/ml-surrogates-for-power-systems/outputs/experiments/thesis_sm4_benchmark_sm4_v2/default/marker_directed/b1024/ds03,marker_directed,b1024,ds03,303,bs01,1101,default,SM4,/zhome/14/b/214266/Repos/ml-surrogates-for-power-systems/outputs/experiments/thesis_sm4_benchmark_sm4_v2/default/marker_directed/b1024/ds03/data/SM4/dataset_v1,pruned_after_run,/zhome/14/b/214266/Repos/ml-surrogates-for-power-systems/outputs/experiments/thesis_sm4_benchmark_sm4_v2/default/marker_directed/b1024/ds03/baseline/bs01,completed,/zhome/14/b/214266/Repos/ml-surrogates-for-power-systems/outputs/experiments/thesis_sm4_benchmark_sm4_v2/default/marker_directed/b1024/ds03/baseline/bs01/metrics.json,921,8192,0.0016213798662647605,0.04026636147288156,/zhome/14/b/214266/Repos/ml-surrogates-for-power-systems/results/benchmark/experiments/thesis_sm4_benchmark_sm4_v2/default/marker_directed/b1024/ds03/dataset_manifest.json
marker_directed_b1024_ds03,/zhome/14/b/214266/Repos/ml-surrogates-for-power-systems/outputs/experiments/thesis_sm4_benchmark_sm4_v2/default/marker_directed/b1024/ds03,marker_directed,b1024,ds03,303,bs02,2202,default,SM4,/zhome/14/b/214266/Repos/ml-surrogates-for-power-systems/outputs/experiments/thesis_sm4_benchmark_sm4_v2/default/marker_directed/b1024/ds03/data/SM4/dataset_v1,pruned_after_run,/zhome/14/b/214266/Repos/ml-surrogates-for-power-systems/outputs/experiments/thesis_sm4_benchmark_sm4_v2/default/marker_directed/b1024/ds03/baseline/bs02,completed,/zhome/14/b/214266/Repos/ml-surrogates-for-power-systems/outputs/experiments/thesis_sm4_benchmark_sm4_v2/default/marker_directed/b1024/ds03/baseline/bs02/metrics.json,921,8192,0.0014276804868131876,0.03778465941110476,/zhome/14/b/214266/Repos/ml-surrogates-for-power-systems/results/benchmark/experiments/thesis_sm4_benchmark_sm4_v2/default/marker_directed/b1024/ds03/dataset_manifest.json
marker_directed_b1024_ds03,/zhome/14/b/214266/Repos/ml-surrogates-for-power-systems/outputs/experiments/thesis_sm4_benchmark_sm4_v2/default/marker_directed/b1024/ds03,marker_directed,b1024,ds03,303,bs03,3303,default,SM4,/zhome/14/b/214266/Repos/ml-surrogates-for-power-systems/outputs/experiments/thesis_sm4_benchmark_sm4_v2/default/marker_directed/b1024/ds03/data/SM4/dataset_v1,pruned_after_run,/zhome/14/b/214266/Repos/ml-surrogates-for-power-systems/outputs/experiments/thesis_sm4_benchmark_sm4_v2/default/marker_directed/b1024/ds03/baseline/bs03,completed,/zhome/14/b/214266/Repos/ml-surrogates-for-power-systems/outputs/experiments/thesis_sm4_benchmark_sm4_v2/default/marker_directed/b1024/ds03/baseline/bs03/metrics.json,921,8192,0.0019422705518081784,0.044071198665434304,/zhome/14/b/214266/Repos/ml-surrogates-for-power-systems/results/benchmark/experiments/thesis_sm4_benchmark_sm4_v2/default/marker_directed/b1024/ds03/dataset_manifest.json
marker_directed_b1024_ds04,/zhome/14/b/214266/Repos/ml-surrogates-for-power-systems/outputs/experiments/thesis_sm4_benchmark_sm4_v2/default/marker_directed/b1024/ds04,marker_directed,b1024,ds04,404,bs01,1101,default,SM4,/zhome/14/b/214266/Repos/ml-surrogates-for-power-systems/outputs/experiments/thesis_sm4_benchmark_sm4_v2/default/marker_directed/b1024/ds04/data/SM4/dataset_v1,pruned_after_run,/zhome/14/b/214266/Repos/ml-surrogates-for-power-systems/outputs/experiments/thesis_sm4_benchmark_sm4_v2/default/marker_directed/b1024/ds04/baseline/bs01,completed,/zhome/14/b/214266/Repos/ml-surrogates-for-power-systems/outputs/experiments/thesis_sm4_benchmark_sm4_v2/default/marker_directed/b1024/ds04/baseline/bs01/metrics.json,921,8192,0.0017181859584525228,0.041451006724234365,/zhome/14/b/214266/Repos/ml-surrogates-for-power-systems/results/benchmark/experiments/thesis_sm4_benchmark_sm4_v2/default/marker_directed/b1024/ds04/dataset_manifest.json
marker_directed_b1024_ds04,/zhome/14/b/214266/Repos/ml-surrogates-for-power-systems/outputs/experiments/thesis_sm4_benchmark_sm4_v2/default/marker_directed/b1024/ds04,marker_directed,b1024,ds04,404,bs02,2202,default,SM4,/zhome/14/b/214266/Repos/ml-surrogates-for-power-systems/outputs/experiments/thesis_sm4_benchmark_sm4_v2/default/marker_directed/b1024/ds04/data/SM4/dataset_v1,pruned_after_run,/zhome/14/b/214266/Repos/ml-surrogates-for-power-systems/outputs/experiments/thesis_sm4_benchmark_sm4_v2/default/marker_directed/b1024/ds04/baseline/bs02,completed,/zhome/14/b/214266/Repos/ml-surrogates-for-power-systems/outputs/experiments/thesis_sm4_benchmark_sm4_v2/default/marker_directed/b1024/ds04/baseline/bs02/metrics.json,921,8192,0.0019608084112405777,0.04428101637542411,/zhome/14/b/214266/Repos/ml-surrogates-for-power-systems/results/benchmark/experiments/thesis_sm4_benchmark_sm4_v2/default/marker_directed/b1024/ds04/dataset_manifest.json
marker_directed_b1024_ds04,/zhome/14/b/214266/Repos/ml-surrogates-for-power-systems/outputs/experiments/thesis_sm4_benchmark_sm4_v2/default/marker_directed/b1024/ds04,marker_directed,b1024,ds04,404,bs03,3303,default,SM4,/zhome/14/b/214266/Repos/ml-surrogates-for-power-systems/outputs/experiments/thesis_sm4_benchmark_sm4_v2/default/marker_directed/b1024/ds04/data/SM4/dataset_v1,pruned_after_run,/zhome/14/b/214266/Repos/ml-surrogates-for-power-systems/outputs/experiments/thesis_sm4_benchmark_sm4_v2/default/marker_directed/b1024/ds04/baseline/bs03,completed,/zhome/14/b/214266/Repos/ml-surrogates-for-power-systems/outputs/experiments/thesis_sm4_benchmark_sm4_v2/default/marker_directed/b1024/ds04/baseline/bs03/metrics.json,921,8192,0.0017588549526408315,0.041938704708667764,/zhome/14/b/214266/Repos/ml-surrogates-for-power-systems/results/benchmark/experiments/thesis_sm4_benchmark_sm4_v2/default/marker_directed/b1024/ds04/dataset_manifest.json
marker_directed_b1024_ds05,/zhome/14/b/214266/Repos/ml-surrogates-for-power-systems/outputs/experiments/thesis_sm4_benchmark_sm4_v2/default/marker_directed/b1024/ds05,marker_directed,b1024,ds05,505,bs01,1101,default,SM4,/zhome/14/b/214266/Repos/ml-surrogates-for-power-systems/outputs/experiments/thesis_sm4_benchmark_sm4_v2/default/marker_directed/b1024/ds05/data/SM4/dataset_v1,pruned_after_run,/zhome/14/b/214266/Repos/ml-surrogates-for-power-systems/outputs/experiments/thesis_sm4_benchmark_sm4_v2/default/marker_directed/b1024/ds05/baseline/bs01,completed,/zhome/14/b/214266/Repos/ml-surrogates-for-power-systems/outputs/experiments/thesis_sm4_benchmark_sm4_v2/default/marker_directed/b1024/ds05/baseline/bs01/metrics.json,921,8192,0.001381457201205194,0.037167959336035575,/zhome/14/b/214266/Repos/ml-surrogates-for-power-systems/results/benchmark/experiments/thesis_sm4_benchmark_sm4_v2/default/marker_directed/b1024/ds05/dataset_manifest.json
marker_directed_b1024_ds05,/zhome/14/b/214266/Repos/ml-surrogates-for-power-systems/outputs/experiments/thesis_sm4_benchmark_sm4_v2/default/marker_directed/b1024/ds05,marker_directed,b1024,ds05,505,bs02,2202,default,SM4,/zhome/14/b/214266/Repos/ml-surrogates-for-power-systems/outputs/experiments/thesis_sm4_benchmark_sm4_v2/default/marker_directed/b1024/ds05/data/SM4/dataset_v1,pruned_after_run,/zhome/14/b/214266/Repos/ml-surrogates-for-power-systems/outputs/experiments/thesis_sm4_benchmark_sm4_v2/default/marker_directed/b1024/ds05/baseline/bs02,completed,/zhome/14/b/214266/Repos/ml-surrogates-for-power-systems/outputs/experiments/thesis_sm4_benchmark_sm4_v2/default/marker_directed/b1024/ds05/baseline/bs02/metrics.json,921,8192,0.0020977521780878305,0.04580122463524126,/zhome/14/b/214266/Repos/ml-surrogates-for-power-systems/results/benchmark/experiments/thesis_sm4_benchmark_sm4_v2/default/marker_directed/b1024/ds05/dataset_manifest.json
marker_directed_b1024_ds05,/zhome/14/b/214266/Repos/ml-surrogates-for-power-systems/outputs/experiments/thesis_sm4_benchmark_sm4_v2/default/marker_directed/b1024/ds05,marker_directed,b1024,ds05,505,bs03,3303,default,SM4,/zhome/14/b/214266/Repos/ml-surrogates-for-power-systems/outputs/experiments/thesis_sm4_benchmark_sm4_v2/default/marker_directed/b1024/ds05/data/SM4/dataset_v1,pruned_after_run,/zhome/14/b/214266/Repos/ml-surrogates-for-power-systems/outputs/experiments/thesis_sm4_benchmark_sm4_v2/default/marker_directed/b1024/ds05/baseline/bs03,completed,/zhome/14/b/214266/Repos/ml-surrogates-for-power-systems/outputs/experiments/thesis_sm4_benchmark_sm4_v2/default/marker_directed/b1024/ds05/baseline/bs03/metrics.json,921,8192,0.0017141919815912843,0.0414028016152444,/zhome/14/b/214266/Repos/ml-surrogates-for-power-systems/results/benchmark/experiments/thesis_sm4_benchmark_sm4_v2/default/marker_directed/b1024/ds05/dataset_manifest.json
marker_directed_b4096_ds01,/zhome/14/b/214266/Repos/ml-surrogates-for-power-systems/outputs/experiments/thesis_sm4_benchmark_sm4_v2/default/marker_directed/b4096/ds01,marker_directed,b4096,ds01,101,bs01,1101,default,SM4,/zhome/14/b/214266/Repos/ml-surrogates-for-power-systems/outputs/experiments/thesis_sm4_benchmark_sm4_v2/default/marker_directed/b4096/ds01/data/SM4/dataset_v1,pruned_after_run,/zhome/14/b/214266/Repos/ml-surrogates-for-power-systems/outputs/experiments/thesis_sm4_benchmark_sm4_v2/default/marker_directed/b4096/ds01/baseline/bs01,completed,/zhome/14/b/214266/Repos/ml-surrogates-for-power-systems/outputs/experiments/thesis_sm4_benchmark_sm4_v2/default/marker_directed/b4096/ds01/baseline/bs01/metrics.json,3686,8192,0.00024901964934542775,0.015780356439112134,/zhome/14/b/214266/Repos/ml-surrogates-for-power-systems/results/benchmark/experiments/thesis_sm4_benchmark_sm4_v2/default/marker_directed/b4096/ds01/dataset_manifest.json
marker_directed_b4096_ds01,/zhome/14/b/214266/Repos/ml-surrogates-for-power-systems/outputs/experiments/thesis_sm4_benchmark_sm4_v2/default/marker_directed/b4096/ds01,marker_directed,b4096,ds01,101,bs02,2202,default,SM4,/zhome/14/b/214266/Repos/ml-surrogates-for-power-systems/outputs/experiments/thesis_sm4_benchmark_sm4_v2/default/marker_directed/b4096/ds01/data/SM4/dataset_v1,pruned_after_run,/zhome/14/b/214266/Repos/ml-surrogates-for-power-systems/outputs/experiments/thesis_sm4_benchmark_sm4_v2/default/marker_directed/b4096/ds01/baseline/bs02,completed,/zhome/14/b/214266/Repos/ml-surrogates-for-power-systems/outputs/experiments/thesis_sm4_benchmark_sm4_v2/default/marker_directed/b4096/ds01/baseline/bs02/metrics.json,3686,8192,0.0001949719589902088,0.013963235978461755,/zhome/14/b/214266/Repos/ml-surrogates-for-power-systems/results/benchmark/experiments/thesis_sm4_benchmark_sm4_v2/default/marker_directed/b4096/ds01/dataset_manifest.json
marker_directed_b4096_ds01,/zhome/14/b/214266/Repos/ml-surrogates-for-power-systems/outputs/experiments/thesis_sm4_benchmark_sm4_v2/default/marker_directed/b4096/ds01,marker_directed,b4096,ds01,101,bs03,3303,default,SM4,/zhome/14/b/214266/Repos/ml-surrogates-for-power-systems/outputs/experiments/thesis_sm4_benchmark_sm4_v2/default/marker_directed/b4096/ds01/data/SM4/dataset_v1,pruned_after_run,/zhome/14/b/214266/Repos/ml-surrogates-for-power-systems/outputs/experiments/thesis_sm4_benchmark_sm4_v2/default/marker_directed/b4096/ds01/baseline/bs03,completed,/zhome/14/b/214266/Repos/ml-surrogates-for-power-systems/outputs/experiments/thesis_sm4_benchmark_sm4_v2/default/marker_directed/b4096/ds01/baseline/bs03/metrics.json,3686,8192,0.0001337857247563079,0.011566577919000412,/zhome/14/b/214266/Repos/ml-surrogates-for-power-systems/results/benchmark/experiments/thesis_sm4_benchmark_sm4_v2/default/marker_directed/b4096/ds01/dataset_manifest.json
marker_directed_b4096_ds02,/zhome/14/b/214266/Repos/ml-surrogates-for-power-systems/outputs/experiments/thesis_sm4_benchmark_sm4_v2/default/marker_directed/b4096/ds02,marker_directed,b4096,ds02,202,bs01,1101,default,SM4,/zhome/14/b/214266/Repos/ml-surrogates-for-power-systems/outputs/experiments/thesis_sm4_benchmark_sm4_v2/default/marker_directed/b4096/ds02/data/SM4/dataset_v1,pruned_after_run,/zhome/14/b/214266/Repos/ml-surrogates-for-power-systems/outputs/experiments/thesis_sm4_benchmark_sm4_v2/default/marker_directed/b4096/ds02/baseline/bs01,completed,/zhome/14/b/214266/Repos/ml-surrogates-for-power-systems/outputs/experiments/thesis_sm4_benchmark_sm4_v2/default/marker_directed/b4096/ds02/baseline/bs01/metrics.json,3686,8192,0.00025772766093723476,0.016053898621121124,/zhome/14/b/214266/Repos/ml-surrogates-for-power-systems/results/benchmark/experiments/thesis_sm4_benchmark_sm4_v2/default/marker_directed/b4096/ds02/dataset_manifest.json
marker_directed_b4096_ds02,/zhome/14/b/214266/Repos/ml-surrogates-for-power-systems/outputs/experiments/thesis_sm4_benchmark_sm4_v2/default/marker_directed/b4096/ds02,marker_directed,b4096,ds02,202,bs02,2202,default,SM4,/zhome/14/b/214266/Repos/ml-surrogates-for-power-systems/outputs/experiments/thesis_sm4_benchmark_sm4_v2/default/marker_directed/b4096/ds02/data/SM4/dataset_v1,pruned_after_run,/zhome/14/b/214266/Repos/ml-surrogates-for-power-systems/outputs/experiments/thesis_sm4_benchmark_sm4_v2/default/marker_directed/b4096/ds02/baseline/bs02,completed,/zhome/14/b/214266/Repos/ml-surrogates-for-power-systems/outputs/experiments/thesis_sm4_benchmark_sm4_v2/default/marker_directed/b4096/ds02/baseline/bs02/metrics.json,3686,8192,0.0002057824021903798,0.01434511771267074,/zhome/14/b/214266/Repos/ml-surrogates-for-power-systems/results/benchmark/experiments/thesis_sm4_benchmark_sm4_v2/default/marker_directed/b4096/ds02/dataset_manifest.json
marker_directed_b4096_ds02,/zhome/14/b/214266/Repos/ml-surrogates-for-power-systems/outputs/experiments/thesis_sm4_benchmark_sm4_v2/default/marker_directed/b4096/ds02,marker_directed,b4096,ds02,202,bs03,3303,default,SM4,/zhome/14/b/214266/Repos/ml-surrogates-for-power-systems/outputs/experiments/thesis_sm4_benchmark_sm4_v2/default/marker_directed/b4096/ds02/data/SM4/dataset_v1,pruned_after_run,/zhome/14/b/214266/Repos/ml-surrogates-for-power-systems/outputs/experiments/thesis_sm4_benchmark_sm4_v2/default/marker_directed/b4096/ds02/baseline/bs03,completed,/zhome/14/b/214266/Repos/ml-surrogates-for-power-systems/outputs/experiments/thesis_sm4_benchmark_sm4_v2/default/marker_directed/b4096/ds02/baseline/bs03/metrics.json,3686,8192,0.0003582544741220772,0.01892761142146777,/zhome/14/b/214266/Repos/ml-surrogates-for-power-systems/results/benchmark/experiments/thesis_sm4_benchmark_sm4_v2/default/marker_directed/b4096/ds02/dataset_manifest.json
marker_directed_b4096_ds03,/zhome/14/b/214266/Repos/ml-surrogates-for-power-systems/outputs/experiments/thesis_sm4_benchmark_sm4_v2/default/marker_directed/b4096/ds03,marker_directed,b4096,ds03,303,bs01,1101,default,SM4,/zhome/14/b/214266/Repos/ml-surrogates-for-power-systems/outputs/experiments/thesis_sm4_benchmark_sm4_v2/default/marker_directed/b4096/ds03/data/SM4/dataset_v1,pruned_after_run,/zhome/14/b/214266/Repos/ml-surrogates-for-power-systems/outputs/experiments/thesis_sm4_benchmark_sm4_v2/default/marker_directed/b4096/ds03/baseline/bs01,completed,/zhome/14/b/214266/Repos/ml-surrogates-for-power-systems/outputs/experiments/thesis_sm4_benchmark_sm4_v2/default/marker_directed/b4096/ds03/baseline/bs01/metrics.json,3686,8192,0.0001553707552375272,0.012464780593236576,/zhome/14/b/214266/Repos/ml-surrogates-for-power-systems/results/benchmark/experiments/thesis_sm4_benchmark_sm4_v2/default/marker_directed/b4096/ds03/dataset_manifest.json
marker_directed_b4096_ds03,/zhome/14/b/214266/Repos/ml-surrogates-for-power-systems/outputs/experiments/thesis_sm4_benchmark_sm4_v2/default/marker_directed/b4096/ds03,marker_directed,b4096,ds03,303,bs02,2202,default,SM4,/zhome/14/b/214266/Repos/ml-surrogates-for-power-systems/outputs/experiments/thesis_sm4_benchmark_sm4_v2/default/marker_directed/b4096/ds03/data/SM4/dataset_v1,pruned_after_run,/zhome/14/b/214266/Repos/ml-surrogates-for-power-systems/outputs/experiments/thesis_sm4_benchmark_sm4_v2/default/marker_directed/b4096/ds03/baseline/bs02,completed,/zhome/14/b/214266/Repos/ml-surrogates-for-power-systems/outputs/experiments/thesis_sm4_benchmark_sm4_v2/default/marker_directed/b4096/ds03/baseline/bs02/metrics.json,3686,8192,0.00025625547277741134,0.01600798153351669,/zhome/14/b/214266/Repos/ml-surrogates-for-power-systems/results/benchmark/experiments/thesis_sm4_benchmark_sm4_v2/default/marker_directed/b4096/ds03/dataset_manifest.json
marker_directed_b4096_ds03,/zhome/14/b/214266/Repos/ml-surrogates-for-power-systems/outputs/experiments/thesis_sm4_benchmark_sm4_v2/default/marker_directed/b4096/ds03,marker_directed,b4096,ds03,303,bs03,3303,default,SM4,/zhome/14/b/214266/Repos/ml-surrogates-for-power-systems/outputs/experiments/thesis_sm4_benchmark_sm4_v2/default/marker_directed/b4096/ds03/data/SM4/dataset_v1,pruned_after_run,/zhome/14/b/214266/Repos/ml-surrogates-for-power-systems/outputs/experiments/thesis_sm4_benchmark_sm4_v2/default/marker_directed/b4096/ds03/baseline/bs03,completed,/zhome/14/b/214266/Repos/ml-surrogates-for-power-systems/outputs/experiments/thesis_sm4_benchmark_sm4_v2/default/marker_directed/b4096/ds03/baseline/bs03/metrics.json,3686,8192,0.00031516747549176216,0.01775295680983205,/zhome/14/b/214266/Repos/ml-surrogates-for-power-systems/results/benchmark/experiments/thesis_sm4_benchmark_sm4_v2/default/marker_directed/b4096/ds03/dataset_manifest.json
marker_directed_b4096_ds04,/zhome/14/b/214266/Repos/ml-surrogates-for-power-systems/outputs/experiments/thesis_sm4_benchmark_sm4_v2/default/marker_directed/b4096/ds04,marker_directed,b4096,ds04,404,bs01,1101,default,SM4,/zhome/14/b/214266/Repos/ml-surrogates-for-power-systems/outputs/experiments/thesis_sm4_benchmark_sm4_v2/default/marker_directed/b4096/ds04/data/SM4/dataset_v1,pruned_after_run,/zhome/14/b/214266/Repos/ml-surrogates-for-power-systems/outputs/experiments/thesis_sm4_benchmark_sm4_v2/default/marker_directed/b4096/ds04/baseline/bs01,completed,/zhome/14/b/214266/Repos/ml-surrogates-for-power-systems/outputs/experiments/thesis_sm4_benchmark_sm4_v2/default/marker_directed/b4096/ds04/baseline/bs01/metrics.json,3686,8192,0.00017191297956742346,0.01311155900598489,/zhome/14/b/214266/Repos/ml-surrogates-for-power-systems/results/benchmark/experiments/thesis_sm4_benchmark_sm4_v2/default/marker_directed/b4096/ds04/dataset_manifest.json
marker_directed_b4096_ds04,/zhome/14/b/214266/Repos/ml-surrogates-for-power-systems/outputs/experiments/thesis_sm4_benchmark_sm4_v2/default/marker_directed/b4096/ds04,marker_directed,b4096,ds04,404,bs02,2202,default,SM4,/zhome/14/b/214266/Repos/ml-surrogates-for-power-systems/outputs/experiments/thesis_sm4_benchmark_sm4_v2/default/marker_directed/b4096/ds04/data/SM4/dataset_v1,pruned_after_run,/zhome/14/b/214266/Repos/ml-surrogates-for-power-systems/outputs/experiments/thesis_sm4_benchmark_sm4_v2/default/marker_directed/b4096/ds04/baseline/bs02,completed,/zhome/14/b/214266/Repos/ml-surrogates-for-power-systems/outputs/experiments/thesis_sm4_benchmark_sm4_v2/default/marker_directed/b4096/ds04/baseline/bs02/metrics.json,3686,8192,0.000495990039780736,0.02227083383667383,/zhome/14/b/214266/Repos/ml-surrogates-for-power-systems/results/benchmark/experiments/thesis_sm4_benchmark_sm4_v2/default/marker_directed/b4096/ds04/dataset_manifest.json
marker_directed_b4096_ds04,/zhome/14/b/214266/Repos/ml-surrogates-for-power-systems/outputs/experiments/thesis_sm4_benchmark_sm4_v2/default/marker_directed/b4096/ds04,marker_directed,b4096,ds04,404,bs03,3303,default,SM4,/zhome/14/b/214266/Repos/ml-surrogates-for-power-systems/outputs/experiments/thesis_sm4_benchmark_sm4_v2/default/marker_directed/b4096/ds04/data/SM4/dataset_v1,pruned_after_run,/zhome/14/b/214266/Repos/ml-surrogates-for-power-systems/outputs/experiments/thesis_sm4_benchmark_sm4_v2/default/marker_directed/b4096/ds04/baseline/bs03,completed,/zhome/14/b/214266/Repos/ml-surrogates-for-power-systems/outputs/experiments/thesis_sm4_benchmark_sm4_v2/default/marker_directed/b4096/ds04/baseline/bs03/metrics.json,3686,8192,0.0003013399546034634,0.017359146136934945,/zhome/14/b/214266/Repos/ml-surrogates-for-power-systems/results/benchmark/experiments/thesis_sm4_benchmark_sm4_v2/default/marker_directed/b4096/ds04/dataset_manifest.json
marker_directed_b4096_ds05,/zhome/14/b/214266/Repos/ml-surrogates-for-power-systems/outputs/experiments/thesis_sm4_benchmark_sm4_v2/default/marker_directed/b4096/ds05,marker_directed,b4096,ds05,505,bs01,1101,default,SM4,/zhome/14/b/214266/Repos/ml-surrogates-for-power-systems/outputs/experiments/thesis_sm4_benchmark_sm4_v2/default/marker_directed/b4096/ds05/data/SM4/dataset_v1,pruned_after_run,/zhome/14/b/214266/Repos/ml-surrogates-for-power-systems/outputs/experiments/thesis_sm4_benchmark_sm4_v2/default/marker_directed/b4096/ds05/baseline/bs01,completed,/zhome/14/b/214266/Repos/ml-surrogates-for-power-systems/outputs/experiments/thesis_sm4_benchmark_sm4_v2/default/marker_directed/b4096/ds05/baseline/bs01/metrics.json,3686,8192,0.0002520722337067127,0.01587678285128044,/zhome/14/b/214266/Repos/ml-surrogates-for-power-systems/results/benchmark/experiments/thesis_sm4_benchmark_sm4_v2/default/marker_directed/b4096/ds05/dataset_manifest.json
marker_directed_b4096_ds05,/zhome/14/b/214266/Repos/ml-surrogates-for-power-systems/outputs/experiments/thesis_sm4_benchmark_sm4_v2/default/marker_directed/b4096/ds05,marker_directed,b4096,ds05,505,bs02,2202,default,SM4,/zhome/14/b/214266/Repos/ml-surrogates-for-power-systems/outputs/experiments/thesis_sm4_benchmark_sm4_v2/default/marker_directed/b4096/ds05/data/SM4/dataset_v1,pruned_after_run,/zhome/14/b/214266/Repos/ml-surrogates-for-power-systems/outputs/experiments/thesis_sm4_benchmark_sm4_v2/default/marker_directed/b4096/ds05/baseline/bs02,completed,/zhome/14/b/214266/Repos/ml-surrogates-for-power-systems/outputs/experiments/thesis_sm4_benchmark_sm4_v2/default/marker_directed/b4096/ds05/baseline/bs02/metrics.json,3686,8192,0.00022214738419279456,0.014904609494810475,/zhome/14/b/214266/Repos/ml-surrogates-for-power-systems/results/benchmark/experiments/thesis_sm4_benchmark_sm4_v2/default/marker_directed/b4096/ds05/dataset_manifest.json
marker_directed_b4096_ds05,/zhome/14/b/214266/Repos/ml-surrogates-for-power-systems/outputs/experiments/thesis_sm4_benchmark_sm4_v2/default/marker_directed/b4096/ds05,marker_directed,b4096,ds05,505,bs03,3303,default,SM4,/zhome/14/b/214266/Repos/ml-surrogates-for-power-systems/outputs/experiments/thesis_sm4_benchmark_sm4_v2/default/marker_directed/b4096/ds05/data/SM4/dataset_v1,pruned_after_run,/zhome/14/b/214266/Repos/ml-surrogates-for-power-systems/outputs/experiments/thesis_sm4_benchmark_sm4_v2/default/marker_directed/b4096/ds05/baseline/bs03,completed,/zhome/14/b/214266/Repos/ml-surrogates-for-power-systems/outputs/experiments/thesis_sm4_benchmark_sm4_v2/default/marker_directed/b4096/ds05/baseline/bs03/metrics.json,3686,8192,0.0002730396809056401,0.01652391239705779,/zhome/14/b/214266/Repos/ml-surrogates-for-power-systems/results/benchmark/experiments/thesis_sm4_benchmark_sm4_v2/default/marker_directed/b4096/ds05/dataset_manifest.json
marker_directed_b8192_ds01,/zhome/14/b/214266/Repos/ml-surrogates-for-power-systems/outputs/experiments/thesis_sm4_benchmark_sm4_v2/default/marker_directed/b8192/ds01,marker_directed,b8192,ds01,101,bs01,1101,default,SM4,/zhome/14/b/214266/Repos/ml-surrogates-for-power-systems/outputs/experiments/thesis_sm4_benchmark_sm4_v2/default/marker_directed/b8192/ds01/data/SM4/dataset_v1,pruned_after_run,/zhome/14/b/214266/Repos/ml-surrogates-for-power-systems/outputs/experiments/thesis_sm4_benchmark_sm4_v2/default/marker_directed/b8192/ds01/baseline/bs01,completed,/zhome/14/b/214266/Repos/ml-surrogates-for-power-systems/outputs/experiments/thesis_sm4_benchmark_sm4_v2/default/marker_directed/b8192/ds01/baseline/bs01/metrics.json,7372,8192,9.48695233091712e-05,0.009740098732003244,/zhome/14/b/214266/Repos/ml-surrogates-for-power-systems/results/benchmark/experiments/thesis_sm4_benchmark_sm4_v2/default/marker_directed/b8192/ds01/dataset_manifest.json
marker_directed_b8192_ds01,/zhome/14/b/214266/Repos/ml-surrogates-for-power-systems/outputs/experiments/thesis_sm4_benchmark_sm4_v2/default/marker_directed/b8192/ds01,marker_directed,b8192,ds01,101,bs02,2202,default,SM4,/zhome/14/b/214266/Repos/ml-surrogates-for-power-systems/outputs/experiments/thesis_sm4_benchmark_sm4_v2/default/marker_directed/b8192/ds01/data/SM4/dataset_v1,pruned_after_run,/zhome/14/b/214266/Repos/ml-surrogates-for-power-systems/outputs/experiments/thesis_sm4_benchmark_sm4_v2/default/marker_directed/b8192/ds01/baseline/bs02,completed,/zhome/14/b/214266/Repos/ml-surrogates-for-power-systems/outputs/experiments/thesis_sm4_benchmark_sm4_v2/default/marker_directed/b8192/ds01/baseline/bs02/metrics.json,7372,8192,0.00018594782159198076,0.013636268609556676,/zhome/14/b/214266/Repos/ml-surrogates-for-power-systems/results/benchmark/experiments/thesis_sm4_benchmark_sm4_v2/default/marker_directed/b8192/ds01/dataset_manifest.json
marker_directed_b8192_ds01,/zhome/14/b/214266/Repos/ml-surrogates-for-power-systems/outputs/experiments/thesis_sm4_benchmark_sm4_v2/default/marker_directed/b8192/ds01,marker_directed,b8192,ds01,101,bs03,3303,default,SM4,/zhome/14/b/214266/Repos/ml-surrogates-for-power-systems/outputs/experiments/thesis_sm4_benchmark_sm4_v2/default/marker_directed/b8192/ds01/data/SM4/dataset_v1,pruned_after_run,/zhome/14/b/214266/Repos/ml-surrogates-for-power-systems/outputs/experiments/thesis_sm4_benchmark_sm4_v2/default/marker_directed/b8192/ds01/baseline/bs03,completed,/zhome/14/b/214266/Repos/ml-surrogates-for-power-systems/outputs/experiments/thesis_sm4_benchmark_sm4_v2/default/marker_directed/b8192/ds01/baseline/bs03/metrics.json,7372,8192,0.00015284634719137102,0.012363104270019364,/zhome/14/b/214266/Repos/ml-surrogates-for-power-systems/results/benchmark/experiments/thesis_sm4_benchmark_sm4_v2/default/marker_directed/b8192/ds01/dataset_manifest.json
marker_directed_b8192_ds02,/zhome/14/b/214266/Repos/ml-surrogates-for-power-systems/outputs/experiments/thesis_sm4_benchmark_sm4_v2/default/marker_directed/b8192/ds02,marker_directed,b8192,ds02,202,bs01,1101,default,SM4,/zhome/14/b/214266/Repos/ml-surrogates-for-power-systems/outputs/experiments/thesis_sm4_benchmark_sm4_v2/default/marker_directed/b8192/ds02/data/SM4/dataset_v1,pruned_after_run,/zhome/14/b/214266/Repos/ml-surrogates-for-power-systems/outputs/experiments/thesis_sm4_benchmark_sm4_v2/default/marker_directed/b8192/ds02/baseline/bs01,completed,/zhome/14/b/214266/Repos/ml-surrogates-for-power-systems/outputs/experiments/thesis_sm4_benchmark_sm4_v2/default/marker_directed/b8192/ds02/baseline/bs01/metrics.json,7372,8192,0.00018240594363305718,0.013505774455137964,/zhome/14/b/214266/Repos/ml-surrogates-for-power-systems/results/benchmark/experiments/thesis_sm4_benchmark_sm4_v2/default/marker_directed/b8192/ds02/dataset_manifest.json
marker_directed_b8192_ds02,/zhome/14/b/214266/Repos/ml-surrogates-for-power-systems/outputs/experiments/thesis_sm4_benchmark_sm4_v2/default/marker_directed/b8192/ds02,marker_directed,b8192,ds02,202,bs02,2202,default,SM4,/zhome/14/b/214266/Repos/ml-surrogates-for-power-systems/outputs/experiments/thesis_sm4_benchmark_sm4_v2/default/marker_directed/b8192/ds02/data/SM4/dataset_v1,pruned_after_run,/zhome/14/b/214266/Repos/ml-surrogates-for-power-systems/outputs/experiments/thesis_sm4_benchmark_sm4_v2/default/marker_directed/b8192/ds02/baseline/bs02,completed,/zhome/14/b/214266/Repos/ml-surrogates-for-power-systems/outputs/experiments/thesis_sm4_benchmark_sm4_v2/default/marker_directed/b8192/ds02/baseline/bs02/metrics.json,7372,8192,0.0001789089583326131,0.013375685340669954,/zhome/14/b/214266/Repos/ml-surrogates-for-power-systems/results/benchmark/experiments/thesis_sm4_benchmark_sm4_v2/default/marker_directed/b8192/ds02/dataset_manifest.json
marker_directed_b8192_ds02,/zhome/14/b/214266/Repos/ml-surrogates-for-power-systems/outputs/experiments/thesis_sm4_benchmark_sm4_v2/default/marker_directed/b8192/ds02,marker_directed,b8192,ds02,202,bs03,3303,default,SM4,/zhome/14/b/214266/Repos/ml-surrogates-for-power-systems/outputs/experiments/thesis_sm4_benchmark_sm4_v2/default/marker_directed/b8192/ds02/data/SM4/dataset_v1,pruned_after_run,/zhome/14/b/214266/Repos/ml-surrogates-for-power-systems/outputs/experiments/thesis_sm4_benchmark_sm4_v2/default/marker_directed/b8192/ds02/baseline/bs03,completed,/zhome/14/b/214266/Repos/ml-surrogates-for-power-systems/outputs/experiments/thesis_sm4_benchmark_sm4_v2/default/marker_directed/b8192/ds02/baseline/bs03/metrics.json,7372,8192,0.00015793711645528674,0.012567303467939602,/zhome/14/b/214266/Repos/ml-surrogates-for-power-systems/results/benchmark/experiments/thesis_sm4_benchmark_sm4_v2/default/marker_directed/b8192/ds02/dataset_manifest.json
marker_directed_b8192_ds03,/zhome/14/b/214266/Repos/ml-surrogates-for-power-systems/outputs/experiments/thesis_sm4_benchmark_sm4_v2/default/marker_directed/b8192/ds03,marker_directed,b8192,ds03,303,bs01,1101,default,SM4,/zhome/14/b/214266/Repos/ml-surrogates-for-power-systems/outputs/experiments/thesis_sm4_benchmark_sm4_v2/default/marker_directed/b8192/ds03/data/SM4/dataset_v1,pruned_after_run,/zhome/14/b/214266/Repos/ml-surrogates-for-power-systems/outputs/experiments/thesis_sm4_benchmark_sm4_v2/default/marker_directed/b8192/ds03/baseline/bs01,completed,/zhome/14/b/214266/Repos/ml-surrogates-for-power-systems/outputs/experiments/thesis_sm4_benchmark_sm4_v2/default/marker_directed/b8192/ds03/baseline/bs01/metrics.json,7372,8192,0.00010910370474448428,0.010445271884660746,/zhome/14/b/214266/Repos/ml-surrogates-for-power-systems/results/benchmark/experiments/thesis_sm4_benchmark_sm4_v2/default/marker_directed/b8192/ds03/dataset_manifest.json
marker_directed_b8192_ds03,/zhome/14/b/214266/Repos/ml-surrogates-for-power-systems/outputs/experiments/thesis_sm4_benchmark_sm4_v2/default/marker_directed/b8192/ds03,marker_directed,b8192,ds03,303,bs02,2202,default,SM4,/zhome/14/b/214266/Repos/ml-surrogates-for-power-systems/outputs/experiments/thesis_sm4_benchmark_sm4_v2/default/marker_directed/b8192/ds03/data/SM4/dataset_v1,pruned_after_run,/zhome/14/b/214266/Repos/ml-surrogates-for-power-systems/outputs/experiments/thesis_sm4_benchmark_sm4_v2/default/marker_directed/b8192/ds03/baseline/bs02,completed,/zhome/14/b/214266/Repos/ml-surrogates-for-power-systems/outputs/experiments/thesis_sm4_benchmark_sm4_v2/default/marker_directed/b8192/ds03/baseline/bs02/metrics.json,7372,8192,0.0001652431965339929,0.0128546955053005,/zhome/14/b/214266/Repos/ml-surrogates-for-power-systems/results/benchmark/experiments/thesis_sm4_benchmark_sm4_v2/default/marker_directed/b8192/ds03/dataset_manifest.json
marker_directed_b8192_ds03,/zhome/14/b/214266/Repos/ml-surrogates-for-power-systems/outputs/experiments/thesis_sm4_benchmark_sm4_v2/default/marker_directed/b8192/ds03,marker_directed,b8192,ds03,303,bs03,3303,default,SM4,/zhome/14/b/214266/Repos/ml-surrogates-for-power-systems/outputs/experiments/thesis_sm4_benchmark_sm4_v2/default/marker_directed/b8192/ds03/data/SM4/dataset_v1,pruned_after_run,/zhome/14/b/214266/Repos/ml-surrogates-for-power-systems/outputs/experiments/thesis_sm4_benchmark_sm4_v2/default/marker_directed/b8192/ds03/baseline/bs03,completed,/zhome/14/b/214266/Repos/ml-surrogates-for-power-systems/outputs/experiments/thesis_sm4_benchmark_sm4_v2/default/marker_directed/b8192/ds03/baseline/bs03/metrics.json,7372,8192,0.0001351863465970382,0.011626966353999577,/zhome/14/b/214266/Repos/ml-surrogates-for-power-systems/results/benchmark/experiments/thesis_sm4_benchmark_sm4_v2/default/marker_directed/b8192/ds03/dataset_manifest.json
marker_directed_b8192_ds04,/zhome/14/b/214266/Repos/ml-surrogates-for-power-systems/outputs/experiments/thesis_sm4_benchmark_sm4_v2/default/marker_directed/b8192/ds04,marker_directed,b8192,ds04,404,bs01,1101,default,SM4,/zhome/14/b/214266/Repos/ml-surrogates-for-power-systems/outputs/experiments/thesis_sm4_benchmark_sm4_v2/default/marker_directed/b8192/ds04/data/SM4/dataset_v1,pruned_after_run,/zhome/14/b/214266/Repos/ml-surrogates-for-power-systems/outputs/experiments/thesis_sm4_benchmark_sm4_v2/default/marker_directed/b8192/ds04/baseline/bs01,completed,/zhome/14/b/214266/Repos/ml-surrogates-for-power-systems/outputs/experiments/thesis_sm4_benchmark_sm4_v2/default/marker_directed/b8192/ds04/baseline/bs01/metrics.json,7372,8192,0.0004662828869186342,0.021593584392560542,/zhome/14/b/214266/Repos/ml-surrogates-for-power-systems/results/benchmark/experiments/thesis_sm4_benchmark_sm4_v2/default/marker_directed/b8192/ds04/dataset_manifest.json
marker_directed_b8192_ds04,/zhome/14/b/214266/Repos/ml-surrogates-for-power-systems/outputs/experiments/thesis_sm4_benchmark_sm4_v2/default/marker_directed/b8192/ds04,marker_directed,b8192,ds04,404,bs02,2202,default,SM4,/zhome/14/b/214266/Repos/ml-surrogates-for-power-systems/outputs/experiments/thesis_sm4_benchmark_sm4_v2/default/marker_directed/b8192/ds04/data/SM4/dataset_v1,pruned_after_run,/zhome/14/b/214266/Repos/ml-surrogates-for-power-systems/outputs/experiments/thesis_sm4_benchmark_sm4_v2/default/marker_directed/b8192/ds04/baseline/bs02,completed,/zhome/14/b/214266/Repos/ml-surrogates-for-power-systems/outputs/experiments/thesis_sm4_benchmark_sm4_v2/default/marker_directed/b8192/ds04/baseline/bs02/metrics.json,7372,8192,0.00012659680214710534,0.011251524436586597,/zhome/14/b/214266/Repos/ml-surrogates-for-power-systems/results/benchmark/experiments/thesis_sm4_benchmark_sm4_v2/default/marker_directed/b8192/ds04/dataset_manifest.json
marker_directed_b8192_ds04,/zhome/14/b/214266/Repos/ml-surrogates-for-power-systems/outputs/experiments/thesis_sm4_benchmark_sm4_v2/default/marker_directed/b8192/ds04,marker_directed,b8192,ds04,404,bs03,3303,default,SM4,/zhome/14/b/214266/Repos/ml-surrogates-for-power-systems/outputs/experiments/thesis_sm4_benchmark_sm4_v2/default/marker_directed/b8192/ds04/data/SM4/dataset_v1,pruned_after_run,/zhome/14/b/214266/Repos/ml-surrogates-for-power-systems/outputs/experiments/thesis_sm4_benchmark_sm4_v2/default/marker_directed/b8192/ds04/baseline/bs03,completed,/zhome/14/b/214266/Repos/ml-surrogates-for-power-systems/outputs/experiments/thesis_sm4_benchmark_sm4_v2/default/marker_directed/b8192/ds04/baseline/bs03/metrics.json,7372,8192,0.0001317555143032223,0.011478480487556805,/zhome/14/b/214266/Repos/ml-surrogates-for-power-systems/results/benchmark/experiments/thesis_sm4_benchmark_sm4_v2/default/marker_directed/b8192/ds04/dataset_manifest.json
marker_directed_b8192_ds05,/zhome/14/b/214266/Repos/ml-surrogates-for-power-systems/outputs/experiments/thesis_sm4_benchmark_sm4_v2/default/marker_directed/b8192/ds05,marker_directed,b8192,ds05,505,bs01,1101,default,SM4,/zhome/14/b/214266/Repos/ml-surrogates-for-power-systems/outputs/experiments/thesis_sm4_benchmark_sm4_v2/default/marker_directed/b8192/ds05/data/SM4/dataset_v1,pruned_after_run,/zhome/14/b/214266/Repos/ml-surrogates-for-power-systems/outputs/experiments/thesis_sm4_benchmark_sm4_v2/default/marker_directed/b8192/ds05/baseline/bs01,completed,/zhome/14/b/214266/Repos/ml-surrogates-for-power-systems/outputs/experiments/thesis_sm4_benchmark_sm4_v2/default/marker_directed/b8192/ds05/baseline/bs01/metrics.json,7372,8192,0.00015027998597361147,0.012258873764486339,/zhome/14/b/214266/Repos/ml-surrogates-for-power-systems/results/benchmark/experiments/thesis_sm4_benchmark_sm4_v2/default/marker_directed/b8192/ds05/dataset_manifest.json
marker_directed_b8192_ds05,/zhome/14/b/214266/Repos/ml-surrogates-for-power-systems/outputs/experiments/thesis_sm4_benchmark_sm4_v2/default/marker_directed/b8192/ds05,marker_directed,b8192,ds05,505,bs02,2202,default,SM4,/zhome/14/b/214266/Repos/ml-surrogates-for-power-systems/outputs/experiments/thesis_sm4_benchmark_sm4_v2/default/marker_directed/b8192/ds05/data/SM4/dataset_v1,pruned_after_run,/zhome/14/b/214266/Repos/ml-surrogates-for-power-systems/outputs/experiments/thesis_sm4_benchmark_sm4_v2/default/marker_directed/b8192/ds05/baseline/bs02,completed,/zhome/14/b/214266/Repos/ml-surrogates-for-power-systems/outputs/experiments/thesis_sm4_benchmark_sm4_v2/default/marker_directed/b8192/ds05/baseline/bs02/metrics.json,7372,8192,0.00010587642464088276,0.010289627040903027,/zhome/14/b/214266/Repos/ml-surrogates-for-power-systems/results/benchmark/experiments/thesis_sm4_benchmark_sm4_v2/default/marker_directed/b8192/ds05/dataset_manifest.json
marker_directed_b8192_ds05,/zhome/14/b/214266/Repos/ml-surrogates-for-power-systems/outputs/experiments/thesis_sm4_benchmark_sm4_v2/default/marker_directed/b8192/ds05,marker_directed,b8192,ds05,505,bs03,3303,default,SM4,/zhome/14/b/214266/Repos/ml-surrogates-for-power-systems/outputs/experiments/thesis_sm4_benchmark_sm4_v2/default/marker_directed/b8192/ds05/data/SM4/dataset_v1,pruned_after_run,/zhome/14/b/214266/Repos/ml-surrogates-for-power-systems/outputs/experiments/thesis_sm4_benchmark_sm4_v2/default/marker_directed/b8192/ds05/baseline/bs03,completed,/zhome/14/b/214266/Repos/ml-surrogates-for-power-systems/outputs/experiments/thesis_sm4_benchmark_sm4_v2/default/marker_directed/b8192/ds05/baseline/bs03/metrics.json,7372,8192,0.00025477298186160624,0.01596160962627536,/zhome/14/b/214266/Repos/ml-surrogates-for-power-systems/results/benchmark/experiments/thesis_sm4_benchmark_sm4_v2/default/marker_directed/b8192/ds05/dataset_manifest.json
qbc_deep_ensemble_b1024_ds01,/zhome/14/b/214266/Repos/ml-surrogates-for-power-systems/outputs/experiments/thesis_sm4_benchmark_sm4_v2/default/qbc_deep_ensemble/b1024/ds01,qbc_deep_ensemble,b1024,ds01,101,bs01,1101,default,SM4,/zhome/14/b/214266/Repos/ml-surrogates-for-power-systems/outputs/experiments/thesis_sm4_benchmark_sm4_v2/default/qbc_deep_ensemble/b1024/ds01/data/SM4/dataset_v1,pruned_after_run,/zhome/14/b/214266/Repos/ml-surrogates-for-power-systems/outputs/experiments/thesis_sm4_benchmark_sm4_v2/default/qbc_deep_ensemble/b1024/ds01/baseline/bs01,completed,/zhome/14/b/214266/Repos/ml-surrogates-for-power-systems/outputs/experiments/thesis_sm4_benchmark_sm4_v2/default/qbc_deep_ensemble/b1024/ds01/baseline/bs01/metrics.json,921,8192,0.00040258371154777706,0.020064488818501633,/zhome/14/b/214266/Repos/ml-surrogates-for-power-systems/results/benchmark/experiments/thesis_sm4_benchmark_sm4_v2/default/qbc_deep_ensemble/b1024/ds01/dataset_manifest.json
qbc_deep_ensemble_b1024_ds01,/zhome/14/b/214266/Repos/ml-surrogates-for-power-systems/outputs/experiments/thesis_sm4_benchmark_sm4_v2/default/qbc_deep_ensemble/b1024/ds01,qbc_deep_ensemble,b1024,ds01,101,bs02,2202,default,SM4,/zhome/14/b/214266/Repos/ml-surrogates-for-power-systems/outputs/experiments/thesis_sm4_benchmark_sm4_v2/default/qbc_deep_ensemble/b1024/ds01/data/SM4/dataset_v1,pruned_after_run,/zhome/14/b/214266/Repos/ml-surrogates-for-power-systems/outputs/experiments/thesis_sm4_benchmark_sm4_v2/default/qbc_deep_ensemble/b1024/ds01/baseline/bs02,completed,/zhome/14/b/214266/Repos/ml-surrogates-for-power-systems/outputs/experiments/thesis_sm4_benchmark_sm4_v2/default/qbc_deep_ensemble/b1024/ds01/baseline/bs02/metrics.json,921,8192,0.00046496925642713904,0.021563145791538372,/zhome/14/b/214266/Repos/ml-surrogates-for-power-systems/results/benchmark/experiments/thesis_sm4_benchmark_sm4_v2/default/qbc_deep_ensemble/b1024/ds01/dataset_manifest.json
qbc_deep_ensemble_b1024_ds01,/zhome/14/b/214266/Repos/ml-surrogates-for-power-systems/outputs/experiments/thesis_sm4_benchmark_sm4_v2/default/qbc_deep_ensemble/b1024/ds01,qbc_deep_ensemble,b1024,ds01,101,bs03,3303,default,SM4,/zhome/14/b/214266/Repos/ml-surrogates-for-power-systems/outputs/experiments/thesis_sm4_benchmark_sm4_v2/default/qbc_deep_ensemble/b1024/ds01/data/SM4/dataset_v1,pruned_after_run,/zhome/14/b/214266/Repos/ml-surrogates-for-power-systems/outputs/experiments/thesis_sm4_benchmark_sm4_v2/default/qbc_deep_ensemble/b1024/ds01/baseline/bs03,completed,/zhome/14/b/214266/Repos/ml-surrogates-for-power-systems/outputs/experiments/thesis_sm4_benchmark_sm4_v2/default/qbc_deep_ensemble/b1024/ds01/baseline/bs03/metrics.json,921,8192,0.0009362489217892289,0.030598184942725426,/zhome/14/b/214266/Repos/ml-surrogates-for-power-systems/results/benchmark/experiments/thesis_sm4_benchmark_sm4_v2/default/qbc_deep_ensemble/b1024/ds01/dataset_manifest.json
qbc_deep_ensemble_b1024_ds02,/zhome/14/b/214266/Repos/ml-surrogates-for-power-systems/outputs/experiments/thesis_sm4_benchmark_sm4_v2/default/qbc_deep_ensemble/b1024/ds02,qbc_deep_ensemble,b1024,ds02,202,bs01,1101,default,SM4,/zhome/14/b/214266/Repos/ml-surrogates-for-power-systems/outputs/experiments/thesis_sm4_benchmark_sm4_v2/default/qbc_deep_ensemble/b1024/ds02/data/SM4/dataset_v1,pruned_after_run,/zhome/14/b/214266/Repos/ml-surrogates-for-power-systems/outputs/experiments/thesis_sm4_benchmark_sm4_v2/default/qbc_deep_ensemble/b1024/ds02/baseline/bs01,completed,/zhome/14/b/214266/Repos/ml-surrogates-for-power-systems/outputs/experiments/thesis_sm4_benchmark_sm4_v2/default/qbc_deep_ensemble/b1024/ds02/baseline/bs01/metrics.json,921,8192,0.0006198569899424911,0.024896927319299687,/zhome/14/b/214266/Repos/ml-surrogates-for-power-systems/results/benchmark/experiments/thesis_sm4_benchmark_sm4_v2/default/qbc_deep_ensemble/b1024/ds02/dataset_manifest.json
qbc_deep_ensemble_b1024_ds02,/zhome/14/b/214266/Repos/ml-surrogates-for-power-systems/outputs/experiments/thesis_sm4_benchmark_sm4_v2/default/qbc_deep_ensemble/b1024/ds02,qbc_deep_ensemble,b1024,ds02,202,bs02,2202,default,SM4,/zhome/14/b/214266/Repos/ml-surrogates-for-power-systems/outputs/experiments/thesis_sm4_benchmark_sm4_v2/default/qbc_deep_ensemble/b1024/ds02/data/SM4/dataset_v1,pruned_after_run,/zhome/14/b/214266/Repos/ml-surrogates-for-power-systems/outputs/experiments/thesis_sm4_benchmark_sm4_v2/default/qbc_deep_ensemble/b1024/ds02/baseline/bs02,completed,/zhome/14/b/214266/Repos/ml-surrogates-for-power-systems/outputs/experiments/thesis_sm4_benchmark_sm4_v2/default/qbc_deep_ensemble/b1024/ds02/baseline/bs02/metrics.json,921,8192,0.0010061744833365083,0.03172025351942365,/zhome/14/b/214266/Repos/ml-surrogates-for-power-systems/results/benchmark/experiments/thesis_sm4_benchmark_sm4_v2/default/qbc_deep_ensemble/b1024/ds02/dataset_manifest.json
qbc_deep_ensemble_b1024_ds02,/zhome/14/b/214266/Repos/ml-surrogates-for-power-systems/outputs/experiments/thesis_sm4_benchmark_sm4_v2/default/qbc_deep_ensemble/b1024/ds02,qbc_deep_ensemble,b1024,ds02,202,bs03,3303,default,SM4,/zhome/14/b/214266/Repos/ml-surrogates-for-power-systems/outputs/experiments/thesis_sm4_benchmark_sm4_v2/default/qbc_deep_ensemble/b1024/ds02/data/SM4/dataset_v1,pruned_after_run,/zhome/14/b/214266/Repos/ml-surrogates-for-power-systems/outputs/experiments/thesis_sm4_benchmark_sm4_v2/default/qbc_deep_ensemble/b1024/ds02/baseline/bs03,completed,/zhome/14/b/214266/Repos/ml-surrogates-for-power-systems/outputs/experiments/thesis_sm4_benchmark_sm4_v2/default/qbc_deep_ensemble/b1024/ds02/baseline/bs03/metrics.json,921,8192,0.0005094099906273186,0.02257011277391672,/zhome/14/b/214266/Repos/ml-surrogates-for-power-systems/results/benchmark/experiments/thesis_sm4_benchmark_sm4_v2/default/qbc_deep_ensemble/b1024/ds02/dataset_manifest.json
qbc_deep_ensemble_b1024_ds03,/zhome/14/b/214266/Repos/ml-surrogates-for-power-systems/outputs/experiments/thesis_sm4_benchmark_sm4_v2/default/qbc_deep_ensemble/b1024/ds03,qbc_deep_ensemble,b1024,ds03,303,bs01,1101,default,SM4,/zhome/14/b/214266/Repos/ml-surrogates-for-power-systems/outputs/experiments/thesis_sm4_benchmark_sm4_v2/default/qbc_deep_ensemble/b1024/ds03/data/SM4/dataset_v1,pruned_after_run,/zhome/14/b/214266/Repos/ml-surrogates-for-power-systems/outputs/experiments/thesis_sm4_benchmark_sm4_v2/default/qbc_deep_ensemble/b1024/ds03/baseline/bs01,completed,/zhome/14/b/214266/Repos/ml-surrogates-for-power-systems/outputs/experiments/thesis_sm4_benchmark_sm4_v2/default/qbc_deep_ensemble/b1024/ds03/baseline/bs01/metrics.json,921,8192,0.0003935724089387804,0.019838659454176344,/zhome/14/b/214266/Repos/ml-surrogates-for-power-systems/results/benchmark/experiments/thesis_sm4_benchmark_sm4_v2/default/qbc_deep_ensemble/b1024/ds03/dataset_manifest.json
qbc_deep_ensemble_b1024_ds03,/zhome/14/b/214266/Repos/ml-surrogates-for-power-systems/outputs/experiments/thesis_sm4_benchmark_sm4_v2/default/qbc_deep_ensemble/b1024/ds03,qbc_deep_ensemble,b1024,ds03,303,bs02,2202,default,SM4,/zhome/14/b/214266/Repos/ml-surrogates-for-power-systems/outputs/experiments/thesis_sm4_benchmark_sm4_v2/default/qbc_deep_ensemble/b1024/ds03/data/SM4/dataset_v1,pruned_after_run,/zhome/14/b/214266/Repos/ml-surrogates-for-power-systems/outputs/experiments/thesis_sm4_benchmark_sm4_v2/default/qbc_deep_ensemble/b1024/ds03/baseline/bs02,completed,/zhome/14/b/214266/Repos/ml-surrogates-for-power-systems/outputs/experiments/thesis_sm4_benchmark_sm4_v2/default/qbc_deep_ensemble/b1024/ds03/baseline/bs02/metrics.json,921,8192,0.000846089911647141,0.029087624716486234,/zhome/14/b/214266/Repos/ml-surrogates-for-power-systems/results/benchmark/experiments/thesis_sm4_benchmark_sm4_v2/default/qbc_deep_ensemble/b1024/ds03/dataset_manifest.json
qbc_deep_ensemble_b1024_ds03,/zhome/14/b/214266/Repos/ml-surrogates-for-power-systems/outputs/experiments/thesis_sm4_benchmark_sm4_v2/default/qbc_deep_ensemble/b1024/ds03,qbc_deep_ensemble,b1024,ds03,303,bs03,3303,default,SM4,/zhome/14/b/214266/Repos/ml-surrogates-for-power-systems/outputs/experiments/thesis_sm4_benchmark_sm4_v2/default/qbc_deep_ensemble/b1024/ds03/data/SM4/dataset_v1,pruned_after_run,/zhome/14/b/214266/Repos/ml-surrogates-for-power-systems/outputs/experiments/thesis_sm4_benchmark_sm4_v2/default/qbc_deep_ensemble/b1024/ds03/baseline/bs03,completed,/zhome/14/b/214266/Repos/ml-surrogates-for-power-systems/outputs/experiments/thesis_sm4_benchmark_sm4_v2/default/qbc_deep_ensemble/b1024/ds03/baseline/bs03/metrics.json,921,8192,0.0004749670624732971,0.021793739065917465,/zhome/14/b/214266/Repos/ml-surrogates-for-power-systems/results/benchmark/experiments/thesis_sm4_benchmark_sm4_v2/default/qbc_deep_ensemble/b1024/ds03/dataset_manifest.json
qbc_deep_ensemble_b1024_ds04,/zhome/14/b/214266/Repos/ml-surrogates-for-power-systems/outputs/experiments/thesis_sm4_benchmark_sm4_v2/default/qbc_deep_ensemble/b1024/ds04,qbc_deep_ensemble,b1024,ds04,404,bs01,1101,default,SM4,/zhome/14/b/214266/Repos/ml-surrogates-for-power-systems/outputs/experiments/thesis_sm4_benchmark_sm4_v2/default/qbc_deep_ensemble/b1024/ds04/data/SM4/dataset_v1,pruned_after_run,/zhome/14/b/214266/Repos/ml-surrogates-for-power-systems/outputs/experiments/thesis_sm4_benchmark_sm4_v2/default/qbc_deep_ensemble/b1024/ds04/baseline/bs01,completed,/zhome/14/b/214266/Repos/ml-surrogates-for-power-systems/outputs/experiments/thesis_sm4_benchmark_sm4_v2/default/qbc_deep_ensemble/b1024/ds04/baseline/bs01/metrics.json,921,8192,0.0007127418066374958,0.026697224699161068,/zhome/14/b/214266/Repos/ml-surrogates-for-power-systems/results/benchmark/experiments/thesis_sm4_benchmark_sm4_v2/default/qbc_deep_ensemble/b1024/ds04/dataset_manifest.json
qbc_deep_ensemble_b1024_ds04,/zhome/14/b/214266/Repos/ml-surrogates-for-power-systems/outputs/experiments/thesis_sm4_benchmark_sm4_v2/default/qbc_deep_ensemble/b1024/ds04,qbc_deep_ensemble,b1024,ds04,404,bs02,2202,default,SM4,/zhome/14/b/214266/Repos/ml-surrogates-for-power-systems/outputs/experiments/thesis_sm4_benchmark_sm4_v2/default/qbc_deep_ensemble/b1024/ds04/data/SM4/dataset_v1,pruned_after_run,/zhome/14/b/214266/Repos/ml-surrogates-for-power-systems/outputs/experiments/thesis_sm4_benchmark_sm4_v2/default/qbc_deep_ensemble/b1024/ds04/baseline/bs02,completed,/zhome/14/b/214266/Repos/ml-surrogates-for-power-systems/outputs/experiments/thesis_sm4_benchmark_sm4_v2/default/qbc_deep_ensemble/b1024/ds04/baseline/bs02/metrics.json,921,8192,0.0010680941632017493,0.03268170991857295,/zhome/14/b/214266/Repos/ml-surrogates-for-power-systems/results/benchmark/experiments/thesis_sm4_benchmark_sm4_v2/default/qbc_deep_ensemble/b1024/ds04/dataset_manifest.json
qbc_deep_ensemble_b1024_ds04,/zhome/14/b/214266/Repos/ml-surrogates-for-power-systems/outputs/experiments/thesis_sm4_benchmark_sm4_v2/default/qbc_deep_ensemble/b1024/ds04,qbc_deep_ensemble,b1024,ds04,404,bs03,3303,default,SM4,/zhome/14/b/214266/Repos/ml-surrogates-for-power-systems/outputs/experiments/thesis_sm4_benchmark_sm4_v2/default/qbc_deep_ensemble/b1024/ds04/data/SM4/dataset_v1,pruned_after_run,/zhome/14/b/214266/Repos/ml-surrogates-for-power-systems/outputs/experiments/thesis_sm4_benchmark_sm4_v2/default/qbc_deep_ensemble/b1024/ds04/baseline/bs03,completed,/zhome/14/b/214266/Repos/ml-surrogates-for-power-systems/outputs/experiments/thesis_sm4_benchmark_sm4_v2/default/qbc_deep_ensemble/b1024/ds04/baseline/bs03/metrics.json,921,8192,0.0003978325694333762,0.01994574063386407,/zhome/14/b/214266/Repos/ml-surrogates-for-power-systems/results/benchmark/experiments/thesis_sm4_benchmark_sm4_v2/default/qbc_deep_ensemble/b1024/ds04/dataset_manifest.json
qbc_deep_ensemble_b1024_ds05,/zhome/14/b/214266/Repos/ml-surrogates-for-power-systems/outputs/experiments/thesis_sm4_benchmark_sm4_v2/default/qbc_deep_ensemble/b1024/ds05,qbc_deep_ensemble,b1024,ds05,505,bs01,1101,default,SM4,/zhome/14/b/214266/Repos/ml-surrogates-for-power-systems/outputs/experiments/thesis_sm4_benchmark_sm4_v2/default/qbc_deep_ensemble/b1024/ds05/data/SM4/dataset_v1,pruned_after_run,/zhome/14/b/214266/Repos/ml-surrogates-for-power-systems/outputs/experiments/thesis_sm4_benchmark_sm4_v2/default/qbc_deep_ensemble/b1024/ds05/baseline/bs01,completed,/zhome/14/b/214266/Repos/ml-surrogates-for-power-systems/outputs/experiments/thesis_sm4_benchmark_sm4_v2/default/qbc_deep_ensemble/b1024/ds05/baseline/bs01/metrics.json,921,8192,0.0004943414242006838,0.022233790144747786,/zhome/14/b/214266/Repos/ml-surrogates-for-power-systems/results/benchmark/experiments/thesis_sm4_benchmark_sm4_v2/default/qbc_deep_ensemble/b1024/ds05/dataset_manifest.json
qbc_deep_ensemble_b1024_ds05,/zhome/14/b/214266/Repos/ml-surrogates-for-power-systems/outputs/experiments/thesis_sm4_benchmark_sm4_v2/default/qbc_deep_ensemble/b1024/ds05,qbc_deep_ensemble,b1024,ds05,505,bs02,2202,default,SM4,/zhome/14/b/214266/Repos/ml-surrogates-for-power-systems/outputs/experiments/thesis_sm4_benchmark_sm4_v2/default/qbc_deep_ensemble/b1024/ds05/data/SM4/dataset_v1,pruned_after_run,/zhome/14/b/214266/Repos/ml-surrogates-for-power-systems/outputs/experiments/thesis_sm4_benchmark_sm4_v2/default/qbc_deep_ensemble/b1024/ds05/baseline/bs02,completed,/zhome/14/b/214266/Repos/ml-surrogates-for-power-systems/outputs/experiments/thesis_sm4_benchmark_sm4_v2/default/qbc_deep_ensemble/b1024/ds05/baseline/bs02/metrics.json,921,8192,0.0005627739010378718,0.023722856089389233,/zhome/14/b/214266/Repos/ml-surrogates-for-power-systems/results/benchmark/experiments/thesis_sm4_benchmark_sm4_v2/default/qbc_deep_ensemble/b1024/ds05/dataset_manifest.json
qbc_deep_ensemble_b1024_ds05,/zhome/14/b/214266/Repos/ml-surrogates-for-power-systems/outputs/experiments/thesis_sm4_benchmark_sm4_v2/default/qbc_deep_ensemble/b1024/ds05,qbc_deep_ensemble,b1024,ds05,505,bs03,3303,default,SM4,/zhome/14/b/214266/Repos/ml-surrogates-for-power-systems/outputs/experiments/thesis_sm4_benchmark_sm4_v2/default/qbc_deep_ensemble/b1024/ds05/data/SM4/dataset_v1,pruned_after_run,/zhome/14/b/214266/Repos/ml-surrogates-for-power-systems/outputs/experiments/thesis_sm4_benchmark_sm4_v2/default/qbc_deep_ensemble/b1024/ds05/baseline/bs03,completed,/zhome/14/b/214266/Repos/ml-surrogates-for-power-systems/outputs/experiments/thesis_sm4_benchmark_sm4_v2/default/qbc_deep_ensemble/b1024/ds05/baseline/bs03/metrics.json,921,8192,0.0004529159050434828,0.02128182099923507,/zhome/14/b/214266/Repos/ml-surrogates-for-power-systems/results/benchmark/experiments/thesis_sm4_benchmark_sm4_v2/default/qbc_deep_ensemble/b1024/ds05/dataset_manifest.json
qbc_deep_ensemble_b4096_ds01,/zhome/14/b/214266/Repos/ml-surrogates-for-power-systems/outputs/experiments/thesis_sm4_benchmark_sm4_v2/default/qbc_deep_ensemble/b4096/ds01,qbc_deep_ensemble,b4096,ds01,101,bs01,1101,default,SM4,/zhome/14/b/214266/Repos/ml-surrogates-for-power-systems/outputs/experiments/thesis_sm4_benchmark_sm4_v2/default/qbc_deep_ensemble/b4096/ds01/data/SM4/dataset_v1,pruned_after_run,/zhome/14/b/214266/Repos/ml-surrogates-for-power-systems/outputs/experiments/thesis_sm4_benchmark_sm4_v2/default/qbc_deep_ensemble/b4096/ds01/baseline/bs01,completed,/zhome/14/b/214266/Repos/ml-surrogates-for-power-systems/outputs/experiments/thesis_sm4_benchmark_sm4_v2/default/qbc_deep_ensemble/b4096/ds01/baseline/bs01/metrics.json,3686,8192,0.00011642720346571878,0.010790143811169469,/zhome/14/b/214266/Repos/ml-surrogates-for-power-systems/results/benchmark/experiments/thesis_sm4_benchmark_sm4_v2/default/qbc_deep_ensemble/b4096/ds01/dataset_manifest.json
qbc_deep_ensemble_b4096_ds01,/zhome/14/b/214266/Repos/ml-surrogates-for-power-systems/outputs/experiments/thesis_sm4_benchmark_sm4_v2/default/qbc_deep_ensemble/b4096/ds01,qbc_deep_ensemble,b4096,ds01,101,bs02,2202,default,SM4,/zhome/14/b/214266/Repos/ml-surrogates-for-power-systems/outputs/experiments/thesis_sm4_benchmark_sm4_v2/default/qbc_deep_ensemble/b4096/ds01/data/SM4/dataset_v1,pruned_after_run,/zhome/14/b/214266/Repos/ml-surrogates-for-power-systems/outputs/experiments/thesis_sm4_benchmark_sm4_v2/default/qbc_deep_ensemble/b4096/ds01/baseline/bs02,completed,/zhome/14/b/214266/Repos/ml-surrogates-for-power-systems/outputs/experiments/thesis_sm4_benchmark_sm4_v2/default/qbc_deep_ensemble/b4096/ds01/baseline/bs02/metrics.json,3686,8192,0.00021156320872250944,0.014545212570550815,/zhome/14/b/214266/Repos/ml-surrogates-for-power-systems/results/benchmark/experiments/thesis_sm4_benchmark_sm4_v2/default/qbc_deep_ensemble/b4096/ds01/dataset_manifest.json
qbc_deep_ensemble_b4096_ds01,/zhome/14/b/214266/Repos/ml-surrogates-for-power-systems/outputs/experiments/thesis_sm4_benchmark_sm4_v2/default/qbc_deep_ensemble/b4096/ds01,qbc_deep_ensemble,b4096,ds01,101,bs03,3303,default,SM4,/zhome/14/b/214266/Repos/ml-surrogates-for-power-systems/outputs/experiments/thesis_sm4_benchmark_sm4_v2/default/qbc_deep_ensemble/b4096/ds01/data/SM4/dataset_v1,pruned_after_run,/zhome/14/b/214266/Repos/ml-surrogates-for-power-systems/outputs/experiments/thesis_sm4_benchmark_sm4_v2/default/qbc_deep_ensemble/b4096/ds01/baseline/bs03,completed,/zhome/14/b/214266/Repos/ml-surrogates-for-power-systems/outputs/experiments/thesis_sm4_benchmark_sm4_v2/default/qbc_deep_ensemble/b4096/ds01/baseline/bs03/metrics.json,3686,8192,0.0002677217999007553,0.016362206449643497,/zhome/14/b/214266/Repos/ml-surrogates-for-power-systems/results/benchmark/experiments/thesis_sm4_benchmark_sm4_v2/default/qbc_deep_ensemble/b4096/ds01/dataset_manifest.json
qbc_deep_ensemble_b4096_ds02,/zhome/14/b/214266/Repos/ml-surrogates-for-power-systems/outputs/experiments/thesis_sm4_benchmark_sm4_v2/default/qbc_deep_ensemble/b4096/ds02,qbc_deep_ensemble,b4096,ds02,202,bs01,1101,default,SM4,/zhome/14/b/214266/Repos/ml-surrogates-for-power-systems/outputs/experiments/thesis_sm4_benchmark_sm4_v2/default/qbc_deep_ensemble/b4096/ds02/data/SM4/dataset_v1,pruned_after_run,/zhome/14/b/214266/Repos/ml-surrogates-for-power-systems/outputs/experiments/thesis_sm4_benchmark_sm4_v2/default/qbc_deep_ensemble/b4096/ds02/baseline/bs01,completed,/zhome/14/b/214266/Repos/ml-surrogates-for-power-systems/outputs/experiments/thesis_sm4_benchmark_sm4_v2/default/qbc_deep_ensemble/b4096/ds02/baseline/bs01/metrics.json,3686,8192,0.00013502452929969877,0.011620005563669012,/zhome/14/b/214266/Repos/ml-surrogates-for-power-systems/results/benchmark/experiments/thesis_sm4_benchmark_sm4_v2/default/qbc_deep_ensemble/b4096/ds02/dataset_manifest.json
qbc_deep_ensemble_b4096_ds02,/zhome/14/b/214266/Repos/ml-surrogates-for-power-systems/outputs/experiments/thesis_sm4_benchmark_sm4_v2/default/qbc_deep_ensemble/b4096/ds02,qbc_deep_ensemble,b4096,ds02,202,bs02,2202,default,SM4,/zhome/14/b/214266/Repos/ml-surrogates-for-power-systems/outputs/experiments/thesis_sm4_benchmark_sm4_v2/default/qbc_deep_ensemble/b4096/ds02/data/SM4/dataset_v1,pruned_after_run,/zhome/14/b/214266/Repos/ml-surrogates-for-power-systems/outputs/experiments/thesis_sm4_benchmark_sm4_v2/default/qbc_deep_ensemble/b4096/ds02/baseline/bs02,completed,/zhome/14/b/214266/Repos/ml-surrogates-for-power-systems/outputs/experiments/thesis_sm4_benchmark_sm4_v2/default/qbc_deep_ensemble/b4096/ds02/baseline/bs02/metrics.json,3686,8192,0.0002592572127468884,0.016101466167616176,/zhome/14/b/214266/Repos/ml-surrogates-for-power-systems/results/benchmark/experiments/thesis_sm4_benchmark_sm4_v2/default/qbc_deep_ensemble/b4096/ds02/dataset_manifest.json
qbc_deep_ensemble_b4096_ds02,/zhome/14/b/214266/Repos/ml-surrogates-for-power-systems/outputs/experiments/thesis_sm4_benchmark_sm4_v2/default/qbc_deep_ensemble/b4096/ds02,qbc_deep_ensemble,b4096,ds02,202,bs03,3303,default,SM4,/zhome/14/b/214266/Repos/ml-surrogates-for-power-systems/outputs/experiments/thesis_sm4_benchmark_sm4_v2/default/qbc_deep_ensemble/b4096/ds02/data/SM4/dataset_v1,pruned_after_run,/zhome/14/b/214266/Repos/ml-surrogates-for-power-systems/outputs/experiments/thesis_sm4_benchmark_sm4_v2/default/qbc_deep_ensemble/b4096/ds02/baseline/bs03,completed,/zhome/14/b/214266/Repos/ml-surrogates-for-power-systems/outputs/experiments/thesis_sm4_benchmark_sm4_v2/default/qbc_deep_ensemble/b4096/ds02/baseline/bs03/metrics.json,3686,8192,0.00020908097212668508,0.014459632503168436,/zhome/14/b/214266/Repos/ml-surrogates-for-power-systems/results/benchmark/experiments/thesis_sm4_benchmark_sm4_v2/default/qbc_deep_ensemble/b4096/ds02/dataset_manifest.json
qbc_deep_ensemble_b4096_ds03,/zhome/14/b/214266/Repos/ml-surrogates-for-power-systems/outputs/experiments/thesis_sm4_benchmark_sm4_v2/default/qbc_deep_ensemble/b4096/ds03,qbc_deep_ensemble,b4096,ds03,303,bs01,1101,default,SM4,/zhome/14/b/214266/Repos/ml-surrogates-for-power-systems/outputs/experiments/thesis_sm4_benchmark_sm4_v2/default/qbc_deep_ensemble/b4096/ds03/data/SM4/dataset_v1,pruned_after_run,/zhome/14/b/214266/Repos/ml-surrogates-for-power-systems/outputs/experiments/thesis_sm4_benchmark_sm4_v2/default/qbc_deep_ensemble/b4096/ds03/baseline/bs01,completed,/zhome/14/b/214266/Repos/ml-surrogates-for-power-systems/outputs/experiments/thesis_sm4_benchmark_sm4_v2/default/qbc_deep_ensemble/b4096/ds03/baseline/bs01/metrics.json,3686,8192,0.00019156480266246945,0.01384069372041985,/zhome/14/b/214266/Repos/ml-surrogates-for-power-systems/results/benchmark/experiments/thesis_sm4_benchmark_sm4_v2/default/qbc_deep_ensemble/b4096/ds03/dataset_manifest.json
qbc_deep_ensemble_b4096_ds03,/zhome/14/b/214266/Repos/ml-surrogates-for-power-systems/outputs/experiments/thesis_sm4_benchmark_sm4_v2/default/qbc_deep_ensemble/b4096/ds03,qbc_deep_ensemble,b4096,ds03,303,bs02,2202,default,SM4,/zhome/14/b/214266/Repos/ml-surrogates-for-power-systems/outputs/experiments/thesis_sm4_benchmark_sm4_v2/default/qbc_deep_ensemble/b4096/ds03/data/SM4/dataset_v1,pruned_after_run,/zhome/14/b/214266/Repos/ml-surrogates-for-power-systems/outputs/experiments/thesis_sm4_benchmark_sm4_v2/default/qbc_deep_ensemble/b4096/ds03/baseline/bs02,completed,/zhome/14/b/214266/Repos/ml-surrogates-for-power-systems/outputs/experiments/thesis_sm4_benchmark_sm4_v2/default/qbc_deep_ensemble/b4096/ds03/baseline/bs02/metrics.json,3686,8192,0.00010674159420887008,0.010331582367133801,/zhome/14/b/214266/Repos/ml-surrogates-for-power-systems/results/benchmark/experiments/thesis_sm4_benchmark_sm4_v2/default/qbc_deep_ensemble/b4096/ds03/dataset_manifest.json
qbc_deep_ensemble_b4096_ds03,/zhome/14/b/214266/Repos/ml-surrogates-for-power-systems/outputs/experiments/thesis_sm4_benchmark_sm4_v2/default/qbc_deep_ensemble/b4096/ds03,qbc_deep_ensemble,b4096,ds03,303,bs03,3303,default,SM4,/zhome/14/b/214266/Repos/ml-surrogates-for-power-systems/outputs/experiments/thesis_sm4_benchmark_sm4_v2/default/qbc_deep_ensemble/b4096/ds03/data/SM4/dataset_v1,pruned_after_run,/zhome/14/b/214266/Repos/ml-surrogates-for-power-systems/outputs/experiments/thesis_sm4_benchmark_sm4_v2/default/qbc_deep_ensemble/b4096/ds03/baseline/bs03,completed,/zhome/14/b/214266/Repos/ml-surrogates-for-power-systems/outputs/experiments/thesis_sm4_benchmark_sm4_v2/default/qbc_deep_ensemble/b4096/ds03/baseline/bs03/metrics.json,3686,8192,0.00012150409020250663,0.011022889376316295,/zhome/14/b/214266/Repos/ml-surrogates-for-power-systems/results/benchmark/experiments/thesis_sm4_benchmark_sm4_v2/default/qbc_deep_ensemble/b4096/ds03/dataset_manifest.json
qbc_deep_ensemble_b4096_ds04,/zhome/14/b/214266/Repos/ml-surrogates-for-power-systems/outputs/experiments/thesis_sm4_benchmark_sm4_v2/default/qbc_deep_ensemble/b4096/ds04,qbc_deep_ensemble,b4096,ds04,404,bs01,1101,default,SM4,/zhome/14/b/214266/Repos/ml-surrogates-for-power-systems/outputs/experiments/thesis_sm4_benchmark_sm4_v2/default/qbc_deep_ensemble/b4096/ds04/data/SM4/dataset_v1,pruned_after_run,/zhome/14/b/214266/Repos/ml-surrogates-for-power-systems/outputs/experiments/thesis_sm4_benchmark_sm4_v2/default/qbc_deep_ensemble/b4096/ds04/baseline/bs01,completed,/zhome/14/b/214266/Repos/ml-surrogates-for-power-systems/outputs/experiments/thesis_sm4_benchmark_sm4_v2/default/qbc_deep_ensemble/b4096/ds04/baseline/bs01/metrics.json,3686,8192,0.00038529399898834527,0.019628907228583695,/zhome/14/b/214266/Repos/ml-surrogates-for-power-systems/results/benchmark/experiments/thesis_sm4_benchmark_sm4_v2/default/qbc_deep_ensemble/b4096/ds04/dataset_manifest.json
qbc_deep_ensemble_b4096_ds04,/zhome/14/b/214266/Repos/ml-surrogates-for-power-systems/outputs/experiments/thesis_sm4_benchmark_sm4_v2/default/qbc_deep_ensemble/b4096/ds04,qbc_deep_ensemble,b4096,ds04,404,bs02,2202,default,SM4,/zhome/14/b/214266/Repos/ml-surrogates-for-power-systems/outputs/experiments/thesis_sm4_benchmark_sm4_v2/default/qbc_deep_ensemble/b4096/ds04/data/SM4/dataset_v1,pruned_after_run,/zhome/14/b/214266/Repos/ml-surrogates-for-power-systems/outputs/experiments/thesis_sm4_benchmark_sm4_v2/default/qbc_deep_ensemble/b4096/ds04/baseline/bs02,completed,/zhome/14/b/214266/Repos/ml-surrogates-for-power-systems/outputs/experiments/thesis_sm4_benchmark_sm4_v2/default/qbc_deep_ensemble/b4096/ds04/baseline/bs02/metrics.json,3686,8192,0.0002128603373421356,0.014589733970917208,/zhome/14/b/214266/Repos/ml-surrogates-for-power-systems/results/benchmark/experiments/thesis_sm4_benchmark_sm4_v2/default/qbc_deep_ensemble/b4096/ds04/dataset_manifest.json
qbc_deep_ensemble_b4096_ds04,/zhome/14/b/214266/Repos/ml-surrogates-for-power-systems/outputs/experiments/thesis_sm4_benchmark_sm4_v2/default/qbc_deep_ensemble/b4096/ds04,qbc_deep_ensemble,b4096,ds04,404,bs03,3303,default,SM4,/zhome/14/b/214266/Repos/ml-surrogates-for-power-systems/outputs/experiments/thesis_sm4_benchmark_sm4_v2/default/qbc_deep_ensemble/b4096/ds04/data/SM4/dataset_v1,pruned_after_run,/zhome/14/b/214266/Repos/ml-surrogates-for-power-systems/outputs/experiments/thesis_sm4_benchmark_sm4_v2/default/qbc_deep_ensemble/b4096/ds04/baseline/bs03,completed,/zhome/14/b/214266/Repos/ml-surrogates-for-power-systems/outputs/experiments/thesis_sm4_benchmark_sm4_v2/default/qbc_deep_ensemble/b4096/ds04/baseline/bs03/metrics.json,3686,8192,0.0002266185765620321,0.015053855870242418,/zhome/14/b/214266/Repos/ml-surrogates-for-power-systems/results/benchmark/experiments/thesis_sm4_benchmark_sm4_v2/default/qbc_deep_ensemble/b4096/ds04/dataset_manifest.json
qbc_deep_ensemble_b4096_ds05,/zhome/14/b/214266/Repos/ml-surrogates-for-power-systems/outputs/experiments/thesis_sm4_benchmark_sm4_v2/default/qbc_deep_ensemble/b4096/ds05,qbc_deep_ensemble,b4096,ds05,505,bs01,1101,default,SM4,/zhome/14/b/214266/Repos/ml-surrogates-for-power-systems/outputs/experiments/thesis_sm4_benchmark_sm4_v2/default/qbc_deep_ensemble/b4096/ds05/data/SM4/dataset_v1,pruned_after_run,/zhome/14/b/214266/Repos/ml-surrogates-for-power-systems/outputs/experiments/thesis_sm4_benchmark_sm4_v2/default/qbc_deep_ensemble/b4096/ds05/baseline/bs01,completed,/zhome/14/b/214266/Repos/ml-surrogates-for-power-systems/outputs/experiments/thesis_sm4_benchmark_sm4_v2/default/qbc_deep_ensemble/b4096/ds05/baseline/bs01/metrics.json,3686,8192,0.00017154622764792293,0.013097565714586926,/zhome/14/b/214266/Repos/ml-surrogates-for-power-systems/results/benchmark/experiments/thesis_sm4_benchmark_sm4_v2/default/qbc_deep_ensemble/b4096/ds05/dataset_manifest.json
qbc_deep_ensemble_b4096_ds05,/zhome/14/b/214266/Repos/ml-surrogates-for-power-systems/outputs/experiments/thesis_sm4_benchmark_sm4_v2/default/qbc_deep_ensemble/b4096/ds05,qbc_deep_ensemble,b4096,ds05,505,bs02,2202,default,SM4,/zhome/14/b/214266/Repos/ml-surrogates-for-power-systems/outputs/experiments/thesis_sm4_benchmark_sm4_v2/default/qbc_deep_ensemble/b4096/ds05/data/SM4/dataset_v1,pruned_after_run,/zhome/14/b/214266/Repos/ml-surrogates-for-power-systems/outputs/experiments/thesis_sm4_benchmark_sm4_v2/default/qbc_deep_ensemble/b4096/ds05/baseline/bs02,completed,/zhome/14/b/214266/Repos/ml-surrogates-for-power-systems/outputs/experiments/thesis_sm4_benchmark_sm4_v2/default/qbc_deep_ensemble/b4096/ds05/baseline/bs02/metrics.json,3686,8192,0.00011653071851469576,0.010794939486384153,/zhome/14/b/214266/Repos/ml-surrogates-for-power-systems/results/benchmark/experiments/thesis_sm4_benchmark_sm4_v2/default/qbc_deep_ensemble/b4096/ds05/dataset_manifest.json
qbc_deep_ensemble_b4096_ds05,/zhome/14/b/214266/Repos/ml-surrogates-for-power-systems/outputs/experiments/thesis_sm4_benchmark_sm4_v2/default/qbc_deep_ensemble/b4096/ds05,qbc_deep_ensemble,b4096,ds05,505,bs03,3303,default,SM4,/zhome/14/b/214266/Repos/ml-surrogates-for-power-systems/outputs/experiments/thesis_sm4_benchmark_sm4_v2/default/qbc_deep_ensemble/b4096/ds05/data/SM4/dataset_v1,pruned_after_run,/zhome/14/b/214266/Repos/ml-surrogates-for-power-systems/outputs/experiments/thesis_sm4_benchmark_sm4_v2/default/qbc_deep_ensemble/b4096/ds05/baseline/bs03,completed,/zhome/14/b/214266/Repos/ml-surrogates-for-power-systems/outputs/experiments/thesis_sm4_benchmark_sm4_v2/default/qbc_deep_ensemble/b4096/ds05/baseline/bs03/metrics.json,3686,8192,0.00014811007713433355,0.012170048362037578,/zhome/14/b/214266/Repos/ml-surrogates-for-power-systems/results/benchmark/experiments/thesis_sm4_benchmark_sm4_v2/default/qbc_deep_ensemble/b4096/ds05/dataset_manifest.json
qbc_deep_ensemble_b8192_ds01,/zhome/14/b/214266/Repos/ml-surrogates-for-power-systems/outputs/experiments/thesis_sm4_benchmark_sm4_v2/default/qbc_deep_ensemble/b8192/ds01,qbc_deep_ensemble,b8192,ds01,101,bs01,1101,default,SM4,/zhome/14/b/214266/Repos/ml-surrogates-for-power-systems/outputs/experiments/thesis_sm4_benchmark_sm4_v2/default/qbc_deep_ensemble/b8192/ds01/data/SM4/dataset_v1,pruned_after_run,/zhome/14/b/214266/Repos/ml-surrogates-for-power-systems/outputs/experiments/thesis_sm4_benchmark_sm4_v2/default/qbc_deep_ensemble/b8192/ds01/baseline/bs01,completed,/zhome/14/b/214266/Repos/ml-surrogates-for-power-systems/outputs/experiments/thesis_sm4_benchmark_sm4_v2/default/qbc_deep_ensemble/b8192/ds01/baseline/bs01/metrics.json,7372,8192,0.00010987702989950776,0.010482224472863943,/zhome/14/b/214266/Repos/ml-surrogates-for-power-systems/results/benchmark/experiments/thesis_sm4_benchmark_sm4_v2/default/qbc_deep_ensemble/b8192/ds01/dataset_manifest.json
qbc_deep_ensemble_b8192_ds01,/zhome/14/b/214266/Repos/ml-surrogates-for-power-systems/outputs/experiments/thesis_sm4_benchmark_sm4_v2/default/qbc_deep_ensemble/b8192/ds01,qbc_deep_ensemble,b8192,ds01,101,bs02,2202,default,SM4,/zhome/14/b/214266/Repos/ml-surrogates-for-power-systems/outputs/experiments/thesis_sm4_benchmark_sm4_v2/default/qbc_deep_ensemble/b8192/ds01/data/SM4/dataset_v1,pruned_after_run,/zhome/14/b/214266/Repos/ml-surrogates-for-power-systems/outputs/experiments/thesis_sm4_benchmark_sm4_v2/default/qbc_deep_ensemble/b8192/ds01/baseline/bs02,completed,/zhome/14/b/214266/Repos/ml-surrogates-for-power-systems/outputs/experiments/thesis_sm4_benchmark_sm4_v2/default/qbc_deep_ensemble/b8192/ds01/baseline/bs02/metrics.json,7372,8192,0.0002216798166045919,0.014888915897559227,/zhome/14/b/214266/Repos/ml-surrogates-for-power-systems/results/benchmark/experiments/thesis_sm4_benchmark_sm4_v2/default/qbc_deep_ensemble/b8192/ds01/dataset_manifest.json
qbc_deep_ensemble_b8192_ds01,/zhome/14/b/214266/Repos/ml-surrogates-for-power-systems/outputs/experiments/thesis_sm4_benchmark_sm4_v2/default/qbc_deep_ensemble/b8192/ds01,qbc_deep_ensemble,b8192,ds01,101,bs03,3303,default,SM4,/zhome/14/b/214266/Repos/ml-surrogates-for-power-systems/outputs/experiments/thesis_sm4_benchmark_sm4_v2/default/qbc_deep_ensemble/b8192/ds01/data/SM4/dataset_v1,pruned_after_run,/zhome/14/b/214266/Repos/ml-surrogates-for-power-systems/outputs/experiments/thesis_sm4_benchmark_sm4_v2/default/qbc_deep_ensemble/b8192/ds01/baseline/bs03,completed,/zhome/14/b/214266/Repos/ml-surrogates-for-power-systems/outputs/experiments/thesis_sm4_benchmark_sm4_v2/default/qbc_deep_ensemble/b8192/ds01/baseline/bs03/metrics.json,7372,8192,0.00010356082202633843,0.010176483775171974,/zhome/14/b/214266/Repos/ml-surrogates-for-power-systems/results/benchmark/experiments/thesis_sm4_benchmark_sm4_v2/default/qbc_deep_ensemble/b8192/ds01/dataset_manifest.json
qbc_deep_ensemble_b8192_ds02,/zhome/14/b/214266/Repos/ml-surrogates-for-power-systems/outputs/experiments/thesis_sm4_benchmark_sm4_v2/default/qbc_deep_ensemble/b8192/ds02,qbc_deep_ensemble,b8192,ds02,202,bs01,1101,default,SM4,/zhome/14/b/214266/Repos/ml-surrogates-for-power-systems/outputs/experiments/thesis_sm4_benchmark_sm4_v2/default/qbc_deep_ensemble/b8192/ds02/data/SM4/dataset_v1,pruned_after_run,/zhome/14/b/214266/Repos/ml-surrogates-for-power-systems/outputs/experiments/thesis_sm4_benchmark_sm4_v2/default/qbc_deep_ensemble/b8192/ds02/baseline/bs01,completed,/zhome/14/b/214266/Repos/ml-surrogates-for-power-systems/outputs/experiments/thesis_sm4_benchmark_sm4_v2/default/qbc_deep_ensemble/b8192/ds02/baseline/bs01/metrics.json,7372,8192,0.00010603159898892045,0.010297164609198032,/zhome/14/b/214266/Repos/ml-surrogates-for-power-systems/results/benchmark/experiments/thesis_sm4_benchmark_sm4_v2/default/qbc_deep_ensemble/b8192/ds02/dataset_manifest.json
qbc_deep_ensemble_b8192_ds02,/zhome/14/b/214266/Repos/ml-surrogates-for-power-systems/outputs/experiments/thesis_sm4_benchmark_sm4_v2/default/qbc_deep_ensemble/b8192/ds02,qbc_deep_ensemble,b8192,ds02,202,bs02,2202,default,SM4,/zhome/14/b/214266/Repos/ml-surrogates-for-power-systems/outputs/experiments/thesis_sm4_benchmark_sm4_v2/default/qbc_deep_ensemble/b8192/ds02/data/SM4/dataset_v1,pruned_after_run,/zhome/14/b/214266/Repos/ml-surrogates-for-power-systems/outputs/experiments/thesis_sm4_benchmark_sm4_v2/default/qbc_deep_ensemble/b8192/ds02/baseline/bs02,completed,/zhome/14/b/214266/Repos/ml-surrogates-for-power-systems/outputs/experiments/thesis_sm4_benchmark_sm4_v2/default/qbc_deep_ensemble/b8192/ds02/baseline/bs02/metrics.json,7372,8192,0.00014265268691815436,0.011943730025337744,/zhome/14/b/214266/Repos/ml-surrogates-for-power-systems/results/benchmark/experiments/thesis_sm4_benchmark_sm4_v2/default/qbc_deep_ensemble/b8192/ds02/dataset_manifest.json
qbc_deep_ensemble_b8192_ds02,/zhome/14/b/214266/Repos/ml-surrogates-for-power-systems/outputs/experiments/thesis_sm4_benchmark_sm4_v2/default/qbc_deep_ensemble/b8192/ds02,qbc_deep_ensemble,b8192,ds02,202,bs03,3303,default,SM4,/zhome/14/b/214266/Repos/ml-surrogates-for-power-systems/outputs/experiments/thesis_sm4_benchmark_sm4_v2/default/qbc_deep_ensemble/b8192/ds02/data/SM4/dataset_v1,pruned_after_run,/zhome/14/b/214266/Repos/ml-surrogates-for-power-systems/outputs/experiments/thesis_sm4_benchmark_sm4_v2/default/qbc_deep_ensemble/b8192/ds02/baseline/bs03,completed,/zhome/14/b/214266/Repos/ml-surrogates-for-power-systems/outputs/experiments/thesis_sm4_benchmark_sm4_v2/default/qbc_deep_ensemble/b8192/ds02/baseline/bs03/metrics.json,7372,8192,0.00013263428991194814,0.011516696136998152,/zhome/14/b/214266/Repos/ml-surrogates-for-power-systems/results/benchmark/experiments/thesis_sm4_benchmark_sm4_v2/default/qbc_deep_ensemble/b8192/ds02/dataset_manifest.json
qbc_deep_ensemble_b8192_ds03,/zhome/14/b/214266/Repos/ml-surrogates-for-power-systems/outputs/experiments/thesis_sm4_benchmark_sm4_v2/default/qbc_deep_ensemble/b8192/ds03,qbc_deep_ensemble,b8192,ds03,303,bs01,1101,default,SM4,/zhome/14/b/214266/Repos/ml-surrogates-for-power-systems/outputs/experiments/thesis_sm4_benchmark_sm4_v2/default/qbc_deep_ensemble/b8192/ds03/data/SM4/dataset_v1,pruned_after_run,/zhome/14/b/214266/Repos/ml-surrogates-for-power-systems/outputs/experiments/thesis_sm4_benchmark_sm4_v2/default/qbc_deep_ensemble/b8192/ds03/baseline/bs01,completed,/zhome/14/b/214266/Repos/ml-surrogates-for-power-systems/outputs/experiments/thesis_sm4_benchmark_sm4_v2/default/qbc_deep_ensemble/b8192/ds03/baseline/bs01/metrics.json,7372,8192,0.00010564404510660097,0.010278328906325239,/zhome/14/b/214266/Repos/ml-surrogates-for-power-systems/results/benchmark/experiments/thesis_sm4_benchmark_sm4_v2/default/qbc_deep_ensemble/b8192/ds03/dataset_manifest.json
qbc_deep_ensemble_b8192_ds03,/zhome/14/b/214266/Repos/ml-surrogates-for-power-systems/outputs/experiments/thesis_sm4_benchmark_sm4_v2/default/qbc_deep_ensemble/b8192/ds03,qbc_deep_ensemble,b8192,ds03,303,bs02,2202,default,SM4,/zhome/14/b/214266/Repos/ml-surrogates-for-power-systems/outputs/experiments/thesis_sm4_benchmark_sm4_v2/default/qbc_deep_ensemble/b8192/ds03/data/SM4/dataset_v1,pruned_after_run,/zhome/14/b/214266/Repos/ml-surrogates-for-power-systems/outputs/experiments/thesis_sm4_benchmark_sm4_v2/default/qbc_deep_ensemble/b8192/ds03/baseline/bs02,completed,/zhome/14/b/214266/Repos/ml-surrogates-for-power-systems/outputs/experiments/thesis_sm4_benchmark_sm4_v2/default/qbc_deep_ensemble/b8192/ds03/baseline/bs02/metrics.json,7372,8192,0.00020149204647168517,0.014194789412727657,/zhome/14/b/214266/Repos/ml-surrogates-for-power-systems/results/benchmark/experiments/thesis_sm4_benchmark_sm4_v2/default/qbc_deep_ensemble/b8192/ds03/dataset_manifest.json
qbc_deep_ensemble_b8192_ds03,/zhome/14/b/214266/Repos/ml-surrogates-for-power-systems/outputs/experiments/thesis_sm4_benchmark_sm4_v2/default/qbc_deep_ensemble/b8192/ds03,qbc_deep_ensemble,b8192,ds03,303,bs03,3303,default,SM4,/zhome/14/b/214266/Repos/ml-surrogates-for-power-systems/outputs/experiments/thesis_sm4_benchmark_sm4_v2/default/qbc_deep_ensemble/b8192/ds03/data/SM4/dataset_v1,pruned_after_run,/zhome/14/b/214266/Repos/ml-surrogates-for-power-systems/outputs/experiments/thesis_sm4_benchmark_sm4_v2/default/qbc_deep_ensemble/b8192/ds03/baseline/bs03,completed,/zhome/14/b/214266/Repos/ml-surrogates-for-power-systems/outputs/experiments/thesis_sm4_benchmark_sm4_v2/default/qbc_deep_ensemble/b8192/ds03/baseline/bs03/metrics.json,7372,8192,0.00013510214921552688,0.011623345009743404,/zhome/14/b/214266/Repos/ml-surrogates-for-power-systems/results/benchmark/experiments/thesis_sm4_benchmark_sm4_v2/default/qbc_deep_ensemble/b8192/ds03/dataset_manifest.json
qbc_deep_ensemble_b8192_ds04,/zhome/14/b/214266/Repos/ml-surrogates-for-power-systems/outputs/experiments/thesis_sm4_benchmark_sm4_v2/default/qbc_deep_ensemble/b8192/ds04,qbc_deep_ensemble,b8192,ds04,404,bs01,1101,default,SM4,/zhome/14/b/214266/Repos/ml-surrogates-for-power-systems/outputs/experiments/thesis_sm4_benchmark_sm4_v2/default/qbc_deep_ensemble/b8192/ds04/data/SM4/dataset_v1,pruned_after_run,/zhome/14/b/214266/Repos/ml-surrogates-for-power-systems/outputs/experiments/thesis_sm4_benchmark_sm4_v2/default/qbc_deep_ensemble/b8192/ds04/baseline/bs01,completed,/zhome/14/b/214266/Repos/ml-surrogates-for-power-systems/outputs/experiments/thesis_sm4_benchmark_sm4_v2/default/qbc_deep_ensemble/b8192/ds04/baseline/bs01/metrics.json,7372,8192,0.0001453826407669112,0.012057472403738324,/zhome/14/b/214266/Repos/ml-surrogates-for-power-systems/results/benchmark/experiments/thesis_sm4_benchmark_sm4_v2/default/qbc_deep_ensemble/b8192/ds04/dataset_manifest.json
qbc_deep_ensemble_b8192_ds04,/zhome/14/b/214266/Repos/ml-surrogates-for-power-systems/outputs/experiments/thesis_sm4_benchmark_sm4_v2/default/qbc_deep_ensemble/b8192/ds04,qbc_deep_ensemble,b8192,ds04,404,bs02,2202,default,SM4,/zhome/14/b/214266/Repos/ml-surrogates-for-power-systems/outputs/experiments/thesis_sm4_benchmark_sm4_v2/default/qbc_deep_ensemble/b8192/ds04/data/SM4/dataset_v1,pruned_after_run,/zhome/14/b/214266/Repos/ml-surrogates-for-power-systems/outputs/experiments/thesis_sm4_benchmark_sm4_v2/default/qbc_deep_ensemble/b8192/ds04/baseline/bs02,completed,/zhome/14/b/214266/Repos/ml-surrogates-for-power-systems/outputs/experiments/thesis_sm4_benchmark_sm4_v2/default/qbc_deep_ensemble/b8192/ds04/baseline/bs02/metrics.json,7372,8192,9.268004941986874e-05,0.009627047803967151,/zhome/14/b/214266/Repos/ml-surrogates-for-power-systems/results/benchmark/experiments/thesis_sm4_benchmark_sm4_v2/default/qbc_deep_ensemble/b8192/ds04/dataset_manifest.json
qbc_deep_ensemble_b8192_ds04,/zhome/14/b/214266/Repos/ml-surrogates-for-power-systems/outputs/experiments/thesis_sm4_benchmark_sm4_v2/default/qbc_deep_ensemble/b8192/ds04,qbc_deep_ensemble,b8192,ds04,404,bs03,3303,default,SM4,/zhome/14/b/214266/Repos/ml-surrogates-for-power-systems/outputs/experiments/thesis_sm4_benchmark_sm4_v2/default/qbc_deep_ensemble/b8192/ds04/data/SM4/dataset_v1,pruned_after_run,/zhome/14/b/214266/Repos/ml-surrogates-for-power-systems/outputs/experiments/thesis_sm4_benchmark_sm4_v2/default/qbc_deep_ensemble/b8192/ds04/baseline/bs03,completed,/zhome/14/b/214266/Repos/ml-surrogates-for-power-systems/outputs/experiments/thesis_sm4_benchmark_sm4_v2/default/qbc_deep_ensemble/b8192/ds04/baseline/bs03/metrics.json,7372,8192,0.0001977042993530631,0.014060736088593054,/zhome/14/b/214266/Repos/ml-surrogates-for-power-systems/results/benchmark/experiments/thesis_sm4_benchmark_sm4_v2/default/qbc_deep_ensemble/b8192/ds04/dataset_manifest.json
qbc_deep_ensemble_b8192_ds05,/zhome/14/b/214266/Repos/ml-surrogates-for-power-systems/outputs/experiments/thesis_sm4_benchmark_sm4_v2/default/qbc_deep_ensemble/b8192/ds05,qbc_deep_ensemble,b8192,ds05,505,bs01,1101,default,SM4,/zhome/14/b/214266/Repos/ml-surrogates-for-power-systems/outputs/experiments/thesis_sm4_benchmark_sm4_v2/default/qbc_deep_ensemble/b8192/ds05/data/SM4/dataset_v1,pruned_after_run,/zhome/14/b/214266/Repos/ml-surrogates-for-power-systems/outputs/experiments/thesis_sm4_benchmark_sm4_v2/default/qbc_deep_ensemble/b8192/ds05/baseline/bs01,completed,/zhome/14/b/214266/Repos/ml-surrogates-for-power-systems/outputs/experiments/thesis_sm4_benchmark_sm4_v2/default/qbc_deep_ensemble/b8192/ds05/baseline/bs01/metrics.json,7372,8192,8.668910595588386e-05,0.009310698467670612,/zhome/14/b/214266/Repos/ml-surrogates-for-power-systems/results/benchmark/experiments/thesis_sm4_benchmark_sm4_v2/default/qbc_deep_ensemble/b8192/ds05/dataset_manifest.json
qbc_deep_ensemble_b8192_ds05,/zhome/14/b/214266/Repos/ml-surrogates-for-power-systems/outputs/experiments/thesis_sm4_benchmark_sm4_v2/default/qbc_deep_ensemble/b8192/ds05,qbc_deep_ensemble,b8192,ds05,505,bs02,2202,default,SM4,/zhome/14/b/214266/Repos/ml-surrogates-for-power-systems/outputs/experiments/thesis_sm4_benchmark_sm4_v2/default/qbc_deep_ensemble/b8192/ds05/data/SM4/dataset_v1,pruned_after_run,/zhome/14/b/214266/Repos/ml-surrogates-for-power-systems/outputs/experiments/thesis_sm4_benchmark_sm4_v2/default/qbc_deep_ensemble/b8192/ds05/baseline/bs02,completed,/zhome/14/b/214266/Repos/ml-surrogates-for-power-systems/outputs/experiments/thesis_sm4_benchmark_sm4_v2/default/qbc_deep_ensemble/b8192/ds05/baseline/bs02/metrics.json,7372,8192,0.00010597935761325061,0.010294627609255744,/zhome/14/b/214266/Repos/ml-surrogates-for-power-systems/results/benchmark/experiments/thesis_sm4_benchmark_sm4_v2/default/qbc_deep_ensemble/b8192/ds05/dataset_manifest.json
qbc_deep_ensemble_b8192_ds05,/zhome/14/b/214266/Repos/ml-surrogates-for-power-systems/outputs/experiments/thesis_sm4_benchmark_sm4_v2/default/qbc_deep_ensemble/b8192/ds05,qbc_deep_ensemble,b8192,ds05,505,bs03,3303,default,SM4,/zhome/14/b/214266/Repos/ml-surrogates-for-power-systems/outputs/experiments/thesis_sm4_benchmark_sm4_v2/default/qbc_deep_ensemble/b8192/ds05/data/SM4/dataset_v1,pruned_after_run,/zhome/14/b/214266/Repos/ml-surrogates-for-power-systems/outputs/experiments/thesis_sm4_benchmark_sm4_v2/default/qbc_deep_ensemble/b8192/ds05/baseline/bs03,completed,/zhome/14/b/214266/Repos/ml-surrogates-for-power-systems/outputs/experiments/thesis_sm4_benchmark_sm4_v2/default/qbc_deep_ensemble/b8192/ds05/baseline/bs03/metrics.json,7372,8192,0.0005078356480225921,0.022535209074303973,/zhome/14/b/214266/Repos/ml-surrogates-for-power-systems/results/benchmark/experiments/thesis_sm4_benchmark_sm4_v2/default/qbc_deep_ensemble/b8192/ds05/dataset_manifest.json
qbc_marker_hybrid_b1024_ds01,/zhome/14/b/214266/Repos/ml-surrogates-for-power-systems/outputs/experiments/thesis_sm4_benchmark_sm4_v2/default/qbc_marker_hybrid/b1024/ds01,qbc_marker_hybrid,b1024,ds01,101,bs01,1101,default,SM4,/zhome/14/b/214266/Repos/ml-surrogates-for-power-systems/outputs/experiments/thesis_sm4_benchmark_sm4_v2/default/qbc_marker_hybrid/b1024/ds01/data/SM4/dataset_v1,pruned_after_run,/zhome/14/b/214266/Repos/ml-surrogates-for-power-systems/outputs/experiments/thesis_sm4_benchmark_sm4_v2/default/qbc_marker_hybrid/b1024/ds01/baseline/bs01,completed,/zhome/14/b/214266/Repos/ml-surrogates-for-power-systems/outputs/experiments/thesis_sm4_benchmark_sm4_v2/default/qbc_marker_hybrid/b1024/ds01/baseline/bs01/metrics.json,921,8192,0.0010610020253807306,0.03257302603966556,/zhome/14/b/214266/Repos/ml-surrogates-for-power-systems/results/benchmark/experiments/thesis_sm4_benchmark_sm4_v2/default/qbc_marker_hybrid/b1024/ds01/dataset_manifest.json
qbc_marker_hybrid_b1024_ds01,/zhome/14/b/214266/Repos/ml-surrogates-for-power-systems/outputs/experiments/thesis_sm4_benchmark_sm4_v2/default/qbc_marker_hybrid/b1024/ds01,qbc_marker_hybrid,b1024,ds01,101,bs02,2202,default,SM4,/zhome/14/b/214266/Repos/ml-surrogates-for-power-systems/outputs/experiments/thesis_sm4_benchmark_sm4_v2/default/qbc_marker_hybrid/b1024/ds01/data/SM4/dataset_v1,pruned_after_run,/zhome/14/b/214266/Repos/ml-surrogates-for-power-systems/outputs/experiments/thesis_sm4_benchmark_sm4_v2/default/qbc_marker_hybrid/b1024/ds01/baseline/bs02,completed,/zhome/14/b/214266/Repos/ml-surrogates-for-power-systems/outputs/experiments/thesis_sm4_benchmark_sm4_v2/default/qbc_marker_hybrid/b1024/ds01/baseline/bs02/metrics.json,921,8192,0.0004697364929597825,0.021673405199916843,/zhome/14/b/214266/Repos/ml-surrogates-for-power-systems/results/benchmark/experiments/thesis_sm4_benchmark_sm4_v2/default/qbc_marker_hybrid/b1024/ds01/dataset_manifest.json
qbc_marker_hybrid_b1024_ds01,/zhome/14/b/214266/Repos/ml-surrogates-for-power-systems/outputs/experiments/thesis_sm4_benchmark_sm4_v2/default/qbc_marker_hybrid/b1024/ds01,qbc_marker_hybrid,b1024,ds01,101,bs03,3303,default,SM4,/zhome/14/b/214266/Repos/ml-surrogates-for-power-systems/outputs/experiments/thesis_sm4_benchmark_sm4_v2/default/qbc_marker_hybrid/b1024/ds01/data/SM4/dataset_v1,pruned_after_run,/zhome/14/b/214266/Repos/ml-surrogates-for-power-systems/outputs/experiments/thesis_sm4_benchmark_sm4_v2/default/qbc_marker_hybrid/b1024/ds01/baseline/bs03,completed,/zhome/14/b/214266/Repos/ml-surrogates-for-power-systems/outputs/experiments/thesis_sm4_benchmark_sm4_v2/default/qbc_marker_hybrid/b1024/ds01/baseline/bs03/metrics.json,921,8192,0.000634164025541395,0.025182613556606767,/zhome/14/b/214266/Repos/ml-surrogates-for-power-systems/results/benchmark/experiments/thesis_sm4_benchmark_sm4_v2/default/qbc_marker_hybrid/b1024/ds01/dataset_manifest.json
qbc_marker_hybrid_b1024_ds02,/zhome/14/b/214266/Repos/ml-surrogates-for-power-systems/outputs/experiments/thesis_sm4_benchmark_sm4_v2/default/qbc_marker_hybrid/b1024/ds02,qbc_marker_hybrid,b1024,ds02,202,bs01,1101,default,SM4,/zhome/14/b/214266/Repos/ml-surrogates-for-power-systems/outputs/experiments/thesis_sm4_benchmark_sm4_v2/default/qbc_marker_hybrid/b1024/ds02/data/SM4/dataset_v1,pruned_after_run,/zhome/14/b/214266/Repos/ml-surrogates-for-power-systems/outputs/experiments/thesis_sm4_benchmark_sm4_v2/default/qbc_marker_hybrid/b1024/ds02/baseline/bs01,completed,/zhome/14/b/214266/Repos/ml-surrogates-for-power-systems/outputs/experiments/thesis_sm4_benchmark_sm4_v2/default/qbc_marker_hybrid/b1024/ds02/baseline/bs01/metrics.json,921,8192,0.0010408711386844516,0.03226253459795823,/zhome/14/b/214266/Repos/ml-surrogates-for-power-systems/results/benchmark/experiments/thesis_sm4_benchmark_sm4_v2/default/qbc_marker_hybrid/b1024/ds02/dataset_manifest.json
qbc_marker_hybrid_b1024_ds02,/zhome/14/b/214266/Repos/ml-surrogates-for-power-systems/outputs/experiments/thesis_sm4_benchmark_sm4_v2/default/qbc_marker_hybrid/b1024/ds02,qbc_marker_hybrid,b1024,ds02,202,bs02,2202,default,SM4,/zhome/14/b/214266/Repos/ml-surrogates-for-power-systems/outputs/experiments/thesis_sm4_benchmark_sm4_v2/default/qbc_marker_hybrid/b1024/ds02/data/SM4/dataset_v1,pruned_after_run,/zhome/14/b/214266/Repos/ml-surrogates-for-power-systems/outputs/experiments/thesis_sm4_benchmark_sm4_v2/default/qbc_marker_hybrid/b1024/ds02/baseline/bs02,completed,/zhome/14/b/214266/Repos/ml-surrogates-for-power-systems/outputs/experiments/thesis_sm4_benchmark_sm4_v2/default/qbc_marker_hybrid/b1024/ds02/baseline/bs02/metrics.json,921,8192,0.0005573555827140808,0.023608379502076816,/zhome/14/b/214266/Repos/ml-surrogates-for-power-systems/results/benchmark/experiments/thesis_sm4_benchmark_sm4_v2/default/qbc_marker_hybrid/b1024/ds02/dataset_manifest.json
qbc_marker_hybrid_b1024_ds02,/zhome/14/b/214266/Repos/ml-surrogates-for-power-systems/outputs/experiments/thesis_sm4_benchmark_sm4_v2/default/qbc_marker_hybrid/b1024/ds02,qbc_marker_hybrid,b1024,ds02,202,bs03,3303,default,SM4,/zhome/14/b/214266/Repos/ml-surrogates-for-power-systems/outputs/experiments/thesis_sm4_benchmark_sm4_v2/default/qbc_marker_hybrid/b1024/ds02/data/SM4/dataset_v1,pruned_after_run,/zhome/14/b/214266/Repos/ml-surrogates-for-power-systems/outputs/experiments/thesis_sm4_benchmark_sm4_v2/default/qbc_marker_hybrid/b1024/ds02/baseline/bs03,completed,/zhome/14/b/214266/Repos/ml-surrogates-for-power-systems/outputs/experiments/thesis_sm4_benchmark_sm4_v2/default/qbc_marker_hybrid/b1024/ds02/baseline/bs03/metrics.json,921,8192,0.00046461689635179937,0.021554973819325307,/zhome/14/b/214266/Repos/ml-surrogates-for-power-systems/results/benchmark/experiments/thesis_sm4_benchmark_sm4_v2/default/qbc_marker_hybrid/b1024/ds02/dataset_manifest.json
qbc_marker_hybrid_b1024_ds03,/zhome/14/b/214266/Repos/ml-surrogates-for-power-systems/outputs/experiments/thesis_sm4_benchmark_sm4_v2/default/qbc_marker_hybrid/b1024/ds03,qbc_marker_hybrid,b1024,ds03,303,bs01,1101,default,SM4,/zhome/14/b/214266/Repos/ml-surrogates-for-power-systems/outputs/experiments/thesis_sm4_benchmark_sm4_v2/default/qbc_marker_hybrid/b1024/ds03/data/SM4/dataset_v1,pruned_after_run,/zhome/14/b/214266/Repos/ml-surrogates-for-power-systems/outputs/experiments/thesis_sm4_benchmark_sm4_v2/default/qbc_marker_hybrid/b1024/ds03/baseline/bs01,completed,/zhome/14/b/214266/Repos/ml-surrogates-for-power-systems/outputs/experiments/thesis_sm4_benchmark_sm4_v2/default/qbc_marker_hybrid/b1024/ds03/baseline/bs01/metrics.json,921,8192,0.0005867122672498226,0.02422214415054585,/zhome/14/b/214266/Repos/ml-surrogates-for-power-systems/results/benchmark/experiments/thesis_sm4_benchmark_sm4_v2/default/qbc_marker_hybrid/b1024/ds03/dataset_manifest.json
qbc_marker_hybrid_b1024_ds03,/zhome/14/b/214266/Repos/ml-surrogates-for-power-systems/outputs/experiments/thesis_sm4_benchmark_sm4_v2/default/qbc_marker_hybrid/b1024/ds03,qbc_marker_hybrid,b1024,ds03,303,bs02,2202,default,SM4,/zhome/14/b/214266/Repos/ml-surrogates-for-power-systems/outputs/experiments/thesis_sm4_benchmark_sm4_v2/default/qbc_marker_hybrid/b1024/ds03/data/SM4/dataset_v1,pruned_after_run,/zhome/14/b/214266/Repos/ml-surrogates-for-power-systems/outputs/experiments/thesis_sm4_benchmark_sm4_v2/default/qbc_marker_hybrid/b1024/ds03/baseline/bs02,completed,/zhome/14/b/214266/Repos/ml-surrogates-for-power-systems/outputs/experiments/thesis_sm4_benchmark_sm4_v2/default/qbc_marker_hybrid/b1024/ds03/baseline/bs02/metrics.json,921,8192,0.0008392565650865436,0.028969925182619018,/zhome/14/b/214266/Repos/ml-surrogates-for-power-systems/results/benchmark/experiments/thesis_sm4_benchmark_sm4_v2/default/qbc_marker_hybrid/b1024/ds03/dataset_manifest.json
qbc_marker_hybrid_b1024_ds03,/zhome/14/b/214266/Repos/ml-surrogates-for-power-systems/outputs/experiments/thesis_sm4_benchmark_sm4_v2/default/qbc_marker_hybrid/b1024/ds03,qbc_marker_hybrid,b1024,ds03,303,bs03,3303,default,SM4,/zhome/14/b/214266/Repos/ml-surrogates-for-power-systems/outputs/experiments/thesis_sm4_benchmark_sm4_v2/default/qbc_marker_hybrid/b1024/ds03/data/SM4/dataset_v1,pruned_after_run,/zhome/14/b/214266/Repos/ml-surrogates-for-power-systems/outputs/experiments/thesis_sm4_benchmark_sm4_v2/default/qbc_marker_hybrid/b1024/ds03/baseline/bs03,completed,/zhome/14/b/214266/Repos/ml-surrogates-for-power-systems/outputs/experiments/thesis_sm4_benchmark_sm4_v2/default/qbc_marker_hybrid/b1024/ds03/baseline/bs03/metrics.json,921,8192,0.0007230454357340932,0.026889504192790414,/zhome/14/b/214266/Repos/ml-surrogates-for-power-systems/results/benchmark/experiments/thesis_sm4_benchmark_sm4_v2/default/qbc_marker_hybrid/b1024/ds03/dataset_manifest.json
qbc_marker_hybrid_b1024_ds04,/zhome/14/b/214266/Repos/ml-surrogates-for-power-systems/outputs/experiments/thesis_sm4_benchmark_sm4_v2/default/qbc_marker_hybrid/b1024/ds04,qbc_marker_hybrid,b1024,ds04,404,bs01,1101,default,SM4,/zhome/14/b/214266/Repos/ml-surrogates-for-power-systems/outputs/experiments/thesis_sm4_benchmark_sm4_v2/default/qbc_marker_hybrid/b1024/ds04/data/SM4/dataset_v1,pruned_after_run,/zhome/14/b/214266/Repos/ml-surrogates-for-power-systems/outputs/experiments/thesis_sm4_benchmark_sm4_v2/default/qbc_marker_hybrid/b1024/ds04/baseline/bs01,completed,/zhome/14/b/214266/Repos/ml-surrogates-for-power-systems/outputs/experiments/thesis_sm4_benchmark_sm4_v2/default/qbc_marker_hybrid/b1024/ds04/baseline/bs01/metrics.json,921,8192,0.0009255791665054858,0.030423332600250843,/zhome/14/b/214266/Repos/ml-surrogates-for-power-systems/results/benchmark/experiments/thesis_sm4_benchmark_sm4_v2/default/qbc_marker_hybrid/b1024/ds04/dataset_manifest.json
qbc_marker_hybrid_b1024_ds04,/zhome/14/b/214266/Repos/ml-surrogates-for-power-systems/outputs/experiments/thesis_sm4_benchmark_sm4_v2/default/qbc_marker_hybrid/b1024/ds04,qbc_marker_hybrid,b1024,ds04,404,bs02,2202,default,SM4,/zhome/14/b/214266/Repos/ml-surrogates-for-power-systems/outputs/experiments/thesis_sm4_benchmark_sm4_v2/default/qbc_marker_hybrid/b1024/ds04/data/SM4/dataset_v1,pruned_after_run,/zhome/14/b/214266/Repos/ml-surrogates-for-power-systems/outputs/experiments/thesis_sm4_benchmark_sm4_v2/default/qbc_marker_hybrid/b1024/ds04/baseline/bs02,completed,/zhome/14/b/214266/Repos/ml-surrogates-for-power-systems/outputs/experiments/thesis_sm4_benchmark_sm4_v2/default/qbc_marker_hybrid/b1024/ds04/baseline/bs02/metrics.json,921,8192,0.0008357318583875895,0.028909027281933744,/zhome/14/b/214266/Repos/ml-surrogates-for-power-systems/results/benchmark/experiments/thesis_sm4_benchmark_sm4_v2/default/qbc_marker_hybrid/b1024/ds04/dataset_manifest.json
qbc_marker_hybrid_b1024_ds04,/zhome/14/b/214266/Repos/ml-surrogates-for-power-systems/outputs/experiments/thesis_sm4_benchmark_sm4_v2/default/qbc_marker_hybrid/b1024/ds04,qbc_marker_hybrid,b1024,ds04,404,bs03,3303,default,SM4,/zhome/14/b/214266/Repos/ml-surrogates-for-power-systems/outputs/experiments/thesis_sm4_benchmark_sm4_v2/default/qbc_marker_hybrid/b1024/ds04/data/SM4/dataset_v1,pruned_after_run,/zhome/14/b/214266/Repos/ml-surrogates-for-power-systems/outputs/experiments/thesis_sm4_benchmark_sm4_v2/default/qbc_marker_hybrid/b1024/ds04/baseline/bs03,completed,/zhome/14/b/214266/Repos/ml-surrogates-for-power-systems/outputs/experiments/thesis_sm4_benchmark_sm4_v2/default/qbc_marker_hybrid/b1024/ds04/baseline/bs03/metrics.json,921,8192,0.0007729929056949914,0.027802749966415036,/zhome/14/b/214266/Repos/ml-surrogates-for-power-systems/results/benchmark/experiments/thesis_sm4_benchmark_sm4_v2/default/qbc_marker_hybrid/b1024/ds04/dataset_manifest.json
qbc_marker_hybrid_b1024_ds05,/zhome/14/b/214266/Repos/ml-surrogates-for-power-systems/outputs/experiments/thesis_sm4_benchmark_sm4_v2/default/qbc_marker_hybrid/b1024/ds05,qbc_marker_hybrid,b1024,ds05,505,bs01,1101,default,SM4,/zhome/14/b/214266/Repos/ml-surrogates-for-power-systems/outputs/experiments/thesis_sm4_benchmark_sm4_v2/default/qbc_marker_hybrid/b1024/ds05/data/SM4/dataset_v1,pruned_after_run,/zhome/14/b/214266/Repos/ml-surrogates-for-power-systems/outputs/experiments/thesis_sm4_benchmark_sm4_v2/default/qbc_marker_hybrid/b1024/ds05/baseline/bs01,completed,/zhome/14/b/214266/Repos/ml-surrogates-for-power-systems/outputs/experiments/thesis_sm4_benchmark_sm4_v2/default/qbc_marker_hybrid/b1024/ds05/baseline/bs01/metrics.json,921,8192,0.0004909450653940439,0.022157280189455654,/zhome/14/b/214266/Repos/ml-surrogates-for-power-systems/results/benchmark/experiments/thesis_sm4_benchmark_sm4_v2/default/qbc_marker_hybrid/b1024/ds05/dataset_manifest.json
qbc_marker_hybrid_b1024_ds05,/zhome/14/b/214266/Repos/ml-surrogates-for-power-systems/outputs/experiments/thesis_sm4_benchmark_sm4_v2/default/qbc_marker_hybrid/b1024/ds05,qbc_marker_hybrid,b1024,ds05,505,bs02,2202,default,SM4,/zhome/14/b/214266/Repos/ml-surrogates-for-power-systems/outputs/experiments/thesis_sm4_benchmark_sm4_v2/default/qbc_marker_hybrid/b1024/ds05/data/SM4/dataset_v1,pruned_after_run,/zhome/14/b/214266/Repos/ml-surrogates-for-power-systems/outputs/experiments/thesis_sm4_benchmark_sm4_v2/default/qbc_marker_hybrid/b1024/ds05/baseline/bs02,completed,/zhome/14/b/214266/Repos/ml-surrogates-for-power-systems/outputs/experiments/thesis_sm4_benchmark_sm4_v2/default/qbc_marker_hybrid/b1024/ds05/baseline/bs02/metrics.json,921,8192,0.0005709227989427745,0.023893990854245647,/zhome/14/b/214266/Repos/ml-surrogates-for-power-systems/results/benchmark/experiments/thesis_sm4_benchmark_sm4_v2/default/qbc_marker_hybrid/b1024/ds05/dataset_manifest.json
qbc_marker_hybrid_b1024_ds05,/zhome/14/b/214266/Repos/ml-surrogates-for-power-systems/outputs/experiments/thesis_sm4_benchmark_sm4_v2/default/qbc_marker_hybrid/b1024/ds05,qbc_marker_hybrid,b1024,ds05,505,bs03,3303,default,SM4,/zhome/14/b/214266/Repos/ml-surrogates-for-power-systems/outputs/experiments/thesis_sm4_benchmark_sm4_v2/default/qbc_marker_hybrid/b1024/ds05/data/SM4/dataset_v1,pruned_after_run,/zhome/14/b/214266/Repos/ml-surrogates-for-power-systems/outputs/experiments/thesis_sm4_benchmark_sm4_v2/default/qbc_marker_hybrid/b1024/ds05/baseline/bs03,completed,/zhome/14/b/214266/Repos/ml-surrogates-for-power-systems/outputs/experiments/thesis_sm4_benchmark_sm4_v2/default/qbc_marker_hybrid/b1024/ds05/baseline/bs03/metrics.json,921,8192,0.0012667643604800105,0.035591633293233546,/zhome/14/b/214266/Repos/ml-surrogates-for-power-systems/results/benchmark/experiments/thesis_sm4_benchmark_sm4_v2/default/qbc_marker_hybrid/b1024/ds05/dataset_manifest.json
qbc_marker_hybrid_b4096_ds01,/zhome/14/b/214266/Repos/ml-surrogates-for-power-systems/outputs/experiments/thesis_sm4_benchmark_sm4_v2/default/qbc_marker_hybrid/b4096/ds01,qbc_marker_hybrid,b4096,ds01,101,bs01,1101,default,SM4,/zhome/14/b/214266/Repos/ml-surrogates-for-power-systems/outputs/experiments/thesis_sm4_benchmark_sm4_v2/default/qbc_marker_hybrid/b4096/ds01/data/SM4/dataset_v1,pruned_after_run,/zhome/14/b/214266/Repos/ml-surrogates-for-power-systems/outputs/experiments/thesis_sm4_benchmark_sm4_v2/default/qbc_marker_hybrid/b4096/ds01/baseline/bs01,completed,/zhome/14/b/214266/Repos/ml-surrogates-for-power-systems/outputs/experiments/thesis_sm4_benchmark_sm4_v2/default/qbc_marker_hybrid/b4096/ds01/baseline/bs01/metrics.json,3686,8192,0.00036079311394132674,0.01899455484978068,/zhome/14/b/214266/Repos/ml-surrogates-for-power-systems/results/benchmark/experiments/thesis_sm4_benchmark_sm4_v2/default/qbc_marker_hybrid/b4096/ds01/dataset_manifest.json
qbc_marker_hybrid_b4096_ds01,/zhome/14/b/214266/Repos/ml-surrogates-for-power-systems/outputs/experiments/thesis_sm4_benchmark_sm4_v2/default/qbc_marker_hybrid/b4096/ds01,qbc_marker_hybrid,b4096,ds01,101,bs02,2202,default,SM4,/zhome/14/b/214266/Repos/ml-surrogates-for-power-systems/outputs/experiments/thesis_sm4_benchmark_sm4_v2/default/qbc_marker_hybrid/b4096/ds01/data/SM4/dataset_v1,pruned_after_run,/zhome/14/b/214266/Repos/ml-surrogates-for-power-systems/outputs/experiments/thesis_sm4_benchmark_sm4_v2/default/qbc_marker_hybrid/b4096/ds01/baseline/bs02,completed,/zhome/14/b/214266/Repos/ml-surrogates-for-power-systems/outputs/experiments/thesis_sm4_benchmark_sm4_v2/default/qbc_marker_hybrid/b4096/ds01/baseline/bs02/metrics.json,3686,8192,0.0003167096001561731,0.01779633670608008,/zhome/14/b/214266/Repos/ml-surrogates-for-power-systems/results/benchmark/experiments/thesis_sm4_benchmark_sm4_v2/default/qbc_marker_hybrid/b4096/ds01/dataset_manifest.json
qbc_marker_hybrid_b4096_ds01,/zhome/14/b/214266/Repos/ml-surrogates-for-power-systems/outputs/experiments/thesis_sm4_benchmark_sm4_v2/default/qbc_marker_hybrid/b4096/ds01,qbc_marker_hybrid,b4096,ds01,101,bs03,3303,default,SM4,/zhome/14/b/214266/Repos/ml-surrogates-for-power-systems/outputs/experiments/thesis_sm4_benchmark_sm4_v2/default/qbc_marker_hybrid/b4096/ds01/data/SM4/dataset_v1,pruned_after_run,/zhome/14/b/214266/Repos/ml-surrogates-for-power-systems/outputs/experiments/thesis_sm4_benchmark_sm4_v2/default/qbc_marker_hybrid/b4096/ds01/baseline/bs03,completed,/zhome/14/b/214266/Repos/ml-surrogates-for-power-systems/outputs/experiments/thesis_sm4_benchmark_sm4_v2/default/qbc_marker_hybrid/b4096/ds01/baseline/bs03/metrics.json,3686,8192,0.0002445105346851051,0.015636832629567443,/zhome/14/b/214266/Repos/ml-surrogates-for-power-systems/results/benchmark/experiments/thesis_sm4_benchmark_sm4_v2/default/qbc_marker_hybrid/b4096/ds01/dataset_manifest.json
qbc_marker_hybrid_b4096_ds02,/zhome/14/b/214266/Repos/ml-surrogates-for-power-systems/outputs/experiments/thesis_sm4_benchmark_sm4_v2/default/qbc_marker_hybrid/b4096/ds02,qbc_marker_hybrid,b4096,ds02,202,bs01,1101,default,SM4,/zhome/14/b/214266/Repos/ml-surrogates-for-power-systems/outputs/experiments/thesis_sm4_benchmark_sm4_v2/default/qbc_marker_hybrid/b4096/ds02/data/SM4/dataset_v1,pruned_after_run,/zhome/14/b/214266/Repos/ml-surrogates-for-power-systems/outputs/experiments/thesis_sm4_benchmark_sm4_v2/default/qbc_marker_hybrid/b4096/ds02/baseline/bs01,completed,/zhome/14/b/214266/Repos/ml-surrogates-for-power-systems/outputs/experiments/thesis_sm4_benchmark_sm4_v2/default/qbc_marker_hybrid/b4096/ds02/baseline/bs01/metrics.json,3686,8192,0.0005058369715698063,0.022490819717604922,/zhome/14/b/214266/Repos/ml-surrogates-for-power-systems/results/benchmark/experiments/thesis_sm4_benchmark_sm4_v2/default/qbc_marker_hybrid/b4096/ds02/dataset_manifest.json
qbc_marker_hybrid_b4096_ds02,/zhome/14/b/214266/Repos/ml-surrogates-for-power-systems/outputs/experiments/thesis_sm4_benchmark_sm4_v2/default/qbc_marker_hybrid/b4096/ds02,qbc_marker_hybrid,b4096,ds02,202,bs02,2202,default,SM4,/zhome/14/b/214266/Repos/ml-surrogates-for-power-systems/outputs/experiments/thesis_sm4_benchmark_sm4_v2/default/qbc_marker_hybrid/b4096/ds02/data/SM4/dataset_v1,pruned_after_run,/zhome/14/b/214266/Repos/ml-surrogates-for-power-systems/outputs/experiments/thesis_sm4_benchmark_sm4_v2/default/qbc_marker_hybrid/b4096/ds02/baseline/bs02,completed,/zhome/14/b/214266/Repos/ml-surrogates-for-power-systems/outputs/experiments/thesis_sm4_benchmark_sm4_v2/default/qbc_marker_hybrid/b4096/ds02/baseline/bs02/metrics.json,3686,8192,0.00010823425691341981,0.010403569431374013,/zhome/14/b/214266/Repos/ml-surrogates-for-power-systems/results/benchmark/experiments/thesis_sm4_benchmark_sm4_v2/default/qbc_marker_hybrid/b4096/ds02/dataset_manifest.json
qbc_marker_hybrid_b4096_ds02,/zhome/14/b/214266/Repos/ml-surrogates-for-power-systems/outputs/experiments/thesis_sm4_benchmark_sm4_v2/default/qbc_marker_hybrid/b4096/ds02,qbc_marker_hybrid,b4096,ds02,202,bs03,3303,default,SM4,/zhome/14/b/214266/Repos/ml-surrogates-for-power-systems/outputs/experiments/thesis_sm4_benchmark_sm4_v2/default/qbc_marker_hybrid/b4096/ds02/data/SM4/dataset_v1,pruned_after_run,/zhome/14/b/214266/Repos/ml-surrogates-for-power-systems/outputs/experiments/thesis_sm4_benchmark_sm4_v2/default/qbc_marker_hybrid/b4096/ds02/baseline/bs03,completed,/zhome/14/b/214266/Repos/ml-surrogates-for-power-systems/outputs/experiments/thesis_sm4_benchmark_sm4_v2/default/qbc_marker_hybrid/b4096/ds02/baseline/bs03/metrics.json,3686,8192,0.00012993367272429168,0.011398845236439158,/zhome/14/b/214266/Repos/ml-surrogates-for-power-systems/results/benchmark/experiments/thesis_sm4_benchmark_sm4_v2/default/qbc_marker_hybrid/b4096/ds02/dataset_manifest.json
qbc_marker_hybrid_b4096_ds03,/zhome/14/b/214266/Repos/ml-surrogates-for-power-systems/outputs/experiments/thesis_sm4_benchmark_sm4_v2/default/qbc_marker_hybrid/b4096/ds03,qbc_marker_hybrid,b4096,ds03,303,bs01,1101,default,SM4,/zhome/14/b/214266/Repos/ml-surrogates-for-power-systems/outputs/experiments/thesis_sm4_benchmark_sm4_v2/default/qbc_marker_hybrid/b4096/ds03/data/SM4/dataset_v1,pruned_after_run,/zhome/14/b/214266/Repos/ml-surrogates-for-power-systems/outputs/experiments/thesis_sm4_benchmark_sm4_v2/default/qbc_marker_hybrid/b4096/ds03/baseline/bs01,completed,/zhome/14/b/214266/Repos/ml-surrogates-for-power-systems/outputs/experiments/thesis_sm4_benchmark_sm4_v2/default/qbc_marker_hybrid/b4096/ds03/baseline/bs01/metrics.json,3686,8192,0.00016665637667756528,0.012909545951642346,/zhome/14/b/214266/Repos/ml-surrogates-for-power-systems/results/benchmark/experiments/thesis_sm4_benchmark_sm4_v2/default/qbc_marker_hybrid/b4096/ds03/dataset_manifest.json
qbc_marker_hybrid_b4096_ds03,/zhome/14/b/214266/Repos/ml-surrogates-for-power-systems/outputs/experiments/thesis_sm4_benchmark_sm4_v2/default/qbc_marker_hybrid/b4096/ds03,qbc_marker_hybrid,b4096,ds03,303,bs02,2202,default,SM4,/zhome/14/b/214266/Repos/ml-surrogates-for-power-systems/outputs/experiments/thesis_sm4_benchmark_sm4_v2/default/qbc_marker_hybrid/b4096/ds03/data/SM4/dataset_v1,pruned_after_run,/zhome/14/b/214266/Repos/ml-surrogates-for-power-systems/outputs/experiments/thesis_sm4_benchmark_sm4_v2/default/qbc_marker_hybrid/b4096/ds03/baseline/bs02,completed,/zhome/14/b/214266/Repos/ml-surrogates-for-power-systems/outputs/experiments/thesis_sm4_benchmark_sm4_v2/default/qbc_marker_hybrid/b4096/ds03/baseline/bs02/metrics.json,3686,8192,0.0001689563796389848,0.012998322185535515,/zhome/14/b/214266/Repos/ml-surrogates-for-power-systems/results/benchmark/experiments/thesis_sm4_benchmark_sm4_v2/default/qbc_marker_hybrid/b4096/ds03/dataset_manifest.json
qbc_marker_hybrid_b4096_ds03,/zhome/14/b/214266/Repos/ml-surrogates-for-power-systems/outputs/experiments/thesis_sm4_benchmark_sm4_v2/default/qbc_marker_hybrid/b4096/ds03,qbc_marker_hybrid,b4096,ds03,303,bs03,3303,default,SM4,/zhome/14/b/214266/Repos/ml-surrogates-for-power-systems/outputs/experiments/thesis_sm4_benchmark_sm4_v2/default/qbc_marker_hybrid/b4096/ds03/data/SM4/dataset_v1,pruned_after_run,/zhome/14/b/214266/Repos/ml-surrogates-for-power-systems/outputs/experiments/thesis_sm4_benchmark_sm4_v2/default/qbc_marker_hybrid/b4096/ds03/baseline/bs03,completed,/zhome/14/b/214266/Repos/ml-surrogates-for-power-systems/outputs/experiments/thesis_sm4_benchmark_sm4_v2/default/qbc_marker_hybrid/b4096/ds03/baseline/bs03/metrics.json,3686,8192,0.0003371014609001577,0.018360323006422236,/zhome/14/b/214266/Repos/ml-surrogates-for-power-systems/results/benchmark/experiments/thesis_sm4_benchmark_sm4_v2/default/qbc_marker_hybrid/b4096/ds03/dataset_manifest.json
qbc_marker_hybrid_b4096_ds04,/zhome/14/b/214266/Repos/ml-surrogates-for-power-systems/outputs/experiments/thesis_sm4_benchmark_sm4_v2/default/qbc_marker_hybrid/b4096/ds04,qbc_marker_hybrid,b4096,ds04,404,bs01,1101,default,SM4,/zhome/14/b/214266/Repos/ml-surrogates-for-power-systems/outputs/experiments/thesis_sm4_benchmark_sm4_v2/default/qbc_marker_hybrid/b4096/ds04/data/SM4/dataset_v1,pruned_after_run,/zhome/14/b/214266/Repos/ml-surrogates-for-power-systems/outputs/experiments/thesis_sm4_benchmark_sm4_v2/default/qbc_marker_hybrid/b4096/ds04/baseline/bs01,completed,/zhome/14/b/214266/Repos/ml-surrogates-for-power-systems/outputs/experiments/thesis_sm4_benchmark_sm4_v2/default/qbc_marker_hybrid/b4096/ds04/baseline/bs01/metrics.json,3686,8192,0.00011933744826819748,0.01092416808128644,/zhome/14/b/214266/Repos/ml-surrogates-for-power-systems/results/benchmark/experiments/thesis_sm4_benchmark_sm4_v2/default/qbc_marker_hybrid/b4096/ds04/dataset_manifest.json
qbc_marker_hybrid_b4096_ds04,/zhome/14/b/214266/Repos/ml-surrogates-for-power-systems/outputs/experiments/thesis_sm4_benchmark_sm4_v2/default/qbc_marker_hybrid/b4096/ds04,qbc_marker_hybrid,b4096,ds04,404,bs02,2202,default,SM4,/zhome/14/b/214266/Repos/ml-surrogates-for-power-systems/outputs/experiments/thesis_sm4_benchmark_sm4_v2/default/qbc_marker_hybrid/b4096/ds04/data/SM4/dataset_v1,pruned_after_run,/zhome/14/b/214266/Repos/ml-surrogates-for-power-systems/outputs/experiments/thesis_sm4_benchmark_sm4_v2/default/qbc_marker_hybrid/b4096/ds04/baseline/bs02,completed,/zhome/14/b/214266/Repos/ml-surrogates-for-power-systems/outputs/experiments/thesis_sm4_benchmark_sm4_v2/default/qbc_marker_hybrid/b4096/ds04/baseline/bs02/metrics.json,3686,8192,0.00034361949656158686,0.018536976467633196,/zhome/14/b/214266/Repos/ml-surrogates-for-power-systems/results/benchmark/experiments/thesis_sm4_benchmark_sm4_v2/default/qbc_marker_hybrid/b4096/ds04/dataset_manifest.json
qbc_marker_hybrid_b4096_ds04,/zhome/14/b/214266/Repos/ml-surrogates-for-power-systems/outputs/experiments/thesis_sm4_benchmark_sm4_v2/default/qbc_marker_hybrid/b4096/ds04,qbc_marker_hybrid,b4096,ds04,404,bs03,3303,default,SM4,/zhome/14/b/214266/Repos/ml-surrogates-for-power-systems/outputs/experiments/thesis_sm4_benchmark_sm4_v2/default/qbc_marker_hybrid/b4096/ds04/data/SM4/dataset_v1,pruned_after_run,/zhome/14/b/214266/Repos/ml-surrogates-for-power-systems/outputs/experiments/thesis_sm4_benchmark_sm4_v2/default/qbc_marker_hybrid/b4096/ds04/baseline/bs03,completed,/zhome/14/b/214266/Repos/ml-surrogates-for-power-systems/outputs/experiments/thesis_sm4_benchmark_sm4_v2/default/qbc_marker_hybrid/b4096/ds04/baseline/bs03/metrics.json,3686,8192,0.0006164894439280033,0.024829205463083256,/zhome/14/b/214266/Repos/ml-surrogates-for-power-systems/results/benchmark/experiments/thesis_sm4_benchmark_sm4_v2/default/qbc_marker_hybrid/b4096/ds04/dataset_manifest.json
qbc_marker_hybrid_b4096_ds05,/zhome/14/b/214266/Repos/ml-surrogates-for-power-systems/outputs/experiments/thesis_sm4_benchmark_sm4_v2/default/qbc_marker_hybrid/b4096/ds05,qbc_marker_hybrid,b4096,ds05,505,bs01,1101,default,SM4,/zhome/14/b/214266/Repos/ml-surrogates-for-power-systems/outputs/experiments/thesis_sm4_benchmark_sm4_v2/default/qbc_marker_hybrid/b4096/ds05/data/SM4/dataset_v1,pruned_after_run,/zhome/14/b/214266/Repos/ml-surrogates-for-power-systems/outputs/experiments/thesis_sm4_benchmark_sm4_v2/default/qbc_marker_hybrid/b4096/ds05/baseline/bs01,completed,/zhome/14/b/214266/Repos/ml-surrogates-for-power-systems/outputs/experiments/thesis_sm4_benchmark_sm4_v2/default/qbc_marker_hybrid/b4096/ds05/baseline/bs01/metrics.json,3686,8192,0.0002707720559556037,0.01645515286940853,/zhome/14/b/214266/Repos/ml-surrogates-for-power-systems/results/benchmark/experiments/thesis_sm4_benchmark_sm4_v2/default/qbc_marker_hybrid/b4096/ds05/dataset_manifest.json
qbc_marker_hybrid_b4096_ds05,/zhome/14/b/214266/Repos/ml-surrogates-for-power-systems/outputs/experiments/thesis_sm4_benchmark_sm4_v2/default/qbc_marker_hybrid/b4096/ds05,qbc_marker_hybrid,b4096,ds05,505,bs02,2202,default,SM4,/zhome/14/b/214266/Repos/ml-surrogates-for-power-systems/outputs/experiments/thesis_sm4_benchmark_sm4_v2/default/qbc_marker_hybrid/b4096/ds05/data/SM4/dataset_v1,pruned_after_run,/zhome/14/b/214266/Repos/ml-surrogates-for-power-systems/outputs/experiments/thesis_sm4_benchmark_sm4_v2/default/qbc_marker_hybrid/b4096/ds05/baseline/bs02,completed,/zhome/14/b/214266/Repos/ml-surrogates-for-power-systems/outputs/experiments/thesis_sm4_benchmark_sm4_v2/default/qbc_marker_hybrid/b4096/ds05/baseline/bs02/metrics.json,3686,8192,0.00022743218869436532,0.015080855038570104,/zhome/14/b/214266/Repos/ml-surrogates-for-power-systems/results/benchmark/experiments/thesis_sm4_benchmark_sm4_v2/default/qbc_marker_hybrid/b4096/ds05/dataset_manifest.json
qbc_marker_hybrid_b4096_ds05,/zhome/14/b/214266/Repos/ml-surrogates-for-power-systems/outputs/experiments/thesis_sm4_benchmark_sm4_v2/default/qbc_marker_hybrid/b4096/ds05,qbc_marker_hybrid,b4096,ds05,505,bs03,3303,default,SM4,/zhome/14/b/214266/Repos/ml-surrogates-for-power-systems/outputs/experiments/thesis_sm4_benchmark_sm4_v2/default/qbc_marker_hybrid/b4096/ds05/data/SM4/dataset_v1,pruned_after_run,/zhome/14/b/214266/Repos/ml-surrogates-for-power-systems/outputs/experiments/thesis_sm4_benchmark_sm4_v2/default/qbc_marker_hybrid/b4096/ds05/baseline/bs03,completed,/zhome/14/b/214266/Repos/ml-surrogates-for-power-systems/outputs/experiments/thesis_sm4_benchmark_sm4_v2/default/qbc_marker_hybrid/b4096/ds05/baseline/bs03/metrics.json,3686,8192,0.00038961024256423116,0.019738547123945856,/zhome/14/b/214266/Repos/ml-surrogates-for-power-systems/results/benchmark/experiments/thesis_sm4_benchmark_sm4_v2/default/qbc_marker_hybrid/b4096/ds05/dataset_manifest.json
qbc_marker_hybrid_b8192_ds01,/zhome/14/b/214266/Repos/ml-surrogates-for-power-systems/outputs/experiments/thesis_sm4_benchmark_sm4_v2/default/qbc_marker_hybrid/b8192/ds01,qbc_marker_hybrid,b8192,ds01,101,bs01,1101,default,SM4,/zhome/14/b/214266/Repos/ml-surrogates-for-power-systems/outputs/experiments/thesis_sm4_benchmark_sm4_v2/default/qbc_marker_hybrid/b8192/ds01/data/SM4/dataset_v1,pruned_after_run,/zhome/14/b/214266/Repos/ml-surrogates-for-power-systems/outputs/experiments/thesis_sm4_benchmark_sm4_v2/default/qbc_marker_hybrid/b8192/ds01/baseline/bs01,completed,/zhome/14/b/214266/Repos/ml-surrogates-for-power-systems/outputs/experiments/thesis_sm4_benchmark_sm4_v2/default/qbc_marker_hybrid/b8192/ds01/baseline/bs01/metrics.json,7372,8192,0.00012087483628420159,0.010994309268171493,/zhome/14/b/214266/Repos/ml-surrogates-for-power-systems/results/benchmark/experiments/thesis_sm4_benchmark_sm4_v2/default/qbc_marker_hybrid/b8192/ds01/dataset_manifest.json
qbc_marker_hybrid_b8192_ds01,/zhome/14/b/214266/Repos/ml-surrogates-for-power-systems/outputs/experiments/thesis_sm4_benchmark_sm4_v2/default/qbc_marker_hybrid/b8192/ds01,qbc_marker_hybrid,b8192,ds01,101,bs02,2202,default,SM4,/zhome/14/b/214266/Repos/ml-surrogates-for-power-systems/outputs/experiments/thesis_sm4_benchmark_sm4_v2/default/qbc_marker_hybrid/b8192/ds01/data/SM4/dataset_v1,pruned_after_run,/zhome/14/b/214266/Repos/ml-surrogates-for-power-systems/outputs/experiments/thesis_sm4_benchmark_sm4_v2/default/qbc_marker_hybrid/b8192/ds01/baseline/bs02,completed,/zhome/14/b/214266/Repos/ml-surrogates-for-power-systems/outputs/experiments/thesis_sm4_benchmark_sm4_v2/default/qbc_marker_hybrid/b8192/ds01/baseline/bs02/metrics.json,7372,8192,0.00013121950905770063,0.011455108426274308,/zhome/14/b/214266/Repos/ml-surrogates-for-power-systems/results/benchmark/experiments/thesis_sm4_benchmark_sm4_v2/default/qbc_marker_hybrid/b8192/ds01/dataset_manifest.json
qbc_marker_hybrid_b8192_ds01,/zhome/14/b/214266/Repos/ml-surrogates-for-power-systems/outputs/experiments/thesis_sm4_benchmark_sm4_v2/default/qbc_marker_hybrid/b8192/ds01,qbc_marker_hybrid,b8192,ds01,101,bs03,3303,default,SM4,/zhome/14/b/214266/Repos/ml-surrogates-for-power-systems/outputs/experiments/thesis_sm4_benchmark_sm4_v2/default/qbc_marker_hybrid/b8192/ds01/data/SM4/dataset_v1,pruned_after_run,/zhome/14/b/214266/Repos/ml-surrogates-for-power-systems/outputs/experiments/thesis_sm4_benchmark_sm4_v2/default/qbc_marker_hybrid/b8192/ds01/baseline/bs03,completed,/zhome/14/b/214266/Repos/ml-surrogates-for-power-systems/outputs/experiments/thesis_sm4_benchmark_sm4_v2/default/qbc_marker_hybrid/b8192/ds01/baseline/bs03/metrics.json,7372,8192,0.0001430922420695424,0.011962116956021724,/zhome/14/b/214266/Repos/ml-surrogates-for-power-systems/results/benchmark/experiments/thesis_sm4_benchmark_sm4_v2/default/qbc_marker_hybrid/b8192/ds01/dataset_manifest.json
qbc_marker_hybrid_b8192_ds02,/zhome/14/b/214266/Repos/ml-surrogates-for-power-systems/outputs/experiments/thesis_sm4_benchmark_sm4_v2/default/qbc_marker_hybrid/b8192/ds02,qbc_marker_hybrid,b8192,ds02,202,bs01,1101,default,SM4,/zhome/14/b/214266/Repos/ml-surrogates-for-power-systems/outputs/experiments/thesis_sm4_benchmark_sm4_v2/default/qbc_marker_hybrid/b8192/ds02/data/SM4/dataset_v1,pruned_after_run,/zhome/14/b/214266/Repos/ml-surrogates-for-power-systems/outputs/experiments/thesis_sm4_benchmark_sm4_v2/default/qbc_marker_hybrid/b8192/ds02/baseline/bs01,completed,/zhome/14/b/214266/Repos/ml-surrogates-for-power-systems/outputs/experiments/thesis_sm4_benchmark_sm4_v2/default/qbc_marker_hybrid/b8192/ds02/baseline/bs01/metrics.json,7372,8192,0.00011504520080052316,0.010725912585907231,/zhome/14/b/214266/Repos/ml-surrogates-for-power-systems/results/benchmark/experiments/thesis_sm4_benchmark_sm4_v2/default/qbc_marker_hybrid/b8192/ds02/dataset_manifest.json
qbc_marker_hybrid_b8192_ds02,/zhome/14/b/214266/Repos/ml-surrogates-for-power-systems/outputs/experiments/thesis_sm4_benchmark_sm4_v2/default/qbc_marker_hybrid/b8192/ds02,qbc_marker_hybrid,b8192,ds02,202,bs02,2202,default,SM4,/zhome/14/b/214266/Repos/ml-surrogates-for-power-systems/outputs/experiments/thesis_sm4_benchmark_sm4_v2/default/qbc_marker_hybrid/b8192/ds02/data/SM4/dataset_v1,pruned_after_run,/zhome/14/b/214266/Repos/ml-surrogates-for-power-systems/outputs/experiments/thesis_sm4_benchmark_sm4_v2/default/qbc_marker_hybrid/b8192/ds02/baseline/bs02,completed,/zhome/14/b/214266/Repos/ml-surrogates-for-power-systems/outputs/experiments/thesis_sm4_benchmark_sm4_v2/default/qbc_marker_hybrid/b8192/ds02/baseline/bs02/metrics.json,7372,8192,0.00022438606538344175,0.014979521533862212,/zhome/14/b/214266/Repos/ml-surrogates-for-power-systems/results/benchmark/experiments/thesis_sm4_benchmark_sm4_v2/default/qbc_marker_hybrid/b8192/ds02/dataset_manifest.json
qbc_marker_hybrid_b8192_ds02,/zhome/14/b/214266/Repos/ml-surrogates-for-power-systems/outputs/experiments/thesis_sm4_benchmark_sm4_v2/default/qbc_marker_hybrid/b8192/ds02,qbc_marker_hybrid,b8192,ds02,202,bs03,3303,default,SM4,/zhome/14/b/214266/Repos/ml-surrogates-for-power-systems/outputs/experiments/thesis_sm4_benchmark_sm4_v2/default/qbc_marker_hybrid/b8192/ds02/data/SM4/dataset_v1,pruned_after_run,/zhome/14/b/214266/Repos/ml-surrogates-for-power-systems/outputs/experiments/thesis_sm4_benchmark_sm4_v2/default/qbc_marker_hybrid/b8192/ds02/baseline/bs03,completed,/zhome/14/b/214266/Repos/ml-surrogates-for-power-systems/outputs/experiments/thesis_sm4_benchmark_sm4_v2/default/qbc_marker_hybrid/b8192/ds02/baseline/bs03/metrics.json,7372,8192,0.00020927780133206397,0.014466437064186329,/zhome/14/b/214266/Repos/ml-surrogates-for-power-systems/results/benchmark/experiments/thesis_sm4_benchmark_sm4_v2/default/qbc_marker_hybrid/b8192/ds02/dataset_manifest.json
qbc_marker_hybrid_b8192_ds03,/zhome/14/b/214266/Repos/ml-surrogates-for-power-systems/outputs/experiments/thesis_sm4_benchmark_sm4_v2/default/qbc_marker_hybrid/b8192/ds03,qbc_marker_hybrid,b8192,ds03,303,bs01,1101,default,SM4,/zhome/14/b/214266/Repos/ml-surrogates-for-power-systems/outputs/experiments/thesis_sm4_benchmark_sm4_v2/default/qbc_marker_hybrid/b8192/ds03/data/SM4/dataset_v1,pruned_after_run,/zhome/14/b/214266/Repos/ml-surrogates-for-power-systems/outputs/experiments/thesis_sm4_benchmark_sm4_v2/default/qbc_marker_hybrid/b8192/ds03/baseline/bs01,completed,/zhome/14/b/214266/Repos/ml-surrogates-for-power-systems/outputs/experiments/thesis_sm4_benchmark_sm4_v2/default/qbc_marker_hybrid/b8192/ds03/baseline/bs01/metrics.json,7372,8192,0.0001127226059907116,0.010617090278918778,/zhome/14/b/214266/Repos/ml-surrogates-for-power-systems/results/benchmark/experiments/thesis_sm4_benchmark_sm4_v2/default/qbc_marker_hybrid/b8192/ds03/dataset_manifest.json
qbc_marker_hybrid_b8192_ds03,/zhome/14/b/214266/Repos/ml-surrogates-for-power-systems/outputs/experiments/thesis_sm4_benchmark_sm4_v2/default/qbc_marker_hybrid/b8192/ds03,qbc_marker_hybrid,b8192,ds03,303,bs02,2202,default,SM4,/zhome/14/b/214266/Repos/ml-surrogates-for-power-systems/outputs/experiments/thesis_sm4_benchmark_sm4_v2/default/qbc_marker_hybrid/b8192/ds03/data/SM4/dataset_v1,pruned_after_run,/zhome/14/b/214266/Repos/ml-surrogates-for-power-systems/outputs/experiments/thesis_sm4_benchmark_sm4_v2/default/qbc_marker_hybrid/b8192/ds03/baseline/bs02,completed,/zhome/14/b/214266/Repos/ml-surrogates-for-power-systems/outputs/experiments/thesis_sm4_benchmark_sm4_v2/default/qbc_marker_hybrid/b8192/ds03/baseline/bs02/metrics.json,7372,8192,0.00013803623733110726,0.011748882386470096,/zhome/14/b/214266/Repos/ml-surrogates-for-power-systems/results/benchmark/experiments/thesis_sm4_benchmark_sm4_v2/default/qbc_marker_hybrid/b8192/ds03/dataset_manifest.json
qbc_marker_hybrid_b8192_ds03,/zhome/14/b/214266/Repos/ml-surrogates-for-power-systems/outputs/experiments/thesis_sm4_benchmark_sm4_v2/default/qbc_marker_hybrid/b8192/ds03,qbc_marker_hybrid,b8192,ds03,303,bs03,3303,default,SM4,/zhome/14/b/214266/Repos/ml-surrogates-for-power-systems/outputs/experiments/thesis_sm4_benchmark_sm4_v2/default/qbc_marker_hybrid/b8192/ds03/data/SM4/dataset_v1,pruned_after_run,/zhome/14/b/214266/Repos/ml-surrogates-for-power-systems/outputs/experiments/thesis_sm4_benchmark_sm4_v2/default/qbc_marker_hybrid/b8192/ds03/baseline/bs03,completed,/zhome/14/b/214266/Repos/ml-surrogates-for-power-systems/outputs/experiments/thesis_sm4_benchmark_sm4_v2/default/qbc_marker_hybrid/b8192/ds03/baseline/bs03/metrics.json,7372,8192,9.626593964640051e-05,0.009811520761146077,/zhome/14/b/214266/Repos/ml-surrogates-for-power-systems/results/benchmark/experiments/thesis_sm4_benchmark_sm4_v2/default/qbc_marker_hybrid/b8192/ds03/dataset_manifest.json
qbc_marker_hybrid_b8192_ds04,/zhome/14/b/214266/Repos/ml-surrogates-for-power-systems/outputs/experiments/thesis_sm4_benchmark_sm4_v2/default/qbc_marker_hybrid/b8192/ds04,qbc_marker_hybrid,b8192,ds04,404,bs01,1101,default,SM4,/zhome/14/b/214266/Repos/ml-surrogates-for-power-systems/outputs/experiments/thesis_sm4_benchmark_sm4_v2/default/qbc_marker_hybrid/b8192/ds04/data/SM4/dataset_v1,pruned_after_run,/zhome/14/b/214266/Repos/ml-surrogates-for-power-systems/outputs/experiments/thesis_sm4_benchmark_sm4_v2/default/qbc_marker_hybrid/b8192/ds04/baseline/bs01,completed,/zhome/14/b/214266/Repos/ml-surrogates-for-power-systems/outputs/experiments/thesis_sm4_benchmark_sm4_v2/default/qbc_marker_hybrid/b8192/ds04/baseline/bs01/metrics.json,7372,8192,0.00013816413411404938,0.011754324060278811,/zhome/14/b/214266/Repos/ml-surrogates-for-power-systems/results/benchmark/experiments/thesis_sm4_benchmark_sm4_v2/default/qbc_marker_hybrid/b8192/ds04/dataset_manifest.json
qbc_marker_hybrid_b8192_ds04,/zhome/14/b/214266/Repos/ml-surrogates-for-power-systems/outputs/experiments/thesis_sm4_benchmark_sm4_v2/default/qbc_marker_hybrid/b8192/ds04,qbc_marker_hybrid,b8192,ds04,404,bs02,2202,default,SM4,/zhome/14/b/214266/Repos/ml-surrogates-for-power-systems/outputs/experiments/thesis_sm4_benchmark_sm4_v2/default/qbc_marker_hybrid/b8192/ds04/data/SM4/dataset_v1,pruned_after_run,/zhome/14/b/214266/Repos/ml-surrogates-for-power-systems/outputs/experiments/thesis_sm4_benchmark_sm4_v2/default/qbc_marker_hybrid/b8192/ds04/baseline/bs02,completed,/zhome/14/b/214266/Repos/ml-surrogates-for-power-systems/outputs/experiments/thesis_sm4_benchmark_sm4_v2/default/qbc_marker_hybrid/b8192/ds04/baseline/bs02/metrics.json,7372,8192,0.00017340587510261685,0.013168366455358722,/zhome/14/b/214266/Repos/ml-surrogates-for-power-systems/results/benchmark/experiments/thesis_sm4_benchmark_sm4_v2/default/qbc_marker_hybrid/b8192/ds04/dataset_manifest.json
qbc_marker_hybrid_b8192_ds04,/zhome/14/b/214266/Repos/ml-surrogates-for-power-systems/outputs/experiments/thesis_sm4_benchmark_sm4_v2/default/qbc_marker_hybrid/b8192/ds04,qbc_marker_hybrid,b8192,ds04,404,bs03,3303,default,SM4,/zhome/14/b/214266/Repos/ml-surrogates-for-power-systems/outputs/experiments/thesis_sm4_benchmark_sm4_v2/default/qbc_marker_hybrid/b8192/ds04/data/SM4/dataset_v1,pruned_after_run,/zhome/14/b/214266/Repos/ml-surrogates-for-power-systems/outputs/experiments/thesis_sm4_benchmark_sm4_v2/default/qbc_marker_hybrid/b8192/ds04/baseline/bs03,completed,/zhome/14/b/214266/Repos/ml-surrogates-for-power-systems/outputs/experiments/thesis_sm4_benchmark_sm4_v2/default/qbc_marker_hybrid/b8192/ds04/baseline/bs03/metrics.json,7372,8192,0.00010008741082856432,0.010004369586763791,/zhome/14/b/214266/Repos/ml-surrogates-for-power-systems/results/benchmark/experiments/thesis_sm4_benchmark_sm4_v2/default/qbc_marker_hybrid/b8192/ds04/dataset_manifest.json
qbc_marker_hybrid_b8192_ds05,/zhome/14/b/214266/Repos/ml-surrogates-for-power-systems/outputs/experiments/thesis_sm4_benchmark_sm4_v2/default/qbc_marker_hybrid/b8192/ds05,qbc_marker_hybrid,b8192,ds05,505,bs01,1101,default,SM4,/zhome/14/b/214266/Repos/ml-surrogates-for-power-systems/outputs/experiments/thesis_sm4_benchmark_sm4_v2/default/qbc_marker_hybrid/b8192/ds05/data/SM4/dataset_v1,pruned_after_run,/zhome/14/b/214266/Repos/ml-surrogates-for-power-systems/outputs/experiments/thesis_sm4_benchmark_sm4_v2/default/qbc_marker_hybrid/b8192/ds05/baseline/bs01,completed,/zhome/14/b/214266/Repos/ml-surrogates-for-power-systems/outputs/experiments/thesis_sm4_benchmark_sm4_v2/default/qbc_marker_hybrid/b8192/ds05/baseline/bs01/metrics.json,7372,8192,0.0002328820846742019,0.0152604745887604,/zhome/14/b/214266/Repos/ml-surrogates-for-power-systems/results/benchmark/experiments/thesis_sm4_benchmark_sm4_v2/default/qbc_marker_hybrid/b8192/ds05/dataset_manifest.json
qbc_marker_hybrid_b8192_ds05,/zhome/14/b/214266/Repos/ml-surrogates-for-power-systems/outputs/experiments/thesis_sm4_benchmark_sm4_v2/default/qbc_marker_hybrid/b8192/ds05,qbc_marker_hybrid,b8192,ds05,505,bs02,2202,default,SM4,/zhome/14/b/214266/Repos/ml-surrogates-for-power-systems/outputs/experiments/thesis_sm4_benchmark_sm4_v2/default/qbc_marker_hybrid/b8192/ds05/data/SM4/dataset_v1,pruned_after_run,/zhome/14/b/214266/Repos/ml-surrogates-for-power-systems/outputs/experiments/thesis_sm4_benchmark_sm4_v2/default/qbc_marker_hybrid/b8192/ds05/baseline/bs02,completed,/zhome/14/b/214266/Repos/ml-surrogates-for-power-systems/outputs/experiments/thesis_sm4_benchmark_sm4_v2/default/qbc_marker_hybrid/b8192/ds05/baseline/bs02/metrics.json,7372,8192,0.0004521858354564756,0.021264661658640976,/zhome/14/b/214266/Repos/ml-surrogates-for-power-systems/results/benchmark/experiments/thesis_sm4_benchmark_sm4_v2/default/qbc_marker_hybrid/b8192/ds05/dataset_manifest.json
qbc_marker_hybrid_b8192_ds05,/zhome/14/b/214266/Repos/ml-surrogates-for-power-systems/outputs/experiments/thesis_sm4_benchmark_sm4_v2/default/qbc_marker_hybrid/b8192/ds05,qbc_marker_hybrid,b8192,ds05,505,bs03,3303,default,SM4,/zhome/14/b/214266/Repos/ml-surrogates-for-power-systems/outputs/experiments/thesis_sm4_benchmark_sm4_v2/default/qbc_marker_hybrid/b8192/ds05/data/SM4/dataset_v1,pruned_after_run,/zhome/14/b/214266/Repos/ml-surrogates-for-power-systems/outputs/experiments/thesis_sm4_benchmark_sm4_v2/default/qbc_marker_hybrid/b8192/ds05/baseline/bs03,completed,/zhome/14/b/214266/Repos/ml-surrogates-for-power-systems/outputs/experiments/thesis_sm4_benchmark_sm4_v2/default/qbc_marker_hybrid/b8192/ds05/baseline/bs03/metrics.json,7372,8192,9.530826355330646e-05,0.009762595123905654,/zhome/14/b/214266/Repos/ml-surrogates-for-power-systems/results/benchmark/experiments/thesis_sm4_benchmark_sm4_v2/default/qbc_marker_hybrid/b8192/ds05/dataset_manifest.json
lhs_static_b1024_ds01,/zhome/14/b/214266/Repos/ml-surrogates-for-power-systems/outputs/experiments/thesis_sm6_benchmark_sm6_v1/default/lhs_static/b1024/ds01,lhs_static,b1024,ds01,101,bs01,1101,default,SM6,/zhome/14/b/214266/Repos/ml-surrogates-for-power-systems/outputs/experiments/thesis_sm6_benchmark_sm6_v1/default/lhs_static/b1024/ds01/data/SM6/dataset_v1,pruned_after_run,/zhome/14/b/214266/Repos/ml-surrogates-for-power-systems/outputs/experiments/thesis_sm6_benchmark_sm6_v1/default/lhs_static/b1024/ds01/baseline/bs01,completed,/zhome/14/b/214266/Repos/ml-surrogates-for-power-systems/outputs/experiments/thesis_sm6_benchmark_sm6_v1/default/lhs_static/b1024/ds01/baseline/bs01/metrics.json,921,8192,0.001098048989661038,0.033136822262568234,/zhome/14/b/214266/Repos/ml-surrogates-for-power-systems/results/benchmark/experiments/thesis_sm6_benchmark_sm6_v1/default/lhs_static/b1024/ds01/dataset_manifest.json
lhs_static_b1024_ds01,/zhome/14/b/214266/Repos/ml-surrogates-for-power-systems/outputs/experiments/thesis_sm6_benchmark_sm6_v1/default/lhs_static/b1024/ds01,lhs_static,b1024,ds01,101,bs02,2202,default,SM6,/zhome/14/b/214266/Repos/ml-surrogates-for-power-systems/outputs/experiments/thesis_sm6_benchmark_sm6_v1/default/lhs_static/b1024/ds01/data/SM6/dataset_v1,pruned_after_run,/zhome/14/b/214266/Repos/ml-surrogates-for-power-systems/outputs/experiments/thesis_sm6_benchmark_sm6_v1/default/lhs_static/b1024/ds01/baseline/bs02,completed,/zhome/14/b/214266/Repos/ml-surrogates-for-power-systems/outputs/experiments/thesis_sm6_benchmark_sm6_v1/default/lhs_static/b1024/ds01/baseline/bs02/metrics.json,921,8192,0.0008055646903812885,0.028382471534052288,/zhome/14/b/214266/Repos/ml-surrogates-for-power-systems/results/benchmark/experiments/thesis_sm6_benchmark_sm6_v1/default/lhs_static/b1024/ds01/dataset_manifest.json
lhs_static_b1024_ds01,/zhome/14/b/214266/Repos/ml-surrogates-for-power-systems/outputs/experiments/thesis_sm6_benchmark_sm6_v1/default/lhs_static/b1024/ds01,lhs_static,b1024,ds01,101,bs03,3303,default,SM6,/zhome/14/b/214266/Repos/ml-surrogates-for-power-systems/outputs/experiments/thesis_sm6_benchmark_sm6_v1/default/lhs_static/b1024/ds01/data/SM6/dataset_v1,pruned_after_run,/zhome/14/b/214266/Repos/ml-surrogates-for-power-systems/outputs/experiments/thesis_sm6_benchmark_sm6_v1/default/lhs_static/b1024/ds01/baseline/bs03,completed,/zhome/14/b/214266/Repos/ml-surrogates-for-power-systems/outputs/experiments/thesis_sm6_benchmark_sm6_v1/default/lhs_static/b1024/ds01/baseline/bs03/metrics.json,921,8192,0.0006280611269176006,0.025061147757387343,/zhome/14/b/214266/Repos/ml-surrogates-for-power-systems/results/benchmark/experiments/thesis_sm6_benchmark_sm6_v1/default/lhs_static/b1024/ds01/dataset_manifest.json
lhs_static_b1024_ds02,/zhome/14/b/214266/Repos/ml-surrogates-for-power-systems/outputs/experiments/thesis_sm6_benchmark_sm6_v1/default/lhs_static/b1024/ds02,lhs_static,b1024,ds02,202,bs01,1101,default,SM6,/zhome/14/b/214266/Repos/ml-surrogates-for-power-systems/outputs/experiments/thesis_sm6_benchmark_sm6_v1/default/lhs_static/b1024/ds02/data/SM6/dataset_v1,pruned_after_run,/zhome/14/b/214266/Repos/ml-surrogates-for-power-systems/outputs/experiments/thesis_sm6_benchmark_sm6_v1/default/lhs_static/b1024/ds02/baseline/bs01,completed,/zhome/14/b/214266/Repos/ml-surrogates-for-power-systems/outputs/experiments/thesis_sm6_benchmark_sm6_v1/default/lhs_static/b1024/ds02/baseline/bs01/metrics.json,921,8192,0.0004950710572302341,0.022250192296477667,/zhome/14/b/214266/Repos/ml-surrogates-for-power-systems/results/benchmark/experiments/thesis_sm6_benchmark_sm6_v1/default/lhs_static/b1024/ds02/dataset_manifest.json
lhs_static_b1024_ds02,/zhome/14/b/214266/Repos/ml-surrogates-for-power-systems/outputs/experiments/thesis_sm6_benchmark_sm6_v1/default/lhs_static/b1024/ds02,lhs_static,b1024,ds02,202,bs02,2202,default,SM6,/zhome/14/b/214266/Repos/ml-surrogates-for-power-systems/outputs/experiments/thesis_sm6_benchmark_sm6_v1/default/lhs_static/b1024/ds02/data/SM6/dataset_v1,pruned_after_run,/zhome/14/b/214266/Repos/ml-surrogates-for-power-systems/outputs/experiments/thesis_sm6_benchmark_sm6_v1/default/lhs_static/b1024/ds02/baseline/bs02,completed,/zhome/14/b/214266/Repos/ml-surrogates-for-power-systems/outputs/experiments/thesis_sm6_benchmark_sm6_v1/default/lhs_static/b1024/ds02/baseline/bs02/metrics.json,921,8192,0.0006335852085612714,0.025171118540129905,/zhome/14/b/214266/Repos/ml-surrogates-for-power-systems/results/benchmark/experiments/thesis_sm6_benchmark_sm6_v1/default/lhs_static/b1024/ds02/dataset_manifest.json
lhs_static_b1024_ds02,/zhome/14/b/214266/Repos/ml-surrogates-for-power-systems/outputs/experiments/thesis_sm6_benchmark_sm6_v1/default/lhs_static/b1024/ds02,lhs_static,b1024,ds02,202,bs03,3303,default,SM6,/zhome/14/b/214266/Repos/ml-surrogates-for-power-systems/outputs/experiments/thesis_sm6_benchmark_sm6_v1/default/lhs_static/b1024/ds02/data/SM6/dataset_v1,pruned_after_run,/zhome/14/b/214266/Repos/ml-surrogates-for-power-systems/outputs/experiments/thesis_sm6_benchmark_sm6_v1/default/lhs_static/b1024/ds02/baseline/bs03,completed,/zhome/14/b/214266/Repos/ml-surrogates-for-power-systems/outputs/experiments/thesis_sm6_benchmark_sm6_v1/default/lhs_static/b1024/ds02/baseline/bs03/metrics.json,921,8192,0.0010583297116681933,0.0325319798301332,/zhome/14/b/214266/Repos/ml-surrogates-for-power-systems/results/benchmark/experiments/thesis_sm6_benchmark_sm6_v1/default/lhs_static/b1024/ds02/dataset_manifest.json
lhs_static_b1024_ds03,/zhome/14/b/214266/Repos/ml-surrogates-for-power-systems/outputs/experiments/thesis_sm6_benchmark_sm6_v1/default/lhs_static/b1024/ds03,lhs_static,b1024,ds03,303,bs01,1101,default,SM6,/zhome/14/b/214266/Repos/ml-surrogates-for-power-systems/outputs/experiments/thesis_sm6_benchmark_sm6_v1/default/lhs_static/b1024/ds03/data/SM6/dataset_v1,pruned_after_run,/zhome/14/b/214266/Repos/ml-surrogates-for-power-systems/outputs/experiments/thesis_sm6_benchmark_sm6_v1/default/lhs_static/b1024/ds03/baseline/bs01,completed,/zhome/14/b/214266/Repos/ml-surrogates-for-power-systems/outputs/experiments/thesis_sm6_benchmark_sm6_v1/default/lhs_static/b1024/ds03/baseline/bs01/metrics.json,921,8192,0.0012015950633212924,0.03466403126183238,/zhome/14/b/214266/Repos/ml-surrogates-for-power-systems/results/benchmark/experiments/thesis_sm6_benchmark_sm6_v1/default/lhs_static/b1024/ds03/dataset_manifest.json
lhs_static_b1024_ds03,/zhome/14/b/214266/Repos/ml-surrogates-for-power-systems/outputs/experiments/thesis_sm6_benchmark_sm6_v1/default/lhs_static/b1024/ds03,lhs_static,b1024,ds03,303,bs02,2202,default,SM6,/zhome/14/b/214266/Repos/ml-surrogates-for-power-systems/outputs/experiments/thesis_sm6_benchmark_sm6_v1/default/lhs_static/b1024/ds03/data/SM6/dataset_v1,pruned_after_run,/zhome/14/b/214266/Repos/ml-surrogates-for-power-systems/outputs/experiments/thesis_sm6_benchmark_sm6_v1/default/lhs_static/b1024/ds03/baseline/bs02,completed,/zhome/14/b/214266/Repos/ml-surrogates-for-power-systems/outputs/experiments/thesis_sm6_benchmark_sm6_v1/default/lhs_static/b1024/ds03/baseline/bs02/metrics.json,921,8192,0.0005986022297292948,0.024466348925193043,/zhome/14/b/214266/Repos/ml-surrogates-for-power-systems/results/benchmark/experiments/thesis_sm6_benchmark_sm6_v1/default/lhs_static/b1024/ds03/dataset_manifest.json
lhs_static_b1024_ds03,/zhome/14/b/214266/Repos/ml-surrogates-for-power-systems/outputs/experiments/thesis_sm6_benchmark_sm6_v1/default/lhs_static/b1024/ds03,lhs_static,b1024,ds03,303,bs03,3303,default,SM6,/zhome/14/b/214266/Repos/ml-surrogates-for-power-systems/outputs/experiments/thesis_sm6_benchmark_sm6_v1/default/lhs_static/b1024/ds03/data/SM6/dataset_v1,pruned_after_run,/zhome/14/b/214266/Repos/ml-surrogates-for-power-systems/outputs/experiments/thesis_sm6_benchmark_sm6_v1/default/lhs_static/b1024/ds03/baseline/bs03,completed,/zhome/14/b/214266/Repos/ml-surrogates-for-power-systems/outputs/experiments/thesis_sm6_benchmark_sm6_v1/default/lhs_static/b1024/ds03/baseline/bs03/metrics.json,921,8192,0.0010184724815189838,0.031913515655893884,/zhome/14/b/214266/Repos/ml-surrogates-for-power-systems/results/benchmark/experiments/thesis_sm6_benchmark_sm6_v1/default/lhs_static/b1024/ds03/dataset_manifest.json
lhs_static_b1024_ds04,/zhome/14/b/214266/Repos/ml-surrogates-for-power-systems/outputs/experiments/thesis_sm6_benchmark_sm6_v1/default/lhs_static/b1024/ds04,lhs_static,b1024,ds04,404,bs01,1101,default,SM6,/zhome/14/b/214266/Repos/ml-surrogates-for-power-systems/outputs/experiments/thesis_sm6_benchmark_sm6_v1/default/lhs_static/b1024/ds04/data/SM6/dataset_v1,pruned_after_run,/zhome/14/b/214266/Repos/ml-surrogates-for-power-systems/outputs/experiments/thesis_sm6_benchmark_sm6_v1/default/lhs_static/b1024/ds04/baseline/bs01,completed,/zhome/14/b/214266/Repos/ml-surrogates-for-power-systems/outputs/experiments/thesis_sm6_benchmark_sm6_v1/default/lhs_static/b1024/ds04/baseline/bs01/metrics.json,921,8192,0.0011285566724836826,0.03359399756628679,/zhome/14/b/214266/Repos/ml-surrogates-for-power-systems/results/benchmark/experiments/thesis_sm6_benchmark_sm6_v1/default/lhs_static/b1024/ds04/dataset_manifest.json
lhs_static_b1024_ds04,/zhome/14/b/214266/Repos/ml-surrogates-for-power-systems/outputs/experiments/thesis_sm6_benchmark_sm6_v1/default/lhs_static/b1024/ds04,lhs_static,b1024,ds04,404,bs02,2202,default,SM6,/zhome/14/b/214266/Repos/ml-surrogates-for-power-systems/outputs/experiments/thesis_sm6_benchmark_sm6_v1/default/lhs_static/b1024/ds04/data/SM6/dataset_v1,pruned_after_run,/zhome/14/b/214266/Repos/ml-surrogates-for-power-systems/outputs/experiments/thesis_sm6_benchmark_sm6_v1/default/lhs_static/b1024/ds04/baseline/bs02,completed,/zhome/14/b/214266/Repos/ml-surrogates-for-power-systems/outputs/experiments/thesis_sm6_benchmark_sm6_v1/default/lhs_static/b1024/ds04/baseline/bs02/metrics.json,921,8192,0.00047573147458024323,0.02181126943990751,/zhome/14/b/214266/Repos/ml-surrogates-for-power-systems/results/benchmark/experiments/thesis_sm6_benchmark_sm6_v1/default/lhs_static/b1024/ds04/dataset_manifest.json
lhs_static_b1024_ds04,/zhome/14/b/214266/Repos/ml-surrogates-for-power-systems/outputs/experiments/thesis_sm6_benchmark_sm6_v1/default/lhs_static/b1024/ds04,lhs_static,b1024,ds04,404,bs03,3303,default,SM6,/zhome/14/b/214266/Repos/ml-surrogates-for-power-systems/outputs/experiments/thesis_sm6_benchmark_sm6_v1/default/lhs_static/b1024/ds04/data/SM6/dataset_v1,pruned_after_run,/zhome/14/b/214266/Repos/ml-surrogates-for-power-systems/outputs/experiments/thesis_sm6_benchmark_sm6_v1/default/lhs_static/b1024/ds04/baseline/bs03,completed,/zhome/14/b/214266/Repos/ml-surrogates-for-power-systems/outputs/experiments/thesis_sm6_benchmark_sm6_v1/default/lhs_static/b1024/ds04/baseline/bs03/metrics.json,921,8192,0.0006000408320687711,0.024495730894765543,/zhome/14/b/214266/Repos/ml-surrogates-for-power-systems/results/benchmark/experiments/thesis_sm6_benchmark_sm6_v1/default/lhs_static/b1024/ds04/dataset_manifest.json
lhs_static_b1024_ds05,/zhome/14/b/214266/Repos/ml-surrogates-for-power-systems/outputs/experiments/thesis_sm6_benchmark_sm6_v1/default/lhs_static/b1024/ds05,lhs_static,b1024,ds05,505,bs01,1101,default,SM6,/zhome/14/b/214266/Repos/ml-surrogates-for-power-systems/outputs/experiments/thesis_sm6_benchmark_sm6_v1/default/lhs_static/b1024/ds05/data/SM6/dataset_v1,pruned_after_run,/zhome/14/b/214266/Repos/ml-surrogates-for-power-systems/outputs/experiments/thesis_sm6_benchmark_sm6_v1/default/lhs_static/b1024/ds05/baseline/bs01,completed,/zhome/14/b/214266/Repos/ml-surrogates-for-power-systems/outputs/experiments/thesis_sm6_benchmark_sm6_v1/default/lhs_static/b1024/ds05/baseline/bs01/metrics.json,921,8192,0.0005035634385421872,0.022440219217783663,/zhome/14/b/214266/Repos/ml-surrogates-for-power-systems/results/benchmark/experiments/thesis_sm6_benchmark_sm6_v1/default/lhs_static/b1024/ds05/dataset_manifest.json
lhs_static_b1024_ds05,/zhome/14/b/214266/Repos/ml-surrogates-for-power-systems/outputs/experiments/thesis_sm6_benchmark_sm6_v1/default/lhs_static/b1024/ds05,lhs_static,b1024,ds05,505,bs02,2202,default,SM6,/zhome/14/b/214266/Repos/ml-surrogates-for-power-systems/outputs/experiments/thesis_sm6_benchmark_sm6_v1/default/lhs_static/b1024/ds05/data/SM6/dataset_v1,pruned_after_run,/zhome/14/b/214266/Repos/ml-surrogates-for-power-systems/outputs/experiments/thesis_sm6_benchmark_sm6_v1/default/lhs_static/b1024/ds05/baseline/bs02,completed,/zhome/14/b/214266/Repos/ml-surrogates-for-power-systems/outputs/experiments/thesis_sm6_benchmark_sm6_v1/default/lhs_static/b1024/ds05/baseline/bs02/metrics.json,921,8192,0.0014303752686828375,0.03782030233463024,/zhome/14/b/214266/Repos/ml-surrogates-for-power-systems/results/benchmark/experiments/thesis_sm6_benchmark_sm6_v1/default/lhs_static/b1024/ds05/dataset_manifest.json
lhs_static_b1024_ds05,/zhome/14/b/214266/Repos/ml-surrogates-for-power-systems/outputs/experiments/thesis_sm6_benchmark_sm6_v1/default/lhs_static/b1024/ds05,lhs_static,b1024,ds05,505,bs03,3303,default,SM6,/zhome/14/b/214266/Repos/ml-surrogates-for-power-systems/outputs/experiments/thesis_sm6_benchmark_sm6_v1/default/lhs_static/b1024/ds05/data/SM6/dataset_v1,pruned_after_run,/zhome/14/b/214266/Repos/ml-surrogates-for-power-systems/outputs/experiments/thesis_sm6_benchmark_sm6_v1/default/lhs_static/b1024/ds05/baseline/bs03,completed,/zhome/14/b/214266/Repos/ml-surrogates-for-power-systems/outputs/experiments/thesis_sm6_benchmark_sm6_v1/default/lhs_static/b1024/ds05/baseline/bs03/metrics.json,921,8192,0.0008295120787806809,0.028801251340535204,/zhome/14/b/214266/Repos/ml-surrogates-for-power-systems/results/benchmark/experiments/thesis_sm6_benchmark_sm6_v1/default/lhs_static/b1024/ds05/dataset_manifest.json
lhs_static_b4096_ds01,/zhome/14/b/214266/Repos/ml-surrogates-for-power-systems/outputs/experiments/thesis_sm6_benchmark_sm6_v1/default/lhs_static/b4096/ds01,lhs_static,b4096,ds01,101,bs01,1101,default,SM6,/zhome/14/b/214266/Repos/ml-surrogates-for-power-systems/outputs/experiments/thesis_sm6_benchmark_sm6_v1/default/lhs_static/b4096/ds01/data/SM6/dataset_v1,pruned_after_run,/zhome/14/b/214266/Repos/ml-surrogates-for-power-systems/outputs/experiments/thesis_sm6_benchmark_sm6_v1/default/lhs_static/b4096/ds01/baseline/bs01,completed,/zhome/14/b/214266/Repos/ml-surrogates-for-power-systems/outputs/experiments/thesis_sm6_benchmark_sm6_v1/default/lhs_static/b4096/ds01/baseline/bs01/metrics.json,3686,8192,0.0004918669583275914,0.022178073819148304,/zhome/14/b/214266/Repos/ml-surrogates-for-power-systems/results/benchmark/experiments/thesis_sm6_benchmark_sm6_v1/default/lhs_static/b4096/ds01/dataset_manifest.json
lhs_static_b4096_ds01,/zhome/14/b/214266/Repos/ml-surrogates-for-power-systems/outputs/experiments/thesis_sm6_benchmark_sm6_v1/default/lhs_static/b4096/ds01,lhs_static,b4096,ds01,101,bs02,2202,default,SM6,/zhome/14/b/214266/Repos/ml-surrogates-for-power-systems/outputs/experiments/thesis_sm6_benchmark_sm6_v1/default/lhs_static/b4096/ds01/data/SM6/dataset_v1,pruned_after_run,/zhome/14/b/214266/Repos/ml-surrogates-for-power-systems/outputs/experiments/thesis_sm6_benchmark_sm6_v1/default/lhs_static/b4096/ds01/baseline/bs02,completed,/zhome/14/b/214266/Repos/ml-surrogates-for-power-systems/outputs/experiments/thesis_sm6_benchmark_sm6_v1/default/lhs_static/b4096/ds01/baseline/bs02/metrics.json,3686,8192,0.00013812188990414143,0.011752526958239298,/zhome/14/b/214266/Repos/ml-surrogates-for-power-systems/results/benchmark/experiments/thesis_sm6_benchmark_sm6_v1/default/lhs_static/b4096/ds01/dataset_manifest.json
lhs_static_b4096_ds01,/zhome/14/b/214266/Repos/ml-surrogates-for-power-systems/outputs/experiments/thesis_sm6_benchmark_sm6_v1/default/lhs_static/b4096/ds01,lhs_static,b4096,ds01,101,bs03,3303,default,SM6,/zhome/14/b/214266/Repos/ml-surrogates-for-power-systems/outputs/experiments/thesis_sm6_benchmark_sm6_v1/default/lhs_static/b4096/ds01/data/SM6/dataset_v1,pruned_after_run,/zhome/14/b/214266/Repos/ml-surrogates-for-power-systems/outputs/experiments/thesis_sm6_benchmark_sm6_v1/default/lhs_static/b4096/ds01/baseline/bs03,completed,/zhome/14/b/214266/Repos/ml-surrogates-for-power-systems/outputs/experiments/thesis_sm6_benchmark_sm6_v1/default/lhs_static/b4096/ds01/baseline/bs03/metrics.json,3686,8192,0.00017085291619878262,0.013071071731070204,/zhome/14/b/214266/Repos/ml-surrogates-for-power-systems/results/benchmark/experiments/thesis_sm6_benchmark_sm6_v1/default/lhs_static/b4096/ds01/dataset_manifest.json
lhs_static_b4096_ds02,/zhome/14/b/214266/Repos/ml-surrogates-for-power-systems/outputs/experiments/thesis_sm6_benchmark_sm6_v1/default/lhs_static/b4096/ds02,lhs_static,b4096,ds02,202,bs01,1101,default,SM6,/zhome/14/b/214266/Repos/ml-surrogates-for-power-systems/outputs/experiments/thesis_sm6_benchmark_sm6_v1/default/lhs_static/b4096/ds02/data/SM6/dataset_v1,pruned_after_run,/zhome/14/b/214266/Repos/ml-surrogates-for-power-systems/outputs/experiments/thesis_sm6_benchmark_sm6_v1/default/lhs_static/b4096/ds02/baseline/bs01,completed,/zhome/14/b/214266/Repos/ml-surrogates-for-power-systems/outputs/experiments/thesis_sm6_benchmark_sm6_v1/default/lhs_static/b4096/ds02/baseline/bs01/metrics.json,3686,8192,0.00011875435302499682,0.010897447087506175,/zhome/14/b/214266/Repos/ml-surrogates-for-power-systems/results/benchmark/experiments/thesis_sm6_benchmark_sm6_v1/default/lhs_static/b4096/ds02/dataset_manifest.json
lhs_static_b4096_ds02,/zhome/14/b/214266/Repos/ml-surrogates-for-power-systems/outputs/experiments/thesis_sm6_benchmark_sm6_v1/default/lhs_static/b4096/ds02,lhs_static,b4096,ds02,202,bs02,2202,default,SM6,/zhome/14/b/214266/Repos/ml-surrogates-for-power-systems/outputs/experiments/thesis_sm6_benchmark_sm6_v1/default/lhs_static/b4096/ds02/data/SM6/dataset_v1,pruned_after_run,/zhome/14/b/214266/Repos/ml-surrogates-for-power-systems/outputs/experiments/thesis_sm6_benchmark_sm6_v1/default/lhs_static/b4096/ds02/baseline/bs02,completed,/zhome/14/b/214266/Repos/ml-surrogates-for-power-systems/outputs/experiments/thesis_sm6_benchmark_sm6_v1/default/lhs_static/b4096/ds02/baseline/bs02/metrics.json,3686,8192,0.0001484056410845369,0.012182185398545571,/zhome/14/b/214266/Repos/ml-surrogates-for-power-systems/results/benchmark/experiments/thesis_sm6_benchmark_sm6_v1/default/lhs_static/b4096/ds02/dataset_manifest.json
lhs_static_b4096_ds02,/zhome/14/b/214266/Repos/ml-surrogates-for-power-systems/outputs/experiments/thesis_sm6_benchmark_sm6_v1/default/lhs_static/b4096/ds02,lhs_static,b4096,ds02,202,bs03,3303,default,SM6,/zhome/14/b/214266/Repos/ml-surrogates-for-power-systems/outputs/experiments/thesis_sm6_benchmark_sm6_v1/default/lhs_static/b4096/ds02/data/SM6/dataset_v1,pruned_after_run,/zhome/14/b/214266/Repos/ml-surrogates-for-power-systems/outputs/experiments/thesis_sm6_benchmark_sm6_v1/default/lhs_static/b4096/ds02/baseline/bs03,completed,/zhome/14/b/214266/Repos/ml-surrogates-for-power-systems/outputs/experiments/thesis_sm6_benchmark_sm6_v1/default/lhs_static/b4096/ds02/baseline/bs03/metrics.json,3686,8192,0.00023113674251362681,0.015203181986466741,/zhome/14/b/214266/Repos/ml-surrogates-for-power-systems/results/benchmark/experiments/thesis_sm6_benchmark_sm6_v1/default/lhs_static/b4096/ds02/dataset_manifest.json
lhs_static_b4096_ds03,/zhome/14/b/214266/Repos/ml-surrogates-for-power-systems/outputs/experiments/thesis_sm6_benchmark_sm6_v1/default/lhs_static/b4096/ds03,lhs_static,b4096,ds03,303,bs01,1101,default,SM6,/zhome/14/b/214266/Repos/ml-surrogates-for-power-systems/outputs/experiments/thesis_sm6_benchmark_sm6_v1/default/lhs_static/b4096/ds03/data/SM6/dataset_v1,pruned_after_run,/zhome/14/b/214266/Repos/ml-surrogates-for-power-systems/outputs/experiments/thesis_sm6_benchmark_sm6_v1/default/lhs_static/b4096/ds03/baseline/bs01,completed,/zhome/14/b/214266/Repos/ml-surrogates-for-power-systems/outputs/experiments/thesis_sm6_benchmark_sm6_v1/default/lhs_static/b4096/ds03/baseline/bs01/metrics.json,3686,8192,0.0002074936928693205,0.014404641365522452,/zhome/14/b/214266/Repos/ml-surrogates-for-power-systems/results/benchmark/experiments/thesis_sm6_benchmark_sm6_v1/default/lhs_static/b4096/ds03/dataset_manifest.json
lhs_static_b4096_ds03,/zhome/14/b/214266/Repos/ml-surrogates-for-power-systems/outputs/experiments/thesis_sm6_benchmark_sm6_v1/default/lhs_static/b4096/ds03,lhs_static,b4096,ds03,303,bs02,2202,default,SM6,/zhome/14/b/214266/Repos/ml-surrogates-for-power-systems/outputs/experiments/thesis_sm6_benchmark_sm6_v1/default/lhs_static/b4096/ds03/data/SM6/dataset_v1,pruned_after_run,/zhome/14/b/214266/Repos/ml-surrogates-for-power-systems/outputs/experiments/thesis_sm6_benchmark_sm6_v1/default/lhs_static/b4096/ds03/baseline/bs02,completed,/zhome/14/b/214266/Repos/ml-surrogates-for-power-systems/outputs/experiments/thesis_sm6_benchmark_sm6_v1/default/lhs_static/b4096/ds03/baseline/bs02/metrics.json,3686,8192,0.0001940031215781346,0.013928500334857827,/zhome/14/b/214266/Repos/ml-surrogates-for-power-systems/results/benchmark/experiments/thesis_sm6_benchmark_sm6_v1/default/lhs_static/b4096/ds03/dataset_manifest.json
lhs_static_b4096_ds03,/zhome/14/b/214266/Repos/ml-surrogates-for-power-systems/outputs/experiments/thesis_sm6_benchmark_sm6_v1/default/lhs_static/b4096/ds03,lhs_static,b4096,ds03,303,bs03,3303,default,SM6,/zhome/14/b/214266/Repos/ml-surrogates-for-power-systems/outputs/experiments/thesis_sm6_benchmark_sm6_v1/default/lhs_static/b4096/ds03/data/SM6/dataset_v1,pruned_after_run,/zhome/14/b/214266/Repos/ml-surrogates-for-power-systems/outputs/experiments/thesis_sm6_benchmark_sm6_v1/default/lhs_static/b4096/ds03/baseline/bs03,completed,/zhome/14/b/214266/Repos/ml-surrogates-for-power-systems/outputs/experiments/thesis_sm6_benchmark_sm6_v1/default/lhs_static/b4096/ds03/baseline/bs03/metrics.json,3686,8192,0.00016389699885621667,0.012802226324206922,/zhome/14/b/214266/Repos/ml-surrogates-for-power-systems/results/benchmark/experiments/thesis_sm6_benchmark_sm6_v1/default/lhs_static/b4096/ds03/dataset_manifest.json
lhs_static_b4096_ds04,/zhome/14/b/214266/Repos/ml-surrogates-for-power-systems/outputs/experiments/thesis_sm6_benchmark_sm6_v1/default/lhs_static/b4096/ds04,lhs_static,b4096,ds04,404,bs01,1101,default,SM6,/zhome/14/b/214266/Repos/ml-surrogates-for-power-systems/outputs/experiments/thesis_sm6_benchmark_sm6_v1/default/lhs_static/b4096/ds04/data/SM6/dataset_v1,pruned_after_run,/zhome/14/b/214266/Repos/ml-surrogates-for-power-systems/outputs/experiments/thesis_sm6_benchmark_sm6_v1/default/lhs_static/b4096/ds04/baseline/bs01,completed,/zhome/14/b/214266/Repos/ml-surrogates-for-power-systems/outputs/experiments/thesis_sm6_benchmark_sm6_v1/default/lhs_static/b4096/ds04/baseline/bs01/metrics.json,3686,8192,0.0004888365510851145,0.022109648370906183,/zhome/14/b/214266/Repos/ml-surrogates-for-power-systems/results/benchmark/experiments/thesis_sm6_benchmark_sm6_v1/default/lhs_static/b4096/ds04/dataset_manifest.json
lhs_static_b4096_ds04,/zhome/14/b/214266/Repos/ml-surrogates-for-power-systems/outputs/experiments/thesis_sm6_benchmark_sm6_v1/default/lhs_static/b4096/ds04,lhs_static,b4096,ds04,404,bs02,2202,default,SM6,/zhome/14/b/214266/Repos/ml-surrogates-for-power-systems/outputs/experiments/thesis_sm6_benchmark_sm6_v1/default/lhs_static/b4096/ds04/data/SM6/dataset_v1,pruned_after_run,/zhome/14/b/214266/Repos/ml-surrogates-for-power-systems/outputs/experiments/thesis_sm6_benchmark_sm6_v1/default/lhs_static/b4096/ds04/baseline/bs02,completed,/zhome/14/b/214266/Repos/ml-surrogates-for-power-systems/outputs/experiments/thesis_sm6_benchmark_sm6_v1/default/lhs_static/b4096/ds04/baseline/bs02/metrics.json,3686,8192,0.00019885689835064113,0.014101662964013894,/zhome/14/b/214266/Repos/ml-surrogates-for-power-systems/results/benchmark/experiments/thesis_sm6_benchmark_sm6_v1/default/lhs_static/b4096/ds04/dataset_manifest.json
lhs_static_b4096_ds04,/zhome/14/b/214266/Repos/ml-surrogates-for-power-systems/outputs/experiments/thesis_sm6_benchmark_sm6_v1/default/lhs_static/b4096/ds04,lhs_static,b4096,ds04,404,bs03,3303,default,SM6,/zhome/14/b/214266/Repos/ml-surrogates-for-power-systems/outputs/experiments/thesis_sm6_benchmark_sm6_v1/default/lhs_static/b4096/ds04/data/SM6/dataset_v1,pruned_after_run,/zhome/14/b/214266/Repos/ml-surrogates-for-power-systems/outputs/experiments/thesis_sm6_benchmark_sm6_v1/default/lhs_static/b4096/ds04/baseline/bs03,completed,/zhome/14/b/214266/Repos/ml-surrogates-for-power-systems/outputs/experiments/thesis_sm6_benchmark_sm6_v1/default/lhs_static/b4096/ds04/baseline/bs03/metrics.json,3686,8192,0.00016102122026495636,0.012689413708479851,/zhome/14/b/214266/Repos/ml-surrogates-for-power-systems/results/benchmark/experiments/thesis_sm6_benchmark_sm6_v1/default/lhs_static/b4096/ds04/dataset_manifest.json
lhs_static_b4096_ds05,/zhome/14/b/214266/Repos/ml-surrogates-for-power-systems/outputs/experiments/thesis_sm6_benchmark_sm6_v1/default/lhs_static/b4096/ds05,lhs_static,b4096,ds05,505,bs01,1101,default,SM6,/zhome/14/b/214266/Repos/ml-surrogates-for-power-systems/outputs/experiments/thesis_sm6_benchmark_sm6_v1/default/lhs_static/b4096/ds05/data/SM6/dataset_v1,pruned_after_run,/zhome/14/b/214266/Repos/ml-surrogates-for-power-systems/outputs/experiments/thesis_sm6_benchmark_sm6_v1/default/lhs_static/b4096/ds05/baseline/bs01,completed,/zhome/14/b/214266/Repos/ml-surrogates-for-power-systems/outputs/experiments/thesis_sm6_benchmark_sm6_v1/default/lhs_static/b4096/ds05/baseline/bs01/metrics.json,3686,8192,0.0002446325379423797,0.015640733292987888,/zhome/14/b/214266/Repos/ml-surrogates-for-power-systems/results/benchmark/experiments/thesis_sm6_benchmark_sm6_v1/default/lhs_static/b4096/ds05/dataset_manifest.json
lhs_static_b4096_ds05,/zhome/14/b/214266/Repos/ml-surrogates-for-power-systems/outputs/experiments/thesis_sm6_benchmark_sm6_v1/default/lhs_static/b4096/ds05,lhs_static,b4096,ds05,505,bs02,2202,default,SM6,/zhome/14/b/214266/Repos/ml-surrogates-for-power-systems/outputs/experiments/thesis_sm6_benchmark_sm6_v1/default/lhs_static/b4096/ds05/data/SM6/dataset_v1,pruned_after_run,/zhome/14/b/214266/Repos/ml-surrogates-for-power-systems/outputs/experiments/thesis_sm6_benchmark_sm6_v1/default/lhs_static/b4096/ds05/baseline/bs02,completed,/zhome/14/b/214266/Repos/ml-surrogates-for-power-systems/outputs/experiments/thesis_sm6_benchmark_sm6_v1/default/lhs_static/b4096/ds05/baseline/bs02/metrics.json,3686,8192,0.00010587608994683251,0.010289610777227315,/zhome/14/b/214266/Repos/ml-surrogates-for-power-systems/results/benchmark/experiments/thesis_sm6_benchmark_sm6_v1/default/lhs_static/b4096/ds05/dataset_manifest.json
lhs_static_b4096_ds05,/zhome/14/b/214266/Repos/ml-surrogates-for-power-systems/outputs/experiments/thesis_sm6_benchmark_sm6_v1/default/lhs_static/b4096/ds05,lhs_static,b4096,ds05,505,bs03,3303,default,SM6,/zhome/14/b/214266/Repos/ml-surrogates-for-power-systems/outputs/experiments/thesis_sm6_benchmark_sm6_v1/default/lhs_static/b4096/ds05/data/SM6/dataset_v1,pruned_after_run,/zhome/14/b/214266/Repos/ml-surrogates-for-power-systems/outputs/experiments/thesis_sm6_benchmark_sm6_v1/default/lhs_static/b4096/ds05/baseline/bs03,completed,/zhome/14/b/214266/Repos/ml-surrogates-for-power-systems/outputs/experiments/thesis_sm6_benchmark_sm6_v1/default/lhs_static/b4096/ds05/baseline/bs03/metrics.json,3686,8192,0.00031256090733222663,0.017679392165236524,/zhome/14/b/214266/Repos/ml-surrogates-for-power-systems/results/benchmark/experiments/thesis_sm6_benchmark_sm6_v1/default/lhs_static/b4096/ds05/dataset_manifest.json
lhs_static_b8192_ds01,/zhome/14/b/214266/Repos/ml-surrogates-for-power-systems/outputs/experiments/thesis_sm6_benchmark_sm6_v1/default/lhs_static/b8192/ds01,lhs_static,b8192,ds01,101,bs01,1101,default,SM6,/zhome/14/b/214266/Repos/ml-surrogates-for-power-systems/outputs/experiments/thesis_sm6_benchmark_sm6_v1/default/lhs_static/b8192/ds01/data/SM6/dataset_v1,pruned_after_run,/zhome/14/b/214266/Repos/ml-surrogates-for-power-systems/outputs/experiments/thesis_sm6_benchmark_sm6_v1/default/lhs_static/b8192/ds01/baseline/bs01,completed,/zhome/14/b/214266/Repos/ml-surrogates-for-power-systems/outputs/experiments/thesis_sm6_benchmark_sm6_v1/default/lhs_static/b8192/ds01/baseline/bs01/metrics.json,7372,8192,0.00014957116218283772,0.012229928952485281,/zhome/14/b/214266/Repos/ml-surrogates-for-power-systems/results/benchmark/experiments/thesis_sm6_benchmark_sm6_v1/default/lhs_static/b8192/ds01/dataset_manifest.json
lhs_static_b8192_ds01,/zhome/14/b/214266/Repos/ml-surrogates-for-power-systems/outputs/experiments/thesis_sm6_benchmark_sm6_v1/default/lhs_static/b8192/ds01,lhs_static,b8192,ds01,101,bs02,2202,default,SM6,/zhome/14/b/214266/Repos/ml-surrogates-for-power-systems/outputs/experiments/thesis_sm6_benchmark_sm6_v1/default/lhs_static/b8192/ds01/data/SM6/dataset_v1,pruned_after_run,/zhome/14/b/214266/Repos/ml-surrogates-for-power-systems/outputs/experiments/thesis_sm6_benchmark_sm6_v1/default/lhs_static/b8192/ds01/baseline/bs02,completed,/zhome/14/b/214266/Repos/ml-surrogates-for-power-systems/outputs/experiments/thesis_sm6_benchmark_sm6_v1/default/lhs_static/b8192/ds01/baseline/bs02/metrics.json,7372,8192,0.00023485670681111515,0.01532503529559117,/zhome/14/b/214266/Repos/ml-surrogates-for-power-systems/results/benchmark/experiments/thesis_sm6_benchmark_sm6_v1/default/lhs_static/b8192/ds01/dataset_manifest.json
lhs_static_b8192_ds01,/zhome/14/b/214266/Repos/ml-surrogates-for-power-systems/outputs/experiments/thesis_sm6_benchmark_sm6_v1/default/lhs_static/b8192/ds01,lhs_static,b8192,ds01,101,bs03,3303,default,SM6,/zhome/14/b/214266/Repos/ml-surrogates-for-power-systems/outputs/experiments/thesis_sm6_benchmark_sm6_v1/default/lhs_static/b8192/ds01/data/SM6/dataset_v1,pruned_after_run,/zhome/14/b/214266/Repos/ml-surrogates-for-power-systems/outputs/experiments/thesis_sm6_benchmark_sm6_v1/default/lhs_static/b8192/ds01/baseline/bs03,completed,/zhome/14/b/214266/Repos/ml-surrogates-for-power-systems/outputs/experiments/thesis_sm6_benchmark_sm6_v1/default/lhs_static/b8192/ds01/baseline/bs03/metrics.json,7372,8192,0.0001769421942299232,0.013301962044372371,/zhome/14/b/214266/Repos/ml-surrogates-for-power-systems/results/benchmark/experiments/thesis_sm6_benchmark_sm6_v1/default/lhs_static/b8192/ds01/dataset_manifest.json
lhs_static_b8192_ds02,/zhome/14/b/214266/Repos/ml-surrogates-for-power-systems/outputs/experiments/thesis_sm6_benchmark_sm6_v1/default/lhs_static/b8192/ds02,lhs_static,b8192,ds02,202,bs01,1101,default,SM6,/zhome/14/b/214266/Repos/ml-surrogates-for-power-systems/outputs/experiments/thesis_sm6_benchmark_sm6_v1/default/lhs_static/b8192/ds02/data/SM6/dataset_v1,pruned_after_run,/zhome/14/b/214266/Repos/ml-surrogates-for-power-systems/outputs/experiments/thesis_sm6_benchmark_sm6_v1/default/lhs_static/b8192/ds02/baseline/bs01,completed,/zhome/14/b/214266/Repos/ml-surrogates-for-power-systems/outputs/experiments/thesis_sm6_benchmark_sm6_v1/default/lhs_static/b8192/ds02/baseline/bs01/metrics.json,7372,8192,0.0002779899223241955,0.01667302978837966,/zhome/14/b/214266/Repos/ml-surrogates-for-power-systems/results/benchmark/experiments/thesis_sm6_benchmark_sm6_v1/default/lhs_static/b8192/ds02/dataset_manifest.json
lhs_static_b8192_ds02,/zhome/14/b/214266/Repos/ml-surrogates-for-power-systems/outputs/experiments/thesis_sm6_benchmark_sm6_v1/default/lhs_static/b8192/ds02,lhs_static,b8192,ds02,202,bs02,2202,default,SM6,/zhome/14/b/214266/Repos/ml-surrogates-for-power-systems/outputs/experiments/thesis_sm6_benchmark_sm6_v1/default/lhs_static/b8192/ds02/data/SM6/dataset_v1,pruned_after_run,/zhome/14/b/214266/Repos/ml-surrogates-for-power-systems/outputs/experiments/thesis_sm6_benchmark_sm6_v1/default/lhs_static/b8192/ds02/baseline/bs02,completed,/zhome/14/b/214266/Repos/ml-surrogates-for-power-systems/outputs/experiments/thesis_sm6_benchmark_sm6_v1/default/lhs_static/b8192/ds02/baseline/bs02/metrics.json,7372,8192,0.0001239162083948031,0.01113176573571341,/zhome/14/b/214266/Repos/ml-surrogates-for-power-systems/results/benchmark/experiments/thesis_sm6_benchmark_sm6_v1/default/lhs_static/b8192/ds02/dataset_manifest.json
lhs_static_b8192_ds02,/zhome/14/b/214266/Repos/ml-surrogates-for-power-systems/outputs/experiments/thesis_sm6_benchmark_sm6_v1/default/lhs_static/b8192/ds02,lhs_static,b8192,ds02,202,bs03,3303,default,SM6,/zhome/14/b/214266/Repos/ml-surrogates-for-power-systems/outputs/experiments/thesis_sm6_benchmark_sm6_v1/default/lhs_static/b8192/ds02/data/SM6/dataset_v1,pruned_after_run,/zhome/14/b/214266/Repos/ml-surrogates-for-power-systems/outputs/experiments/thesis_sm6_benchmark_sm6_v1/default/lhs_static/b8192/ds02/baseline/bs03,completed,/zhome/14/b/214266/Repos/ml-surrogates-for-power-systems/outputs/experiments/thesis_sm6_benchmark_sm6_v1/default/lhs_static/b8192/ds02/baseline/bs03/metrics.json,7372,8192,0.0002048235182883218,0.014311656727588242,/zhome/14/b/214266/Repos/ml-surrogates-for-power-systems/results/benchmark/experiments/thesis_sm6_benchmark_sm6_v1/default/lhs_static/b8192/ds02/dataset_manifest.json
lhs_static_b8192_ds03,/zhome/14/b/214266/Repos/ml-surrogates-for-power-systems/outputs/experiments/thesis_sm6_benchmark_sm6_v1/default/lhs_static/b8192/ds03,lhs_static,b8192,ds03,303,bs01,1101,default,SM6,/zhome/14/b/214266/Repos/ml-surrogates-for-power-systems/outputs/experiments/thesis_sm6_benchmark_sm6_v1/default/lhs_static/b8192/ds03/data/SM6/dataset_v1,pruned_after_run,/zhome/14/b/214266/Repos/ml-surrogates-for-power-systems/outputs/experiments/thesis_sm6_benchmark_sm6_v1/default/lhs_static/b8192/ds03/baseline/bs01,completed,/zhome/14/b/214266/Repos/ml-surrogates-for-power-systems/outputs/experiments/thesis_sm6_benchmark_sm6_v1/default/lhs_static/b8192/ds03/baseline/bs01/metrics.json,7372,8192,0.00017980497796088457,0.01340913785300474,/zhome/14/b/214266/Repos/ml-surrogates-for-power-systems/results/benchmark/experiments/thesis_sm6_benchmark_sm6_v1/default/lhs_static/b8192/ds03/dataset_manifest.json
lhs_static_b8192_ds03,/zhome/14/b/214266/Repos/ml-surrogates-for-power-systems/outputs/experiments/thesis_sm6_benchmark_sm6_v1/default/lhs_static/b8192/ds03,lhs_static,b8192,ds03,303,bs02,2202,default,SM6,/zhome/14/b/214266/Repos/ml-surrogates-for-power-systems/outputs/experiments/thesis_sm6_benchmark_sm6_v1/default/lhs_static/b8192/ds03/data/SM6/dataset_v1,pruned_after_run,/zhome/14/b/214266/Repos/ml-surrogates-for-power-systems/outputs/experiments/thesis_sm6_benchmark_sm6_v1/default/lhs_static/b8192/ds03/baseline/bs02,completed,/zhome/14/b/214266/Repos/ml-surrogates-for-power-systems/outputs/experiments/thesis_sm6_benchmark_sm6_v1/default/lhs_static/b8192/ds03/baseline/bs02/metrics.json,7372,8192,0.00016299550770781934,0.01276696940185177,/zhome/14/b/214266/Repos/ml-surrogates-for-power-systems/results/benchmark/experiments/thesis_sm6_benchmark_sm6_v1/default/lhs_static/b8192/ds03/dataset_manifest.json
lhs_static_b8192_ds03,/zhome/14/b/214266/Repos/ml-surrogates-for-power-systems/outputs/experiments/thesis_sm6_benchmark_sm6_v1/default/lhs_static/b8192/ds03,lhs_static,b8192,ds03,303,bs03,3303,default,SM6,/zhome/14/b/214266/Repos/ml-surrogates-for-power-systems/outputs/experiments/thesis_sm6_benchmark_sm6_v1/default/lhs_static/b8192/ds03/data/SM6/dataset_v1,pruned_after_run,/zhome/14/b/214266/Repos/ml-surrogates-for-power-systems/outputs/experiments/thesis_sm6_benchmark_sm6_v1/default/lhs_static/b8192/ds03/baseline/bs03,completed,/zhome/14/b/214266/Repos/ml-surrogates-for-power-systems/outputs/experiments/thesis_sm6_benchmark_sm6_v1/default/lhs_static/b8192/ds03/baseline/bs03/metrics.json,7372,8192,0.0001090634978027083,0.01044334705938227,/zhome/14/b/214266/Repos/ml-surrogates-for-power-systems/results/benchmark/experiments/thesis_sm6_benchmark_sm6_v1/default/lhs_static/b8192/ds03/dataset_manifest.json
lhs_static_b8192_ds04,/zhome/14/b/214266/Repos/ml-surrogates-for-power-systems/outputs/experiments/thesis_sm6_benchmark_sm6_v1/default/lhs_static/b8192/ds04,lhs_static,b8192,ds04,404,bs01,1101,default,SM6,/zhome/14/b/214266/Repos/ml-surrogates-for-power-systems/outputs/experiments/thesis_sm6_benchmark_sm6_v1/default/lhs_static/b8192/ds04/data/SM6/dataset_v1,pruned_after_run,/zhome/14/b/214266/Repos/ml-surrogates-for-power-systems/outputs/experiments/thesis_sm6_benchmark_sm6_v1/default/lhs_static/b8192/ds04/baseline/bs01,completed,/zhome/14/b/214266/Repos/ml-surrogates-for-power-systems/outputs/experiments/thesis_sm6_benchmark_sm6_v1/default/lhs_static/b8192/ds04/baseline/bs01/metrics.json,7372,8192,0.00011041703692171723,0.010507951128631938,/zhome/14/b/214266/Repos/ml-surrogates-for-power-systems/results/benchmark/experiments/thesis_sm6_benchmark_sm6_v1/default/lhs_static/b8192/ds04/dataset_manifest.json
lhs_static_b8192_ds04,/zhome/14/b/214266/Repos/ml-surrogates-for-power-systems/outputs/experiments/thesis_sm6_benchmark_sm6_v1/default/lhs_static/b8192/ds04,lhs_static,b8192,ds04,404,bs02,2202,default,SM6,/zhome/14/b/214266/Repos/ml-surrogates-for-power-systems/outputs/experiments/thesis_sm6_benchmark_sm6_v1/default/lhs_static/b8192/ds04/data/SM6/dataset_v1,pruned_after_run,/zhome/14/b/214266/Repos/ml-surrogates-for-power-systems/outputs/experiments/thesis_sm6_benchmark_sm6_v1/default/lhs_static/b8192/ds04/baseline/bs02,completed,/zhome/14/b/214266/Repos/ml-surrogates-for-power-systems/outputs/experiments/thesis_sm6_benchmark_sm6_v1/default/lhs_static/b8192/ds04/baseline/bs02/metrics.json,7372,8192,0.00019316143880132586,0.013898253084518423,/zhome/14/b/214266/Repos/ml-surrogates-for-power-systems/results/benchmark/experiments/thesis_sm6_benchmark_sm6_v1/default/lhs_static/b8192/ds04/dataset_manifest.json
lhs_static_b8192_ds04,/zhome/14/b/214266/Repos/ml-surrogates-for-power-systems/outputs/experiments/thesis_sm6_benchmark_sm6_v1/default/lhs_static/b8192/ds04,lhs_static,b8192,ds04,404,bs03,3303,default,SM6,/zhome/14/b/214266/Repos/ml-surrogates-for-power-systems/outputs/experiments/thesis_sm6_benchmark_sm6_v1/default/lhs_static/b8192/ds04/data/SM6/dataset_v1,pruned_after_run,/zhome/14/b/214266/Repos/ml-surrogates-for-power-systems/outputs/experiments/thesis_sm6_benchmark_sm6_v1/default/lhs_static/b8192/ds04/baseline/bs03,completed,/zhome/14/b/214266/Repos/ml-surrogates-for-power-systems/outputs/experiments/thesis_sm6_benchmark_sm6_v1/default/lhs_static/b8192/ds04/baseline/bs03/metrics.json,7372,8192,7.413537241518497e-05,0.008610190033627885,/zhome/14/b/214266/Repos/ml-surrogates-for-power-systems/results/benchmark/experiments/thesis_sm6_benchmark_sm6_v1/default/lhs_static/b8192/ds04/dataset_manifest.json
lhs_static_b8192_ds05,/zhome/14/b/214266/Repos/ml-surrogates-for-power-systems/outputs/experiments/thesis_sm6_benchmark_sm6_v1/default/lhs_static/b8192/ds05,lhs_static,b8192,ds05,505,bs01,1101,default,SM6,/zhome/14/b/214266/Repos/ml-surrogates-for-power-systems/outputs/experiments/thesis_sm6_benchmark_sm6_v1/default/lhs_static/b8192/ds05/data/SM6/dataset_v1,pruned_after_run,/zhome/14/b/214266/Repos/ml-surrogates-for-power-systems/outputs/experiments/thesis_sm6_benchmark_sm6_v1/default/lhs_static/b8192/ds05/baseline/bs01,completed,/zhome/14/b/214266/Repos/ml-surrogates-for-power-systems/outputs/experiments/thesis_sm6_benchmark_sm6_v1/default/lhs_static/b8192/ds05/baseline/bs01/metrics.json,7372,8192,0.0002127261832356453,0.014585135694797127,/zhome/14/b/214266/Repos/ml-surrogates-for-power-systems/results/benchmark/experiments/thesis_sm6_benchmark_sm6_v1/default/lhs_static/b8192/ds05/dataset_manifest.json
lhs_static_b8192_ds05,/zhome/14/b/214266/Repos/ml-surrogates-for-power-systems/outputs/experiments/thesis_sm6_benchmark_sm6_v1/default/lhs_static/b8192/ds05,lhs_static,b8192,ds05,505,bs02,2202,default,SM6,/zhome/14/b/214266/Repos/ml-surrogates-for-power-systems/outputs/experiments/thesis_sm6_benchmark_sm6_v1/default/lhs_static/b8192/ds05/data/SM6/dataset_v1,pruned_after_run,/zhome/14/b/214266/Repos/ml-surrogates-for-power-systems/outputs/experiments/thesis_sm6_benchmark_sm6_v1/default/lhs_static/b8192/ds05/baseline/bs02,completed,/zhome/14/b/214266/Repos/ml-surrogates-for-power-systems/outputs/experiments/thesis_sm6_benchmark_sm6_v1/default/lhs_static/b8192/ds05/baseline/bs02/metrics.json,7372,8192,0.00027999450685456395,0.016733036390761957,/zhome/14/b/214266/Repos/ml-surrogates-for-power-systems/results/benchmark/experiments/thesis_sm6_benchmark_sm6_v1/default/lhs_static/b8192/ds05/dataset_manifest.json
lhs_static_b8192_ds05,/zhome/14/b/214266/Repos/ml-surrogates-for-power-systems/outputs/experiments/thesis_sm6_benchmark_sm6_v1/default/lhs_static/b8192/ds05,lhs_static,b8192,ds05,505,bs03,3303,default,SM6,/zhome/14/b/214266/Repos/ml-surrogates-for-power-systems/outputs/experiments/thesis_sm6_benchmark_sm6_v1/default/lhs_static/b8192/ds05/data/SM6/dataset_v1,pruned_after_run,/zhome/14/b/214266/Repos/ml-surrogates-for-power-systems/outputs/experiments/thesis_sm6_benchmark_sm6_v1/default/lhs_static/b8192/ds05/baseline/bs03,completed,/zhome/14/b/214266/Repos/ml-surrogates-for-power-systems/outputs/experiments/thesis_sm6_benchmark_sm6_v1/default/lhs_static/b8192/ds05/baseline/bs03/metrics.json,7372,8192,0.00010335398110328242,0.010166316004496537,/zhome/14/b/214266/Repos/ml-surrogates-for-power-systems/results/benchmark/experiments/thesis_sm6_benchmark_sm6_v1/default/lhs_static/b8192/ds05/dataset_manifest.json
marker_directed_b1024_ds01,/zhome/14/b/214266/Repos/ml-surrogates-for-power-systems/outputs/experiments/thesis_sm6_benchmark_sm6_v1/default/marker_directed/b1024/ds01,marker_directed,b1024,ds01,101,bs01,1101,default,SM6,/zhome/14/b/214266/Repos/ml-surrogates-for-power-systems/outputs/experiments/thesis_sm6_benchmark_sm6_v1/default/marker_directed/b1024/ds01/data/SM6/dataset_v1,pruned_after_run,/zhome/14/b/214266/Repos/ml-surrogates-for-power-systems/outputs/experiments/thesis_sm6_benchmark_sm6_v1/default/marker_directed/b1024/ds01/baseline/bs01,completed,/zhome/14/b/214266/Repos/ml-surrogates-for-power-systems/outputs/experiments/thesis_sm6_benchmark_sm6_v1/default/marker_directed/b1024/ds01/baseline/bs01/metrics.json,921,8192,0.001197643345221877,0.034606984052671756,/zhome/14/b/214266/Repos/ml-surrogates-for-power-systems/results/benchmark/experiments/thesis_sm6_benchmark_sm6_v1/default/marker_directed/b1024/ds01/dataset_manifest.json
marker_directed_b1024_ds01,/zhome/14/b/214266/Repos/ml-surrogates-for-power-systems/outputs/experiments/thesis_sm6_benchmark_sm6_v1/default/marker_directed/b1024/ds01,marker_directed,b1024,ds01,101,bs02,2202,default,SM6,/zhome/14/b/214266/Repos/ml-surrogates-for-power-systems/outputs/experiments/thesis_sm6_benchmark_sm6_v1/default/marker_directed/b1024/ds01/data/SM6/dataset_v1,pruned_after_run,/zhome/14/b/214266/Repos/ml-surrogates-for-power-systems/outputs/experiments/thesis_sm6_benchmark_sm6_v1/default/marker_directed/b1024/ds01/baseline/bs02,completed,/zhome/14/b/214266/Repos/ml-surrogates-for-power-systems/outputs/experiments/thesis_sm6_benchmark_sm6_v1/default/marker_directed/b1024/ds01/baseline/bs02/metrics.json,921,8192,0.0007201684638857841,0.026835954685566602,/zhome/14/b/214266/Repos/ml-surrogates-for-power-systems/results/benchmark/experiments/thesis_sm6_benchmark_sm6_v1/default/marker_directed/b1024/ds01/dataset_manifest.json
marker_directed_b1024_ds01,/zhome/14/b/214266/Repos/ml-surrogates-for-power-systems/outputs/experiments/thesis_sm6_benchmark_sm6_v1/default/marker_directed/b1024/ds01,marker_directed,b1024,ds01,101,bs03,3303,default,SM6,/zhome/14/b/214266/Repos/ml-surrogates-for-power-systems/outputs/experiments/thesis_sm6_benchmark_sm6_v1/default/marker_directed/b1024/ds01/data/SM6/dataset_v1,pruned_after_run,/zhome/14/b/214266/Repos/ml-surrogates-for-power-systems/outputs/experiments/thesis_sm6_benchmark_sm6_v1/default/marker_directed/b1024/ds01/baseline/bs03,completed,/zhome/14/b/214266/Repos/ml-surrogates-for-power-systems/outputs/experiments/thesis_sm6_benchmark_sm6_v1/default/marker_directed/b1024/ds01/baseline/bs03/metrics.json,921,8192,0.0008998513221740723,0.029997521933887678,/zhome/14/b/214266/Repos/ml-surrogates-for-power-systems/results/benchmark/experiments/thesis_sm6_benchmark_sm6_v1/default/marker_directed/b1024/ds01/dataset_manifest.json
marker_directed_b1024_ds02,/zhome/14/b/214266/Repos/ml-surrogates-for-power-systems/outputs/experiments/thesis_sm6_benchmark_sm6_v1/default/marker_directed/b1024/ds02,marker_directed,b1024,ds02,202,bs01,1101,default,SM6,/zhome/14/b/214266/Repos/ml-surrogates-for-power-systems/outputs/experiments/thesis_sm6_benchmark_sm6_v1/default/marker_directed/b1024/ds02/data/SM6/dataset_v1,pruned_after_run,/zhome/14/b/214266/Repos/ml-surrogates-for-power-systems/outputs/experiments/thesis_sm6_benchmark_sm6_v1/default/marker_directed/b1024/ds02/baseline/bs01,completed,/zhome/14/b/214266/Repos/ml-surrogates-for-power-systems/outputs/experiments/thesis_sm6_benchmark_sm6_v1/default/marker_directed/b1024/ds02/baseline/bs01/metrics.json,921,8192,0.0007360904710367322,0.027130987284592727,/zhome/14/b/214266/Repos/ml-surrogates-for-power-systems/results/benchmark/experiments/thesis_sm6_benchmark_sm6_v1/default/marker_directed/b1024/ds02/dataset_manifest.json
marker_directed_b1024_ds02,/zhome/14/b/214266/Repos/ml-surrogates-for-power-systems/outputs/experiments/thesis_sm6_benchmark_sm6_v1/default/marker_directed/b1024/ds02,marker_directed,b1024,ds02,202,bs02,2202,default,SM6,/zhome/14/b/214266/Repos/ml-surrogates-for-power-systems/outputs/experiments/thesis_sm6_benchmark_sm6_v1/default/marker_directed/b1024/ds02/data/SM6/dataset_v1,pruned_after_run,/zhome/14/b/214266/Repos/ml-surrogates-for-power-systems/outputs/experiments/thesis_sm6_benchmark_sm6_v1/default/marker_directed/b1024/ds02/baseline/bs02,completed,/zhome/14/b/214266/Repos/ml-surrogates-for-power-systems/outputs/experiments/thesis_sm6_benchmark_sm6_v1/default/marker_directed/b1024/ds02/baseline/bs02/metrics.json,921,8192,0.0007163906120695174,0.0267654742545227,/zhome/14/b/214266/Repos/ml-surrogates-for-power-systems/results/benchmark/experiments/thesis_sm6_benchmark_sm6_v1/default/marker_directed/b1024/ds02/dataset_manifest.json
marker_directed_b1024_ds02,/zhome/14/b/214266/Repos/ml-surrogates-for-power-systems/outputs/experiments/thesis_sm6_benchmark_sm6_v1/default/marker_directed/b1024/ds02,marker_directed,b1024,ds02,202,bs03,3303,default,SM6,/zhome/14/b/214266/Repos/ml-surrogates-for-power-systems/outputs/experiments/thesis_sm6_benchmark_sm6_v1/default/marker_directed/b1024/ds02/data/SM6/dataset_v1,pruned_after_run,/zhome/14/b/214266/Repos/ml-surrogates-for-power-systems/outputs/experiments/thesis_sm6_benchmark_sm6_v1/default/marker_directed/b1024/ds02/baseline/bs03,completed,/zhome/14/b/214266/Repos/ml-surrogates-for-power-systems/outputs/experiments/thesis_sm6_benchmark_sm6_v1/default/marker_directed/b1024/ds02/baseline/bs03/metrics.json,921,8192,0.0012304827105253935,0.035078236992833516,/zhome/14/b/214266/Repos/ml-surrogates-for-power-systems/results/benchmark/experiments/thesis_sm6_benchmark_sm6_v1/default/marker_directed/b1024/ds02/dataset_manifest.json
marker_directed_b1024_ds03,/zhome/14/b/214266/Repos/ml-surrogates-for-power-systems/outputs/experiments/thesis_sm6_benchmark_sm6_v1/default/marker_directed/b1024/ds03,marker_directed,b1024,ds03,303,bs01,1101,default,SM6,/zhome/14/b/214266/Repos/ml-surrogates-for-power-systems/outputs/experiments/thesis_sm6_benchmark_sm6_v1/default/marker_directed/b1024/ds03/data/SM6/dataset_v1,pruned_after_run,/zhome/14/b/214266/Repos/ml-surrogates-for-power-systems/outputs/experiments/thesis_sm6_benchmark_sm6_v1/default/marker_directed/b1024/ds03/baseline/bs01,completed,/zhome/14/b/214266/Repos/ml-surrogates-for-power-systems/outputs/experiments/thesis_sm6_benchmark_sm6_v1/default/marker_directed/b1024/ds03/baseline/bs01/metrics.json,921,8192,0.0013286095345392823,0.036450096495610027,/zhome/14/b/214266/Repos/ml-surrogates-for-power-systems/results/benchmark/experiments/thesis_sm6_benchmark_sm6_v1/default/marker_directed/b1024/ds03/dataset_manifest.json
marker_directed_b1024_ds03,/zhome/14/b/214266/Repos/ml-surrogates-for-power-systems/outputs/experiments/thesis_sm6_benchmark_sm6_v1/default/marker_directed/b1024/ds03,marker_directed,b1024,ds03,303,bs02,2202,default,SM6,/zhome/14/b/214266/Repos/ml-surrogates-for-power-systems/outputs/experiments/thesis_sm6_benchmark_sm6_v1/default/marker_directed/b1024/ds03/data/SM6/dataset_v1,pruned_after_run,/zhome/14/b/214266/Repos/ml-surrogates-for-power-systems/outputs/experiments/thesis_sm6_benchmark_sm6_v1/default/marker_directed/b1024/ds03/baseline/bs02,completed,/zhome/14/b/214266/Repos/ml-surrogates-for-power-systems/outputs/experiments/thesis_sm6_benchmark_sm6_v1/default/marker_directed/b1024/ds03/baseline/bs02/metrics.json,921,8192,0.0004708186606876552,0.021698356174780966,/zhome/14/b/214266/Repos/ml-surrogates-for-power-systems/results/benchmark/experiments/thesis_sm6_benchmark_sm6_v1/default/marker_directed/b1024/ds03/dataset_manifest.json
marker_directed_b1024_ds03,/zhome/14/b/214266/Repos/ml-surrogates-for-power-systems/outputs/experiments/thesis_sm6_benchmark_sm6_v1/default/marker_directed/b1024/ds03,marker_directed,b1024,ds03,303,bs03,3303,default,SM6,/zhome/14/b/214266/Repos/ml-surrogates-for-power-systems/outputs/experiments/thesis_sm6_benchmark_sm6_v1/default/marker_directed/b1024/ds03/data/SM6/dataset_v1,pruned_after_run,/zhome/14/b/214266/Repos/ml-surrogates-for-power-systems/outputs/experiments/thesis_sm6_benchmark_sm6_v1/default/marker_directed/b1024/ds03/baseline/bs03,completed,/zhome/14/b/214266/Repos/ml-surrogates-for-power-systems/outputs/experiments/thesis_sm6_benchmark_sm6_v1/default/marker_directed/b1024/ds03/baseline/bs03/metrics.json,921,8192,0.0008173937094397843,0.028590098101261986,/zhome/14/b/214266/Repos/ml-surrogates-for-power-systems/results/benchmark/experiments/thesis_sm6_benchmark_sm6_v1/default/marker_directed/b1024/ds03/dataset_manifest.json
marker_directed_b1024_ds04,/zhome/14/b/214266/Repos/ml-surrogates-for-power-systems/outputs/experiments/thesis_sm6_benchmark_sm6_v1/default/marker_directed/b1024/ds04,marker_directed,b1024,ds04,404,bs01,1101,default,SM6,/zhome/14/b/214266/Repos/ml-surrogates-for-power-systems/outputs/experiments/thesis_sm6_benchmark_sm6_v1/default/marker_directed/b1024/ds04/data/SM6/dataset_v1,pruned_after_run,/zhome/14/b/214266/Repos/ml-surrogates-for-power-systems/outputs/experiments/thesis_sm6_benchmark_sm6_v1/default/marker_directed/b1024/ds04/baseline/bs01,completed,/zhome/14/b/214266/Repos/ml-surrogates-for-power-systems/outputs/experiments/thesis_sm6_benchmark_sm6_v1/default/marker_directed/b1024/ds04/baseline/bs01/metrics.json,921,8192,0.0015423757722601295,0.03927309221668354,/zhome/14/b/214266/Repos/ml-surrogates-for-power-systems/results/benchmark/experiments/thesis_sm6_benchmark_sm6_v1/default/marker_directed/b1024/ds04/dataset_manifest.json
marker_directed_b1024_ds04,/zhome/14/b/214266/Repos/ml-surrogates-for-power-systems/outputs/experiments/thesis_sm6_benchmark_sm6_v1/default/marker_directed/b1024/ds04,marker_directed,b1024,ds04,404,bs02,2202,default,SM6,/zhome/14/b/214266/Repos/ml-surrogates-for-power-systems/outputs/experiments/thesis_sm6_benchmark_sm6_v1/default/marker_directed/b1024/ds04/data/SM6/dataset_v1,pruned_after_run,/zhome/14/b/214266/Repos/ml-surrogates-for-power-systems/outputs/experiments/thesis_sm6_benchmark_sm6_v1/default/marker_directed/b1024/ds04/baseline/bs02,completed,/zhome/14/b/214266/Repos/ml-surrogates-for-power-systems/outputs/experiments/thesis_sm6_benchmark_sm6_v1/default/marker_directed/b1024/ds04/baseline/bs02/metrics.json,921,8192,0.0007582107791677117,0.027535627451861555,/zhome/14/b/214266/Repos/ml-surrogates-for-power-systems/results/benchmark/experiments/thesis_sm6_benchmark_sm6_v1/default/marker_directed/b1024/ds04/dataset_manifest.json
marker_directed_b1024_ds04,/zhome/14/b/214266/Repos/ml-surrogates-for-power-systems/outputs/experiments/thesis_sm6_benchmark_sm6_v1/default/marker_directed/b1024/ds04,marker_directed,b1024,ds04,404,bs03,3303,default,SM6,/zhome/14/b/214266/Repos/ml-surrogates-for-power-systems/outputs/experiments/thesis_sm6_benchmark_sm6_v1/default/marker_directed/b1024/ds04/data/SM6/dataset_v1,pruned_after_run,/zhome/14/b/214266/Repos/ml-surrogates-for-power-systems/outputs/experiments/thesis_sm6_benchmark_sm6_v1/default/marker_directed/b1024/ds04/baseline/bs03,completed,/zhome/14/b/214266/Repos/ml-surrogates-for-power-systems/outputs/experiments/thesis_sm6_benchmark_sm6_v1/default/marker_directed/b1024/ds04/baseline/bs03/metrics.json,921,8192,0.0012150465045124292,0.03485751718801024,/zhome/14/b/214266/Repos/ml-surrogates-for-power-systems/results/benchmark/experiments/thesis_sm6_benchmark_sm6_v1/default/marker_directed/b1024/ds04/dataset_manifest.json
marker_directed_b1024_ds05,/zhome/14/b/214266/Repos/ml-surrogates-for-power-systems/outputs/experiments/thesis_sm6_benchmark_sm6_v1/default/marker_directed/b1024/ds05,marker_directed,b1024,ds05,505,bs01,1101,default,SM6,/zhome/14/b/214266/Repos/ml-surrogates-for-power-systems/outputs/experiments/thesis_sm6_benchmark_sm6_v1/default/marker_directed/b1024/ds05/data/SM6/dataset_v1,pruned_after_run,/zhome/14/b/214266/Repos/ml-surrogates-for-power-systems/outputs/experiments/thesis_sm6_benchmark_sm6_v1/default/marker_directed/b1024/ds05/baseline/bs01,completed,/zhome/14/b/214266/Repos/ml-surrogates-for-power-systems/outputs/experiments/thesis_sm6_benchmark_sm6_v1/default/marker_directed/b1024/ds05/baseline/bs01/metrics.json,921,8192,0.0022472490090876818,0.04740515804306196,/zhome/14/b/214266/Repos/ml-surrogates-for-power-systems/results/benchmark/experiments/thesis_sm6_benchmark_sm6_v1/default/marker_directed/b1024/ds05/dataset_manifest.json
marker_directed_b1024_ds05,/zhome/14/b/214266/Repos/ml-surrogates-for-power-systems/outputs/experiments/thesis_sm6_benchmark_sm6_v1/default/marker_directed/b1024/ds05,marker_directed,b1024,ds05,505,bs02,2202,default,SM6,/zhome/14/b/214266/Repos/ml-surrogates-for-power-systems/outputs/experiments/thesis_sm6_benchmark_sm6_v1/default/marker_directed/b1024/ds05/data/SM6/dataset_v1,pruned_after_run,/zhome/14/b/214266/Repos/ml-surrogates-for-power-systems/outputs/experiments/thesis_sm6_benchmark_sm6_v1/default/marker_directed/b1024/ds05/baseline/bs02,completed,/zhome/14/b/214266/Repos/ml-surrogates-for-power-systems/outputs/experiments/thesis_sm6_benchmark_sm6_v1/default/marker_directed/b1024/ds05/baseline/bs02/metrics.json,921,8192,0.000750684761442244,0.027398626999217388,/zhome/14/b/214266/Repos/ml-surrogates-for-power-systems/results/benchmark/experiments/thesis_sm6_benchmark_sm6_v1/default/marker_directed/b1024/ds05/dataset_manifest.json
marker_directed_b1024_ds05,/zhome/14/b/214266/Repos/ml-surrogates-for-power-systems/outputs/experiments/thesis_sm6_benchmark_sm6_v1/default/marker_directed/b1024/ds05,marker_directed,b1024,ds05,505,bs03,3303,default,SM6,/zhome/14/b/214266/Repos/ml-surrogates-for-power-systems/outputs/experiments/thesis_sm6_benchmark_sm6_v1/default/marker_directed/b1024/ds05/data/SM6/dataset_v1,pruned_after_run,/zhome/14/b/214266/Repos/ml-surrogates-for-power-systems/outputs/experiments/thesis_sm6_benchmark_sm6_v1/default/marker_directed/b1024/ds05/baseline/bs03,completed,/zhome/14/b/214266/Repos/ml-surrogates-for-power-systems/outputs/experiments/thesis_sm6_benchmark_sm6_v1/default/marker_directed/b1024/ds05/baseline/bs03/metrics.json,921,8192,0.0009263600222766399,0.03043616306758524,/zhome/14/b/214266/Repos/ml-surrogates-for-power-systems/results/benchmark/experiments/thesis_sm6_benchmark_sm6_v1/default/marker_directed/b1024/ds05/dataset_manifest.json
marker_directed_b4096_ds01,/zhome/14/b/214266/Repos/ml-surrogates-for-power-systems/outputs/experiments/thesis_sm6_benchmark_sm6_v1/default/marker_directed/b4096/ds01,marker_directed,b4096,ds01,101,bs01,1101,default,SM6,/zhome/14/b/214266/Repos/ml-surrogates-for-power-systems/outputs/experiments/thesis_sm6_benchmark_sm6_v1/default/marker_directed/b4096/ds01/data/SM6/dataset_v1,pruned_after_run,/zhome/14/b/214266/Repos/ml-surrogates-for-power-systems/outputs/experiments/thesis_sm6_benchmark_sm6_v1/default/marker_directed/b4096/ds01/baseline/bs01,completed,/zhome/14/b/214266/Repos/ml-surrogates-for-power-systems/outputs/experiments/thesis_sm6_benchmark_sm6_v1/default/marker_directed/b4096/ds01/baseline/bs01/metrics.json,3686,8192,0.00012736306234728545,0.011285524460444249,/zhome/14/b/214266/Repos/ml-surrogates-for-power-systems/results/benchmark/experiments/thesis_sm6_benchmark_sm6_v1/default/marker_directed/b4096/ds01/dataset_manifest.json
marker_directed_b4096_ds01,/zhome/14/b/214266/Repos/ml-surrogates-for-power-systems/outputs/experiments/thesis_sm6_benchmark_sm6_v1/default/marker_directed/b4096/ds01,marker_directed,b4096,ds01,101,bs02,2202,default,SM6,/zhome/14/b/214266/Repos/ml-surrogates-for-power-systems/outputs/experiments/thesis_sm6_benchmark_sm6_v1/default/marker_directed/b4096/ds01/data/SM6/dataset_v1,pruned_after_run,/zhome/14/b/214266/Repos/ml-surrogates-for-power-systems/outputs/experiments/thesis_sm6_benchmark_sm6_v1/default/marker_directed/b4096/ds01/baseline/bs02,completed,/zhome/14/b/214266/Repos/ml-surrogates-for-power-systems/outputs/experiments/thesis_sm6_benchmark_sm6_v1/default/marker_directed/b4096/ds01/baseline/bs02/metrics.json,3686,8192,0.0003230421571061015,0.017973373559410085,/zhome/14/b/214266/Repos/ml-surrogates-for-power-systems/results/benchmark/experiments/thesis_sm6_benchmark_sm6_v1/default/marker_directed/b4096/ds01/dataset_manifest.json
marker_directed_b4096_ds01,/zhome/14/b/214266/Repos/ml-surrogates-for-power-systems/outputs/experiments/thesis_sm6_benchmark_sm6_v1/default/marker_directed/b4096/ds01,marker_directed,b4096,ds01,101,bs03,3303,default,SM6,/zhome/14/b/214266/Repos/ml-surrogates-for-power-systems/outputs/experiments/thesis_sm6_benchmark_sm6_v1/default/marker_directed/b4096/ds01/data/SM6/dataset_v1,pruned_after_run,/zhome/14/b/214266/Repos/ml-surrogates-for-power-systems/outputs/experiments/thesis_sm6_benchmark_sm6_v1/default/marker_directed/b4096/ds01/baseline/bs03,completed,/zhome/14/b/214266/Repos/ml-surrogates-for-power-systems/outputs/experiments/thesis_sm6_benchmark_sm6_v1/default/marker_directed/b4096/ds01/baseline/bs03/metrics.json,3686,8192,0.00019900224287994206,0.01410681547621369,/zhome/14/b/214266/Repos/ml-surrogates-for-power-systems/results/benchmark/experiments/thesis_sm6_benchmark_sm6_v1/default/marker_directed/b4096/ds01/dataset_manifest.json
marker_directed_b4096_ds02,/zhome/14/b/214266/Repos/ml-surrogates-for-power-systems/outputs/experiments/thesis_sm6_benchmark_sm6_v1/default/marker_directed/b4096/ds02,marker_directed,b4096,ds02,202,bs01,1101,default,SM6,/zhome/14/b/214266/Repos/ml-surrogates-for-power-systems/outputs/experiments/thesis_sm6_benchmark_sm6_v1/default/marker_directed/b4096/ds02/data/SM6/dataset_v1,pruned_after_run,/zhome/14/b/214266/Repos/ml-surrogates-for-power-systems/outputs/experiments/thesis_sm6_benchmark_sm6_v1/default/marker_directed/b4096/ds02/baseline/bs01,completed,/zhome/14/b/214266/Repos/ml-surrogates-for-power-systems/outputs/experiments/thesis_sm6_benchmark_sm6_v1/default/marker_directed/b4096/ds02/baseline/bs01/metrics.json,3686,8192,0.00020380457863211632,0.014276014101706272,/zhome/14/b/214266/Repos/ml-surrogates-for-power-systems/results/benchmark/experiments/thesis_sm6_benchmark_sm6_v1/default/marker_directed/b4096/ds02/dataset_manifest.json
marker_directed_b4096_ds02,/zhome/14/b/214266/Repos/ml-surrogates-for-power-systems/outputs/experiments/thesis_sm6_benchmark_sm6_v1/default/marker_directed/b4096/ds02,marker_directed,b4096,ds02,202,bs02,2202,default,SM6,/zhome/14/b/214266/Repos/ml-surrogates-for-power-systems/outputs/experiments/thesis_sm6_benchmark_sm6_v1/default/marker_directed/b4096/ds02/data/SM6/dataset_v1,pruned_after_run,/zhome/14/b/214266/Repos/ml-surrogates-for-power-systems/outputs/experiments/thesis_sm6_benchmark_sm6_v1/default/marker_directed/b4096/ds02/baseline/bs02,completed,/zhome/14/b/214266/Repos/ml-surrogates-for-power-systems/outputs/experiments/thesis_sm6_benchmark_sm6_v1/default/marker_directed/b4096/ds02/baseline/bs02/metrics.json,3686,8192,0.0002275970473419875,0.015086319874044414,/zhome/14/b/214266/Repos/ml-surrogates-for-power-systems/results/benchmark/experiments/thesis_sm6_benchmark_sm6_v1/default/marker_directed/b4096/ds02/dataset_manifest.json
marker_directed_b4096_ds02,/zhome/14/b/214266/Repos/ml-surrogates-for-power-systems/outputs/experiments/thesis_sm6_benchmark_sm6_v1/default/marker_directed/b4096/ds02,marker_directed,b4096,ds02,202,bs03,3303,default,SM6,/zhome/14/b/214266/Repos/ml-surrogates-for-power-systems/outputs/experiments/thesis_sm6_benchmark_sm6_v1/default/marker_directed/b4096/ds02/data/SM6/dataset_v1,pruned_after_run,/zhome/14/b/214266/Repos/ml-surrogates-for-power-systems/outputs/experiments/thesis_sm6_benchmark_sm6_v1/default/marker_directed/b4096/ds02/baseline/bs03,completed,/zhome/14/b/214266/Repos/ml-surrogates-for-power-systems/outputs/experiments/thesis_sm6_benchmark_sm6_v1/default/marker_directed/b4096/ds02/baseline/bs03/metrics.json,3686,8192,0.00023965261061675847,0.015480717380559547,/zhome/14/b/214266/Repos/ml-surrogates-for-power-systems/results/benchmark/experiments/thesis_sm6_benchmark_sm6_v1/default/marker_directed/b4096/ds02/dataset_manifest.json
marker_directed_b4096_ds03,/zhome/14/b/214266/Repos/ml-surrogates-for-power-systems/outputs/experiments/thesis_sm6_benchmark_sm6_v1/default/marker_directed/b4096/ds03,marker_directed,b4096,ds03,303,bs01,1101,default,SM6,/zhome/14/b/214266/Repos/ml-surrogates-for-power-systems/outputs/experiments/thesis_sm6_benchmark_sm6_v1/default/marker_directed/b4096/ds03/data/SM6/dataset_v1,pruned_after_run,/zhome/14/b/214266/Repos/ml-surrogates-for-power-systems/outputs/experiments/thesis_sm6_benchmark_sm6_v1/default/marker_directed/b4096/ds03/baseline/bs01,completed,/zhome/14/b/214266/Repos/ml-surrogates-for-power-systems/outputs/experiments/thesis_sm6_benchmark_sm6_v1/default/marker_directed/b4096/ds03/baseline/bs01/metrics.json,3686,8192,0.00013459078036248684,0.011601326663898695,/zhome/14/b/214266/Repos/ml-surrogates-for-power-systems/results/benchmark/experiments/thesis_sm6_benchmark_sm6_v1/default/marker_directed/b4096/ds03/dataset_manifest.json
marker_directed_b4096_ds03,/zhome/14/b/214266/Repos/ml-surrogates-for-power-systems/outputs/experiments/thesis_sm6_benchmark_sm6_v1/default/marker_directed/b4096/ds03,marker_directed,b4096,ds03,303,bs02,2202,default,SM6,/zhome/14/b/214266/Repos/ml-surrogates-for-power-systems/outputs/experiments/thesis_sm6_benchmark_sm6_v1/default/marker_directed/b4096/ds03/data/SM6/dataset_v1,pruned_after_run,/zhome/14/b/214266/Repos/ml-surrogates-for-power-systems/outputs/experiments/thesis_sm6_benchmark_sm6_v1/default/marker_directed/b4096/ds03/baseline/bs02,completed,/zhome/14/b/214266/Repos/ml-surrogates-for-power-systems/outputs/experiments/thesis_sm6_benchmark_sm6_v1/default/marker_directed/b4096/ds03/baseline/bs02/metrics.json,3686,8192,0.00015040856669656932,0.012264117036972916,/zhome/14/b/214266/Repos/ml-surrogates-for-power-systems/results/benchmark/experiments/thesis_sm6_benchmark_sm6_v1/default/marker_directed/b4096/ds03/dataset_manifest.json
marker_directed_b4096_ds03,/zhome/14/b/214266/Repos/ml-surrogates-for-power-systems/outputs/experiments/thesis_sm6_benchmark_sm6_v1/default/marker_directed/b4096/ds03,marker_directed,b4096,ds03,303,bs03,3303,default,SM6,/zhome/14/b/214266/Repos/ml-surrogates-for-power-systems/outputs/experiments/thesis_sm6_benchmark_sm6_v1/default/marker_directed/b4096/ds03/data/SM6/dataset_v1,pruned_after_run,/zhome/14/b/214266/Repos/ml-surrogates-for-power-systems/outputs/experiments/thesis_sm6_benchmark_sm6_v1/default/marker_directed/b4096/ds03/baseline/bs03,completed,/zhome/14/b/214266/Repos/ml-surrogates-for-power-systems/outputs/experiments/thesis_sm6_benchmark_sm6_v1/default/marker_directed/b4096/ds03/baseline/bs03/metrics.json,3686,8192,0.0001941129594342783,0.013932442694455208,/zhome/14/b/214266/Repos/ml-surrogates-for-power-systems/results/benchmark/experiments/thesis_sm6_benchmark_sm6_v1/default/marker_directed/b4096/ds03/dataset_manifest.json
marker_directed_b4096_ds04,/zhome/14/b/214266/Repos/ml-surrogates-for-power-systems/outputs/experiments/thesis_sm6_benchmark_sm6_v1/default/marker_directed/b4096/ds04,marker_directed,b4096,ds04,404,bs01,1101,default,SM6,/zhome/14/b/214266/Repos/ml-surrogates-for-power-systems/outputs/experiments/thesis_sm6_benchmark_sm6_v1/default/marker_directed/b4096/ds04/data/SM6/dataset_v1,pruned_after_run,/zhome/14/b/214266/Repos/ml-surrogates-for-power-systems/outputs/experiments/thesis_sm6_benchmark_sm6_v1/default/marker_directed/b4096/ds04/baseline/bs01,completed,/zhome/14/b/214266/Repos/ml-surrogates-for-power-systems/outputs/experiments/thesis_sm6_benchmark_sm6_v1/default/marker_directed/b4096/ds04/baseline/bs01/metrics.json,3686,8192,0.00011162582086399198,0.010565312151753586,/zhome/14/b/214266/Repos/ml-surrogates-for-power-systems/results/benchmark/experiments/thesis_sm6_benchmark_sm6_v1/default/marker_directed/b4096/ds04/dataset_manifest.json
marker_directed_b4096_ds04,/zhome/14/b/214266/Repos/ml-surrogates-for-power-systems/outputs/experiments/thesis_sm6_benchmark_sm6_v1/default/marker_directed/b4096/ds04,marker_directed,b4096,ds04,404,bs02,2202,default,SM6,/zhome/14/b/214266/Repos/ml-surrogates-for-power-systems/outputs/experiments/thesis_sm6_benchmark_sm6_v1/default/marker_directed/b4096/ds04/data/SM6/dataset_v1,pruned_after_run,/zhome/14/b/214266/Repos/ml-surrogates-for-power-systems/outputs/experiments/thesis_sm6_benchmark_sm6_v1/default/marker_directed/b4096/ds04/baseline/bs02,completed,/zhome/14/b/214266/Repos/ml-surrogates-for-power-systems/outputs/experiments/thesis_sm6_benchmark_sm6_v1/default/marker_directed/b4096/ds04/baseline/bs02/metrics.json,3686,8192,0.00017387662956025451,0.013186228784616718,/zhome/14/b/214266/Repos/ml-surrogates-for-power-systems/results/benchmark/experiments/thesis_sm6_benchmark_sm6_v1/default/marker_directed/b4096/ds04/dataset_manifest.json
marker_directed_b4096_ds04,/zhome/14/b/214266/Repos/ml-surrogates-for-power-systems/outputs/experiments/thesis_sm6_benchmark_sm6_v1/default/marker_directed/b4096/ds04,marker_directed,b4096,ds04,404,bs03,3303,default,SM6,/zhome/14/b/214266/Repos/ml-surrogates-for-power-systems/outputs/experiments/thesis_sm6_benchmark_sm6_v1/default/marker_directed/b4096/ds04/data/SM6/dataset_v1,pruned_after_run,/zhome/14/b/214266/Repos/ml-surrogates-for-power-systems/outputs/experiments/thesis_sm6_benchmark_sm6_v1/default/marker_directed/b4096/ds04/baseline/bs03,completed,/zhome/14/b/214266/Repos/ml-surrogates-for-power-systems/outputs/experiments/thesis_sm6_benchmark_sm6_v1/default/marker_directed/b4096/ds04/baseline/bs03/metrics.json,3686,8192,0.0002219727321062237,0.01489874934705003,/zhome/14/b/214266/Repos/ml-surrogates-for-power-systems/results/benchmark/experiments/thesis_sm6_benchmark_sm6_v1/default/marker_directed/b4096/ds04/dataset_manifest.json
marker_directed_b4096_ds05,/zhome/14/b/214266/Repos/ml-surrogates-for-power-systems/outputs/experiments/thesis_sm6_benchmark_sm6_v1/default/marker_directed/b4096/ds05,marker_directed,b4096,ds05,505,bs01,1101,default,SM6,/zhome/14/b/214266/Repos/ml-surrogates-for-power-systems/outputs/experiments/thesis_sm6_benchmark_sm6_v1/default/marker_directed/b4096/ds05/data/SM6/dataset_v1,pruned_after_run,/zhome/14/b/214266/Repos/ml-surrogates-for-power-systems/outputs/experiments/thesis_sm6_benchmark_sm6_v1/default/marker_directed/b4096/ds05/baseline/bs01,completed,/zhome/14/b/214266/Repos/ml-surrogates-for-power-systems/outputs/experiments/thesis_sm6_benchmark_sm6_v1/default/marker_directed/b4096/ds05/baseline/bs01/metrics.json,3686,8192,0.0002775973698589951,0.01666125355004824,/zhome/14/b/214266/Repos/ml-surrogates-for-power-systems/results/benchmark/experiments/thesis_sm6_benchmark_sm6_v1/default/marker_directed/b4096/ds05/dataset_manifest.json
marker_directed_b4096_ds05,/zhome/14/b/214266/Repos/ml-surrogates-for-power-systems/outputs/experiments/thesis_sm6_benchmark_sm6_v1/default/marker_directed/b4096/ds05,marker_directed,b4096,ds05,505,bs02,2202,default,SM6,/zhome/14/b/214266/Repos/ml-surrogates-for-power-systems/outputs/experiments/thesis_sm6_benchmark_sm6_v1/default/marker_directed/b4096/ds05/data/SM6/dataset_v1,pruned_after_run,/zhome/14/b/214266/Repos/ml-surrogates-for-power-systems/outputs/experiments/thesis_sm6_benchmark_sm6_v1/default/marker_directed/b4096/ds05/baseline/bs02,completed,/zhome/14/b/214266/Repos/ml-surrogates-for-power-systems/outputs/experiments/thesis_sm6_benchmark_sm6_v1/default/marker_directed/b4096/ds05/baseline/bs02/metrics.json,3686,8192,0.00016460836923215538,0.012829979315344018,/zhome/14/b/214266/Repos/ml-surrogates-for-power-systems/results/benchmark/experiments/thesis_sm6_benchmark_sm6_v1/default/marker_directed/b4096/ds05/dataset_manifest.json
marker_directed_b4096_ds05,/zhome/14/b/214266/Repos/ml-surrogates-for-power-systems/outputs/experiments/thesis_sm6_benchmark_sm6_v1/default/marker_directed/b4096/ds05,marker_directed,b4096,ds05,505,bs03,3303,default,SM6,/zhome/14/b/214266/Repos/ml-surrogates-for-power-systems/outputs/experiments/thesis_sm6_benchmark_sm6_v1/default/marker_directed/b4096/ds05/data/SM6/dataset_v1,pruned_after_run,/zhome/14/b/214266/Repos/ml-surrogates-for-power-systems/outputs/experiments/thesis_sm6_benchmark_sm6_v1/default/marker_directed/b4096/ds05/baseline/bs03,completed,/zhome/14/b/214266/Repos/ml-surrogates-for-power-systems/outputs/experiments/thesis_sm6_benchmark_sm6_v1/default/marker_directed/b4096/ds05/baseline/bs03/metrics.json,3686,8192,0.00019138843344990164,0.01383432085249947,/zhome/14/b/214266/Repos/ml-surrogates-for-power-systems/results/benchmark/experiments/thesis_sm6_benchmark_sm6_v1/default/marker_directed/b4096/ds05/dataset_manifest.json
marker_directed_b8192_ds01,/zhome/14/b/214266/Repos/ml-surrogates-for-power-systems/outputs/experiments/thesis_sm6_benchmark_sm6_v1/default/marker_directed/b8192/ds01,marker_directed,b8192,ds01,101,bs01,1101,default,SM6,/zhome/14/b/214266/Repos/ml-surrogates-for-power-systems/outputs/experiments/thesis_sm6_benchmark_sm6_v1/default/marker_directed/b8192/ds01/data/SM6/dataset_v1,pruned_after_run,/zhome/14/b/214266/Repos/ml-surrogates-for-power-systems/outputs/experiments/thesis_sm6_benchmark_sm6_v1/default/marker_directed/b8192/ds01/baseline/bs01,completed,/zhome/14/b/214266/Repos/ml-surrogates-for-power-systems/outputs/experiments/thesis_sm6_benchmark_sm6_v1/default/marker_directed/b8192/ds01/baseline/bs01/metrics.json,7372,8192,0.00016457359015475959,0.012828623860522203,/zhome/14/b/214266/Repos/ml-surrogates-for-power-systems/results/benchmark/experiments/thesis_sm6_benchmark_sm6_v1/default/marker_directed/b8192/ds01/dataset_manifest.json
marker_directed_b8192_ds01,/zhome/14/b/214266/Repos/ml-surrogates-for-power-systems/outputs/experiments/thesis_sm6_benchmark_sm6_v1/default/marker_directed/b8192/ds01,marker_directed,b8192,ds01,101,bs02,2202,default,SM6,/zhome/14/b/214266/Repos/ml-surrogates-for-power-systems/outputs/experiments/thesis_sm6_benchmark_sm6_v1/default/marker_directed/b8192/ds01/data/SM6/dataset_v1,pruned_after_run,/zhome/14/b/214266/Repos/ml-surrogates-for-power-systems/outputs/experiments/thesis_sm6_benchmark_sm6_v1/default/marker_directed/b8192/ds01/baseline/bs02,completed,/zhome/14/b/214266/Repos/ml-surrogates-for-power-systems/outputs/experiments/thesis_sm6_benchmark_sm6_v1/default/marker_directed/b8192/ds01/baseline/bs02/metrics.json,7372,8192,0.00021737678616773337,0.014743703271828735,/zhome/14/b/214266/Repos/ml-surrogates-for-power-systems/results/benchmark/experiments/thesis_sm6_benchmark_sm6_v1/default/marker_directed/b8192/ds01/dataset_manifest.json
marker_directed_b8192_ds01,/zhome/14/b/214266/Repos/ml-surrogates-for-power-systems/outputs/experiments/thesis_sm6_benchmark_sm6_v1/default/marker_directed/b8192/ds01,marker_directed,b8192,ds01,101,bs03,3303,default,SM6,/zhome/14/b/214266/Repos/ml-surrogates-for-power-systems/outputs/experiments/thesis_sm6_benchmark_sm6_v1/default/marker_directed/b8192/ds01/data/SM6/dataset_v1,pruned_after_run,/zhome/14/b/214266/Repos/ml-surrogates-for-power-systems/outputs/experiments/thesis_sm6_benchmark_sm6_v1/default/marker_directed/b8192/ds01/baseline/bs03,completed,/zhome/14/b/214266/Repos/ml-surrogates-for-power-systems/outputs/experiments/thesis_sm6_benchmark_sm6_v1/default/marker_directed/b8192/ds01/baseline/bs03/metrics.json,7372,8192,0.00011627253843471408,0.010782974470651133,/zhome/14/b/214266/Repos/ml-surrogates-for-power-systems/results/benchmark/experiments/thesis_sm6_benchmark_sm6_v1/default/marker_directed/b8192/ds01/dataset_manifest.json
marker_directed_b8192_ds02,/zhome/14/b/214266/Repos/ml-surrogates-for-power-systems/outputs/experiments/thesis_sm6_benchmark_sm6_v1/default/marker_directed/b8192/ds02,marker_directed,b8192,ds02,202,bs01,1101,default,SM6,/zhome/14/b/214266/Repos/ml-surrogates-for-power-systems/outputs/experiments/thesis_sm6_benchmark_sm6_v1/default/marker_directed/b8192/ds02/data/SM6/dataset_v1,pruned_after_run,/zhome/14/b/214266/Repos/ml-surrogates-for-power-systems/outputs/experiments/thesis_sm6_benchmark_sm6_v1/default/marker_directed/b8192/ds02/baseline/bs01,completed,/zhome/14/b/214266/Repos/ml-surrogates-for-power-systems/outputs/experiments/thesis_sm6_benchmark_sm6_v1/default/marker_directed/b8192/ds02/baseline/bs01/metrics.json,7372,8192,9.796353697311133e-05,0.009897653104302621,/zhome/14/b/214266/Repos/ml-surrogates-for-power-systems/results/benchmark/experiments/thesis_sm6_benchmark_sm6_v1/default/marker_directed/b8192/ds02/dataset_manifest.json
marker_directed_b8192_ds02,/zhome/14/b/214266/Repos/ml-surrogates-for-power-systems/outputs/experiments/thesis_sm6_benchmark_sm6_v1/default/marker_directed/b8192/ds02,marker_directed,b8192,ds02,202,bs02,2202,default,SM6,/zhome/14/b/214266/Repos/ml-surrogates-for-power-systems/outputs/experiments/thesis_sm6_benchmark_sm6_v1/default/marker_directed/b8192/ds02/data/SM6/dataset_v1,pruned_after_run,/zhome/14/b/214266/Repos/ml-surrogates-for-power-systems/outputs/experiments/thesis_sm6_benchmark_sm6_v1/default/marker_directed/b8192/ds02/baseline/bs02,completed,/zhome/14/b/214266/Repos/ml-surrogates-for-power-systems/outputs/experiments/thesis_sm6_benchmark_sm6_v1/default/marker_directed/b8192/ds02/baseline/bs02/metrics.json,7372,8192,0.00019075360614806414,0.01381135786764155,/zhome/14/b/214266/Repos/ml-surrogates-for-power-systems/results/benchmark/experiments/thesis_sm6_benchmark_sm6_v1/default/marker_directed/b8192/ds02/dataset_manifest.json
marker_directed_b8192_ds02,/zhome/14/b/214266/Repos/ml-surrogates-for-power-systems/outputs/experiments/thesis_sm6_benchmark_sm6_v1/default/marker_directed/b8192/ds02,marker_directed,b8192,ds02,202,bs03,3303,default,SM6,/zhome/14/b/214266/Repos/ml-surrogates-for-power-systems/outputs/experiments/thesis_sm6_benchmark_sm6_v1/default/marker_directed/b8192/ds02/data/SM6/dataset_v1,pruned_after_run,/zhome/14/b/214266/Repos/ml-surrogates-for-power-systems/outputs/experiments/thesis_sm6_benchmark_sm6_v1/default/marker_directed/b8192/ds02/baseline/bs03,completed,/zhome/14/b/214266/Repos/ml-surrogates-for-power-systems/outputs/experiments/thesis_sm6_benchmark_sm6_v1/default/marker_directed/b8192/ds02/baseline/bs03/metrics.json,7372,8192,0.00016560169751755893,0.012868632309517548,/zhome/14/b/214266/Repos/ml-surrogates-for-power-systems/results/benchmark/experiments/thesis_sm6_benchmark_sm6_v1/default/marker_directed/b8192/ds02/dataset_manifest.json
marker_directed_b8192_ds03,/zhome/14/b/214266/Repos/ml-surrogates-for-power-systems/outputs/experiments/thesis_sm6_benchmark_sm6_v1/default/marker_directed/b8192/ds03,marker_directed,b8192,ds03,303,bs01,1101,default,SM6,/zhome/14/b/214266/Repos/ml-surrogates-for-power-systems/outputs/experiments/thesis_sm6_benchmark_sm6_v1/default/marker_directed/b8192/ds03/data/SM6/dataset_v1,pruned_after_run,/zhome/14/b/214266/Repos/ml-surrogates-for-power-systems/outputs/experiments/thesis_sm6_benchmark_sm6_v1/default/marker_directed/b8192/ds03/baseline/bs01,completed,/zhome/14/b/214266/Repos/ml-surrogates-for-power-systems/outputs/experiments/thesis_sm6_benchmark_sm6_v1/default/marker_directed/b8192/ds03/baseline/bs01/metrics.json,7372,8192,0.00012173355207778513,0.011033292893682517,/zhome/14/b/214266/Repos/ml-surrogates-for-power-systems/results/benchmark/experiments/thesis_sm6_benchmark_sm6_v1/default/marker_directed/b8192/ds03/dataset_manifest.json
marker_directed_b8192_ds03,/zhome/14/b/214266/Repos/ml-surrogates-for-power-systems/outputs/experiments/thesis_sm6_benchmark_sm6_v1/default/marker_directed/b8192/ds03,marker_directed,b8192,ds03,303,bs02,2202,default,SM6,/zhome/14/b/214266/Repos/ml-surrogates-for-power-systems/outputs/experiments/thesis_sm6_benchmark_sm6_v1/default/marker_directed/b8192/ds03/data/SM6/dataset_v1,pruned_after_run,/zhome/14/b/214266/Repos/ml-surrogates-for-power-systems/outputs/experiments/thesis_sm6_benchmark_sm6_v1/default/marker_directed/b8192/ds03/baseline/bs02,completed,/zhome/14/b/214266/Repos/ml-surrogates-for-power-systems/outputs/experiments/thesis_sm6_benchmark_sm6_v1/default/marker_directed/b8192/ds03/baseline/bs02/metrics.json,7372,8192,0.00017785662203095853,0.01333628966508146,/zhome/14/b/214266/Repos/ml-surrogates-for-power-systems/results/benchmark/experiments/thesis_sm6_benchmark_sm6_v1/default/marker_directed/b8192/ds03/dataset_manifest.json
marker_directed_b8192_ds03,/zhome/14/b/214266/Repos/ml-surrogates-for-power-systems/outputs/experiments/thesis_sm6_benchmark_sm6_v1/default/marker_directed/b8192/ds03,marker_directed,b8192,ds03,303,bs03,3303,default,SM6,/zhome/14/b/214266/Repos/ml-surrogates-for-power-systems/outputs/experiments/thesis_sm6_benchmark_sm6_v1/default/marker_directed/b8192/ds03/data/SM6/dataset_v1,pruned_after_run,/zhome/14/b/214266/Repos/ml-surrogates-for-power-systems/outputs/experiments/thesis_sm6_benchmark_sm6_v1/default/marker_directed/b8192/ds03/baseline/bs03,completed,/zhome/14/b/214266/Repos/ml-surrogates-for-power-systems/outputs/experiments/thesis_sm6_benchmark_sm6_v1/default/marker_directed/b8192/ds03/baseline/bs03/metrics.json,7372,8192,0.0001126937277149409,0.010615730201683769,/zhome/14/b/214266/Repos/ml-surrogates-for-power-systems/results/benchmark/experiments/thesis_sm6_benchmark_sm6_v1/default/marker_directed/b8192/ds03/dataset_manifest.json
marker_directed_b8192_ds04,/zhome/14/b/214266/Repos/ml-surrogates-for-power-systems/outputs/experiments/thesis_sm6_benchmark_sm6_v1/default/marker_directed/b8192/ds04,marker_directed,b8192,ds04,404,bs01,1101,default,SM6,/zhome/14/b/214266/Repos/ml-surrogates-for-power-systems/outputs/experiments/thesis_sm6_benchmark_sm6_v1/default/marker_directed/b8192/ds04/data/SM6/dataset_v1,pruned_after_run,/zhome/14/b/214266/Repos/ml-surrogates-for-power-systems/outputs/experiments/thesis_sm6_benchmark_sm6_v1/default/marker_directed/b8192/ds04/baseline/bs01,completed,/zhome/14/b/214266/Repos/ml-surrogates-for-power-systems/outputs/experiments/thesis_sm6_benchmark_sm6_v1/default/marker_directed/b8192/ds04/baseline/bs01/metrics.json,7372,8192,0.0001256768882740289,0.011210570381297684,/zhome/14/b/214266/Repos/ml-surrogates-for-power-systems/results/benchmark/experiments/thesis_sm6_benchmark_sm6_v1/default/marker_directed/b8192/ds04/dataset_manifest.json
marker_directed_b8192_ds04,/zhome/14/b/214266/Repos/ml-surrogates-for-power-systems/outputs/experiments/thesis_sm6_benchmark_sm6_v1/default/marker_directed/b8192/ds04,marker_directed,b8192,ds04,404,bs02,2202,default,SM6,/zhome/14/b/214266/Repos/ml-surrogates-for-power-systems/outputs/experiments/thesis_sm6_benchmark_sm6_v1/default/marker_directed/b8192/ds04/data/SM6/dataset_v1,pruned_after_run,/zhome/14/b/214266/Repos/ml-surrogates-for-power-systems/outputs/experiments/thesis_sm6_benchmark_sm6_v1/default/marker_directed/b8192/ds04/baseline/bs02,completed,/zhome/14/b/214266/Repos/ml-surrogates-for-power-systems/outputs/experiments/thesis_sm6_benchmark_sm6_v1/default/marker_directed/b8192/ds04/baseline/bs02/metrics.json,7372,8192,0.00014341519272420555,0.011975608240260933,/zhome/14/b/214266/Repos/ml-surrogates-for-power-systems/results/benchmark/experiments/thesis_sm6_benchmark_sm6_v1/default/marker_directed/b8192/ds04/dataset_manifest.json
marker_directed_b8192_ds04,/zhome/14/b/214266/Repos/ml-surrogates-for-power-systems/outputs/experiments/thesis_sm6_benchmark_sm6_v1/default/marker_directed/b8192/ds04,marker_directed,b8192,ds04,404,bs03,3303,default,SM6,/zhome/14/b/214266/Repos/ml-surrogates-for-power-systems/outputs/experiments/thesis_sm6_benchmark_sm6_v1/default/marker_directed/b8192/ds04/data/SM6/dataset_v1,pruned_after_run,/zhome/14/b/214266/Repos/ml-surrogates-for-power-systems/outputs/experiments/thesis_sm6_benchmark_sm6_v1/default/marker_directed/b8192/ds04/baseline/bs03,completed,/zhome/14/b/214266/Repos/ml-surrogates-for-power-systems/outputs/experiments/thesis_sm6_benchmark_sm6_v1/default/marker_directed/b8192/ds04/baseline/bs03/metrics.json,7372,8192,0.00016152215539477766,0.012709136689593737,/zhome/14/b/214266/Repos/ml-surrogates-for-power-systems/results/benchmark/experiments/thesis_sm6_benchmark_sm6_v1/default/marker_directed/b8192/ds04/dataset_manifest.json
marker_directed_b8192_ds05,/zhome/14/b/214266/Repos/ml-surrogates-for-power-systems/outputs/experiments/thesis_sm6_benchmark_sm6_v1/default/marker_directed/b8192/ds05,marker_directed,b8192,ds05,505,bs01,1101,default,SM6,/zhome/14/b/214266/Repos/ml-surrogates-for-power-systems/outputs/experiments/thesis_sm6_benchmark_sm6_v1/default/marker_directed/b8192/ds05/data/SM6/dataset_v1,pruned_after_run,/zhome/14/b/214266/Repos/ml-surrogates-for-power-systems/outputs/experiments/thesis_sm6_benchmark_sm6_v1/default/marker_directed/b8192/ds05/baseline/bs01,completed,/zhome/14/b/214266/Repos/ml-surrogates-for-power-systems/outputs/experiments/thesis_sm6_benchmark_sm6_v1/default/marker_directed/b8192/ds05/baseline/bs01/metrics.json,7372,8192,0.00019759399583563209,0.0140568131465006,/zhome/14/b/214266/Repos/ml-surrogates-for-power-systems/results/benchmark/experiments/thesis_sm6_benchmark_sm6_v1/default/marker_directed/b8192/ds05/dataset_manifest.json
marker_directed_b8192_ds05,/zhome/14/b/214266/Repos/ml-surrogates-for-power-systems/outputs/experiments/thesis_sm6_benchmark_sm6_v1/default/marker_directed/b8192/ds05,marker_directed,b8192,ds05,505,bs02,2202,default,SM6,/zhome/14/b/214266/Repos/ml-surrogates-for-power-systems/outputs/experiments/thesis_sm6_benchmark_sm6_v1/default/marker_directed/b8192/ds05/data/SM6/dataset_v1,pruned_after_run,/zhome/14/b/214266/Repos/ml-surrogates-for-power-systems/outputs/experiments/thesis_sm6_benchmark_sm6_v1/default/marker_directed/b8192/ds05/baseline/bs02,completed,/zhome/14/b/214266/Repos/ml-surrogates-for-power-systems/outputs/experiments/thesis_sm6_benchmark_sm6_v1/default/marker_directed/b8192/ds05/baseline/bs02/metrics.json,7372,8192,0.00017175855464302003,0.013105668798005695,/zhome/14/b/214266/Repos/ml-surrogates-for-power-systems/results/benchmark/experiments/thesis_sm6_benchmark_sm6_v1/default/marker_directed/b8192/ds05/dataset_manifest.json
marker_directed_b8192_ds05,/zhome/14/b/214266/Repos/ml-surrogates-for-power-systems/outputs/experiments/thesis_sm6_benchmark_sm6_v1/default/marker_directed/b8192/ds05,marker_directed,b8192,ds05,505,bs03,3303,default,SM6,/zhome/14/b/214266/Repos/ml-surrogates-for-power-systems/outputs/experiments/thesis_sm6_benchmark_sm6_v1/default/marker_directed/b8192/ds05/data/SM6/dataset_v1,pruned_after_run,/zhome/14/b/214266/Repos/ml-surrogates-for-power-systems/outputs/experiments/thesis_sm6_benchmark_sm6_v1/default/marker_directed/b8192/ds05/baseline/bs03,completed,/zhome/14/b/214266/Repos/ml-surrogates-for-power-systems/outputs/experiments/thesis_sm6_benchmark_sm6_v1/default/marker_directed/b8192/ds05/baseline/bs03/metrics.json,7372,8192,0.00037964776856824756,0.01948455204946338,/zhome/14/b/214266/Repos/ml-surrogates-for-power-systems/results/benchmark/experiments/thesis_sm6_benchmark_sm6_v1/default/marker_directed/b8192/ds05/dataset_manifest.json
qbc_deep_ensemble_b1024_ds01,/zhome/14/b/214266/Repos/ml-surrogates-for-power-systems/outputs/experiments/thesis_sm6_benchmark_sm6_v1/default/qbc_deep_ensemble/b1024/ds01,qbc_deep_ensemble,b1024,ds01,101,bs01,1101,default,SM6,/zhome/14/b/214266/Repos/ml-surrogates-for-power-systems/outputs/experiments/thesis_sm6_benchmark_sm6_v1/default/qbc_deep_ensemble/b1024/ds01/data/SM6/dataset_v1,pruned_after_run,/zhome/14/b/214266/Repos/ml-surrogates-for-power-systems/outputs/experiments/thesis_sm6_benchmark_sm6_v1/default/qbc_deep_ensemble/b1024/ds01/baseline/bs01,completed,/zhome/14/b/214266/Repos/ml-surrogates-for-power-systems/outputs/experiments/thesis_sm6_benchmark_sm6_v1/default/qbc_deep_ensemble/b1024/ds01/baseline/bs01/metrics.json,921,8192,0.0008412183378823102,0.029003764201949892,/zhome/14/b/214266/Repos/ml-surrogates-for-power-systems/results/benchmark/experiments/thesis_sm6_benchmark_sm6_v1/default/qbc_deep_ensemble/b1024/ds01/dataset_manifest.json
qbc_deep_ensemble_b1024_ds01,/zhome/14/b/214266/Repos/ml-surrogates-for-power-systems/outputs/experiments/thesis_sm6_benchmark_sm6_v1/default/qbc_deep_ensemble/b1024/ds01,qbc_deep_ensemble,b1024,ds01,101,bs02,2202,default,SM6,/zhome/14/b/214266/Repos/ml-surrogates-for-power-systems/outputs/experiments/thesis_sm6_benchmark_sm6_v1/default/qbc_deep_ensemble/b1024/ds01/data/SM6/dataset_v1,pruned_after_run,/zhome/14/b/214266/Repos/ml-surrogates-for-power-systems/outputs/experiments/thesis_sm6_benchmark_sm6_v1/default/qbc_deep_ensemble/b1024/ds01/baseline/bs02,completed,/zhome/14/b/214266/Repos/ml-surrogates-for-power-systems/outputs/experiments/thesis_sm6_benchmark_sm6_v1/default/qbc_deep_ensemble/b1024/ds01/baseline/bs02/metrics.json,921,8192,0.0003325903380755335,0.018237059468991526,/zhome/14/b/214266/Repos/ml-surrogates-for-power-systems/results/benchmark/experiments/thesis_sm6_benchmark_sm6_v1/default/qbc_deep_ensemble/b1024/ds01/dataset_manifest.json
qbc_deep_ensemble_b1024_ds01,/zhome/14/b/214266/Repos/ml-surrogates-for-power-systems/outputs/experiments/thesis_sm6_benchmark_sm6_v1/default/qbc_deep_ensemble/b1024/ds01,qbc_deep_ensemble,b1024,ds01,101,bs03,3303,default,SM6,/zhome/14/b/214266/Repos/ml-surrogates-for-power-systems/outputs/experiments/thesis_sm6_benchmark_sm6_v1/default/qbc_deep_ensemble/b1024/ds01/data/SM6/dataset_v1,pruned_after_run,/zhome/14/b/214266/Repos/ml-surrogates-for-power-systems/outputs/experiments/thesis_sm6_benchmark_sm6_v1/default/qbc_deep_ensemble/b1024/ds01/baseline/bs03,completed,/zhome/14/b/214266/Repos/ml-surrogates-for-power-systems/outputs/experiments/thesis_sm6_benchmark_sm6_v1/default/qbc_deep_ensemble/b1024/ds01/baseline/bs03/metrics.json,921,8192,0.00037065765354782343,0.019252471362082933,/zhome/14/b/214266/Repos/ml-surrogates-for-power-systems/results/benchmark/experiments/thesis_sm6_benchmark_sm6_v1/default/qbc_deep_ensemble/b1024/ds01/dataset_manifest.json
qbc_deep_ensemble_b1024_ds02,/zhome/14/b/214266/Repos/ml-surrogates-for-power-systems/outputs/experiments/thesis_sm6_benchmark_sm6_v1/default/qbc_deep_ensemble/b1024/ds02,qbc_deep_ensemble,b1024,ds02,202,bs01,1101,default,SM6,/zhome/14/b/214266/Repos/ml-surrogates-for-power-systems/outputs/experiments/thesis_sm6_benchmark_sm6_v1/default/qbc_deep_ensemble/b1024/ds02/data/SM6/dataset_v1,pruned_after_run,/zhome/14/b/214266/Repos/ml-surrogates-for-power-systems/outputs/experiments/thesis_sm6_benchmark_sm6_v1/default/qbc_deep_ensemble/b1024/ds02/baseline/bs01,completed,/zhome/14/b/214266/Repos/ml-surrogates-for-power-systems/outputs/experiments/thesis_sm6_benchmark_sm6_v1/default/qbc_deep_ensemble/b1024/ds02/baseline/bs01/metrics.json,921,8192,0.0006855504470877349,0.02618301829598213,/zhome/14/b/214266/Repos/ml-surrogates-for-power-systems/results/benchmark/experiments/thesis_sm6_benchmark_sm6_v1/default/qbc_deep_ensemble/b1024/ds02/dataset_manifest.json
qbc_deep_ensemble_b1024_ds02,/zhome/14/b/214266/Repos/ml-surrogates-for-power-systems/outputs/experiments/thesis_sm6_benchmark_sm6_v1/default/qbc_deep_ensemble/b1024/ds02,qbc_deep_ensemble,b1024,ds02,202,bs02,2202,default,SM6,/zhome/14/b/214266/Repos/ml-surrogates-for-power-systems/outputs/experiments/thesis_sm6_benchmark_sm6_v1/default/qbc_deep_ensemble/b1024/ds02/data/SM6/dataset_v1,pruned_after_run,/zhome/14/b/214266/Repos/ml-surrogates-for-power-systems/outputs/experiments/thesis_sm6_benchmark_sm6_v1/default/qbc_deep_ensemble/b1024/ds02/baseline/bs02,completed,/zhome/14/b/214266/Repos/ml-surrogates-for-power-systems/outputs/experiments/thesis_sm6_benchmark_sm6_v1/default/qbc_deep_ensemble/b1024/ds02/baseline/bs02/metrics.json,921,8192,0.0012746090069413185,0.03570166672497684,/zhome/14/b/214266/Repos/ml-surrogates-for-power-systems/results/benchmark/experiments/thesis_sm6_benchmark_sm6_v1/default/qbc_deep_ensemble/b1024/ds02/dataset_manifest.json
qbc_deep_ensemble_b1024_ds02,/zhome/14/b/214266/Repos/ml-surrogates-for-power-systems/outputs/experiments/thesis_sm6_benchmark_sm6_v1/default/qbc_deep_ensemble/b1024/ds02,qbc_deep_ensemble,b1024,ds02,202,bs03,3303,default,SM6,/zhome/14/b/214266/Repos/ml-surrogates-for-power-systems/outputs/experiments/thesis_sm6_benchmark_sm6_v1/default/qbc_deep_ensemble/b1024/ds02/data/SM6/dataset_v1,pruned_after_run,/zhome/14/b/214266/Repos/ml-surrogates-for-power-systems/outputs/experiments/thesis_sm6_benchmark_sm6_v1/default/qbc_deep_ensemble/b1024/ds02/baseline/bs03,completed,/zhome/14/b/214266/Repos/ml-surrogates-for-power-systems/outputs/experiments/thesis_sm6_benchmark_sm6_v1/default/qbc_deep_ensemble/b1024/ds02/baseline/bs03/metrics.json,921,8192,0.00039274938171729445,0.019817905583519528,/zhome/14/b/214266/Repos/ml-surrogates-for-power-systems/results/benchmark/experiments/thesis_sm6_benchmark_sm6_v1/default/qbc_deep_ensemble/b1024/ds02/dataset_manifest.json
qbc_deep_ensemble_b1024_ds03,/zhome/14/b/214266/Repos/ml-surrogates-for-power-systems/outputs/experiments/thesis_sm6_benchmark_sm6_v1/default/qbc_deep_ensemble/b1024/ds03,qbc_deep_ensemble,b1024,ds03,303,bs01,1101,default,SM6,/zhome/14/b/214266/Repos/ml-surrogates-for-power-systems/outputs/experiments/thesis_sm6_benchmark_sm6_v1/default/qbc_deep_ensemble/b1024/ds03/data/SM6/dataset_v1,pruned_after_run,/zhome/14/b/214266/Repos/ml-surrogates-for-power-systems/outputs/experiments/thesis_sm6_benchmark_sm6_v1/default/qbc_deep_ensemble/b1024/ds03/baseline/bs01,completed,/zhome/14/b/214266/Repos/ml-surrogates-for-power-systems/outputs/experiments/thesis_sm6_benchmark_sm6_v1/default/qbc_deep_ensemble/b1024/ds03/baseline/bs01/metrics.json,921,8192,0.0009695622138679028,0.031137793978827447,/zhome/14/b/214266/Repos/ml-surrogates-for-power-systems/results/benchmark/experiments/thesis_sm6_benchmark_sm6_v1/default/qbc_deep_ensemble/b1024/ds03/dataset_manifest.json
qbc_deep_ensemble_b1024_ds03,/zhome/14/b/214266/Repos/ml-surrogates-for-power-systems/outputs/experiments/thesis_sm6_benchmark_sm6_v1/default/qbc_deep_ensemble/b1024/ds03,qbc_deep_ensemble,b1024,ds03,303,bs02,2202,default,SM6,/zhome/14/b/214266/Repos/ml-surrogates-for-power-systems/outputs/experiments/thesis_sm6_benchmark_sm6_v1/default/qbc_deep_ensemble/b1024/ds03/data/SM6/dataset_v1,pruned_after_run,/zhome/14/b/214266/Repos/ml-surrogates-for-power-systems/outputs/experiments/thesis_sm6_benchmark_sm6_v1/default/qbc_deep_ensemble/b1024/ds03/baseline/bs02,completed,/zhome/14/b/214266/Repos/ml-surrogates-for-power-systems/outputs/experiments/thesis_sm6_benchmark_sm6_v1/default/qbc_deep_ensemble/b1024/ds03/baseline/bs02/metrics.json,921,8192,0.0006553325802087784,0.025599464451600905,/zhome/14/b/214266/Repos/ml-surrogates-for-power-systems/results/benchmark/experiments/thesis_sm6_benchmark_sm6_v1/default/qbc_deep_ensemble/b1024/ds03/dataset_manifest.json
qbc_deep_ensemble_b1024_ds03,/zhome/14/b/214266/Repos/ml-surrogates-for-power-systems/outputs/experiments/thesis_sm6_benchmark_sm6_v1/default/qbc_deep_ensemble/b1024/ds03,qbc_deep_ensemble,b1024,ds03,303,bs03,3303,default,SM6,/zhome/14/b/214266/Repos/ml-surrogates-for-power-systems/outputs/experiments/thesis_sm6_benchmark_sm6_v1/default/qbc_deep_ensemble/b1024/ds03/data/SM6/dataset_v1,pruned_after_run,/zhome/14/b/214266/Repos/ml-surrogates-for-power-systems/outputs/experiments/thesis_sm6_benchmark_sm6_v1/default/qbc_deep_ensemble/b1024/ds03/baseline/bs03,completed,/zhome/14/b/214266/Repos/ml-surrogates-for-power-systems/outputs/experiments/thesis_sm6_benchmark_sm6_v1/default/qbc_deep_ensemble/b1024/ds03/baseline/bs03/metrics.json,921,8192,0.00032216132967732847,0.01794885315771814,/zhome/14/b/214266/Repos/ml-surrogates-for-power-systems/results/benchmark/experiments/thesis_sm6_benchmark_sm6_v1/default/qbc_deep_ensemble/b1024/ds03/dataset_manifest.json
qbc_deep_ensemble_b1024_ds04,/zhome/14/b/214266/Repos/ml-surrogates-for-power-systems/outputs/experiments/thesis_sm6_benchmark_sm6_v1/default/qbc_deep_ensemble/b1024/ds04,qbc_deep_ensemble,b1024,ds04,404,bs01,1101,default,SM6,/zhome/14/b/214266/Repos/ml-surrogates-for-power-systems/outputs/experiments/thesis_sm6_benchmark_sm6_v1/default/qbc_deep_ensemble/b1024/ds04/data/SM6/dataset_v1,pruned_after_run,/zhome/14/b/214266/Repos/ml-surrogates-for-power-systems/outputs/experiments/thesis_sm6_benchmark_sm6_v1/default/qbc_deep_ensemble/b1024/ds04/baseline/bs01,completed,/zhome/14/b/214266/Repos/ml-surrogates-for-power-systems/outputs/experiments/thesis_sm6_benchmark_sm6_v1/default/qbc_deep_ensemble/b1024/ds04/baseline/bs01/metrics.json,921,8192,0.0007093099411576986,0.026632873317719564,/zhome/14/b/214266/Repos/ml-surrogates-for-power-systems/results/benchmark/experiments/thesis_sm6_benchmark_sm6_v1/default/qbc_deep_ensemble/b1024/ds04/dataset_manifest.json
qbc_deep_ensemble_b1024_ds04,/zhome/14/b/214266/Repos/ml-surrogates-for-power-systems/outputs/experiments/thesis_sm6_benchmark_sm6_v1/default/qbc_deep_ensemble/b1024/ds04,qbc_deep_ensemble,b1024,ds04,404,bs02,2202,default,SM6,/zhome/14/b/214266/Repos/ml-surrogates-for-power-systems/outputs/experiments/thesis_sm6_benchmark_sm6_v1/default/qbc_deep_ensemble/b1024/ds04/data/SM6/dataset_v1,pruned_after_run,/zhome/14/b/214266/Repos/ml-surrogates-for-power-systems/outputs/experiments/thesis_sm6_benchmark_sm6_v1/default/qbc_deep_ensemble/b1024/ds04/baseline/bs02,completed,/zhome/14/b/214266/Repos/ml-surrogates-for-power-systems/outputs/experiments/thesis_sm6_benchmark_sm6_v1/default/qbc_deep_ensemble/b1024/ds04/baseline/bs02/metrics.json,921,8192,0.0007315818220376968,0.02704776926176532,/zhome/14/b/214266/Repos/ml-surrogates-for-power-systems/results/benchmark/experiments/thesis_sm6_benchmark_sm6_v1/default/qbc_deep_ensemble/b1024/ds04/dataset_manifest.json
qbc_deep_ensemble_b1024_ds04,/zhome/14/b/214266/Repos/ml-surrogates-for-power-systems/outputs/experiments/thesis_sm6_benchmark_sm6_v1/default/qbc_deep_ensemble/b1024/ds04,qbc_deep_ensemble,b1024,ds04,404,bs03,3303,default,SM6,/zhome/14/b/214266/Repos/ml-surrogates-for-power-systems/outputs/experiments/thesis_sm6_benchmark_sm6_v1/default/qbc_deep_ensemble/b1024/ds04/data/SM6/dataset_v1,pruned_after_run,/zhome/14/b/214266/Repos/ml-surrogates-for-power-systems/outputs/experiments/thesis_sm6_benchmark_sm6_v1/default/qbc_deep_ensemble/b1024/ds04/baseline/bs03,completed,/zhome/14/b/214266/Repos/ml-surrogates-for-power-systems/outputs/experiments/thesis_sm6_benchmark_sm6_v1/default/qbc_deep_ensemble/b1024/ds04/baseline/bs03/metrics.json,921,8192,0.0005397691274993122,0.023232931960889314,/zhome/14/b/214266/Repos/ml-surrogates-for-power-systems/results/benchmark/experiments/thesis_sm6_benchmark_sm6_v1/default/qbc_deep_ensemble/b1024/ds04/dataset_manifest.json
qbc_deep_ensemble_b1024_ds05,/zhome/14/b/214266/Repos/ml-surrogates-for-power-systems/outputs/experiments/thesis_sm6_benchmark_sm6_v1/default/qbc_deep_ensemble/b1024/ds05,qbc_deep_ensemble,b1024,ds05,505,bs01,1101,default,SM6,/zhome/14/b/214266/Repos/ml-surrogates-for-power-systems/outputs/experiments/thesis_sm6_benchmark_sm6_v1/default/qbc_deep_ensemble/b1024/ds05/data/SM6/dataset_v1,pruned_after_run,/zhome/14/b/214266/Repos/ml-surrogates-for-power-systems/outputs/experiments/thesis_sm6_benchmark_sm6_v1/default/qbc_deep_ensemble/b1024/ds05/baseline/bs01,completed,/zhome/14/b/214266/Repos/ml-surrogates-for-power-systems/outputs/experiments/thesis_sm6_benchmark_sm6_v1/default/qbc_deep_ensemble/b1024/ds05/baseline/bs01/metrics.json,921,8192,0.00032604849548079073,0.018056812993460136,/zhome/14/b/214266/Repos/ml-surrogates-for-power-systems/results/benchmark/experiments/thesis_sm6_benchmark_sm6_v1/default/qbc_deep_ensemble/b1024/ds05/dataset_manifest.json
qbc_deep_ensemble_b1024_ds05,/zhome/14/b/214266/Repos/ml-surrogates-for-power-systems/outputs/experiments/thesis_sm6_benchmark_sm6_v1/default/qbc_deep_ensemble/b1024/ds05,qbc_deep_ensemble,b1024,ds05,505,bs02,2202,default,SM6,/zhome/14/b/214266/Repos/ml-surrogates-for-power-systems/outputs/experiments/thesis_sm6_benchmark_sm6_v1/default/qbc_deep_ensemble/b1024/ds05/data/SM6/dataset_v1,pruned_after_run,/zhome/14/b/214266/Repos/ml-surrogates-for-power-systems/outputs/experiments/thesis_sm6_benchmark_sm6_v1/default/qbc_deep_ensemble/b1024/ds05/baseline/bs02,completed,/zhome/14/b/214266/Repos/ml-surrogates-for-power-systems/outputs/experiments/thesis_sm6_benchmark_sm6_v1/default/qbc_deep_ensemble/b1024/ds05/baseline/bs02/metrics.json,921,8192,0.0005216480349190533,0.022839615472223986,/zhome/14/b/214266/Repos/ml-surrogates-for-power-systems/results/benchmark/experiments/thesis_sm6_benchmark_sm6_v1/default/qbc_deep_ensemble/b1024/ds05/dataset_manifest.json
qbc_deep_ensemble_b1024_ds05,/zhome/14/b/214266/Repos/ml-surrogates-for-power-systems/outputs/experiments/thesis_sm6_benchmark_sm6_v1/default/qbc_deep_ensemble/b1024/ds05,qbc_deep_ensemble,b1024,ds05,505,bs03,3303,default,SM6,/zhome/14/b/214266/Repos/ml-surrogates-for-power-systems/outputs/experiments/thesis_sm6_benchmark_sm6_v1/default/qbc_deep_ensemble/b1024/ds05/data/SM6/dataset_v1,pruned_after_run,/zhome/14/b/214266/Repos/ml-surrogates-for-power-systems/outputs/experiments/thesis_sm6_benchmark_sm6_v1/default/qbc_deep_ensemble/b1024/ds05/baseline/bs03,completed,/zhome/14/b/214266/Repos/ml-surrogates-for-power-systems/outputs/experiments/thesis_sm6_benchmark_sm6_v1/default/qbc_deep_ensemble/b1024/ds05/baseline/bs03/metrics.json,921,8192,0.0002833502949215472,0.0168330120573101,/zhome/14/b/214266/Repos/ml-surrogates-for-power-systems/results/benchmark/experiments/thesis_sm6_benchmark_sm6_v1/default/qbc_deep_ensemble/b1024/ds05/dataset_manifest.json
qbc_deep_ensemble_b4096_ds01,/zhome/14/b/214266/Repos/ml-surrogates-for-power-systems/outputs/experiments/thesis_sm6_benchmark_sm6_v1/default/qbc_deep_ensemble/b4096/ds01,qbc_deep_ensemble,b4096,ds01,101,bs01,1101,default,SM6,/zhome/14/b/214266/Repos/ml-surrogates-for-power-systems/outputs/experiments/thesis_sm6_benchmark_sm6_v1/default/qbc_deep_ensemble/b4096/ds01/data/SM6/dataset_v1,pruned_after_run,/zhome/14/b/214266/Repos/ml-surrogates-for-power-systems/outputs/experiments/thesis_sm6_benchmark_sm6_v1/default/qbc_deep_ensemble/b4096/ds01/baseline/bs01,completed,/zhome/14/b/214266/Repos/ml-surrogates-for-power-systems/outputs/experiments/thesis_sm6_benchmark_sm6_v1/default/qbc_deep_ensemble/b4096/ds01/baseline/bs01/metrics.json,3686,8192,0.00046908645890653133,0.021658403886402416,/zhome/14/b/214266/Repos/ml-surrogates-for-power-systems/results/benchmark/experiments/thesis_sm6_benchmark_sm6_v1/default/qbc_deep_ensemble/b4096/ds01/dataset_manifest.json
qbc_deep_ensemble_b4096_ds01,/zhome/14/b/214266/Repos/ml-surrogates-for-power-systems/outputs/experiments/thesis_sm6_benchmark_sm6_v1/default/qbc_deep_ensemble/b4096/ds01,qbc_deep_ensemble,b4096,ds01,101,bs02,2202,default,SM6,/zhome/14/b/214266/Repos/ml-surrogates-for-power-systems/outputs/experiments/thesis_sm6_benchmark_sm6_v1/default/qbc_deep_ensemble/b4096/ds01/data/SM6/dataset_v1,pruned_after_run,/zhome/14/b/214266/Repos/ml-surrogates-for-power-systems/outputs/experiments/thesis_sm6_benchmark_sm6_v1/default/qbc_deep_ensemble/b4096/ds01/baseline/bs02,completed,/zhome/14/b/214266/Repos/ml-surrogates-for-power-systems/outputs/experiments/thesis_sm6_benchmark_sm6_v1/default/qbc_deep_ensemble/b4096/ds01/baseline/bs02/metrics.json,3686,8192,0.00010259448026772588,0.010128893338747618,/zhome/14/b/214266/Repos/ml-surrogates-for-power-systems/results/benchmark/experiments/thesis_sm6_benchmark_sm6_v1/default/qbc_deep_ensemble/b4096/ds01/dataset_manifest.json
qbc_deep_ensemble_b4096_ds01,/zhome/14/b/214266/Repos/ml-surrogates-for-power-systems/outputs/experiments/thesis_sm6_benchmark_sm6_v1/default/qbc_deep_ensemble/b4096/ds01,qbc_deep_ensemble,b4096,ds01,101,bs03,3303,default,SM6,/zhome/14/b/214266/Repos/ml-surrogates-for-power-systems/outputs/experiments/thesis_sm6_benchmark_sm6_v1/default/qbc_deep_ensemble/b4096/ds01/data/SM6/dataset_v1,pruned_after_run,/zhome/14/b/214266/Repos/ml-surrogates-for-power-systems/outputs/experiments/thesis_sm6_benchmark_sm6_v1/default/qbc_deep_ensemble/b4096/ds01/baseline/bs03,completed,/zhome/14/b/214266/Repos/ml-surrogates-for-power-systems/outputs/experiments/thesis_sm6_benchmark_sm6_v1/default/qbc_deep_ensemble/b4096/ds01/baseline/bs03/metrics.json,3686,8192,0.00015082769095897675,0.01228119257071465,/zhome/14/b/214266/Repos/ml-surrogates-for-power-systems/results/benchmark/experiments/thesis_sm6_benchmark_sm6_v1/default/qbc_deep_ensemble/b4096/ds01/dataset_manifest.json
qbc_deep_ensemble_b4096_ds02,/zhome/14/b/214266/Repos/ml-surrogates-for-power-systems/outputs/experiments/thesis_sm6_benchmark_sm6_v1/default/qbc_deep_ensemble/b4096/ds02,qbc_deep_ensemble,b4096,ds02,202,bs01,1101,default,SM6,/zhome/14/b/214266/Repos/ml-surrogates-for-power-systems/outputs/experiments/thesis_sm6_benchmark_sm6_v1/default/qbc_deep_ensemble/b4096/ds02/data/SM6/dataset_v1,pruned_after_run,/zhome/14/b/214266/Repos/ml-surrogates-for-power-systems/outputs/experiments/thesis_sm6_benchmark_sm6_v1/default/qbc_deep_ensemble/b4096/ds02/baseline/bs01,completed,/zhome/14/b/214266/Repos/ml-surrogates-for-power-systems/outputs/experiments/thesis_sm6_benchmark_sm6_v1/default/qbc_deep_ensemble/b4096/ds02/baseline/bs01/metrics.json,3686,8192,0.0001639561087358743,0.012804534694235254,/zhome/14/b/214266/Repos/ml-surrogates-for-power-systems/results/benchmark/experiments/thesis_sm6_benchmark_sm6_v1/default/qbc_deep_ensemble/b4096/ds02/dataset_manifest.json
qbc_deep_ensemble_b4096_ds02,/zhome/14/b/214266/Repos/ml-surrogates-for-power-systems/outputs/experiments/thesis_sm6_benchmark_sm6_v1/default/qbc_deep_ensemble/b4096/ds02,qbc_deep_ensemble,b4096,ds02,202,bs02,2202,default,SM6,/zhome/14/b/214266/Repos/ml-surrogates-for-power-systems/outputs/experiments/thesis_sm6_benchmark_sm6_v1/default/qbc_deep_ensemble/b4096/ds02/data/SM6/dataset_v1,pruned_after_run,/zhome/14/b/214266/Repos/ml-surrogates-for-power-systems/outputs/experiments/thesis_sm6_benchmark_sm6_v1/default/qbc_deep_ensemble/b4096/ds02/baseline/bs02,completed,/zhome/14/b/214266/Repos/ml-surrogates-for-power-systems/outputs/experiments/thesis_sm6_benchmark_sm6_v1/default/qbc_deep_ensemble/b4096/ds02/baseline/bs02/metrics.json,3686,8192,0.00039084680611267686,0.01976984587984127,/zhome/14/b/214266/Repos/ml-surrogates-for-power-systems/results/benchmark/experiments/thesis_sm6_benchmark_sm6_v1/default/qbc_deep_ensemble/b4096/ds02/dataset_manifest.json
qbc_deep_ensemble_b4096_ds02,/zhome/14/b/214266/Repos/ml-surrogates-for-power-systems/outputs/experiments/thesis_sm6_benchmark_sm6_v1/default/qbc_deep_ensemble/b4096/ds02,qbc_deep_ensemble,b4096,ds02,202,bs03,3303,default,SM6,/zhome/14/b/214266/Repos/ml-surrogates-for-power-systems/outputs/experiments/thesis_sm6_benchmark_sm6_v1/default/qbc_deep_ensemble/b4096/ds02/data/SM6/dataset_v1,pruned_after_run,/zhome/14/b/214266/Repos/ml-surrogates-for-power-systems/outputs/experiments/thesis_sm6_benchmark_sm6_v1/default/qbc_deep_ensemble/b4096/ds02/baseline/bs03,completed,/zhome/14/b/214266/Repos/ml-surrogates-for-power-systems/outputs/experiments/thesis_sm6_benchmark_sm6_v1/default/qbc_deep_ensemble/b4096/ds02/baseline/bs03/metrics.json,3686,8192,0.00018617880414240062,0.013644735400234063,/zhome/14/b/214266/Repos/ml-surrogates-for-power-systems/results/benchmark/experiments/thesis_sm6_benchmark_sm6_v1/default/qbc_deep_ensemble/b4096/ds02/dataset_manifest.json
qbc_deep_ensemble_b4096_ds03,/zhome/14/b/214266/Repos/ml-surrogates-for-power-systems/outputs/experiments/thesis_sm6_benchmark_sm6_v1/default/qbc_deep_ensemble/b4096/ds03,qbc_deep_ensemble,b4096,ds03,303,bs01,1101,default,SM6,/zhome/14/b/214266/Repos/ml-surrogates-for-power-systems/outputs/experiments/thesis_sm6_benchmark_sm6_v1/default/qbc_deep_ensemble/b4096/ds03/data/SM6/dataset_v1,pruned_after_run,/zhome/14/b/214266/Repos/ml-surrogates-for-power-systems/outputs/experiments/thesis_sm6_benchmark_sm6_v1/default/qbc_deep_ensemble/b4096/ds03/baseline/bs01,completed,/zhome/14/b/214266/Repos/ml-surrogates-for-power-systems/outputs/experiments/thesis_sm6_benchmark_sm6_v1/default/qbc_deep_ensemble/b4096/ds03/baseline/bs01/metrics.json,3686,8192,0.00020301991025917232,0.014248505544764065,/zhome/14/b/214266/Repos/ml-surrogates-for-power-systems/results/benchmark/experiments/thesis_sm6_benchmark_sm6_v1/default/qbc_deep_ensemble/b4096/ds03/dataset_manifest.json
qbc_deep_ensemble_b4096_ds03,/zhome/14/b/214266/Repos/ml-surrogates-for-power-systems/outputs/experiments/thesis_sm6_benchmark_sm6_v1/default/qbc_deep_ensemble/b4096/ds03,qbc_deep_ensemble,b4096,ds03,303,bs02,2202,default,SM6,/zhome/14/b/214266/Repos/ml-surrogates-for-power-systems/outputs/experiments/thesis_sm6_benchmark_sm6_v1/default/qbc_deep_ensemble/b4096/ds03/data/SM6/dataset_v1,pruned_after_run,/zhome/14/b/214266/Repos/ml-surrogates-for-power-systems/outputs/experiments/thesis_sm6_benchmark_sm6_v1/default/qbc_deep_ensemble/b4096/ds03/baseline/bs02,completed,/zhome/14/b/214266/Repos/ml-surrogates-for-power-systems/outputs/experiments/thesis_sm6_benchmark_sm6_v1/default/qbc_deep_ensemble/b4096/ds03/baseline/bs02/metrics.json,3686,8192,0.00018779489619191736,0.01370382779342755,/zhome/14/b/214266/Repos/ml-surrogates-for-power-systems/results/benchmark/experiments/thesis_sm6_benchmark_sm6_v1/default/qbc_deep_ensemble/b4096/ds03/dataset_manifest.json
qbc_deep_ensemble_b4096_ds03,/zhome/14/b/214266/Repos/ml-surrogates-for-power-systems/outputs/experiments/thesis_sm6_benchmark_sm6_v1/default/qbc_deep_ensemble/b4096/ds03,qbc_deep_ensemble,b4096,ds03,303,bs03,3303,default,SM6,/zhome/14/b/214266/Repos/ml-surrogates-for-power-systems/outputs/experiments/thesis_sm6_benchmark_sm6_v1/default/qbc_deep_ensemble/b4096/ds03/data/SM6/dataset_v1,pruned_after_run,/zhome/14/b/214266/Repos/ml-surrogates-for-power-systems/outputs/experiments/thesis_sm6_benchmark_sm6_v1/default/qbc_deep_ensemble/b4096/ds03/baseline/bs03,completed,/zhome/14/b/214266/Repos/ml-surrogates-for-power-systems/outputs/experiments/thesis_sm6_benchmark_sm6_v1/default/qbc_deep_ensemble/b4096/ds03/baseline/bs03/metrics.json,3686,8192,0.00037821955629624426,0.019447867654224828,/zhome/14/b/214266/Repos/ml-surrogates-for-power-systems/results/benchmark/experiments/thesis_sm6_benchmark_sm6_v1/default/qbc_deep_ensemble/b4096/ds03/dataset_manifest.json
qbc_deep_ensemble_b4096_ds04,/zhome/14/b/214266/Repos/ml-surrogates-for-power-systems/outputs/experiments/thesis_sm6_benchmark_sm6_v1/default/qbc_deep_ensemble/b4096/ds04,qbc_deep_ensemble,b4096,ds04,404,bs01,1101,default,SM6,/zhome/14/b/214266/Repos/ml-surrogates-for-power-systems/outputs/experiments/thesis_sm6_benchmark_sm6_v1/default/qbc_deep_ensemble/b4096/ds04/data/SM6/dataset_v1,pruned_after_run,/zhome/14/b/214266/Repos/ml-surrogates-for-power-systems/outputs/experiments/thesis_sm6_benchmark_sm6_v1/default/qbc_deep_ensemble/b4096/ds04/baseline/bs01,completed,/zhome/14/b/214266/Repos/ml-surrogates-for-power-systems/outputs/experiments/thesis_sm6_benchmark_sm6_v1/default/qbc_deep_ensemble/b4096/ds04/baseline/bs01/metrics.json,3686,8192,0.00019168673316016793,0.013845097802477523,/zhome/14/b/214266/Repos/ml-surrogates-for-power-systems/results/benchmark/experiments/thesis_sm6_benchmark_sm6_v1/default/qbc_deep_ensemble/b4096/ds04/dataset_manifest.json
qbc_deep_ensemble_b4096_ds04,/zhome/14/b/214266/Repos/ml-surrogates-for-power-systems/outputs/experiments/thesis_sm6_benchmark_sm6_v1/default/qbc_deep_ensemble/b4096/ds04,qbc_deep_ensemble,b4096,ds04,404,bs02,2202,default,SM6,/zhome/14/b/214266/Repos/ml-surrogates-for-power-systems/outputs/experiments/thesis_sm6_benchmark_sm6_v1/default/qbc_deep_ensemble/b4096/ds04/data/SM6/dataset_v1,pruned_after_run,/zhome/14/b/214266/Repos/ml-surrogates-for-power-systems/outputs/experiments/thesis_sm6_benchmark_sm6_v1/default/qbc_deep_ensemble/b4096/ds04/baseline/bs02,completed,/zhome/14/b/214266/Repos/ml-surrogates-for-power-systems/outputs/experiments/thesis_sm6_benchmark_sm6_v1/default/qbc_deep_ensemble/b4096/ds04/baseline/bs02/metrics.json,3686,8192,0.00011816238838946447,0.010870252452885558,/zhome/14/b/214266/Repos/ml-surrogates-for-power-systems/results/benchmark/experiments/thesis_sm6_benchmark_sm6_v1/default/qbc_deep_ensemble/b4096/ds04/dataset_manifest.json
qbc_deep_ensemble_b4096_ds04,/zhome/14/b/214266/Repos/ml-surrogates-for-power-systems/outputs/experiments/thesis_sm6_benchmark_sm6_v1/default/qbc_deep_ensemble/b4096/ds04,qbc_deep_ensemble,b4096,ds04,404,bs03,3303,default,SM6,/zhome/14/b/214266/Repos/ml-surrogates-for-power-systems/outputs/experiments/thesis_sm6_benchmark_sm6_v1/default/qbc_deep_ensemble/b4096/ds04/data/SM6/dataset_v1,pruned_after_run,/zhome/14/b/214266/Repos/ml-surrogates-for-power-systems/outputs/experiments/thesis_sm6_benchmark_sm6_v1/default/qbc_deep_ensemble/b4096/ds04/baseline/bs03,completed,/zhome/14/b/214266/Repos/ml-surrogates-for-power-systems/outputs/experiments/thesis_sm6_benchmark_sm6_v1/default/qbc_deep_ensemble/b4096/ds04/baseline/bs03/metrics.json,3686,8192,0.00022880990582052618,0.015126463757948391,/zhome/14/b/214266/Repos/ml-surrogates-for-power-systems/results/benchmark/experiments/thesis_sm6_benchmark_sm6_v1/default/qbc_deep_ensemble/b4096/ds04/dataset_manifest.json
qbc_deep_ensemble_b4096_ds05,/zhome/14/b/214266/Repos/ml-surrogates-for-power-systems/outputs/experiments/thesis_sm6_benchmark_sm6_v1/default/qbc_deep_ensemble/b4096/ds05,qbc_deep_ensemble,b4096,ds05,505,bs01,1101,default,SM6,/zhome/14/b/214266/Repos/ml-surrogates-for-power-systems/outputs/experiments/thesis_sm6_benchmark_sm6_v1/default/qbc_deep_ensemble/b4096/ds05/data/SM6/dataset_v1,pruned_after_run,/zhome/14/b/214266/Repos/ml-surrogates-for-power-systems/outputs/experiments/thesis_sm6_benchmark_sm6_v1/default/qbc_deep_ensemble/b4096/ds05/baseline/bs01,completed,/zhome/14/b/214266/Repos/ml-surrogates-for-power-systems/outputs/experiments/thesis_sm6_benchmark_sm6_v1/default/qbc_deep_ensemble/b4096/ds05/baseline/bs01/metrics.json,3686,8192,0.0001465859095333144,0.012107266806893884,/zhome/14/b/214266/Repos/ml-surrogates-for-power-systems/results/benchmark/experiments/thesis_sm6_benchmark_sm6_v1/default/qbc_deep_ensemble/b4096/ds05/dataset_manifest.json
qbc_deep_ensemble_b4096_ds05,/zhome/14/b/214266/Repos/ml-surrogates-for-power-systems/outputs/experiments/thesis_sm6_benchmark_sm6_v1/default/qbc_deep_ensemble/b4096/ds05,qbc_deep_ensemble,b4096,ds05,505,bs02,2202,default,SM6,/zhome/14/b/214266/Repos/ml-surrogates-for-power-systems/outputs/experiments/thesis_sm6_benchmark_sm6_v1/default/qbc_deep_ensemble/b4096/ds05/data/SM6/dataset_v1,pruned_after_run,/zhome/14/b/214266/Repos/ml-surrogates-for-power-systems/outputs/experiments/thesis_sm6_benchmark_sm6_v1/default/qbc_deep_ensemble/b4096/ds05/baseline/bs02,completed,/zhome/14/b/214266/Repos/ml-surrogates-for-power-systems/outputs/experiments/thesis_sm6_benchmark_sm6_v1/default/qbc_deep_ensemble/b4096/ds05/baseline/bs02/metrics.json,3686,8192,0.00033395877107977867,0.01827453887461401,/zhome/14/b/214266/Repos/ml-surrogates-for-power-systems/results/benchmark/experiments/thesis_sm6_benchmark_sm6_v1/default/qbc_deep_ensemble/b4096/ds05/dataset_manifest.json
qbc_deep_ensemble_b4096_ds05,/zhome/14/b/214266/Repos/ml-surrogates-for-power-systems/outputs/experiments/thesis_sm6_benchmark_sm6_v1/default/qbc_deep_ensemble/b4096/ds05,qbc_deep_ensemble,b4096,ds05,505,bs03,3303,default,SM6,/zhome/14/b/214266/Repos/ml-surrogates-for-power-systems/outputs/experiments/thesis_sm6_benchmark_sm6_v1/default/qbc_deep_ensemble/b4096/ds05/data/SM6/dataset_v1,pruned_after_run,/zhome/14/b/214266/Repos/ml-surrogates-for-power-systems/outputs/experiments/thesis_sm6_benchmark_sm6_v1/default/qbc_deep_ensemble/b4096/ds05/baseline/bs03,completed,/zhome/14/b/214266/Repos/ml-surrogates-for-power-systems/outputs/experiments/thesis_sm6_benchmark_sm6_v1/default/qbc_deep_ensemble/b4096/ds05/baseline/bs03/metrics.json,3686,8192,0.00019774357497226447,0.014062132660882718,/zhome/14/b/214266/Repos/ml-surrogates-for-power-systems/results/benchmark/experiments/thesis_sm6_benchmark_sm6_v1/default/qbc_deep_ensemble/b4096/ds05/dataset_manifest.json
qbc_deep_ensemble_b8192_ds01,/zhome/14/b/214266/Repos/ml-surrogates-for-power-systems/outputs/experiments/thesis_sm6_benchmark_sm6_v1/default/qbc_deep_ensemble/b8192/ds01,qbc_deep_ensemble,b8192,ds01,101,bs01,1101,default,SM6,/zhome/14/b/214266/Repos/ml-surrogates-for-power-systems/outputs/experiments/thesis_sm6_benchmark_sm6_v1/default/qbc_deep_ensemble/b8192/ds01/data/SM6/dataset_v1,pruned_after_run,/zhome/14/b/214266/Repos/ml-surrogates-for-power-systems/outputs/experiments/thesis_sm6_benchmark_sm6_v1/default/qbc_deep_ensemble/b8192/ds01/baseline/bs01,completed,/zhome/14/b/214266/Repos/ml-surrogates-for-power-systems/outputs/experiments/thesis_sm6_benchmark_sm6_v1/default/qbc_deep_ensemble/b8192/ds01/baseline/bs01/metrics.json,7372,8192,0.00011911960609722883,0.010914192874291202,/zhome/14/b/214266/Repos/ml-surrogates-for-power-systems/results/benchmark/experiments/thesis_sm6_benchmark_sm6_v1/default/qbc_deep_ensemble/b8192/ds01/dataset_manifest.json
qbc_deep_ensemble_b8192_ds01,/zhome/14/b/214266/Repos/ml-surrogates-for-power-systems/outputs/experiments/thesis_sm6_benchmark_sm6_v1/default/qbc_deep_ensemble/b8192/ds01,qbc_deep_ensemble,b8192,ds01,101,bs02,2202,default,SM6,/zhome/14/b/214266/Repos/ml-surrogates-for-power-systems/outputs/experiments/thesis_sm6_benchmark_sm6_v1/default/qbc_deep_ensemble/b8192/ds01/data/SM6/dataset_v1,pruned_after_run,/zhome/14/b/214266/Repos/ml-surrogates-for-power-systems/outputs/experiments/thesis_sm6_benchmark_sm6_v1/default/qbc_deep_ensemble/b8192/ds01/baseline/bs02,completed,/zhome/14/b/214266/Repos/ml-surrogates-for-power-systems/outputs/experiments/thesis_sm6_benchmark_sm6_v1/default/qbc_deep_ensemble/b8192/ds01/baseline/bs02/metrics.json,7372,8192,0.00010619854583637789,0.010305267868249611,/zhome/14/b/214266/Repos/ml-surrogates-for-power-systems/results/benchmark/experiments/thesis_sm6_benchmark_sm6_v1/default/qbc_deep_ensemble/b8192/ds01/dataset_manifest.json
qbc_deep_ensemble_b8192_ds01,/zhome/14/b/214266/Repos/ml-surrogates-for-power-systems/outputs/experiments/thesis_sm6_benchmark_sm6_v1/default/qbc_deep_ensemble/b8192/ds01,qbc_deep_ensemble,b8192,ds01,101,bs03,3303,default,SM6,/zhome/14/b/214266/Repos/ml-surrogates-for-power-systems/outputs/experiments/thesis_sm6_benchmark_sm6_v1/default/qbc_deep_ensemble/b8192/ds01/data/SM6/dataset_v1,pruned_after_run,/zhome/14/b/214266/Repos/ml-surrogates-for-power-systems/outputs/experiments/thesis_sm6_benchmark_sm6_v1/default/qbc_deep_ensemble/b8192/ds01/baseline/bs03,completed,/zhome/14/b/214266/Repos/ml-surrogates-for-power-systems/outputs/experiments/thesis_sm6_benchmark_sm6_v1/default/qbc_deep_ensemble/b8192/ds01/baseline/bs03/metrics.json,7372,8192,0.00045683348434977233,0.02137366333480932,/zhome/14/b/214266/Repos/ml-surrogates-for-power-systems/results/benchmark/experiments/thesis_sm6_benchmark_sm6_v1/default/qbc_deep_ensemble/b8192/ds01/dataset_manifest.json
qbc_deep_ensemble_b8192_ds02,/zhome/14/b/214266/Repos/ml-surrogates-for-power-systems/outputs/experiments/thesis_sm6_benchmark_sm6_v1/default/qbc_deep_ensemble/b8192/ds02,qbc_deep_ensemble,b8192,ds02,202,bs01,1101,default,SM6,/zhome/14/b/214266/Repos/ml-surrogates-for-power-systems/outputs/experiments/thesis_sm6_benchmark_sm6_v1/default/qbc_deep_ensemble/b8192/ds02/data/SM6/dataset_v1,pruned_after_run,/zhome/14/b/214266/Repos/ml-surrogates-for-power-systems/outputs/experiments/thesis_sm6_benchmark_sm6_v1/default/qbc_deep_ensemble/b8192/ds02/baseline/bs01,completed,/zhome/14/b/214266/Repos/ml-surrogates-for-power-systems/outputs/experiments/thesis_sm6_benchmark_sm6_v1/default/qbc_deep_ensemble/b8192/ds02/baseline/bs01/metrics.json,7372,8192,0.00020659064466599375,0.014373261448467211,/zhome/14/b/214266/Repos/ml-surrogates-for-power-systems/results/benchmark/experiments/thesis_sm6_benchmark_sm6_v1/default/qbc_deep_ensemble/b8192/ds02/dataset_manifest.json
qbc_deep_ensemble_b8192_ds02,/zhome/14/b/214266/Repos/ml-surrogates-for-power-systems/outputs/experiments/thesis_sm6_benchmark_sm6_v1/default/qbc_deep_ensemble/b8192/ds02,qbc_deep_ensemble,b8192,ds02,202,bs02,2202,default,SM6,/zhome/14/b/214266/Repos/ml-surrogates-for-power-systems/outputs/experiments/thesis_sm6_benchmark_sm6_v1/default/qbc_deep_ensemble/b8192/ds02/data/SM6/dataset_v1,pruned_after_run,/zhome/14/b/214266/Repos/ml-surrogates-for-power-systems/outputs/experiments/thesis_sm6_benchmark_sm6_v1/default/qbc_deep_ensemble/b8192/ds02/baseline/bs02,completed,/zhome/14/b/214266/Repos/ml-surrogates-for-power-systems/outputs/experiments/thesis_sm6_benchmark_sm6_v1/default/qbc_deep_ensemble/b8192/ds02/baseline/bs02/metrics.json,7372,8192,0.00010075385216623545,0.010037621838176384,/zhome/14/b/214266/Repos/ml-surrogates-for-power-systems/results/benchmark/experiments/thesis_sm6_benchmark_sm6_v1/default/qbc_deep_ensemble/b8192/ds02/dataset_manifest.json
qbc_deep_ensemble_b8192_ds02,/zhome/14/b/214266/Repos/ml-surrogates-for-power-systems/outputs/experiments/thesis_sm6_benchmark_sm6_v1/default/qbc_deep_ensemble/b8192/ds02,qbc_deep_ensemble,b8192,ds02,202,bs03,3303,default,SM6,/zhome/14/b/214266/Repos/ml-surrogates-for-power-systems/outputs/experiments/thesis_sm6_benchmark_sm6_v1/default/qbc_deep_ensemble/b8192/ds02/data/SM6/dataset_v1,pruned_after_run,/zhome/14/b/214266/Repos/ml-surrogates-for-power-systems/outputs/experiments/thesis_sm6_benchmark_sm6_v1/default/qbc_deep_ensemble/b8192/ds02/baseline/bs03,completed,/zhome/14/b/214266/Repos/ml-surrogates-for-power-systems/outputs/experiments/thesis_sm6_benchmark_sm6_v1/default/qbc_deep_ensemble/b8192/ds02/baseline/bs03/metrics.json,7372,8192,0.0002315882738912478,0.01521802463827838,/zhome/14/b/214266/Repos/ml-surrogates-for-power-systems/results/benchmark/experiments/thesis_sm6_benchmark_sm6_v1/default/qbc_deep_ensemble/b8192/ds02/dataset_manifest.json
qbc_deep_ensemble_b8192_ds03,/zhome/14/b/214266/Repos/ml-surrogates-for-power-systems/outputs/experiments/thesis_sm6_benchmark_sm6_v1/default/qbc_deep_ensemble/b8192/ds03,qbc_deep_ensemble,b8192,ds03,303,bs01,1101,default,SM6,/zhome/14/b/214266/Repos/ml-surrogates-for-power-systems/outputs/experiments/thesis_sm6_benchmark_sm6_v1/default/qbc_deep_ensemble/b8192/ds03/data/SM6/dataset_v1,pruned_after_run,/zhome/14/b/214266/Repos/ml-surrogates-for-power-systems/outputs/experiments/thesis_sm6_benchmark_sm6_v1/default/qbc_deep_ensemble/b8192/ds03/baseline/bs01,completed,/zhome/14/b/214266/Repos/ml-surrogates-for-power-systems/outputs/experiments/thesis_sm6_benchmark_sm6_v1/default/qbc_deep_ensemble/b8192/ds03/baseline/bs01/metrics.json,7372,8192,8.438449003733695e-05,0.009186103093115,/zhome/14/b/214266/Repos/ml-surrogates-for-power-systems/results/benchmark/experiments/thesis_sm6_benchmark_sm6_v1/default/qbc_deep_ensemble/b8192/ds03/dataset_manifest.json
qbc_deep_ensemble_b8192_ds03,/zhome/14/b/214266/Repos/ml-surrogates-for-power-systems/outputs/experiments/thesis_sm6_benchmark_sm6_v1/default/qbc_deep_ensemble/b8192/ds03,qbc_deep_ensemble,b8192,ds03,303,bs02,2202,default,SM6,/zhome/14/b/214266/Repos/ml-surrogates-for-power-systems/outputs/experiments/thesis_sm6_benchmark_sm6_v1/default/qbc_deep_ensemble/b8192/ds03/data/SM6/dataset_v1,pruned_after_run,/zhome/14/b/214266/Repos/ml-surrogates-for-power-systems/outputs/experiments/thesis_sm6_benchmark_sm6_v1/default/qbc_deep_ensemble/b8192/ds03/baseline/bs02,completed,/zhome/14/b/214266/Repos/ml-surrogates-for-power-systems/outputs/experiments/thesis_sm6_benchmark_sm6_v1/default/qbc_deep_ensemble/b8192/ds03/baseline/bs02/metrics.json,7372,8192,9.059161675395444e-05,0.009517962846846716,/zhome/14/b/214266/Repos/ml-surrogates-for-power-systems/results/benchmark/experiments/thesis_sm6_benchmark_sm6_v1/default/qbc_deep_ensemble/b8192/ds03/dataset_manifest.json
qbc_deep_ensemble_b8192_ds03,/zhome/14/b/214266/Repos/ml-surrogates-for-power-systems/outputs/experiments/thesis_sm6_benchmark_sm6_v1/default/qbc_deep_ensemble/b8192/ds03,qbc_deep_ensemble,b8192,ds03,303,bs03,3303,default,SM6,/zhome/14/b/214266/Repos/ml-surrogates-for-power-systems/outputs/experiments/thesis_sm6_benchmark_sm6_v1/default/qbc_deep_ensemble/b8192/ds03/data/SM6/dataset_v1,pruned_after_run,/zhome/14/b/214266/Repos/ml-surrogates-for-power-systems/outputs/experiments/thesis_sm6_benchmark_sm6_v1/default/qbc_deep_ensemble/b8192/ds03/baseline/bs03,completed,/zhome/14/b/214266/Repos/ml-surrogates-for-power-systems/outputs/experiments/thesis_sm6_benchmark_sm6_v1/default/qbc_deep_ensemble/b8192/ds03/baseline/bs03/metrics.json,7372,8192,0.00016280247655231506,0.012759407374651656,/zhome/14/b/214266/Repos/ml-surrogates-for-power-systems/results/benchmark/experiments/thesis_sm6_benchmark_sm6_v1/default/qbc_deep_ensemble/b8192/ds03/dataset_manifest.json
qbc_deep_ensemble_b8192_ds04,/zhome/14/b/214266/Repos/ml-surrogates-for-power-systems/outputs/experiments/thesis_sm6_benchmark_sm6_v1/default/qbc_deep_ensemble/b8192/ds04,qbc_deep_ensemble,b8192,ds04,404,bs01,1101,default,SM6,/zhome/14/b/214266/Repos/ml-surrogates-for-power-systems/outputs/experiments/thesis_sm6_benchmark_sm6_v1/default/qbc_deep_ensemble/b8192/ds04/data/SM6/dataset_v1,pruned_after_run,/zhome/14/b/214266/Repos/ml-surrogates-for-power-systems/outputs/experiments/thesis_sm6_benchmark_sm6_v1/default/qbc_deep_ensemble/b8192/ds04/baseline/bs01,completed,/zhome/14/b/214266/Repos/ml-surrogates-for-power-systems/outputs/experiments/thesis_sm6_benchmark_sm6_v1/default/qbc_deep_ensemble/b8192/ds04/baseline/bs01/metrics.json,7372,8192,9.539193706586957e-05,0.009766879597183,/zhome/14/b/214266/Repos/ml-surrogates-for-power-systems/results/benchmark/experiments/thesis_sm6_benchmark_sm6_v1/default/qbc_deep_ensemble/b8192/ds04/dataset_manifest.json
qbc_deep_ensemble_b8192_ds04,/zhome/14/b/214266/Repos/ml-surrogates-for-power-systems/outputs/experiments/thesis_sm6_benchmark_sm6_v1/default/qbc_deep_ensemble/b8192/ds04,qbc_deep_ensemble,b8192,ds04,404,bs02,2202,default,SM6,/zhome/14/b/214266/Repos/ml-surrogates-for-power-systems/outputs/experiments/thesis_sm6_benchmark_sm6_v1/default/qbc_deep_ensemble/b8192/ds04/data/SM6/dataset_v1,pruned_after_run,/zhome/14/b/214266/Repos/ml-surrogates-for-power-systems/outputs/experiments/thesis_sm6_benchmark_sm6_v1/default/qbc_deep_ensemble/b8192/ds04/baseline/bs02,completed,/zhome/14/b/214266/Repos/ml-surrogates-for-power-systems/outputs/experiments/thesis_sm6_benchmark_sm6_v1/default/qbc_deep_ensemble/b8192/ds04/baseline/bs02/metrics.json,7372,8192,7.21031246939674e-05,0.00849135588077472,/zhome/14/b/214266/Repos/ml-surrogates-for-power-systems/results/benchmark/experiments/thesis_sm6_benchmark_sm6_v1/default/qbc_deep_ensemble/b8192/ds04/dataset_manifest.json
qbc_deep_ensemble_b8192_ds04,/zhome/14/b/214266/Repos/ml-surrogates-for-power-systems/outputs/experiments/thesis_sm6_benchmark_sm6_v1/default/qbc_deep_ensemble/b8192/ds04,qbc_deep_ensemble,b8192,ds04,404,bs03,3303,default,SM6,/zhome/14/b/214266/Repos/ml-surrogates-for-power-systems/outputs/experiments/thesis_sm6_benchmark_sm6_v1/default/qbc_deep_ensemble/b8192/ds04/data/SM6/dataset_v1,pruned_after_run,/zhome/14/b/214266/Repos/ml-surrogates-for-power-systems/outputs/experiments/thesis_sm6_benchmark_sm6_v1/default/qbc_deep_ensemble/b8192/ds04/baseline/bs03,completed,/zhome/14/b/214266/Repos/ml-surrogates-for-power-systems/outputs/experiments/thesis_sm6_benchmark_sm6_v1/default/qbc_deep_ensemble/b8192/ds04/baseline/bs03/metrics.json,7372,8192,6.881893932586536e-05,0.008295718132016381,/zhome/14/b/214266/Repos/ml-surrogates-for-power-systems/results/benchmark/experiments/thesis_sm6_benchmark_sm6_v1/default/qbc_deep_ensemble/b8192/ds04/dataset_manifest.json
qbc_deep_ensemble_b8192_ds05,/zhome/14/b/214266/Repos/ml-surrogates-for-power-systems/outputs/experiments/thesis_sm6_benchmark_sm6_v1/default/qbc_deep_ensemble/b8192/ds05,qbc_deep_ensemble,b8192,ds05,505,bs01,1101,default,SM6,/zhome/14/b/214266/Repos/ml-surrogates-for-power-systems/outputs/experiments/thesis_sm6_benchmark_sm6_v1/default/qbc_deep_ensemble/b8192/ds05/data/SM6/dataset_v1,pruned_after_run,/zhome/14/b/214266/Repos/ml-surrogates-for-power-systems/outputs/experiments/thesis_sm6_benchmark_sm6_v1/default/qbc_deep_ensemble/b8192/ds05/baseline/bs01,completed,/zhome/14/b/214266/Repos/ml-surrogates-for-power-systems/outputs/experiments/thesis_sm6_benchmark_sm6_v1/default/qbc_deep_ensemble/b8192/ds05/baseline/bs01/metrics.json,7372,8192,0.0001099095243262127,0.010483774335906545,/zhome/14/b/214266/Repos/ml-surrogates-for-power-systems/results/benchmark/experiments/thesis_sm6_benchmark_sm6_v1/default/qbc_deep_ensemble/b8192/ds05/dataset_manifest.json
qbc_deep_ensemble_b8192_ds05,/zhome/14/b/214266/Repos/ml-surrogates-for-power-systems/outputs/experiments/thesis_sm6_benchmark_sm6_v1/default/qbc_deep_ensemble/b8192/ds05,qbc_deep_ensemble,b8192,ds05,505,bs02,2202,default,SM6,/zhome/14/b/214266/Repos/ml-surrogates-for-power-systems/outputs/experiments/thesis_sm6_benchmark_sm6_v1/default/qbc_deep_ensemble/b8192/ds05/data/SM6/dataset_v1,pruned_after_run,/zhome/14/b/214266/Repos/ml-surrogates-for-power-systems/outputs/experiments/thesis_sm6_benchmark_sm6_v1/default/qbc_deep_ensemble/b8192/ds05/baseline/bs02,completed,/zhome/14/b/214266/Repos/ml-surrogates-for-power-systems/outputs/experiments/thesis_sm6_benchmark_sm6_v1/default/qbc_deep_ensemble/b8192/ds05/baseline/bs02/metrics.json,7372,8192,0.0001666272000875324,0.012908415862821139,/zhome/14/b/214266/Repos/ml-surrogates-for-power-systems/results/benchmark/experiments/thesis_sm6_benchmark_sm6_v1/default/qbc_deep_ensemble/b8192/ds05/dataset_manifest.json
qbc_deep_ensemble_b8192_ds05,/zhome/14/b/214266/Repos/ml-surrogates-for-power-systems/outputs/experiments/thesis_sm6_benchmark_sm6_v1/default/qbc_deep_ensemble/b8192/ds05,qbc_deep_ensemble,b8192,ds05,505,bs03,3303,default,SM6,/zhome/14/b/214266/Repos/ml-surrogates-for-power-systems/outputs/experiments/thesis_sm6_benchmark_sm6_v1/default/qbc_deep_ensemble/b8192/ds05/data/SM6/dataset_v1,pruned_after_run,/zhome/14/b/214266/Repos/ml-surrogates-for-power-systems/outputs/experiments/thesis_sm6_benchmark_sm6_v1/default/qbc_deep_ensemble/b8192/ds05/baseline/bs03,completed,/zhome/14/b/214266/Repos/ml-surrogates-for-power-systems/outputs/experiments/thesis_sm6_benchmark_sm6_v1/default/qbc_deep_ensemble/b8192/ds05/baseline/bs03/metrics.json,7372,8192,9.508047514827922e-05,0.009750921758904602,/zhome/14/b/214266/Repos/ml-surrogates-for-power-systems/results/benchmark/experiments/thesis_sm6_benchmark_sm6_v1/default/qbc_deep_ensemble/b8192/ds05/dataset_manifest.json
qbc_marker_hybrid_b1024_ds01,/zhome/14/b/214266/Repos/ml-surrogates-for-power-systems/outputs/experiments/thesis_sm6_benchmark_sm6_v1/default/qbc_marker_hybrid/b1024/ds01,qbc_marker_hybrid,b1024,ds01,101,bs01,1101,default,SM6,/zhome/14/b/214266/Repos/ml-surrogates-for-power-systems/outputs/experiments/thesis_sm6_benchmark_sm6_v1/default/qbc_marker_hybrid/b1024/ds01/data/SM6/dataset_v1,pruned_after_run,/zhome/14/b/214266/Repos/ml-surrogates-for-power-systems/outputs/experiments/thesis_sm6_benchmark_sm6_v1/default/qbc_marker_hybrid/b1024/ds01/baseline/bs01,completed,/zhome/14/b/214266/Repos/ml-surrogates-for-power-systems/outputs/experiments/thesis_sm6_benchmark_sm6_v1/default/qbc_marker_hybrid/b1024/ds01/baseline/bs01/metrics.json,921,8192,0.0008018773514777422,0.02831743899927644,/zhome/14/b/214266/Repos/ml-surrogates-for-power-systems/results/benchmark/experiments/thesis_sm6_benchmark_sm6_v1/default/qbc_marker_hybrid/b1024/ds01/dataset_manifest.json
qbc_marker_hybrid_b1024_ds01,/zhome/14/b/214266/Repos/ml-surrogates-for-power-systems/outputs/experiments/thesis_sm6_benchmark_sm6_v1/default/qbc_marker_hybrid/b1024/ds01,qbc_marker_hybrid,b1024,ds01,101,bs02,2202,default,SM6,/zhome/14/b/214266/Repos/ml-surrogates-for-power-systems/outputs/experiments/thesis_sm6_benchmark_sm6_v1/default/qbc_marker_hybrid/b1024/ds01/data/SM6/dataset_v1,pruned_after_run,/zhome/14/b/214266/Repos/ml-surrogates-for-power-systems/outputs/experiments/thesis_sm6_benchmark_sm6_v1/default/qbc_marker_hybrid/b1024/ds01/baseline/bs02,completed,/zhome/14/b/214266/Repos/ml-surrogates-for-power-systems/outputs/experiments/thesis_sm6_benchmark_sm6_v1/default/qbc_marker_hybrid/b1024/ds01/baseline/bs02/metrics.json,921,8192,0.0005823097890242934,0.024131095893562177,/zhome/14/b/214266/Repos/ml-surrogates-for-power-systems/results/benchmark/experiments/thesis_sm6_benchmark_sm6_v1/default/qbc_marker_hybrid/b1024/ds01/dataset_manifest.json
qbc_marker_hybrid_b1024_ds01,/zhome/14/b/214266/Repos/ml-surrogates-for-power-systems/outputs/experiments/thesis_sm6_benchmark_sm6_v1/default/qbc_marker_hybrid/b1024/ds01,qbc_marker_hybrid,b1024,ds01,101,bs03,3303,default,SM6,/zhome/14/b/214266/Repos/ml-surrogates-for-power-systems/outputs/experiments/thesis_sm6_benchmark_sm6_v1/default/qbc_marker_hybrid/b1024/ds01/data/SM6/dataset_v1,pruned_after_run,/zhome/14/b/214266/Repos/ml-surrogates-for-power-systems/outputs/experiments/thesis_sm6_benchmark_sm6_v1/default/qbc_marker_hybrid/b1024/ds01/baseline/bs03,completed,/zhome/14/b/214266/Repos/ml-surrogates-for-power-systems/outputs/experiments/thesis_sm6_benchmark_sm6_v1/default/qbc_marker_hybrid/b1024/ds01/baseline/bs03/metrics.json,921,8192,0.0010073884623125196,0.03173938345829231,/zhome/14/b/214266/Repos/ml-surrogates-for-power-systems/results/benchmark/experiments/thesis_sm6_benchmark_sm6_v1/default/qbc_marker_hybrid/b1024/ds01/dataset_manifest.json
qbc_marker_hybrid_b1024_ds02,/zhome/14/b/214266/Repos/ml-surrogates-for-power-systems/outputs/experiments/thesis_sm6_benchmark_sm6_v1/default/qbc_marker_hybrid/b1024/ds02,qbc_marker_hybrid,b1024,ds02,202,bs01,1101,default,SM6,/zhome/14/b/214266/Repos/ml-surrogates-for-power-systems/outputs/experiments/thesis_sm6_benchmark_sm6_v1/default/qbc_marker_hybrid/b1024/ds02/data/SM6/dataset_v1,pruned_after_run,/zhome/14/b/214266/Repos/ml-surrogates-for-power-systems/outputs/experiments/thesis_sm6_benchmark_sm6_v1/default/qbc_marker_hybrid/b1024/ds02/baseline/bs01,completed,/zhome/14/b/214266/Repos/ml-surrogates-for-power-systems/outputs/experiments/thesis_sm6_benchmark_sm6_v1/default/qbc_marker_hybrid/b1024/ds02/baseline/bs01/metrics.json,921,8192,0.0002255795698147267,0.015019306569037291,/zhome/14/b/214266/Repos/ml-surrogates-for-power-systems/results/benchmark/experiments/thesis_sm6_benchmark_sm6_v1/default/qbc_marker_hybrid/b1024/ds02/dataset_manifest.json
qbc_marker_hybrid_b1024_ds02,/zhome/14/b/214266/Repos/ml-surrogates-for-power-systems/outputs/experiments/thesis_sm6_benchmark_sm6_v1/default/qbc_marker_hybrid/b1024/ds02,qbc_marker_hybrid,b1024,ds02,202,bs02,2202,default,SM6,/zhome/14/b/214266/Repos/ml-surrogates-for-power-systems/outputs/experiments/thesis_sm6_benchmark_sm6_v1/default/qbc_marker_hybrid/b1024/ds02/data/SM6/dataset_v1,pruned_after_run,/zhome/14/b/214266/Repos/ml-surrogates-for-power-systems/outputs/experiments/thesis_sm6_benchmark_sm6_v1/default/qbc_marker_hybrid/b1024/ds02/baseline/bs02,completed,/zhome/14/b/214266/Repos/ml-surrogates-for-power-systems/outputs/experiments/thesis_sm6_benchmark_sm6_v1/default/qbc_marker_hybrid/b1024/ds02/baseline/bs02/metrics.json,921,8192,0.0006086998619139194,0.02467184350456851,/zhome/14/b/214266/Repos/ml-surrogates-for-power-systems/results/benchmark/experiments/thesis_sm6_benchmark_sm6_v1/default/qbc_marker_hybrid/b1024/ds02/dataset_manifest.json
qbc_marker_hybrid_b1024_ds02,/zhome/14/b/214266/Repos/ml-surrogates-for-power-systems/outputs/experiments/thesis_sm6_benchmark_sm6_v1/default/qbc_marker_hybrid/b1024/ds02,qbc_marker_hybrid,b1024,ds02,202,bs03,3303,default,SM6,/zhome/14/b/214266/Repos/ml-surrogates-for-power-systems/outputs/experiments/thesis_sm6_benchmark_sm6_v1/default/qbc_marker_hybrid/b1024/ds02/data/SM6/dataset_v1,pruned_after_run,/zhome/14/b/214266/Repos/ml-surrogates-for-power-systems/outputs/experiments/thesis_sm6_benchmark_sm6_v1/default/qbc_marker_hybrid/b1024/ds02/baseline/bs03,completed,/zhome/14/b/214266/Repos/ml-surrogates-for-power-systems/outputs/experiments/thesis_sm6_benchmark_sm6_v1/default/qbc_marker_hybrid/b1024/ds02/baseline/bs03/metrics.json,921,8192,0.0006410600617527962,0.02531916392286278,/zhome/14/b/214266/Repos/ml-surrogates-for-power-systems/results/benchmark/experiments/thesis_sm6_benchmark_sm6_v1/default/qbc_marker_hybrid/b1024/ds02/dataset_manifest.json
qbc_marker_hybrid_b1024_ds03,/zhome/14/b/214266/Repos/ml-surrogates-for-power-systems/outputs/experiments/thesis_sm6_benchmark_sm6_v1/default/qbc_marker_hybrid/b1024/ds03,qbc_marker_hybrid,b1024,ds03,303,bs01,1101,default,SM6,/zhome/14/b/214266/Repos/ml-surrogates-for-power-systems/outputs/experiments/thesis_sm6_benchmark_sm6_v1/default/qbc_marker_hybrid/b1024/ds03/data/SM6/dataset_v1,pruned_after_run,/zhome/14/b/214266/Repos/ml-surrogates-for-power-systems/outputs/experiments/thesis_sm6_benchmark_sm6_v1/default/qbc_marker_hybrid/b1024/ds03/baseline/bs01,completed,/zhome/14/b/214266/Repos/ml-surrogates-for-power-systems/outputs/experiments/thesis_sm6_benchmark_sm6_v1/default/qbc_marker_hybrid/b1024/ds03/baseline/bs01/metrics.json,921,8192,0.0008242882322520018,0.02871042027299499,/zhome/14/b/214266/Repos/ml-surrogates-for-power-systems/results/benchmark/experiments/thesis_sm6_benchmark_sm6_v1/default/qbc_marker_hybrid/b1024/ds03/dataset_manifest.json
qbc_marker_hybrid_b1024_ds03,/zhome/14/b/214266/Repos/ml-surrogates-for-power-systems/outputs/experiments/thesis_sm6_benchmark_sm6_v1/default/qbc_marker_hybrid/b1024/ds03,qbc_marker_hybrid,b1024,ds03,303,bs02,2202,default,SM6,/zhome/14/b/214266/Repos/ml-surrogates-for-power-systems/outputs/experiments/thesis_sm6_benchmark_sm6_v1/default/qbc_marker_hybrid/b1024/ds03/data/SM6/dataset_v1,pruned_after_run,/zhome/14/b/214266/Repos/ml-surrogates-for-power-systems/outputs/experiments/thesis_sm6_benchmark_sm6_v1/default/qbc_marker_hybrid/b1024/ds03/baseline/bs02,completed,/zhome/14/b/214266/Repos/ml-surrogates-for-power-systems/outputs/experiments/thesis_sm6_benchmark_sm6_v1/default/qbc_marker_hybrid/b1024/ds03/baseline/bs02/metrics.json,921,8192,0.0012071231612935662,0.034743678004689804,/zhome/14/b/214266/Repos/ml-surrogates-for-power-systems/results/benchmark/experiments/thesis_sm6_benchmark_sm6_v1/default/qbc_marker_hybrid/b1024/ds03/dataset_manifest.json
qbc_marker_hybrid_b1024_ds03,/zhome/14/b/214266/Repos/ml-surrogates-for-power-systems/outputs/experiments/thesis_sm6_benchmark_sm6_v1/default/qbc_marker_hybrid/b1024/ds03,qbc_marker_hybrid,b1024,ds03,303,bs03,3303,default,SM6,/zhome/14/b/214266/Repos/ml-surrogates-for-power-systems/outputs/experiments/thesis_sm6_benchmark_sm6_v1/default/qbc_marker_hybrid/b1024/ds03/data/SM6/dataset_v1,pruned_after_run,/zhome/14/b/214266/Repos/ml-surrogates-for-power-systems/outputs/experiments/thesis_sm6_benchmark_sm6_v1/default/qbc_marker_hybrid/b1024/ds03/baseline/bs03,completed,/zhome/14/b/214266/Repos/ml-surrogates-for-power-systems/outputs/experiments/thesis_sm6_benchmark_sm6_v1/default/qbc_marker_hybrid/b1024/ds03/baseline/bs03/metrics.json,921,8192,0.0003525042557157576,0.018775096689917673,/zhome/14/b/214266/Repos/ml-surrogates-for-power-systems/results/benchmark/experiments/thesis_sm6_benchmark_sm6_v1/default/qbc_marker_hybrid/b1024/ds03/dataset_manifest.json
qbc_marker_hybrid_b1024_ds04,/zhome/14/b/214266/Repos/ml-surrogates-for-power-systems/outputs/experiments/thesis_sm6_benchmark_sm6_v1/default/qbc_marker_hybrid/b1024/ds04,qbc_marker_hybrid,b1024,ds04,404,bs01,1101,default,SM6,/zhome/14/b/214266/Repos/ml-surrogates-for-power-systems/outputs/experiments/thesis_sm6_benchmark_sm6_v1/default/qbc_marker_hybrid/b1024/ds04/data/SM6/dataset_v1,pruned_after_run,/zhome/14/b/214266/Repos/ml-surrogates-for-power-systems/outputs/experiments/thesis_sm6_benchmark_sm6_v1/default/qbc_marker_hybrid/b1024/ds04/baseline/bs01,completed,/zhome/14/b/214266/Repos/ml-surrogates-for-power-systems/outputs/experiments/thesis_sm6_benchmark_sm6_v1/default/qbc_marker_hybrid/b1024/ds04/baseline/bs01/metrics.json,921,8192,0.00042371705058030784,0.02058438851606498,/zhome/14/b/214266/Repos/ml-surrogates-for-power-systems/results/benchmark/experiments/thesis_sm6_benchmark_sm6_v1/default/qbc_marker_hybrid/b1024/ds04/dataset_manifest.json
qbc_marker_hybrid_b1024_ds04,/zhome/14/b/214266/Repos/ml-surrogates-for-power-systems/outputs/experiments/thesis_sm6_benchmark_sm6_v1/default/qbc_marker_hybrid/b1024/ds04,qbc_marker_hybrid,b1024,ds04,404,bs02,2202,default,SM6,/zhome/14/b/214266/Repos/ml-surrogates-for-power-systems/outputs/experiments/thesis_sm6_benchmark_sm6_v1/default/qbc_marker_hybrid/b1024/ds04/data/SM6/dataset_v1,pruned_after_run,/zhome/14/b/214266/Repos/ml-surrogates-for-power-systems/outputs/experiments/thesis_sm6_benchmark_sm6_v1/default/qbc_marker_hybrid/b1024/ds04/baseline/bs02,completed,/zhome/14/b/214266/Repos/ml-surrogates-for-power-systems/outputs/experiments/thesis_sm6_benchmark_sm6_v1/default/qbc_marker_hybrid/b1024/ds04/baseline/bs02/metrics.json,921,8192,0.0005425949930213392,0.023293668517889988,/zhome/14/b/214266/Repos/ml-surrogates-for-power-systems/results/benchmark/experiments/thesis_sm6_benchmark_sm6_v1/default/qbc_marker_hybrid/b1024/ds04/dataset_manifest.json
qbc_marker_hybrid_b1024_ds04,/zhome/14/b/214266/Repos/ml-surrogates-for-power-systems/outputs/experiments/thesis_sm6_benchmark_sm6_v1/default/qbc_marker_hybrid/b1024/ds04,qbc_marker_hybrid,b1024,ds04,404,bs03,3303,default,SM6,/zhome/14/b/214266/Repos/ml-surrogates-for-power-systems/outputs/experiments/thesis_sm6_benchmark_sm6_v1/default/qbc_marker_hybrid/b1024/ds04/data/SM6/dataset_v1,pruned_after_run,/zhome/14/b/214266/Repos/ml-surrogates-for-power-systems/outputs/experiments/thesis_sm6_benchmark_sm6_v1/default/qbc_marker_hybrid/b1024/ds04/baseline/bs03,completed,/zhome/14/b/214266/Repos/ml-surrogates-for-power-systems/outputs/experiments/thesis_sm6_benchmark_sm6_v1/default/qbc_marker_hybrid/b1024/ds04/baseline/bs03/metrics.json,921,8192,0.00031496462179347873,0.017747242653254017,/zhome/14/b/214266/Repos/ml-surrogates-for-power-systems/results/benchmark/experiments/thesis_sm6_benchmark_sm6_v1/default/qbc_marker_hybrid/b1024/ds04/dataset_manifest.json
qbc_marker_hybrid_b1024_ds05,/zhome/14/b/214266/Repos/ml-surrogates-for-power-systems/outputs/experiments/thesis_sm6_benchmark_sm6_v1/default/qbc_marker_hybrid/b1024/ds05,qbc_marker_hybrid,b1024,ds05,505,bs01,1101,default,SM6,/zhome/14/b/214266/Repos/ml-surrogates-for-power-systems/outputs/experiments/thesis_sm6_benchmark_sm6_v1/default/qbc_marker_hybrid/b1024/ds05/data/SM6/dataset_v1,pruned_after_run,/zhome/14/b/214266/Repos/ml-surrogates-for-power-systems/outputs/experiments/thesis_sm6_benchmark_sm6_v1/default/qbc_marker_hybrid/b1024/ds05/baseline/bs01,completed,/zhome/14/b/214266/Repos/ml-surrogates-for-power-systems/outputs/experiments/thesis_sm6_benchmark_sm6_v1/default/qbc_marker_hybrid/b1024/ds05/baseline/bs01/metrics.json,921,8192,0.0006627064431086183,0.025743085345556742,/zhome/14/b/214266/Repos/ml-surrogates-for-power-systems/results/benchmark/experiments/thesis_sm6_benchmark_sm6_v1/default/qbc_marker_hybrid/b1024/ds05/dataset_manifest.json
qbc_marker_hybrid_b1024_ds05,/zhome/14/b/214266/Repos/ml-surrogates-for-power-systems/outputs/experiments/thesis_sm6_benchmark_sm6_v1/default/qbc_marker_hybrid/b1024/ds05,qbc_marker_hybrid,b1024,ds05,505,bs02,2202,default,SM6,/zhome/14/b/214266/Repos/ml-surrogates-for-power-systems/outputs/experiments/thesis_sm6_benchmark_sm6_v1/default/qbc_marker_hybrid/b1024/ds05/data/SM6/dataset_v1,pruned_after_run,/zhome/14/b/214266/Repos/ml-surrogates-for-power-systems/outputs/experiments/thesis_sm6_benchmark_sm6_v1/default/qbc_marker_hybrid/b1024/ds05/baseline/bs02,completed,/zhome/14/b/214266/Repos/ml-surrogates-for-power-systems/outputs/experiments/thesis_sm6_benchmark_sm6_v1/default/qbc_marker_hybrid/b1024/ds05/baseline/bs02/metrics.json,921,8192,0.0005569802597165108,0.0236004292273787,/zhome/14/b/214266/Repos/ml-surrogates-for-power-systems/results/benchmark/experiments/thesis_sm6_benchmark_sm6_v1/default/qbc_marker_hybrid/b1024/ds05/dataset_manifest.json
qbc_marker_hybrid_b1024_ds05,/zhome/14/b/214266/Repos/ml-surrogates-for-power-systems/outputs/experiments/thesis_sm6_benchmark_sm6_v1/default/qbc_marker_hybrid/b1024/ds05,qbc_marker_hybrid,b1024,ds05,505,bs03,3303,default,SM6,/zhome/14/b/214266/Repos/ml-surrogates-for-power-systems/outputs/experiments/thesis_sm6_benchmark_sm6_v1/default/qbc_marker_hybrid/b1024/ds05/data/SM6/dataset_v1,pruned_after_run,/zhome/14/b/214266/Repos/ml-surrogates-for-power-systems/outputs/experiments/thesis_sm6_benchmark_sm6_v1/default/qbc_marker_hybrid/b1024/ds05/baseline/bs03,completed,/zhome/14/b/214266/Repos/ml-surrogates-for-power-systems/outputs/experiments/thesis_sm6_benchmark_sm6_v1/default/qbc_marker_hybrid/b1024/ds05/baseline/bs03/metrics.json,921,8192,0.0013913654256612062,0.03730101105414177,/zhome/14/b/214266/Repos/ml-surrogates-for-power-systems/results/benchmark/experiments/thesis_sm6_benchmark_sm6_v1/default/qbc_marker_hybrid/b1024/ds05/dataset_manifest.json
qbc_marker_hybrid_b4096_ds01,/zhome/14/b/214266/Repos/ml-surrogates-for-power-systems/outputs/experiments/thesis_sm6_benchmark_sm6_v1/default/qbc_marker_hybrid/b4096/ds01,qbc_marker_hybrid,b4096,ds01,101,bs01,1101,default,SM6,/zhome/14/b/214266/Repos/ml-surrogates-for-power-systems/outputs/experiments/thesis_sm6_benchmark_sm6_v1/default/qbc_marker_hybrid/b4096/ds01/data/SM6/dataset_v1,pruned_after_run,/zhome/14/b/214266/Repos/ml-surrogates-for-power-systems/outputs/experiments/thesis_sm6_benchmark_sm6_v1/default/qbc_marker_hybrid/b4096/ds01/baseline/bs01,completed,/zhome/14/b/214266/Repos/ml-surrogates-for-power-systems/outputs/experiments/thesis_sm6_benchmark_sm6_v1/default/qbc_marker_hybrid/b4096/ds01/baseline/bs01/metrics.json,3686,8192,0.00014693790581077337,0.012121794661302154,/zhome/14/b/214266/Repos/ml-surrogates-for-power-systems/results/benchmark/experiments/thesis_sm6_benchmark_sm6_v1/default/qbc_marker_hybrid/b4096/ds01/dataset_manifest.json
qbc_marker_hybrid_b4096_ds01,/zhome/14/b/214266/Repos/ml-surrogates-for-power-systems/outputs/experiments/thesis_sm6_benchmark_sm6_v1/default/qbc_marker_hybrid/b4096/ds01,qbc_marker_hybrid,b4096,ds01,101,bs02,2202,default,SM6,/zhome/14/b/214266/Repos/ml-surrogates-for-power-systems/outputs/experiments/thesis_sm6_benchmark_sm6_v1/default/qbc_marker_hybrid/b4096/ds01/data/SM6/dataset_v1,pruned_after_run,/zhome/14/b/214266/Repos/ml-surrogates-for-power-systems/outputs/experiments/thesis_sm6_benchmark_sm6_v1/default/qbc_marker_hybrid/b4096/ds01/baseline/bs02,completed,/zhome/14/b/214266/Repos/ml-surrogates-for-power-systems/outputs/experiments/thesis_sm6_benchmark_sm6_v1/default/qbc_marker_hybrid/b4096/ds01/baseline/bs02/metrics.json,3686,8192,0.0001455934252589941,0.01206621006194547,/zhome/14/b/214266/Repos/ml-surrogates-for-power-systems/results/benchmark/experiments/thesis_sm6_benchmark_sm6_v1/default/qbc_marker_hybrid/b4096/ds01/dataset_manifest.json
qbc_marker_hybrid_b4096_ds01,/zhome/14/b/214266/Repos/ml-surrogates-for-power-systems/outputs/experiments/thesis_sm6_benchmark_sm6_v1/default/qbc_marker_hybrid/b4096/ds01,qbc_marker_hybrid,b4096,ds01,101,bs03,3303,default,SM6,/zhome/14/b/214266/Repos/ml-surrogates-for-power-systems/outputs/experiments/thesis_sm6_benchmark_sm6_v1/default/qbc_marker_hybrid/b4096/ds01/data/SM6/dataset_v1,pruned_after_run,/zhome/14/b/214266/Repos/ml-surrogates-for-power-systems/outputs/experiments/thesis_sm6_benchmark_sm6_v1/default/qbc_marker_hybrid/b4096/ds01/baseline/bs03,completed,/zhome/14/b/214266/Repos/ml-surrogates-for-power-systems/outputs/experiments/thesis_sm6_benchmark_sm6_v1/default/qbc_marker_hybrid/b4096/ds01/baseline/bs03/metrics.json,3686,8192,0.00016601341485511512,0.012884619313550366,/zhome/14/b/214266/Repos/ml-surrogates-for-power-systems/results/benchmark/experiments/thesis_sm6_benchmark_sm6_v1/default/qbc_marker_hybrid/b4096/ds01/dataset_manifest.json
qbc_marker_hybrid_b4096_ds02,/zhome/14/b/214266/Repos/ml-surrogates-for-power-systems/outputs/experiments/thesis_sm6_benchmark_sm6_v1/default/qbc_marker_hybrid/b4096/ds02,qbc_marker_hybrid,b4096,ds02,202,bs01,1101,default,SM6,/zhome/14/b/214266/Repos/ml-surrogates-for-power-systems/outputs/experiments/thesis_sm6_benchmark_sm6_v1/default/qbc_marker_hybrid/b4096/ds02/data/SM6/dataset_v1,pruned_after_run,/zhome/14/b/214266/Repos/ml-surrogates-for-power-systems/outputs/experiments/thesis_sm6_benchmark_sm6_v1/default/qbc_marker_hybrid/b4096/ds02/baseline/bs01,completed,/zhome/14/b/214266/Repos/ml-surrogates-for-power-systems/outputs/experiments/thesis_sm6_benchmark_sm6_v1/default/qbc_marker_hybrid/b4096/ds02/baseline/bs01/metrics.json,3686,8192,0.00027485014288686216,0.016578604974088206,/zhome/14/b/214266/Repos/ml-surrogates-for-power-systems/results/benchmark/experiments/thesis_sm6_benchmark_sm6_v1/default/qbc_marker_hybrid/b4096/ds02/dataset_manifest.json
qbc_marker_hybrid_b4096_ds02,/zhome/14/b/214266/Repos/ml-surrogates-for-power-systems/outputs/experiments/thesis_sm6_benchmark_sm6_v1/default/qbc_marker_hybrid/b4096/ds02,qbc_marker_hybrid,b4096,ds02,202,bs02,2202,default,SM6,/zhome/14/b/214266/Repos/ml-surrogates-for-power-systems/outputs/experiments/thesis_sm6_benchmark_sm6_v1/default/qbc_marker_hybrid/b4096/ds02/data/SM6/dataset_v1,pruned_after_run,/zhome/14/b/214266/Repos/ml-surrogates-for-power-systems/outputs/experiments/thesis_sm6_benchmark_sm6_v1/default/qbc_marker_hybrid/b4096/ds02/baseline/bs02,completed,/zhome/14/b/214266/Repos/ml-surrogates-for-power-systems/outputs/experiments/thesis_sm6_benchmark_sm6_v1/default/qbc_marker_hybrid/b4096/ds02/baseline/bs02/metrics.json,3686,8192,0.00014952104538679123,0.012227879840217242,/zhome/14/b/214266/Repos/ml-surrogates-for-power-systems/results/benchmark/experiments/thesis_sm6_benchmark_sm6_v1/default/qbc_marker_hybrid/b4096/ds02/dataset_manifest.json
qbc_marker_hybrid_b4096_ds02,/zhome/14/b/214266/Repos/ml-surrogates-for-power-systems/outputs/experiments/thesis_sm6_benchmark_sm6_v1/default/qbc_marker_hybrid/b4096/ds02,qbc_marker_hybrid,b4096,ds02,202,bs03,3303,default,SM6,/zhome/14/b/214266/Repos/ml-surrogates-for-power-systems/outputs/experiments/thesis_sm6_benchmark_sm6_v1/default/qbc_marker_hybrid/b4096/ds02/data/SM6/dataset_v1,pruned_after_run,/zhome/14/b/214266/Repos/ml-surrogates-for-power-systems/outputs/experiments/thesis_sm6_benchmark_sm6_v1/default/qbc_marker_hybrid/b4096/ds02/baseline/bs03,completed,/zhome/14/b/214266/Repos/ml-surrogates-for-power-systems/outputs/experiments/thesis_sm6_benchmark_sm6_v1/default/qbc_marker_hybrid/b4096/ds02/baseline/bs03/metrics.json,3686,8192,0.00016795798728708178,0.012959860619894096,/zhome/14/b/214266/Repos/ml-surrogates-for-power-systems/results/benchmark/experiments/thesis_sm6_benchmark_sm6_v1/default/qbc_marker_hybrid/b4096/ds02/dataset_manifest.json
qbc_marker_hybrid_b4096_ds03,/zhome/14/b/214266/Repos/ml-surrogates-for-power-systems/outputs/experiments/thesis_sm6_benchmark_sm6_v1/default/qbc_marker_hybrid/b4096/ds03,qbc_marker_hybrid,b4096,ds03,303,bs01,1101,default,SM6,/zhome/14/b/214266/Repos/ml-surrogates-for-power-systems/outputs/experiments/thesis_sm6_benchmark_sm6_v1/default/qbc_marker_hybrid/b4096/ds03/data/SM6/dataset_v1,pruned_after_run,/zhome/14/b/214266/Repos/ml-surrogates-for-power-systems/outputs/experiments/thesis_sm6_benchmark_sm6_v1/default/qbc_marker_hybrid/b4096/ds03/baseline/bs01,completed,/zhome/14/b/214266/Repos/ml-surrogates-for-power-systems/outputs/experiments/thesis_sm6_benchmark_sm6_v1/default/qbc_marker_hybrid/b4096/ds03/baseline/bs01/metrics.json,3686,8192,0.0002754386223386973,0.01659634364366734,/zhome/14/b/214266/Repos/ml-surrogates-for-power-systems/results/benchmark/experiments/thesis_sm6_benchmark_sm6_v1/default/qbc_marker_hybrid/b4096/ds03/dataset_manifest.json
qbc_marker_hybrid_b4096_ds03,/zhome/14/b/214266/Repos/ml-surrogates-for-power-systems/outputs/experiments/thesis_sm6_benchmark_sm6_v1/default/qbc_marker_hybrid/b4096/ds03,qbc_marker_hybrid,b4096,ds03,303,bs02,2202,default,SM6,/zhome/14/b/214266/Repos/ml-surrogates-for-power-systems/outputs/experiments/thesis_sm6_benchmark_sm6_v1/default/qbc_marker_hybrid/b4096/ds03/data/SM6/dataset_v1,pruned_after_run,/zhome/14/b/214266/Repos/ml-surrogates-for-power-systems/outputs/experiments/thesis_sm6_benchmark_sm6_v1/default/qbc_marker_hybrid/b4096/ds03/baseline/bs02,completed,/zhome/14/b/214266/Repos/ml-surrogates-for-power-systems/outputs/experiments/thesis_sm6_benchmark_sm6_v1/default/qbc_marker_hybrid/b4096/ds03/baseline/bs02/metrics.json,3686,8192,9.666269761510193e-05,0.009831718955254058,/zhome/14/b/214266/Repos/ml-surrogates-for-power-systems/results/benchmark/experiments/thesis_sm6_benchmark_sm6_v1/default/qbc_marker_hybrid/b4096/ds03/dataset_manifest.json
qbc_marker_hybrid_b4096_ds03,/zhome/14/b/214266/Repos/ml-surrogates-for-power-systems/outputs/experiments/thesis_sm6_benchmark_sm6_v1/default/qbc_marker_hybrid/b4096/ds03,qbc_marker_hybrid,b4096,ds03,303,bs03,3303,default,SM6,/zhome/14/b/214266/Repos/ml-surrogates-for-power-systems/outputs/experiments/thesis_sm6_benchmark_sm6_v1/default/qbc_marker_hybrid/b4096/ds03/data/SM6/dataset_v1,pruned_after_run,/zhome/14/b/214266/Repos/ml-surrogates-for-power-systems/outputs/experiments/thesis_sm6_benchmark_sm6_v1/default/qbc_marker_hybrid/b4096/ds03/baseline/bs03,completed,/zhome/14/b/214266/Repos/ml-surrogates-for-power-systems/outputs/experiments/thesis_sm6_benchmark_sm6_v1/default/qbc_marker_hybrid/b4096/ds03/baseline/bs03/metrics.json,3686,8192,0.00038400705670937896,0.019596097997034486,/zhome/14/b/214266/Repos/ml-surrogates-for-power-systems/results/benchmark/experiments/thesis_sm6_benchmark_sm6_v1/default/qbc_marker_hybrid/b4096/ds03/dataset_manifest.json
qbc_marker_hybrid_b4096_ds04,/zhome/14/b/214266/Repos/ml-surrogates-for-power-systems/outputs/experiments/thesis_sm6_benchmark_sm6_v1/default/qbc_marker_hybrid/b4096/ds04,qbc_marker_hybrid,b4096,ds04,404,bs01,1101,default,SM6,/zhome/14/b/214266/Repos/ml-surrogates-for-power-systems/outputs/experiments/thesis_sm6_benchmark_sm6_v1/default/qbc_marker_hybrid/b4096/ds04/data/SM6/dataset_v1,pruned_after_run,/zhome/14/b/214266/Repos/ml-surrogates-for-power-systems/outputs/experiments/thesis_sm6_benchmark_sm6_v1/default/qbc_marker_hybrid/b4096/ds04/baseline/bs01,completed,/zhome/14/b/214266/Repos/ml-surrogates-for-power-systems/outputs/experiments/thesis_sm6_benchmark_sm6_v1/default/qbc_marker_hybrid/b4096/ds04/baseline/bs01/metrics.json,3686,8192,0.00021222775103524327,0.014568038681828219,/zhome/14/b/214266/Repos/ml-surrogates-for-power-systems/results/benchmark/experiments/thesis_sm6_benchmark_sm6_v1/default/qbc_marker_hybrid/b4096/ds04/dataset_manifest.json
qbc_marker_hybrid_b4096_ds04,/zhome/14/b/214266/Repos/ml-surrogates-for-power-systems/outputs/experiments/thesis_sm6_benchmark_sm6_v1/default/qbc_marker_hybrid/b4096/ds04,qbc_marker_hybrid,b4096,ds04,404,bs02,2202,default,SM6,/zhome/14/b/214266/Repos/ml-surrogates-for-power-systems/outputs/experiments/thesis_sm6_benchmark_sm6_v1/default/qbc_marker_hybrid/b4096/ds04/data/SM6/dataset_v1,pruned_after_run,/zhome/14/b/214266/Repos/ml-surrogates-for-power-systems/outputs/experiments/thesis_sm6_benchmark_sm6_v1/default/qbc_marker_hybrid/b4096/ds04/baseline/bs02,completed,/zhome/14/b/214266/Repos/ml-surrogates-for-power-systems/outputs/experiments/thesis_sm6_benchmark_sm6_v1/default/qbc_marker_hybrid/b4096/ds04/baseline/bs02/metrics.json,3686,8192,0.0001441044150851667,0.01200434984016905,/zhome/14/b/214266/Repos/ml-surrogates-for-power-systems/results/benchmark/experiments/thesis_sm6_benchmark_sm6_v1/default/qbc_marker_hybrid/b4096/ds04/dataset_manifest.json
qbc_marker_hybrid_b4096_ds04,/zhome/14/b/214266/Repos/ml-surrogates-for-power-systems/outputs/experiments/thesis_sm6_benchmark_sm6_v1/default/qbc_marker_hybrid/b4096/ds04,qbc_marker_hybrid,b4096,ds04,404,bs03,3303,default,SM6,/zhome/14/b/214266/Repos/ml-surrogates-for-power-systems/outputs/experiments/thesis_sm6_benchmark_sm6_v1/default/qbc_marker_hybrid/b4096/ds04/data/SM6/dataset_v1,pruned_after_run,/zhome/14/b/214266/Repos/ml-surrogates-for-power-systems/outputs/experiments/thesis_sm6_benchmark_sm6_v1/default/qbc_marker_hybrid/b4096/ds04/baseline/bs03,completed,/zhome/14/b/214266/Repos/ml-surrogates-for-power-systems/outputs/experiments/thesis_sm6_benchmark_sm6_v1/default/qbc_marker_hybrid/b4096/ds04/baseline/bs03/metrics.json,3686,8192,0.00011525560694281012,0.010735716414977163,/zhome/14/b/214266/Repos/ml-surrogates-for-power-systems/results/benchmark/experiments/thesis_sm6_benchmark_sm6_v1/default/qbc_marker_hybrid/b4096/ds04/dataset_manifest.json
qbc_marker_hybrid_b4096_ds05,/zhome/14/b/214266/Repos/ml-surrogates-for-power-systems/outputs/experiments/thesis_sm6_benchmark_sm6_v1/default/qbc_marker_hybrid/b4096/ds05,qbc_marker_hybrid,b4096,ds05,505,bs01,1101,default,SM6,/zhome/14/b/214266/Repos/ml-surrogates-for-power-systems/outputs/experiments/thesis_sm6_benchmark_sm6_v1/default/qbc_marker_hybrid/b4096/ds05/data/SM6/dataset_v1,pruned_after_run,/zhome/14/b/214266/Repos/ml-surrogates-for-power-systems/outputs/experiments/thesis_sm6_benchmark_sm6_v1/default/qbc_marker_hybrid/b4096/ds05/baseline/bs01,completed,/zhome/14/b/214266/Repos/ml-surrogates-for-power-systems/outputs/experiments/thesis_sm6_benchmark_sm6_v1/default/qbc_marker_hybrid/b4096/ds05/baseline/bs01/metrics.json,3686,8192,0.00015789424651302397,0.012565597737991773,/zhome/14/b/214266/Repos/ml-surrogates-for-power-systems/results/benchmark/experiments/thesis_sm6_benchmark_sm6_v1/default/qbc_marker_hybrid/b4096/ds05/dataset_manifest.json
qbc_marker_hybrid_b4096_ds05,/zhome/14/b/214266/Repos/ml-surrogates-for-power-systems/outputs/experiments/thesis_sm6_benchmark_sm6_v1/default/qbc_marker_hybrid/b4096/ds05,qbc_marker_hybrid,b4096,ds05,505,bs02,2202,default,SM6,/zhome/14/b/214266/Repos/ml-surrogates-for-power-systems/outputs/experiments/thesis_sm6_benchmark_sm6_v1/default/qbc_marker_hybrid/b4096/ds05/data/SM6/dataset_v1,pruned_after_run,/zhome/14/b/214266/Repos/ml-surrogates-for-power-systems/outputs/experiments/thesis_sm6_benchmark_sm6_v1/default/qbc_marker_hybrid/b4096/ds05/baseline/bs02,completed,/zhome/14/b/214266/Repos/ml-surrogates-for-power-systems/outputs/experiments/thesis_sm6_benchmark_sm6_v1/default/qbc_marker_hybrid/b4096/ds05/baseline/bs02/metrics.json,3686,8192,0.0002956861280836165,0.01719552639739815,/zhome/14/b/214266/Repos/ml-surrogates-for-power-systems/results/benchmark/experiments/thesis_sm6_benchmark_sm6_v1/default/qbc_marker_hybrid/b4096/ds05/dataset_manifest.json
qbc_marker_hybrid_b4096_ds05,/zhome/14/b/214266/Repos/ml-surrogates-for-power-systems/outputs/experiments/thesis_sm6_benchmark_sm6_v1/default/qbc_marker_hybrid/b4096/ds05,qbc_marker_hybrid,b4096,ds05,505,bs03,3303,default,SM6,/zhome/14/b/214266/Repos/ml-surrogates-for-power-systems/outputs/experiments/thesis_sm6_benchmark_sm6_v1/default/qbc_marker_hybrid/b4096/ds05/data/SM6/dataset_v1,pruned_after_run,/zhome/14/b/214266/Repos/ml-surrogates-for-power-systems/outputs/experiments/thesis_sm6_benchmark_sm6_v1/default/qbc_marker_hybrid/b4096/ds05/baseline/bs03,completed,/zhome/14/b/214266/Repos/ml-surrogates-for-power-systems/outputs/experiments/thesis_sm6_benchmark_sm6_v1/default/qbc_marker_hybrid/b4096/ds05/baseline/bs03/metrics.json,3686,8192,0.00017636691336520016,0.013280320529460128,/zhome/14/b/214266/Repos/ml-surrogates-for-power-systems/results/benchmark/experiments/thesis_sm6_benchmark_sm6_v1/default/qbc_marker_hybrid/b4096/ds05/dataset_manifest.json
qbc_marker_hybrid_b8192_ds01,/zhome/14/b/214266/Repos/ml-surrogates-for-power-systems/outputs/experiments/thesis_sm6_benchmark_sm6_v1/default/qbc_marker_hybrid/b8192/ds01,qbc_marker_hybrid,b8192,ds01,101,bs01,1101,default,SM6,/zhome/14/b/214266/Repos/ml-surrogates-for-power-systems/outputs/experiments/thesis_sm6_benchmark_sm6_v1/default/qbc_marker_hybrid/b8192/ds01/data/SM6/dataset_v1,pruned_after_run,/zhome/14/b/214266/Repos/ml-surrogates-for-power-systems/outputs/experiments/thesis_sm6_benchmark_sm6_v1/default/qbc_marker_hybrid/b8192/ds01/baseline/bs01,completed,/zhome/14/b/214266/Repos/ml-surrogates-for-power-systems/outputs/experiments/thesis_sm6_benchmark_sm6_v1/default/qbc_marker_hybrid/b8192/ds01/baseline/bs01/metrics.json,7372,8192,0.0001042542135110125,0.01021049526276823,/zhome/14/b/214266/Repos/ml-surrogates-for-power-systems/results/benchmark/experiments/thesis_sm6_benchmark_sm6_v1/default/qbc_marker_hybrid/b8192/ds01/dataset_manifest.json
qbc_marker_hybrid_b8192_ds01,/zhome/14/b/214266/Repos/ml-surrogates-for-power-systems/outputs/experiments/thesis_sm6_benchmark_sm6_v1/default/qbc_marker_hybrid/b8192/ds01,qbc_marker_hybrid,b8192,ds01,101,bs02,2202,default,SM6,/zhome/14/b/214266/Repos/ml-surrogates-for-power-systems/outputs/experiments/thesis_sm6_benchmark_sm6_v1/default/qbc_marker_hybrid/b8192/ds01/data/SM6/dataset_v1,pruned_after_run,/zhome/14/b/214266/Repos/ml-surrogates-for-power-systems/outputs/experiments/thesis_sm6_benchmark_sm6_v1/default/qbc_marker_hybrid/b8192/ds01/baseline/bs02,completed,/zhome/14/b/214266/Repos/ml-surrogates-for-power-systems/outputs/experiments/thesis_sm6_benchmark_sm6_v1/default/qbc_marker_hybrid/b8192/ds01/baseline/bs02/metrics.json,7372,8192,0.0002842114772647619,0.01685857281221521,/zhome/14/b/214266/Repos/ml-surrogates-for-power-systems/results/benchmark/experiments/thesis_sm6_benchmark_sm6_v1/default/qbc_marker_hybrid/b8192/ds01/dataset_manifest.json
qbc_marker_hybrid_b8192_ds01,/zhome/14/b/214266/Repos/ml-surrogates-for-power-systems/outputs/experiments/thesis_sm6_benchmark_sm6_v1/default/qbc_marker_hybrid/b8192/ds01,qbc_marker_hybrid,b8192,ds01,101,bs03,3303,default,SM6,/zhome/14/b/214266/Repos/ml-surrogates-for-power-systems/outputs/experiments/thesis_sm6_benchmark_sm6_v1/default/qbc_marker_hybrid/b8192/ds01/data/SM6/dataset_v1,pruned_after_run,/zhome/14/b/214266/Repos/ml-surrogates-for-power-systems/outputs/experiments/thesis_sm6_benchmark_sm6_v1/default/qbc_marker_hybrid/b8192/ds01/baseline/bs03,completed,/zhome/14/b/214266/Repos/ml-surrogates-for-power-systems/outputs/experiments/thesis_sm6_benchmark_sm6_v1/default/qbc_marker_hybrid/b8192/ds01/baseline/bs03/metrics.json,7372,8192,0.0001306297053815797,0.011429335299201773,/zhome/14/b/214266/Repos/ml-surrogates-for-power-systems/results/benchmark/experiments/thesis_sm6_benchmark_sm6_v1/default/qbc_marker_hybrid/b8192/ds01/dataset_manifest.json
qbc_marker_hybrid_b8192_ds02,/zhome/14/b/214266/Repos/ml-surrogates-for-power-systems/outputs/experiments/thesis_sm6_benchmark_sm6_v1/default/qbc_marker_hybrid/b8192/ds02,qbc_marker_hybrid,b8192,ds02,202,bs01,1101,default,SM6,/zhome/14/b/214266/Repos/ml-surrogates-for-power-systems/outputs/experiments/thesis_sm6_benchmark_sm6_v1/default/qbc_marker_hybrid/b8192/ds02/data/SM6/dataset_v1,pruned_after_run,/zhome/14/b/214266/Repos/ml-surrogates-for-power-systems/outputs/experiments/thesis_sm6_benchmark_sm6_v1/default/qbc_marker_hybrid/b8192/ds02/baseline/bs01,completed,/zhome/14/b/214266/Repos/ml-surrogates-for-power-systems/outputs/experiments/thesis_sm6_benchmark_sm6_v1/default/qbc_marker_hybrid/b8192/ds02/baseline/bs01/metrics.json,7372,8192,0.00011160610301885754,0.010564378969861765,/zhome/14/b/214266/Repos/ml-surrogates-for-power-systems/results/benchmark/experiments/thesis_sm6_benchmark_sm6_v1/default/qbc_marker_hybrid/b8192/ds02/dataset_manifest.json
qbc_marker_hybrid_b8192_ds02,/zhome/14/b/214266/Repos/ml-surrogates-for-power-systems/outputs/experiments/thesis_sm6_benchmark_sm6_v1/default/qbc_marker_hybrid/b8192/ds02,qbc_marker_hybrid,b8192,ds02,202,bs02,2202,default,SM6,/zhome/14/b/214266/Repos/ml-surrogates-for-power-systems/outputs/experiments/thesis_sm6_benchmark_sm6_v1/default/qbc_marker_hybrid/b8192/ds02/data/SM6/dataset_v1,pruned_after_run,/zhome/14/b/214266/Repos/ml-surrogates-for-power-systems/outputs/experiments/thesis_sm6_benchmark_sm6_v1/default/qbc_marker_hybrid/b8192/ds02/baseline/bs02,completed,/zhome/14/b/214266/Repos/ml-surrogates-for-power-systems/outputs/experiments/thesis_sm6_benchmark_sm6_v1/default/qbc_marker_hybrid/b8192/ds02/baseline/bs02/metrics.json,7372,8192,7.450893463101238e-05,0.008631855804577157,/zhome/14/b/214266/Repos/ml-surrogates-for-power-systems/results/benchmark/experiments/thesis_sm6_benchmark_sm6_v1/default/qbc_marker_hybrid/b8192/ds02/dataset_manifest.json
qbc_marker_hybrid_b8192_ds02,/zhome/14/b/214266/Repos/ml-surrogates-for-power-systems/outputs/experiments/thesis_sm6_benchmark_sm6_v1/default/qbc_marker_hybrid/b8192/ds02,qbc_marker_hybrid,b8192,ds02,202,bs03,3303,default,SM6,/zhome/14/b/214266/Repos/ml-surrogates-for-power-systems/outputs/experiments/thesis_sm6_benchmark_sm6_v1/default/qbc_marker_hybrid/b8192/ds02/data/SM6/dataset_v1,pruned_after_run,/zhome/14/b/214266/Repos/ml-surrogates-for-power-systems/outputs/experiments/thesis_sm6_benchmark_sm6_v1/default/qbc_marker_hybrid/b8192/ds02/baseline/bs03,completed,/zhome/14/b/214266/Repos/ml-surrogates-for-power-systems/outputs/experiments/thesis_sm6_benchmark_sm6_v1/default/qbc_marker_hybrid/b8192/ds02/baseline/bs03/metrics.json,7372,8192,9.060844604391605e-05,0.009518846886252348,/zhome/14/b/214266/Repos/ml-surrogates-for-power-systems/results/benchmark/experiments/thesis_sm6_benchmark_sm6_v1/default/qbc_marker_hybrid/b8192/ds02/dataset_manifest.json
qbc_marker_hybrid_b8192_ds03,/zhome/14/b/214266/Repos/ml-surrogates-for-power-systems/outputs/experiments/thesis_sm6_benchmark_sm6_v1/default/qbc_marker_hybrid/b8192/ds03,qbc_marker_hybrid,b8192,ds03,303,bs01,1101,default,SM6,/zhome/14/b/214266/Repos/ml-surrogates-for-power-systems/outputs/experiments/thesis_sm6_benchmark_sm6_v1/default/qbc_marker_hybrid/b8192/ds03/data/SM6/dataset_v1,pruned_after_run,/zhome/14/b/214266/Repos/ml-surrogates-for-power-systems/outputs/experiments/thesis_sm6_benchmark_sm6_v1/default/qbc_marker_hybrid/b8192/ds03/baseline/bs01,completed,/zhome/14/b/214266/Repos/ml-surrogates-for-power-systems/outputs/experiments/thesis_sm6_benchmark_sm6_v1/default/qbc_marker_hybrid/b8192/ds03/baseline/bs01/metrics.json,7372,8192,0.0001422902278136462,0.011928546760341186,/zhome/14/b/214266/Repos/ml-surrogates-for-power-systems/results/benchmark/experiments/thesis_sm6_benchmark_sm6_v1/default/qbc_marker_hybrid/b8192/ds03/dataset_manifest.json
qbc_marker_hybrid_b8192_ds03,/zhome/14/b/214266/Repos/ml-surrogates-for-power-systems/outputs/experiments/thesis_sm6_benchmark_sm6_v1/default/qbc_marker_hybrid/b8192/ds03,qbc_marker_hybrid,b8192,ds03,303,bs02,2202,default,SM6,/zhome/14/b/214266/Repos/ml-surrogates-for-power-systems/outputs/experiments/thesis_sm6_benchmark_sm6_v1/default/qbc_marker_hybrid/b8192/ds03/data/SM6/dataset_v1,pruned_after_run,/zhome/14/b/214266/Repos/ml-surrogates-for-power-systems/outputs/experiments/thesis_sm6_benchmark_sm6_v1/default/qbc_marker_hybrid/b8192/ds03/baseline/bs02,completed,/zhome/14/b/214266/Repos/ml-surrogates-for-power-systems/outputs/experiments/thesis_sm6_benchmark_sm6_v1/default/qbc_marker_hybrid/b8192/ds03/baseline/bs02/metrics.json,7372,8192,0.0001585099525982514,0.012590073573980868,/zhome/14/b/214266/Repos/ml-surrogates-for-power-systems/results/benchmark/experiments/thesis_sm6_benchmark_sm6_v1/default/qbc_marker_hybrid/b8192/ds03/dataset_manifest.json
qbc_marker_hybrid_b8192_ds03,/zhome/14/b/214266/Repos/ml-surrogates-for-power-systems/outputs/experiments/thesis_sm6_benchmark_sm6_v1/default/qbc_marker_hybrid/b8192/ds03,qbc_marker_hybrid,b8192,ds03,303,bs03,3303,default,SM6,/zhome/14/b/214266/Repos/ml-surrogates-for-power-systems/outputs/experiments/thesis_sm6_benchmark_sm6_v1/default/qbc_marker_hybrid/b8192/ds03/data/SM6/dataset_v1,pruned_after_run,/zhome/14/b/214266/Repos/ml-surrogates-for-power-systems/outputs/experiments/thesis_sm6_benchmark_sm6_v1/default/qbc_marker_hybrid/b8192/ds03/baseline/bs03,completed,/zhome/14/b/214266/Repos/ml-surrogates-for-power-systems/outputs/experiments/thesis_sm6_benchmark_sm6_v1/default/qbc_marker_hybrid/b8192/ds03/baseline/bs03/metrics.json,7372,8192,0.00015014532255008817,0.012253380045933782,/zhome/14/b/214266/Repos/ml-surrogates-for-power-systems/results/benchmark/experiments/thesis_sm6_benchmark_sm6_v1/default/qbc_marker_hybrid/b8192/ds03/dataset_manifest.json
qbc_marker_hybrid_b8192_ds04,/zhome/14/b/214266/Repos/ml-surrogates-for-power-systems/outputs/experiments/thesis_sm6_benchmark_sm6_v1/default/qbc_marker_hybrid/b8192/ds04,qbc_marker_hybrid,b8192,ds04,404,bs01,1101,default,SM6,/zhome/14/b/214266/Repos/ml-surrogates-for-power-systems/outputs/experiments/thesis_sm6_benchmark_sm6_v1/default/qbc_marker_hybrid/b8192/ds04/data/SM6/dataset_v1,pruned_after_run,/zhome/14/b/214266/Repos/ml-surrogates-for-power-systems/outputs/experiments/thesis_sm6_benchmark_sm6_v1/default/qbc_marker_hybrid/b8192/ds04/baseline/bs01,completed,/zhome/14/b/214266/Repos/ml-surrogates-for-power-systems/outputs/experiments/thesis_sm6_benchmark_sm6_v1/default/qbc_marker_hybrid/b8192/ds04/baseline/bs01/metrics.json,7372,8192,0.00016476778546348214,0.012836190457588346,/zhome/14/b/214266/Repos/ml-surrogates-for-power-systems/results/benchmark/experiments/thesis_sm6_benchmark_sm6_v1/default/qbc_marker_hybrid/b8192/ds04/dataset_manifest.json
qbc_marker_hybrid_b8192_ds04,/zhome/14/b/214266/Repos/ml-surrogates-for-power-systems/outputs/experiments/thesis_sm6_benchmark_sm6_v1/default/qbc_marker_hybrid/b8192/ds04,qbc_marker_hybrid,b8192,ds04,404,bs02,2202,default,SM6,/zhome/14/b/214266/Repos/ml-surrogates-for-power-systems/outputs/experiments/thesis_sm6_benchmark_sm6_v1/default/qbc_marker_hybrid/b8192/ds04/data/SM6/dataset_v1,pruned_after_run,/zhome/14/b/214266/Repos/ml-surrogates-for-power-systems/outputs/experiments/thesis_sm6_benchmark_sm6_v1/default/qbc_marker_hybrid/b8192/ds04/baseline/bs02,completed,/zhome/14/b/214266/Repos/ml-surrogates-for-power-systems/outputs/experiments/thesis_sm6_benchmark_sm6_v1/default/qbc_marker_hybrid/b8192/ds04/baseline/bs02/metrics.json,7372,8192,0.00010053108417196199,0.0100265190456091,/zhome/14/b/214266/Repos/ml-surrogates-for-power-systems/results/benchmark/experiments/thesis_sm6_benchmark_sm6_v1/default/qbc_marker_hybrid/b8192/ds04/dataset_manifest.json
qbc_marker_hybrid_b8192_ds04,/zhome/14/b/214266/Repos/ml-surrogates-for-power-systems/outputs/experiments/thesis_sm6_benchmark_sm6_v1/default/qbc_marker_hybrid/b8192/ds04,qbc_marker_hybrid,b8192,ds04,404,bs03,3303,default,SM6,/zhome/14/b/214266/Repos/ml-surrogates-for-power-systems/outputs/experiments/thesis_sm6_benchmark_sm6_v1/default/qbc_marker_hybrid/b8192/ds04/data/SM6/dataset_v1,pruned_after_run,/zhome/14/b/214266/Repos/ml-surrogates-for-power-systems/outputs/experiments/thesis_sm6_benchmark_sm6_v1/default/qbc_marker_hybrid/b8192/ds04/baseline/bs03,completed,/zhome/14/b/214266/Repos/ml-surrogates-for-power-systems/outputs/experiments/thesis_sm6_benchmark_sm6_v1/default/qbc_marker_hybrid/b8192/ds04/baseline/bs03/metrics.json,7372,8192,7.181043474702165e-05,0.008474103772495451,/zhome/14/b/214266/Repos/ml-surrogates-for-power-systems/results/benchmark/experiments/thesis_sm6_benchmark_sm6_v1/default/qbc_marker_hybrid/b8192/ds04/dataset_manifest.json
qbc_marker_hybrid_b8192_ds05,/zhome/14/b/214266/Repos/ml-surrogates-for-power-systems/outputs/experiments/thesis_sm6_benchmark_sm6_v1/default/qbc_marker_hybrid/b8192/ds05,qbc_marker_hybrid,b8192,ds05,505,bs01,1101,default,SM6,/zhome/14/b/214266/Repos/ml-surrogates-for-power-systems/outputs/experiments/thesis_sm6_benchmark_sm6_v1/default/qbc_marker_hybrid/b8192/ds05/data/SM6/dataset_v1,pruned_after_run,/zhome/14/b/214266/Repos/ml-surrogates-for-power-systems/outputs/experiments/thesis_sm6_benchmark_sm6_v1/default/qbc_marker_hybrid/b8192/ds05/baseline/bs01,completed,/zhome/14/b/214266/Repos/ml-surrogates-for-power-systems/outputs/experiments/thesis_sm6_benchmark_sm6_v1/default/qbc_marker_hybrid/b8192/ds05/baseline/bs01/metrics.json,7372,8192,0.0001667356409598142,0.01291261557391895,/zhome/14/b/214266/Repos/ml-surrogates-for-power-systems/results/benchmark/experiments/thesis_sm6_benchmark_sm6_v1/default/qbc_marker_hybrid/b8192/ds05/dataset_manifest.json
qbc_marker_hybrid_b8192_ds05,/zhome/14/b/214266/Repos/ml-surrogates-for-power-systems/outputs/experiments/thesis_sm6_benchmark_sm6_v1/default/qbc_marker_hybrid/b8192/ds05,qbc_marker_hybrid,b8192,ds05,505,bs02,2202,default,SM6,/zhome/14/b/214266/Repos/ml-surrogates-for-power-systems/outputs/experiments/thesis_sm6_benchmark_sm6_v1/default/qbc_marker_hybrid/b8192/ds05/data/SM6/dataset_v1,pruned_after_run,/zhome/14/b/214266/Repos/ml-surrogates-for-power-systems/outputs/experiments/thesis_sm6_benchmark_sm6_v1/default/qbc_marker_hybrid/b8192/ds05/baseline/bs02,completed,/zhome/14/b/214266/Repos/ml-surrogates-for-power-systems/outputs/experiments/thesis_sm6_benchmark_sm6_v1/default/qbc_marker_hybrid/b8192/ds05/baseline/bs02/metrics.json,7372,8192,0.00017410365398973227,0.013194834367650557,/zhome/14/b/214266/Repos/ml-surrogates-for-power-systems/results/benchmark/experiments/thesis_sm6_benchmark_sm6_v1/default/qbc_marker_hybrid/b8192/ds05/dataset_manifest.json
qbc_marker_hybrid_b8192_ds05,/zhome/14/b/214266/Repos/ml-surrogates-for-power-systems/outputs/experiments/thesis_sm6_benchmark_sm6_v1/default/qbc_marker_hybrid/b8192/ds05,qbc_marker_hybrid,b8192,ds05,505,bs03,3303,default,SM6,/zhome/14/b/214266/Repos/ml-surrogates-for-power-systems/outputs/experiments/thesis_sm6_benchmark_sm6_v1/default/qbc_marker_hybrid/b8192/ds05/data/SM6/dataset_v1,pruned_after_run,/zhome/14/b/214266/Repos/ml-surrogates-for-power-systems/outputs/experiments/thesis_sm6_benchmark_sm6_v1/default/qbc_marker_hybrid/b8192/ds05/baseline/bs03,completed,/zhome/14/b/214266/Repos/ml-surrogates-for-power-systems/outputs/experiments/thesis_sm6_benchmark_sm6_v1/default/qbc_marker_hybrid/b8192/ds05/baseline/bs03/metrics.json,7372,8192,9.004230378195643e-05,0.009489062323641701,/zhome/14/b/214266/Repos/ml-surrogates-for-power-systems/results/benchmark/experiments/thesis_sm6_benchmark_sm6_v1/default/qbc_marker_hybrid/b8192/ds05/dataset_manifest.json
lhs_static_b1024_ds01,/zhome/14/b/214266/Repos/ml-surrogates-for-power-systems/outputs/experiments/thesis_sm_avr_gov_benchmark_v1/default/lhs_static/b1024/ds01,lhs_static,b1024,ds01,101,bs01,1101,default,SM_AVR_GOV,/zhome/14/b/214266/Repos/ml-surrogates-for-power-systems/outputs/experiments/thesis_sm_avr_gov_benchmark_v1/default/lhs_static/b1024/ds01/data/SM_AVR_GOV/dataset_v1,pruned_after_run,/zhome/14/b/214266/Repos/ml-surrogates-for-power-systems/outputs/experiments/thesis_sm_avr_gov_benchmark_v1/default/lhs_static/b1024/ds01/baseline/bs01,completed,/zhome/14/b/214266/Repos/ml-surrogates-for-power-systems/outputs/experiments/thesis_sm_avr_gov_benchmark_v1/default/lhs_static/b1024/ds01/baseline/bs01/metrics.json,921,8192,0.006497322116047144,0.0806059682408638,/zhome/14/b/214266/Repos/ml-surrogates-for-power-systems/results/benchmark/experiments/thesis_sm_avr_gov_benchmark_v1/default/lhs_static/b1024/ds01/dataset_manifest.json
lhs_static_b1024_ds01,/zhome/14/b/214266/Repos/ml-surrogates-for-power-systems/outputs/experiments/thesis_sm_avr_gov_benchmark_v1/default/lhs_static/b1024/ds01,lhs_static,b1024,ds01,101,bs02,2202,default,SM_AVR_GOV,/zhome/14/b/214266/Repos/ml-surrogates-for-power-systems/outputs/experiments/thesis_sm_avr_gov_benchmark_v1/default/lhs_static/b1024/ds01/data/SM_AVR_GOV/dataset_v1,pruned_after_run,/zhome/14/b/214266/Repos/ml-surrogates-for-power-systems/outputs/experiments/thesis_sm_avr_gov_benchmark_v1/default/lhs_static/b1024/ds01/baseline/bs02,completed,/zhome/14/b/214266/Repos/ml-surrogates-for-power-systems/outputs/experiments/thesis_sm_avr_gov_benchmark_v1/default/lhs_static/b1024/ds01/baseline/bs02/metrics.json,921,8192,0.004522595554590225,0.06725024575858608,/zhome/14/b/214266/Repos/ml-surrogates-for-power-systems/results/benchmark/experiments/thesis_sm_avr_gov_benchmark_v1/default/lhs_static/b1024/ds01/dataset_manifest.json
lhs_static_b1024_ds01,/zhome/14/b/214266/Repos/ml-surrogates-for-power-systems/outputs/experiments/thesis_sm_avr_gov_benchmark_v1/default/lhs_static/b1024/ds01,lhs_static,b1024,ds01,101,bs03,3303,default,SM_AVR_GOV,/zhome/14/b/214266/Repos/ml-surrogates-for-power-systems/outputs/experiments/thesis_sm_avr_gov_benchmark_v1/default/lhs_static/b1024/ds01/data/SM_AVR_GOV/dataset_v1,pruned_after_run,/zhome/14/b/214266/Repos/ml-surrogates-for-power-systems/outputs/experiments/thesis_sm_avr_gov_benchmark_v1/default/lhs_static/b1024/ds01/baseline/bs03,completed,/zhome/14/b/214266/Repos/ml-surrogates-for-power-systems/outputs/experiments/thesis_sm_avr_gov_benchmark_v1/default/lhs_static/b1024/ds01/baseline/bs03/metrics.json,921,8192,0.023145100101828575,0.15213513763042572,/zhome/14/b/214266/Repos/ml-surrogates-for-power-systems/results/benchmark/experiments/thesis_sm_avr_gov_benchmark_v1/default/lhs_static/b1024/ds01/dataset_manifest.json
lhs_static_b1024_ds02,/zhome/14/b/214266/Repos/ml-surrogates-for-power-systems/outputs/experiments/thesis_sm_avr_gov_benchmark_v1/default/lhs_static/b1024/ds02,lhs_static,b1024,ds02,202,bs01,1101,default,SM_AVR_GOV,/zhome/14/b/214266/Repos/ml-surrogates-for-power-systems/outputs/experiments/thesis_sm_avr_gov_benchmark_v1/default/lhs_static/b1024/ds02/data/SM_AVR_GOV/dataset_v1,pruned_after_run,/zhome/14/b/214266/Repos/ml-surrogates-for-power-systems/outputs/experiments/thesis_sm_avr_gov_benchmark_v1/default/lhs_static/b1024/ds02/baseline/bs01,completed,/zhome/14/b/214266/Repos/ml-surrogates-for-power-systems/outputs/experiments/thesis_sm_avr_gov_benchmark_v1/default/lhs_static/b1024/ds02/baseline/bs01/metrics.json,921,8192,0.012418416328728199,0.11143794833326841,/zhome/14/b/214266/Repos/ml-surrogates-for-power-systems/results/benchmark/experiments/thesis_sm_avr_gov_benchmark_v1/default/lhs_static/b1024/ds02/dataset_manifest.json
lhs_static_b1024_ds02,/zhome/14/b/214266/Repos/ml-surrogates-for-power-systems/outputs/experiments/thesis_sm_avr_gov_benchmark_v1/default/lhs_static/b1024/ds02,lhs_static,b1024,ds02,202,bs02,2202,default,SM_AVR_GOV,/zhome/14/b/214266/Repos/ml-surrogates-for-power-systems/outputs/experiments/thesis_sm_avr_gov_benchmark_v1/default/lhs_static/b1024/ds02/data/SM_AVR_GOV/dataset_v1,pruned_after_run,/zhome/14/b/214266/Repos/ml-surrogates-for-power-systems/outputs/experiments/thesis_sm_avr_gov_benchmark_v1/default/lhs_static/b1024/ds02/baseline/bs02,completed,/zhome/14/b/214266/Repos/ml-surrogates-for-power-systems/outputs/experiments/thesis_sm_avr_gov_benchmark_v1/default/lhs_static/b1024/ds02/baseline/bs02/metrics.json,921,8192,0.005539176519960165,0.07442564423611102,/zhome/14/b/214266/Repos/ml-surrogates-for-power-systems/results/benchmark/experiments/thesis_sm_avr_gov_benchmark_v1/default/lhs_static/b1024/ds02/dataset_manifest.json
lhs_static_b1024_ds02,/zhome/14/b/214266/Repos/ml-surrogates-for-power-systems/outputs/experiments/thesis_sm_avr_gov_benchmark_v1/default/lhs_static/b1024/ds02,lhs_static,b1024,ds02,202,bs03,3303,default,SM_AVR_GOV,/zhome/14/b/214266/Repos/ml-surrogates-for-power-systems/outputs/experiments/thesis_sm_avr_gov_benchmark_v1/default/lhs_static/b1024/ds02/data/SM_AVR_GOV/dataset_v1,pruned_after_run,/zhome/14/b/214266/Repos/ml-surrogates-for-power-systems/outputs/experiments/thesis_sm_avr_gov_benchmark_v1/default/lhs_static/b1024/ds02/baseline/bs03,completed,/zhome/14/b/214266/Repos/ml-surrogates-for-power-systems/outputs/experiments/thesis_sm_avr_gov_benchmark_v1/default/lhs_static/b1024/ds02/baseline/bs03/metrics.json,921,8192,0.01237625814974308,0.11124863212526741,/zhome/14/b/214266/Repos/ml-surrogates-for-power-systems/results/benchmark/experiments/thesis_sm_avr_gov_benchmark_v1/default/lhs_static/b1024/ds02/dataset_manifest.json
lhs_static_b1024_ds03,/zhome/14/b/214266/Repos/ml-surrogates-for-power-systems/outputs/experiments/thesis_sm_avr_gov_benchmark_v1/default/lhs_static/b1024/ds03,lhs_static,b1024,ds03,303,bs01,1101,default,SM_AVR_GOV,/zhome/14/b/214266/Repos/ml-surrogates-for-power-systems/outputs/experiments/thesis_sm_avr_gov_benchmark_v1/default/lhs_static/b1024/ds03/data/SM_AVR_GOV/dataset_v1,pruned_after_run,/zhome/14/b/214266/Repos/ml-surrogates-for-power-systems/outputs/experiments/thesis_sm_avr_gov_benchmark_v1/default/lhs_static/b1024/ds03/baseline/bs01,completed,/zhome/14/b/214266/Repos/ml-surrogates-for-power-systems/outputs/experiments/thesis_sm_avr_gov_benchmark_v1/default/lhs_static/b1024/ds03/baseline/bs01/metrics.json,921,8192,0.00856082234531641,0.0925247120790787,/zhome/14/b/214266/Repos/ml-surrogates-for-power-systems/results/benchmark/experiments/thesis_sm_avr_gov_benchmark_v1/default/lhs_static/b1024/ds03/dataset_manifest.json
lhs_static_b1024_ds03,/zhome/14/b/214266/Repos/ml-surrogates-for-power-systems/outputs/experiments/thesis_sm_avr_gov_benchmark_v1/default/lhs_static/b1024/ds03,lhs_static,b1024,ds03,303,bs02,2202,default,SM_AVR_GOV,/zhome/14/b/214266/Repos/ml-surrogates-for-power-systems/outputs/experiments/thesis_sm_avr_gov_benchmark_v1/default/lhs_static/b1024/ds03/data/SM_AVR_GOV/dataset_v1,pruned_after_run,/zhome/14/b/214266/Repos/ml-surrogates-for-power-systems/outputs/experiments/thesis_sm_avr_gov_benchmark_v1/default/lhs_static/b1024/ds03/baseline/bs02,completed,/zhome/14/b/214266/Repos/ml-surrogates-for-power-systems/outputs/experiments/thesis_sm_avr_gov_benchmark_v1/default/lhs_static/b1024/ds03/baseline/bs02/metrics.json,921,8192,0.006266628857702017,0.07916204177320098,/zhome/14/b/214266/Repos/ml-surrogates-for-power-systems/results/benchmark/experiments/thesis_sm_avr_gov_benchmark_v1/default/lhs_static/b1024/ds03/dataset_manifest.json
lhs_static_b1024_ds03,/zhome/14/b/214266/Repos/ml-surrogates-for-power-systems/outputs/experiments/thesis_sm_avr_gov_benchmark_v1/default/lhs_static/b1024/ds03,lhs_static,b1024,ds03,303,bs03,3303,default,SM_AVR_GOV,/zhome/14/b/214266/Repos/ml-surrogates-for-power-systems/outputs/experiments/thesis_sm_avr_gov_benchmark_v1/default/lhs_static/b1024/ds03/data/SM_AVR_GOV/dataset_v1,pruned_after_run,/zhome/14/b/214266/Repos/ml-surrogates-for-power-systems/outputs/experiments/thesis_sm_avr_gov_benchmark_v1/default/lhs_static/b1024/ds03/baseline/bs03,completed,/zhome/14/b/214266/Repos/ml-surrogates-for-power-systems/outputs/experiments/thesis_sm_avr_gov_benchmark_v1/default/lhs_static/b1024/ds03/baseline/bs03/metrics.json,921,8192,0.014622006565332413,0.1209214892619687,/zhome/14/b/214266/Repos/ml-surrogates-for-power-systems/results/benchmark/experiments/thesis_sm_avr_gov_benchmark_v1/default/lhs_static/b1024/ds03/dataset_manifest.json
lhs_static_b1024_ds04,/zhome/14/b/214266/Repos/ml-surrogates-for-power-systems/outputs/experiments/thesis_sm_avr_gov_benchmark_v1/default/lhs_static/b1024/ds04,lhs_static,b1024,ds04,404,bs01,1101,default,SM_AVR_GOV,/zhome/14/b/214266/Repos/ml-surrogates-for-power-systems/outputs/experiments/thesis_sm_avr_gov_benchmark_v1/default/lhs_static/b1024/ds04/data/SM_AVR_GOV/dataset_v1,pruned_after_run,/zhome/14/b/214266/Repos/ml-surrogates-for-power-systems/outputs/experiments/thesis_sm_avr_gov_benchmark_v1/default/lhs_static/b1024/ds04/baseline/bs01,completed,/zhome/14/b/214266/Repos/ml-surrogates-for-power-systems/outputs/experiments/thesis_sm_avr_gov_benchmark_v1/default/lhs_static/b1024/ds04/baseline/bs01/metrics.json,921,8192,0.01101661752909422,0.10496007588170951,/zhome/14/b/214266/Repos/ml-surrogates-for-power-systems/results/benchmark/experiments/thesis_sm_avr_gov_benchmark_v1/default/lhs_static/b1024/ds04/dataset_manifest.json
lhs_static_b1024_ds04,/zhome/14/b/214266/Repos/ml-surrogates-for-power-systems/outputs/experiments/thesis_sm_avr_gov_benchmark_v1/default/lhs_static/b1024/ds04,lhs_static,b1024,ds04,404,bs02,2202,default,SM_AVR_GOV,/zhome/14/b/214266/Repos/ml-surrogates-for-power-systems/outputs/experiments/thesis_sm_avr_gov_benchmark_v1/default/lhs_static/b1024/ds04/data/SM_AVR_GOV/dataset_v1,pruned_after_run,/zhome/14/b/214266/Repos/ml-surrogates-for-power-systems/outputs/experiments/thesis_sm_avr_gov_benchmark_v1/default/lhs_static/b1024/ds04/baseline/bs02,completed,/zhome/14/b/214266/Repos/ml-surrogates-for-power-systems/outputs/experiments/thesis_sm_avr_gov_benchmark_v1/default/lhs_static/b1024/ds04/baseline/bs02/metrics.json,921,8192,0.0067695132456719875,0.08227705175607587,/zhome/14/b/214266/Repos/ml-surrogates-for-power-systems/results/benchmark/experiments/thesis_sm_avr_gov_benchmark_v1/default/lhs_static/b1024/ds04/dataset_manifest.json
lhs_static_b1024_ds04,/zhome/14/b/214266/Repos/ml-surrogates-for-power-systems/outputs/experiments/thesis_sm_avr_gov_benchmark_v1/default/lhs_static/b1024/ds04,lhs_static,b1024,ds04,404,bs03,3303,default,SM_AVR_GOV,/zhome/14/b/214266/Repos/ml-surrogates-for-power-systems/outputs/experiments/thesis_sm_avr_gov_benchmark_v1/default/lhs_static/b1024/ds04/data/SM_AVR_GOV/dataset_v1,pruned_after_run,/zhome/14/b/214266/Repos/ml-surrogates-for-power-systems/outputs/experiments/thesis_sm_avr_gov_benchmark_v1/default/lhs_static/b1024/ds04/baseline/bs03,completed,/zhome/14/b/214266/Repos/ml-surrogates-for-power-systems/outputs/experiments/thesis_sm_avr_gov_benchmark_v1/default/lhs_static/b1024/ds04/baseline/bs03/metrics.json,921,8192,0.011393854394555092,0.10674199920628755,/zhome/14/b/214266/Repos/ml-surrogates-for-power-systems/results/benchmark/experiments/thesis_sm_avr_gov_benchmark_v1/default/lhs_static/b1024/ds04/dataset_manifest.json
lhs_static_b1024_ds05,/zhome/14/b/214266/Repos/ml-surrogates-for-power-systems/outputs/experiments/thesis_sm_avr_gov_benchmark_v1/default/lhs_static/b1024/ds05,lhs_static,b1024,ds05,505,bs01,1101,default,SM_AVR_GOV,/zhome/14/b/214266/Repos/ml-surrogates-for-power-systems/outputs/experiments/thesis_sm_avr_gov_benchmark_v1/default/lhs_static/b1024/ds05/data/SM_AVR_GOV/dataset_v1,pruned_after_run,/zhome/14/b/214266/Repos/ml-surrogates-for-power-systems/outputs/experiments/thesis_sm_avr_gov_benchmark_v1/default/lhs_static/b1024/ds05/baseline/bs01,completed,/zhome/14/b/214266/Repos/ml-surrogates-for-power-systems/outputs/experiments/thesis_sm_avr_gov_benchmark_v1/default/lhs_static/b1024/ds05/baseline/bs01/metrics.json,921,8192,0.006207581609487534,0.0787882072996177,/zhome/14/b/214266/Repos/ml-surrogates-for-power-systems/results/benchmark/experiments/thesis_sm_avr_gov_benchmark_v1/default/lhs_static/b1024/ds05/dataset_manifest.json
lhs_static_b1024_ds05,/zhome/14/b/214266/Repos/ml-surrogates-for-power-systems/outputs/experiments/thesis_sm_avr_gov_benchmark_v1/default/lhs_static/b1024/ds05,lhs_static,b1024,ds05,505,bs02,2202,default,SM_AVR_GOV,/zhome/14/b/214266/Repos/ml-surrogates-for-power-systems/outputs/experiments/thesis_sm_avr_gov_benchmark_v1/default/lhs_static/b1024/ds05/data/SM_AVR_GOV/dataset_v1,pruned_after_run,/zhome/14/b/214266/Repos/ml-surrogates-for-power-systems/outputs/experiments/thesis_sm_avr_gov_benchmark_v1/default/lhs_static/b1024/ds05/baseline/bs02,completed,/zhome/14/b/214266/Repos/ml-surrogates-for-power-systems/outputs/experiments/thesis_sm_avr_gov_benchmark_v1/default/lhs_static/b1024/ds05/baseline/bs02/metrics.json,921,8192,0.00542796403169632,0.07367471772389983,/zhome/14/b/214266/Repos/ml-surrogates-for-power-systems/results/benchmark/experiments/thesis_sm_avr_gov_benchmark_v1/default/lhs_static/b1024/ds05/dataset_manifest.json
lhs_static_b1024_ds05,/zhome/14/b/214266/Repos/ml-surrogates-for-power-systems/outputs/experiments/thesis_sm_avr_gov_benchmark_v1/default/lhs_static/b1024/ds05,lhs_static,b1024,ds05,505,bs03,3303,default,SM_AVR_GOV,/zhome/14/b/214266/Repos/ml-surrogates-for-power-systems/outputs/experiments/thesis_sm_avr_gov_benchmark_v1/default/lhs_static/b1024/ds05/data/SM_AVR_GOV/dataset_v1,pruned_after_run,/zhome/14/b/214266/Repos/ml-surrogates-for-power-systems/outputs/experiments/thesis_sm_avr_gov_benchmark_v1/default/lhs_static/b1024/ds05/baseline/bs03,completed,/zhome/14/b/214266/Repos/ml-surrogates-for-power-systems/outputs/experiments/thesis_sm_avr_gov_benchmark_v1/default/lhs_static/b1024/ds05/baseline/bs03/metrics.json,921,8192,0.017680475488305092,0.13296794910167295,/zhome/14/b/214266/Repos/ml-surrogates-for-power-systems/results/benchmark/experiments/thesis_sm_avr_gov_benchmark_v1/default/lhs_static/b1024/ds05/dataset_manifest.json
lhs_static_b4096_ds01,/zhome/14/b/214266/Repos/ml-surrogates-for-power-systems/outputs/experiments/thesis_sm_avr_gov_benchmark_v1/default/lhs_static/b4096/ds01,lhs_static,b4096,ds01,101,bs01,1101,default,SM_AVR_GOV,/zhome/14/b/214266/Repos/ml-surrogates-for-power-systems/outputs/experiments/thesis_sm_avr_gov_benchmark_v1/default/lhs_static/b4096/ds01/data/SM_AVR_GOV/dataset_v1,pruned_after_run,/zhome/14/b/214266/Repos/ml-surrogates-for-power-systems/outputs/experiments/thesis_sm_avr_gov_benchmark_v1/default/lhs_static/b4096/ds01/baseline/bs01,completed,/zhome/14/b/214266/Repos/ml-surrogates-for-power-systems/outputs/experiments/thesis_sm_avr_gov_benchmark_v1/default/lhs_static/b4096/ds01/baseline/bs01/metrics.json,3686,8192,0.0012026482727378607,0.03467921960970086,/zhome/14/b/214266/Repos/ml-surrogates-for-power-systems/results/benchmark/experiments/thesis_sm_avr_gov_benchmark_v1/default/lhs_static/b4096/ds01/dataset_manifest.json
lhs_static_b4096_ds01,/zhome/14/b/214266/Repos/ml-surrogates-for-power-systems/outputs/experiments/thesis_sm_avr_gov_benchmark_v1/default/lhs_static/b4096/ds01,lhs_static,b4096,ds01,101,bs02,2202,default,SM_AVR_GOV,/zhome/14/b/214266/Repos/ml-surrogates-for-power-systems/outputs/experiments/thesis_sm_avr_gov_benchmark_v1/default/lhs_static/b4096/ds01/data/SM_AVR_GOV/dataset_v1,pruned_after_run,/zhome/14/b/214266/Repos/ml-surrogates-for-power-systems/outputs/experiments/thesis_sm_avr_gov_benchmark_v1/default/lhs_static/b4096/ds01/baseline/bs02,completed,/zhome/14/b/214266/Repos/ml-surrogates-for-power-systems/outputs/experiments/thesis_sm_avr_gov_benchmark_v1/default/lhs_static/b4096/ds01/baseline/bs02/metrics.json,3686,8192,0.0016408301889896393,0.040507162193736054,/zhome/14/b/214266/Repos/ml-surrogates-for-power-systems/results/benchmark/experiments/thesis_sm_avr_gov_benchmark_v1/default/lhs_static/b4096/ds01/dataset_manifest.json
lhs_static_b4096_ds01,/zhome/14/b/214266/Repos/ml-surrogates-for-power-systems/outputs/experiments/thesis_sm_avr_gov_benchmark_v1/default/lhs_static/b4096/ds01,lhs_static,b4096,ds01,101,bs03,3303,default,SM_AVR_GOV,/zhome/14/b/214266/Repos/ml-surrogates-for-power-systems/outputs/experiments/thesis_sm_avr_gov_benchmark_v1/default/lhs_static/b4096/ds01/data/SM_AVR_GOV/dataset_v1,pruned_after_run,/zhome/14/b/214266/Repos/ml-surrogates-for-power-systems/outputs/experiments/thesis_sm_avr_gov_benchmark_v1/default/lhs_static/b4096/ds01/baseline/bs03,completed,/zhome/14/b/214266/Repos/ml-surrogates-for-power-systems/outputs/experiments/thesis_sm_avr_gov_benchmark_v1/default/lhs_static/b4096/ds01/baseline/bs03/metrics.json,3686,8192,0.0006808927282691002,0.026093921289624143,/zhome/14/b/214266/Repos/ml-surrogates-for-power-systems/results/benchmark/experiments/thesis_sm_avr_gov_benchmark_v1/default/lhs_static/b4096/ds01/dataset_manifest.json
lhs_static_b4096_ds02,/zhome/14/b/214266/Repos/ml-surrogates-for-power-systems/outputs/experiments/thesis_sm_avr_gov_benchmark_v1/default/lhs_static/b4096/ds02,lhs_static,b4096,ds02,202,bs01,1101,default,SM_AVR_GOV,/zhome/14/b/214266/Repos/ml-surrogates-for-power-systems/outputs/experiments/thesis_sm_avr_gov_benchmark_v1/default/lhs_static/b4096/ds02/data/SM_AVR_GOV/dataset_v1,pruned_after_run,/zhome/14/b/214266/Repos/ml-surrogates-for-power-systems/outputs/experiments/thesis_sm_avr_gov_benchmark_v1/default/lhs_static/b4096/ds02/baseline/bs01,completed,/zhome/14/b/214266/Repos/ml-surrogates-for-power-systems/outputs/experiments/thesis_sm_avr_gov_benchmark_v1/default/lhs_static/b4096/ds02/baseline/bs01/metrics.json,3686,8192,0.0011077419621869922,0.03328275773109843,/zhome/14/b/214266/Repos/ml-surrogates-for-power-systems/results/benchmark/experiments/thesis_sm_avr_gov_benchmark_v1/default/lhs_static/b4096/ds02/dataset_manifest.json
lhs_static_b4096_ds02,/zhome/14/b/214266/Repos/ml-surrogates-for-power-systems/outputs/experiments/thesis_sm_avr_gov_benchmark_v1/default/lhs_static/b4096/ds02,lhs_static,b4096,ds02,202,bs02,2202,default,SM_AVR_GOV,/zhome/14/b/214266/Repos/ml-surrogates-for-power-systems/outputs/experiments/thesis_sm_avr_gov_benchmark_v1/default/lhs_static/b4096/ds02/data/SM_AVR_GOV/dataset_v1,pruned_after_run,/zhome/14/b/214266/Repos/ml-surrogates-for-power-systems/outputs/experiments/thesis_sm_avr_gov_benchmark_v1/default/lhs_static/b4096/ds02/baseline/bs02,completed,/zhome/14/b/214266/Repos/ml-surrogates-for-power-systems/outputs/experiments/thesis_sm_avr_gov_benchmark_v1/default/lhs_static/b4096/ds02/baseline/bs02/metrics.json,3686,8192,0.000851741002406925,0.029184602145770722,/zhome/14/b/214266/Repos/ml-surrogates-for-power-systems/results/benchmark/experiments/thesis_sm_avr_gov_benchmark_v1/default/lhs_static/b4096/ds02/dataset_manifest.json
lhs_static_b4096_ds02,/zhome/14/b/214266/Repos/ml-surrogates-for-power-systems/outputs/experiments/thesis_sm_avr_gov_benchmark_v1/default/lhs_static/b4096/ds02,lhs_static,b4096,ds02,202,bs03,3303,default,SM_AVR_GOV,/zhome/14/b/214266/Repos/ml-surrogates-for-power-systems/outputs/experiments/thesis_sm_avr_gov_benchmark_v1/default/lhs_static/b4096/ds02/data/SM_AVR_GOV/dataset_v1,pruned_after_run,/zhome/14/b/214266/Repos/ml-surrogates-for-power-systems/outputs/experiments/thesis_sm_avr_gov_benchmark_v1/default/lhs_static/b4096/ds02/baseline/bs03,completed,/zhome/14/b/214266/Repos/ml-surrogates-for-power-systems/outputs/experiments/thesis_sm_avr_gov_benchmark_v1/default/lhs_static/b4096/ds02/baseline/bs03/metrics.json,3686,8192,0.0019927711691707373,0.0446404656020828,/zhome/14/b/214266/Repos/ml-surrogates-for-power-systems/results/benchmark/experiments/thesis_sm_avr_gov_benchmark_v1/default/lhs_static/b4096/ds02/dataset_manifest.json
lhs_static_b4096_ds03,/zhome/14/b/214266/Repos/ml-surrogates-for-power-systems/outputs/experiments/thesis_sm_avr_gov_benchmark_v1/default/lhs_static/b4096/ds03,lhs_static,b4096,ds03,303,bs01,1101,default,SM_AVR_GOV,/zhome/14/b/214266/Repos/ml-surrogates-for-power-systems/outputs/experiments/thesis_sm_avr_gov_benchmark_v1/default/lhs_static/b4096/ds03/data/SM_AVR_GOV/dataset_v1,pruned_after_run,/zhome/14/b/214266/Repos/ml-surrogates-for-power-systems/outputs/experiments/thesis_sm_avr_gov_benchmark_v1/default/lhs_static/b4096/ds03/baseline/bs01,completed,/zhome/14/b/214266/Repos/ml-surrogates-for-power-systems/outputs/experiments/thesis_sm_avr_gov_benchmark_v1/default/lhs_static/b4096/ds03/baseline/bs01/metrics.json,3686,8192,0.0009353455388918519,0.030583419345976536,/zhome/14/b/214266/Repos/ml-surrogates-for-power-systems/results/benchmark/experiments/thesis_sm_avr_gov_benchmark_v1/default/lhs_static/b4096/ds03/dataset_manifest.json
lhs_static_b4096_ds03,/zhome/14/b/214266/Repos/ml-surrogates-for-power-systems/outputs/experiments/thesis_sm_avr_gov_benchmark_v1/default/lhs_static/b4096/ds03,lhs_static,b4096,ds03,303,bs02,2202,default,SM_AVR_GOV,/zhome/14/b/214266/Repos/ml-surrogates-for-power-systems/outputs/experiments/thesis_sm_avr_gov_benchmark_v1/default/lhs_static/b4096/ds03/data/SM_AVR_GOV/dataset_v1,pruned_after_run,/zhome/14/b/214266/Repos/ml-surrogates-for-power-systems/outputs/experiments/thesis_sm_avr_gov_benchmark_v1/default/lhs_static/b4096/ds03/baseline/bs02,completed,/zhome/14/b/214266/Repos/ml-surrogates-for-power-systems/outputs/experiments/thesis_sm_avr_gov_benchmark_v1/default/lhs_static/b4096/ds03/baseline/bs02/metrics.json,3686,8192,0.0016185250133275986,0.040230896253098794,/zhome/14/b/214266/Repos/ml-surrogates-for-power-systems/results/benchmark/experiments/thesis_sm_avr_gov_benchmark_v1/default/lhs_static/b4096/ds03/dataset_manifest.json
lhs_static_b4096_ds03,/zhome/14/b/214266/Repos/ml-surrogates-for-power-systems/outputs/experiments/thesis_sm_avr_gov_benchmark_v1/default/lhs_static/b4096/ds03,lhs_static,b4096,ds03,303,bs03,3303,default,SM_AVR_GOV,/zhome/14/b/214266/Repos/ml-surrogates-for-power-systems/outputs/experiments/thesis_sm_avr_gov_benchmark_v1/default/lhs_static/b4096/ds03/data/SM_AVR_GOV/dataset_v1,pruned_after_run,/zhome/14/b/214266/Repos/ml-surrogates-for-power-systems/outputs/experiments/thesis_sm_avr_gov_benchmark_v1/default/lhs_static/b4096/ds03/baseline/bs03,completed,/zhome/14/b/214266/Repos/ml-surrogates-for-power-systems/outputs/experiments/thesis_sm_avr_gov_benchmark_v1/default/lhs_static/b4096/ds03/baseline/bs03/metrics.json,3686,8192,0.001046750578097999,0.03235352497175538,/zhome/14/b/214266/Repos/ml-surrogates-for-power-systems/results/benchmark/experiments/thesis_sm_avr_gov_benchmark_v1/default/lhs_static/b4096/ds03/dataset_manifest.json
lhs_static_b4096_ds04,/zhome/14/b/214266/Repos/ml-surrogates-for-power-systems/outputs/experiments/thesis_sm_avr_gov_benchmark_v1/default/lhs_static/b4096/ds04,lhs_static,b4096,ds04,404,bs01,1101,default,SM_AVR_GOV,/zhome/14/b/214266/Repos/ml-surrogates-for-power-systems/outputs/experiments/thesis_sm_avr_gov_benchmark_v1/default/lhs_static/b4096/ds04/data/SM_AVR_GOV/dataset_v1,pruned_after_run,/zhome/14/b/214266/Repos/ml-surrogates-for-power-systems/outputs/experiments/thesis_sm_avr_gov_benchmark_v1/default/lhs_static/b4096/ds04/baseline/bs01,completed,/zhome/14/b/214266/Repos/ml-surrogates-for-power-systems/outputs/experiments/thesis_sm_avr_gov_benchmark_v1/default/lhs_static/b4096/ds04/baseline/bs01/metrics.json,3686,8192,0.0021864785812795162,0.04675979663428313,/zhome/14/b/214266/Repos/ml-surrogates-for-power-systems/results/benchmark/experiments/thesis_sm_avr_gov_benchmark_v1/default/lhs_static/b4096/ds04/dataset_manifest.json
lhs_static_b4096_ds04,/zhome/14/b/214266/Repos/ml-surrogates-for-power-systems/outputs/experiments/thesis_sm_avr_gov_benchmark_v1/default/lhs_static/b4096/ds04,lhs_static,b4096,ds04,404,bs02,2202,default,SM_AVR_GOV,/zhome/14/b/214266/Repos/ml-surrogates-for-power-systems/outputs/experiments/thesis_sm_avr_gov_benchmark_v1/default/lhs_static/b4096/ds04/data/SM_AVR_GOV/dataset_v1,pruned_after_run,/zhome/14/b/214266/Repos/ml-surrogates-for-power-systems/outputs/experiments/thesis_sm_avr_gov_benchmark_v1/default/lhs_static/b4096/ds04/baseline/bs02,completed,/zhome/14/b/214266/Repos/ml-surrogates-for-power-systems/outputs/experiments/thesis_sm_avr_gov_benchmark_v1/default/lhs_static/b4096/ds04/baseline/bs02/metrics.json,3686,8192,0.0005591660737991333,0.023646692660901508,/zhome/14/b/214266/Repos/ml-surrogates-for-power-systems/results/benchmark/experiments/thesis_sm_avr_gov_benchmark_v1/default/lhs_static/b4096/ds04/dataset_manifest.json
lhs_static_b4096_ds04,/zhome/14/b/214266/Repos/ml-surrogates-for-power-systems/outputs/experiments/thesis_sm_avr_gov_benchmark_v1/default/lhs_static/b4096/ds04,lhs_static,b4096,ds04,404,bs03,3303,default,SM_AVR_GOV,/zhome/14/b/214266/Repos/ml-surrogates-for-power-systems/outputs/experiments/thesis_sm_avr_gov_benchmark_v1/default/lhs_static/b4096/ds04/data/SM_AVR_GOV/dataset_v1,pruned_after_run,/zhome/14/b/214266/Repos/ml-surrogates-for-power-systems/outputs/experiments/thesis_sm_avr_gov_benchmark_v1/default/lhs_static/b4096/ds04/baseline/bs03,completed,/zhome/14/b/214266/Repos/ml-surrogates-for-power-systems/outputs/experiments/thesis_sm_avr_gov_benchmark_v1/default/lhs_static/b4096/ds04/baseline/bs03/metrics.json,3686,8192,0.000953490030951798,0.030878633890633795,/zhome/14/b/214266/Repos/ml-surrogates-for-power-systems/results/benchmark/experiments/thesis_sm_avr_gov_benchmark_v1/default/lhs_static/b4096/ds04/dataset_manifest.json
lhs_static_b4096_ds05,/zhome/14/b/214266/Repos/ml-surrogates-for-power-systems/outputs/experiments/thesis_sm_avr_gov_benchmark_v1/default/lhs_static/b4096/ds05,lhs_static,b4096,ds05,505,bs01,1101,default,SM_AVR_GOV,/zhome/14/b/214266/Repos/ml-surrogates-for-power-systems/outputs/experiments/thesis_sm_avr_gov_benchmark_v1/default/lhs_static/b4096/ds05/data/SM_AVR_GOV/dataset_v1,pruned_after_run,/zhome/14/b/214266/Repos/ml-surrogates-for-power-systems/outputs/experiments/thesis_sm_avr_gov_benchmark_v1/default/lhs_static/b4096/ds05/baseline/bs01,completed,/zhome/14/b/214266/Repos/ml-surrogates-for-power-systems/outputs/experiments/thesis_sm_avr_gov_benchmark_v1/default/lhs_static/b4096/ds05/baseline/bs01/metrics.json,3686,8192,0.001344855292700231,0.03667226871493269,/zhome/14/b/214266/Repos/ml-surrogates-for-power-systems/results/benchmark/experiments/thesis_sm_avr_gov_benchmark_v1/default/lhs_static/b4096/ds05/dataset_manifest.json
lhs_static_b4096_ds05,/zhome/14/b/214266/Repos/ml-surrogates-for-power-systems/outputs/experiments/thesis_sm_avr_gov_benchmark_v1/default/lhs_static/b4096/ds05,lhs_static,b4096,ds05,505,bs02,2202,default,SM_AVR_GOV,/zhome/14/b/214266/Repos/ml-surrogates-for-power-systems/outputs/experiments/thesis_sm_avr_gov_benchmark_v1/default/lhs_static/b4096/ds05/data/SM_AVR_GOV/dataset_v1,pruned_after_run,/zhome/14/b/214266/Repos/ml-surrogates-for-power-systems/outputs/experiments/thesis_sm_avr_gov_benchmark_v1/default/lhs_static/b4096/ds05/baseline/bs02,completed,/zhome/14/b/214266/Repos/ml-surrogates-for-power-systems/outputs/experiments/thesis_sm_avr_gov_benchmark_v1/default/lhs_static/b4096/ds05/baseline/bs02/metrics.json,3686,8192,0.0019338825950399041,0.043975931997399485,/zhome/14/b/214266/Repos/ml-surrogates-for-power-systems/results/benchmark/experiments/thesis_sm_avr_gov_benchmark_v1/default/lhs_static/b4096/ds05/dataset_manifest.json
lhs_static_b4096_ds05,/zhome/14/b/214266/Repos/ml-surrogates-for-power-systems/outputs/experiments/thesis_sm_avr_gov_benchmark_v1/default/lhs_static/b4096/ds05,lhs_static,b4096,ds05,505,bs03,3303,default,SM_AVR_GOV,/zhome/14/b/214266/Repos/ml-surrogates-for-power-systems/outputs/experiments/thesis_sm_avr_gov_benchmark_v1/default/lhs_static/b4096/ds05/data/SM_AVR_GOV/dataset_v1,pruned_after_run,/zhome/14/b/214266/Repos/ml-surrogates-for-power-systems/outputs/experiments/thesis_sm_avr_gov_benchmark_v1/default/lhs_static/b4096/ds05/baseline/bs03,completed,/zhome/14/b/214266/Repos/ml-surrogates-for-power-systems/outputs/experiments/thesis_sm_avr_gov_benchmark_v1/default/lhs_static/b4096/ds05/baseline/bs03/metrics.json,3686,8192,0.0005979036213830113,0.024452067834500445,/zhome/14/b/214266/Repos/ml-surrogates-for-power-systems/results/benchmark/experiments/thesis_sm_avr_gov_benchmark_v1/default/lhs_static/b4096/ds05/dataset_manifest.json
lhs_static_b8192_ds01,/zhome/14/b/214266/Repos/ml-surrogates-for-power-systems/outputs/experiments/thesis_sm_avr_gov_benchmark_v1/default/lhs_static/b8192/ds01,lhs_static,b8192,ds01,101,bs01,1101,default,SM_AVR_GOV,/zhome/14/b/214266/Repos/ml-surrogates-for-power-systems/outputs/experiments/thesis_sm_avr_gov_benchmark_v1/default/lhs_static/b8192/ds01/data/SM_AVR_GOV/dataset_v2,pruned_after_run,/zhome/14/b/214266/Repos/ml-surrogates-for-power-systems/outputs/experiments/thesis_sm_avr_gov_benchmark_v1/default/lhs_static/b8192/ds01/baseline/bs01,completed,/zhome/14/b/214266/Repos/ml-surrogates-for-power-systems/outputs/experiments/thesis_sm_avr_gov_benchmark_v1/default/lhs_static/b8192/ds01/baseline/bs01/metrics.json,7372,8192,0.0012825732119381428,0.035813031314566805,/zhome/14/b/214266/Repos/ml-surrogates-for-power-systems/results/benchmark/experiments/thesis_sm_avr_gov_benchmark_v1/default/lhs_static/b8192/ds01/dataset_manifest.json
lhs_static_b8192_ds01,/zhome/14/b/214266/Repos/ml-surrogates-for-power-systems/outputs/experiments/thesis_sm_avr_gov_benchmark_v1/default/lhs_static/b8192/ds01,lhs_static,b8192,ds01,101,bs02,2202,default,SM_AVR_GOV,/zhome/14/b/214266/Repos/ml-surrogates-for-power-systems/outputs/experiments/thesis_sm_avr_gov_benchmark_v1/default/lhs_static/b8192/ds01/data/SM_AVR_GOV/dataset_v2,pruned_after_run,/zhome/14/b/214266/Repos/ml-surrogates-for-power-systems/outputs/experiments/thesis_sm_avr_gov_benchmark_v1/default/lhs_static/b8192/ds01/baseline/bs02,completed,/zhome/14/b/214266/Repos/ml-surrogates-for-power-systems/outputs/experiments/thesis_sm_avr_gov_benchmark_v1/default/lhs_static/b8192/ds01/baseline/bs02/metrics.json,7372,8192,0.0009991897968575358,0.03160996356938008,/zhome/14/b/214266/Repos/ml-surrogates-for-power-systems/results/benchmark/experiments/thesis_sm_avr_gov_benchmark_v1/default/lhs_static/b8192/ds01/dataset_manifest.json
lhs_static_b8192_ds01,/zhome/14/b/214266/Repos/ml-surrogates-for-power-systems/outputs/experiments/thesis_sm_avr_gov_benchmark_v1/default/lhs_static/b8192/ds01,lhs_static,b8192,ds01,101,bs03,3303,default,SM_AVR_GOV,/zhome/14/b/214266/Repos/ml-surrogates-for-power-systems/outputs/experiments/thesis_sm_avr_gov_benchmark_v1/default/lhs_static/b8192/ds01/data/SM_AVR_GOV/dataset_v2,pruned_after_run,/zhome/14/b/214266/Repos/ml-surrogates-for-power-systems/outputs/experiments/thesis_sm_avr_gov_benchmark_v1/default/lhs_static/b8192/ds01/baseline/bs03,completed,/zhome/14/b/214266/Repos/ml-surrogates-for-power-systems/outputs/experiments/thesis_sm_avr_gov_benchmark_v1/default/lhs_static/b8192/ds01/baseline/bs03/metrics.json,7372,8192,0.0015257649356499314,0.039061041149077574,/zhome/14/b/214266/Repos/ml-surrogates-for-power-systems/results/benchmark/experiments/thesis_sm_avr_gov_benchmark_v1/default/lhs_static/b8192/ds01/dataset_manifest.json
lhs_static_b8192_ds02,/zhome/14/b/214266/Repos/ml-surrogates-for-power-systems/outputs/experiments/thesis_sm_avr_gov_benchmark_v1/default/lhs_static/b8192/ds02,lhs_static,b8192,ds02,202,bs01,1101,default,SM_AVR_GOV,/zhome/14/b/214266/Repos/ml-surrogates-for-power-systems/outputs/experiments/thesis_sm_avr_gov_benchmark_v1/default/lhs_static/b8192/ds02/data/SM_AVR_GOV/dataset_v1,pruned_after_run,/zhome/14/b/214266/Repos/ml-surrogates-for-power-systems/outputs/experiments/thesis_sm_avr_gov_benchmark_v1/default/lhs_static/b8192/ds02/baseline/bs01,completed,/zhome/14/b/214266/Repos/ml-surrogates-for-power-systems/outputs/experiments/thesis_sm_avr_gov_benchmark_v1/default/lhs_static/b8192/ds02/baseline/bs01/metrics.json,7372,8192,0.0016267361352220178,0.04033281709999957,/zhome/14/b/214266/Repos/ml-surrogates-for-power-systems/results/benchmark/experiments/thesis_sm_avr_gov_benchmark_v1/default/lhs_static/b8192/ds02/dataset_manifest.json
lhs_static_b8192_ds02,/zhome/14/b/214266/Repos/ml-surrogates-for-power-systems/outputs/experiments/thesis_sm_avr_gov_benchmark_v1/default/lhs_static/b8192/ds02,lhs_static,b8192,ds02,202,bs02,2202,default,SM_AVR_GOV,/zhome/14/b/214266/Repos/ml-surrogates-for-power-systems/outputs/experiments/thesis_sm_avr_gov_benchmark_v1/default/lhs_static/b8192/ds02/data/SM_AVR_GOV/dataset_v1,pruned_after_run,/zhome/14/b/214266/Repos/ml-surrogates-for-power-systems/outputs/experiments/thesis_sm_avr_gov_benchmark_v1/default/lhs_static/b8192/ds02/baseline/bs02,completed,/zhome/14/b/214266/Repos/ml-surrogates-for-power-systems/outputs/experiments/thesis_sm_avr_gov_benchmark_v1/default/lhs_static/b8192/ds02/baseline/bs02/metrics.json,7372,8192,0.0010052690049633384,0.0317059774327072,/zhome/14/b/214266/Repos/ml-surrogates-for-power-systems/results/benchmark/experiments/thesis_sm_avr_gov_benchmark_v1/default/lhs_static/b8192/ds02/dataset_manifest.json
lhs_static_b8192_ds02,/zhome/14/b/214266/Repos/ml-surrogates-for-power-systems/outputs/experiments/thesis_sm_avr_gov_benchmark_v1/default/lhs_static/b8192/ds02,lhs_static,b8192,ds02,202,bs03,3303,default,SM_AVR_GOV,/zhome/14/b/214266/Repos/ml-surrogates-for-power-systems/outputs/experiments/thesis_sm_avr_gov_benchmark_v1/default/lhs_static/b8192/ds02/data/SM_AVR_GOV/dataset_v1,pruned_after_run,/zhome/14/b/214266/Repos/ml-surrogates-for-power-systems/outputs/experiments/thesis_sm_avr_gov_benchmark_v1/default/lhs_static/b8192/ds02/baseline/bs03,completed,/zhome/14/b/214266/Repos/ml-surrogates-for-power-systems/outputs/experiments/thesis_sm_avr_gov_benchmark_v1/default/lhs_static/b8192/ds02/baseline/bs03/metrics.json,7372,8192,0.0019327234476804733,0.04396275068373763,/zhome/14/b/214266/Repos/ml-surrogates-for-power-systems/results/benchmark/experiments/thesis_sm_avr_gov_benchmark_v1/default/lhs_static/b8192/ds02/dataset_manifest.json
lhs_static_b8192_ds03,/zhome/14/b/214266/Repos/ml-surrogates-for-power-systems/outputs/experiments/thesis_sm_avr_gov_benchmark_v1/default/lhs_static/b8192/ds03,lhs_static,b8192,ds03,303,bs01,1101,default,SM_AVR_GOV,/zhome/14/b/214266/Repos/ml-surrogates-for-power-systems/outputs/experiments/thesis_sm_avr_gov_benchmark_v1/default/lhs_static/b8192/ds03/data/SM_AVR_GOV/dataset_v1,pruned_after_run,/zhome/14/b/214266/Repos/ml-surrogates-for-power-systems/outputs/experiments/thesis_sm_avr_gov_benchmark_v1/default/lhs_static/b8192/ds03/baseline/bs01,completed,/zhome/14/b/214266/Repos/ml-surrogates-for-power-systems/outputs/experiments/thesis_sm_avr_gov_benchmark_v1/default/lhs_static/b8192/ds03/baseline/bs01/metrics.json,7372,8192,0.0007003162754699588,0.026463489480224613,/zhome/14/b/214266/Repos/ml-surrogates-for-power-systems/results/benchmark/experiments/thesis_sm_avr_gov_benchmark_v1/default/lhs_static/b8192/ds03/dataset_manifest.json
lhs_static_b8192_ds03,/zhome/14/b/214266/Repos/ml-surrogates-for-power-systems/outputs/experiments/thesis_sm_avr_gov_benchmark_v1/default/lhs_static/b8192/ds03,lhs_static,b8192,ds03,303,bs02,2202,default,SM_AVR_GOV,/zhome/14/b/214266/Repos/ml-surrogates-for-power-systems/outputs/experiments/thesis_sm_avr_gov_benchmark_v1/default/lhs_static/b8192/ds03/data/SM_AVR_GOV/dataset_v1,pruned_after_run,/zhome/14/b/214266/Repos/ml-surrogates-for-power-systems/outputs/experiments/thesis_sm_avr_gov_benchmark_v1/default/lhs_static/b8192/ds03/baseline/bs02,completed,/zhome/14/b/214266/Repos/ml-surrogates-for-power-systems/outputs/experiments/thesis_sm_avr_gov_benchmark_v1/default/lhs_static/b8192/ds03/baseline/bs02/metrics.json,7372,8192,0.0008005162817426026,0.02829339643348961,/zhome/14/b/214266/Repos/ml-surrogates-for-power-systems/results/benchmark/experiments/thesis_sm_avr_gov_benchmark_v1/default/lhs_static/b8192/ds03/dataset_manifest.json
lhs_static_b8192_ds03,/zhome/14/b/214266/Repos/ml-surrogates-for-power-systems/outputs/experiments/thesis_sm_avr_gov_benchmark_v1/default/lhs_static/b8192/ds03,lhs_static,b8192,ds03,303,bs03,3303,default,SM_AVR_GOV,/zhome/14/b/214266/Repos/ml-surrogates-for-power-systems/outputs/experiments/thesis_sm_avr_gov_benchmark_v1/default/lhs_static/b8192/ds03/data/SM_AVR_GOV/dataset_v1,pruned_after_run,/zhome/14/b/214266/Repos/ml-surrogates-for-power-systems/outputs/experiments/thesis_sm_avr_gov_benchmark_v1/default/lhs_static/b8192/ds03/baseline/bs03,completed,/zhome/14/b/214266/Repos/ml-surrogates-for-power-systems/outputs/experiments/thesis_sm_avr_gov_benchmark_v1/default/lhs_static/b8192/ds03/baseline/bs03/metrics.json,7372,8192,0.0013976995833218098,0.03738582061854213,/zhome/14/b/214266/Repos/ml-surrogates-for-power-systems/results/benchmark/experiments/thesis_sm_avr_gov_benchmark_v1/default/lhs_static/b8192/ds03/dataset_manifest.json
lhs_static_b8192_ds04,/zhome/14/b/214266/Repos/ml-surrogates-for-power-systems/outputs/experiments/thesis_sm_avr_gov_benchmark_v1/default/lhs_static/b8192/ds04,lhs_static,b8192,ds04,404,bs01,1101,default,SM_AVR_GOV,/zhome/14/b/214266/Repos/ml-surrogates-for-power-systems/outputs/experiments/thesis_sm_avr_gov_benchmark_v1/default/lhs_static/b8192/ds04/data/SM_AVR_GOV/dataset_v1,pruned_after_run,/zhome/14/b/214266/Repos/ml-surrogates-for-power-systems/outputs/experiments/thesis_sm_avr_gov_benchmark_v1/default/lhs_static/b8192/ds04/baseline/bs01,completed,/zhome/14/b/214266/Repos/ml-surrogates-for-power-systems/outputs/experiments/thesis_sm_avr_gov_benchmark_v1/default/lhs_static/b8192/ds04/baseline/bs01/metrics.json,7372,8192,0.0005486335139721632,0.023422927100859175,/zhome/14/b/214266/Repos/ml-surrogates-for-power-systems/results/benchmark/experiments/thesis_sm_avr_gov_benchmark_v1/default/lhs_static/b8192/ds04/dataset_manifest.json
lhs_static_b8192_ds04,/zhome/14/b/214266/Repos/ml-surrogates-for-power-systems/outputs/experiments/thesis_sm_avr_gov_benchmark_v1/default/lhs_static/b8192/ds04,lhs_static,b8192,ds04,404,bs02,2202,default,SM_AVR_GOV,/zhome/14/b/214266/Repos/ml-surrogates-for-power-systems/outputs/experiments/thesis_sm_avr_gov_benchmark_v1/default/lhs_static/b8192/ds04/data/SM_AVR_GOV/dataset_v1,pruned_after_run,/zhome/14/b/214266/Repos/ml-surrogates-for-power-systems/outputs/experiments/thesis_sm_avr_gov_benchmark_v1/default/lhs_static/b8192/ds04/baseline/bs02,completed,/zhome/14/b/214266/Repos/ml-surrogates-for-power-systems/outputs/experiments/thesis_sm_avr_gov_benchmark_v1/default/lhs_static/b8192/ds04/baseline/bs02/metrics.json,7372,8192,0.0007621513213962317,0.02760708824552549,/zhome/14/b/214266/Repos/ml-surrogates-for-power-systems/results/benchmark/experiments/thesis_sm_avr_gov_benchmark_v1/default/lhs_static/b8192/ds04/dataset_manifest.json
lhs_static_b8192_ds04,/zhome/14/b/214266/Repos/ml-surrogates-for-power-systems/outputs/experiments/thesis_sm_avr_gov_benchmark_v1/default/lhs_static/b8192/ds04,lhs_static,b8192,ds04,404,bs03,3303,default,SM_AVR_GOV,/zhome/14/b/214266/Repos/ml-surrogates-for-power-systems/outputs/experiments/thesis_sm_avr_gov_benchmark_v1/default/lhs_static/b8192/ds04/data/SM_AVR_GOV/dataset_v1,pruned_after_run,/zhome/14/b/214266/Repos/ml-surrogates-for-power-systems/outputs/experiments/thesis_sm_avr_gov_benchmark_v1/default/lhs_static/b8192/ds04/baseline/bs03,completed,/zhome/14/b/214266/Repos/ml-surrogates-for-power-systems/outputs/experiments/thesis_sm_avr_gov_benchmark_v1/default/lhs_static/b8192/ds04/baseline/bs03/metrics.json,7372,8192,0.0014648073120042682,0.03827280120404395,/zhome/14/b/214266/Repos/ml-surrogates-for-power-systems/results/benchmark/experiments/thesis_sm_avr_gov_benchmark_v1/default/lhs_static/b8192/ds04/dataset_manifest.json
lhs_static_b8192_ds05,/zhome/14/b/214266/Repos/ml-surrogates-for-power-systems/outputs/experiments/thesis_sm_avr_gov_benchmark_v1/default/lhs_static/b8192/ds05,lhs_static,b8192,ds05,505,bs01,1101,default,SM_AVR_GOV,/zhome/14/b/214266/Repos/ml-surrogates-for-power-systems/outputs/experiments/thesis_sm_avr_gov_benchmark_v1/default/lhs_static/b8192/ds05/data/SM_AVR_GOV/dataset_v1,pruned_after_run,/zhome/14/b/214266/Repos/ml-surrogates-for-power-systems/outputs/experiments/thesis_sm_avr_gov_benchmark_v1/default/lhs_static/b8192/ds05/baseline/bs01,completed,/zhome/14/b/214266/Repos/ml-surrogates-for-power-systems/outputs/experiments/thesis_sm_avr_gov_benchmark_v1/default/lhs_static/b8192/ds05/baseline/bs01/metrics.json,7372,8192,0.0013907100073993206,0.03729222448982255,/zhome/14/b/214266/Repos/ml-surrogates-for-power-systems/results/benchmark/experiments/thesis_sm_avr_gov_benchmark_v1/default/lhs_static/b8192/ds05/dataset_manifest.json
lhs_static_b8192_ds05,/zhome/14/b/214266/Repos/ml-surrogates-for-power-systems/outputs/experiments/thesis_sm_avr_gov_benchmark_v1/default/lhs_static/b8192/ds05,lhs_static,b8192,ds05,505,bs02,2202,default,SM_AVR_GOV,/zhome/14/b/214266/Repos/ml-surrogates-for-power-systems/outputs/experiments/thesis_sm_avr_gov_benchmark_v1/default/lhs_static/b8192/ds05/data/SM_AVR_GOV/dataset_v1,pruned_after_run,/zhome/14/b/214266/Repos/ml-surrogates-for-power-systems/outputs/experiments/thesis_sm_avr_gov_benchmark_v1/default/lhs_static/b8192/ds05/baseline/bs02,completed,/zhome/14/b/214266/Repos/ml-surrogates-for-power-systems/outputs/experiments/thesis_sm_avr_gov_benchmark_v1/default/lhs_static/b8192/ds05/baseline/bs02/metrics.json,7372,8192,0.0006580483168363571,0.02565245245266731,/zhome/14/b/214266/Repos/ml-surrogates-for-power-systems/results/benchmark/experiments/thesis_sm_avr_gov_benchmark_v1/default/lhs_static/b8192/ds05/dataset_manifest.json
lhs_static_b8192_ds05,/zhome/14/b/214266/Repos/ml-surrogates-for-power-systems/outputs/experiments/thesis_sm_avr_gov_benchmark_v1/default/lhs_static/b8192/ds05,lhs_static,b8192,ds05,505,bs03,3303,default,SM_AVR_GOV,/zhome/14/b/214266/Repos/ml-surrogates-for-power-systems/outputs/experiments/thesis_sm_avr_gov_benchmark_v1/default/lhs_static/b8192/ds05/data/SM_AVR_GOV/dataset_v1,pruned_after_run,/zhome/14/b/214266/Repos/ml-surrogates-for-power-systems/outputs/experiments/thesis_sm_avr_gov_benchmark_v1/default/lhs_static/b8192/ds05/baseline/bs03,completed,/zhome/14/b/214266/Repos/ml-surrogates-for-power-systems/outputs/experiments/thesis_sm_avr_gov_benchmark_v1/default/lhs_static/b8192/ds05/baseline/bs03/metrics.json,7372,8192,0.0010290943318977952,0.03207950018154577,/zhome/14/b/214266/Repos/ml-surrogates-for-power-systems/results/benchmark/experiments/thesis_sm_avr_gov_benchmark_v1/default/lhs_static/b8192/ds05/dataset_manifest.json
marker_directed_b1024_ds01,/zhome/14/b/214266/Repos/ml-surrogates-for-power-systems/outputs/experiments/thesis_sm_avr_gov_benchmark_v1/default/marker_directed/b1024/ds01,marker_directed,b1024,ds01,101,bs01,1101,default,SM_AVR_GOV,/zhome/14/b/214266/Repos/ml-surrogates-for-power-systems/outputs/experiments/thesis_sm_avr_gov_benchmark_v1/default/marker_directed/b1024/ds01/data/SM_AVR_GOV/dataset_v1,pruned_after_run,/zhome/14/b/214266/Repos/ml-surrogates-for-power-systems/outputs/experiments/thesis_sm_avr_gov_benchmark_v1/default/marker_directed/b1024/ds01/baseline/bs01,completed,/zhome/14/b/214266/Repos/ml-surrogates-for-power-systems/outputs/experiments/thesis_sm_avr_gov_benchmark_v1/default/marker_directed/b1024/ds01/baseline/bs01/metrics.json,921,8192,0.004741811193525791,0.06886081028804258,/zhome/14/b/214266/Repos/ml-surrogates-for-power-systems/results/benchmark/experiments/thesis_sm_avr_gov_benchmark_v1/default/marker_directed/b1024/ds01/dataset_manifest.json
marker_directed_b1024_ds01,/zhome/14/b/214266/Repos/ml-surrogates-for-power-systems/outputs/experiments/thesis_sm_avr_gov_benchmark_v1/default/marker_directed/b1024/ds01,marker_directed,b1024,ds01,101,bs02,2202,default,SM_AVR_GOV,/zhome/14/b/214266/Repos/ml-surrogates-for-power-systems/outputs/experiments/thesis_sm_avr_gov_benchmark_v1/default/marker_directed/b1024/ds01/data/SM_AVR_GOV/dataset_v1,pruned_after_run,/zhome/14/b/214266/Repos/ml-surrogates-for-power-systems/outputs/experiments/thesis_sm_avr_gov_benchmark_v1/default/marker_directed/b1024/ds01/baseline/bs02,completed,/zhome/14/b/214266/Repos/ml-surrogates-for-power-systems/outputs/experiments/thesis_sm_avr_gov_benchmark_v1/default/marker_directed/b1024/ds01/baseline/bs02/metrics.json,921,8192,0.004245605319738388,0.06515830967527003,/zhome/14/b/214266/Repos/ml-surrogates-for-power-systems/results/benchmark/experiments/thesis_sm_avr_gov_benchmark_v1/default/marker_directed/b1024/ds01/dataset_manifest.json
marker_directed_b1024_ds01,/zhome/14/b/214266/Repos/ml-surrogates-for-power-systems/outputs/experiments/thesis_sm_avr_gov_benchmark_v1/default/marker_directed/b1024/ds01,marker_directed,b1024,ds01,101,bs03,3303,default,SM_AVR_GOV,/zhome/14/b/214266/Repos/ml-surrogates-for-power-systems/outputs/experiments/thesis_sm_avr_gov_benchmark_v1/default/marker_directed/b1024/ds01/data/SM_AVR_GOV/dataset_v1,pruned_after_run,/zhome/14/b/214266/Repos/ml-surrogates-for-power-systems/outputs/experiments/thesis_sm_avr_gov_benchmark_v1/default/marker_directed/b1024/ds01/baseline/bs03,completed,/zhome/14/b/214266/Repos/ml-surrogates-for-power-systems/outputs/experiments/thesis_sm_avr_gov_benchmark_v1/default/marker_directed/b1024/ds01/baseline/bs03/metrics.json,921,8192,0.011832617223262787,0.10877783424605762,/zhome/14/b/214266/Repos/ml-surrogates-for-power-systems/results/benchmark/experiments/thesis_sm_avr_gov_benchmark_v1/default/marker_directed/b1024/ds01/dataset_manifest.json
marker_directed_b1024_ds02,/zhome/14/b/214266/Repos/ml-surrogates-for-power-systems/outputs/experiments/thesis_sm_avr_gov_benchmark_v1/default/marker_directed/b1024/ds02,marker_directed,b1024,ds02,202,bs01,1101,default,SM_AVR_GOV,/zhome/14/b/214266/Repos/ml-surrogates-for-power-systems/outputs/experiments/thesis_sm_avr_gov_benchmark_v1/default/marker_directed/b1024/ds02/data/SM_AVR_GOV/dataset_v1,pruned_after_run,/zhome/14/b/214266/Repos/ml-surrogates-for-power-systems/outputs/experiments/thesis_sm_avr_gov_benchmark_v1/default/marker_directed/b1024/ds02/baseline/bs01,completed,/zhome/14/b/214266/Repos/ml-surrogates-for-power-systems/outputs/experiments/thesis_sm_avr_gov_benchmark_v1/default/marker_directed/b1024/ds02/baseline/bs01/metrics.json,921,8192,0.005169123876839876,0.07189661937003627,/zhome/14/b/214266/Repos/ml-surrogates-for-power-systems/results/benchmark/experiments/thesis_sm_avr_gov_benchmark_v1/default/marker_directed/b1024/ds02/dataset_manifest.json
marker_directed_b1024_ds02,/zhome/14/b/214266/Repos/ml-surrogates-for-power-systems/outputs/experiments/thesis_sm_avr_gov_benchmark_v1/default/marker_directed/b1024/ds02,marker_directed,b1024,ds02,202,bs02,2202,default,SM_AVR_GOV,/zhome/14/b/214266/Repos/ml-surrogates-for-power-systems/outputs/experiments/thesis_sm_avr_gov_benchmark_v1/default/marker_directed/b1024/ds02/data/SM_AVR_GOV/dataset_v1,pruned_after_run,/zhome/14/b/214266/Repos/ml-surrogates-for-power-systems/outputs/experiments/thesis_sm_avr_gov_benchmark_v1/default/marker_directed/b1024/ds02/baseline/bs02,completed,/zhome/14/b/214266/Repos/ml-surrogates-for-power-systems/outputs/experiments/thesis_sm_avr_gov_benchmark_v1/default/marker_directed/b1024/ds02/baseline/bs02/metrics.json,921,8192,0.00485415942966938,0.06967179795060108,/zhome/14/b/214266/Repos/ml-surrogates-for-power-systems/results/benchmark/experiments/thesis_sm_avr_gov_benchmark_v1/default/marker_directed/b1024/ds02/dataset_manifest.json
marker_directed_b1024_ds02,/zhome/14/b/214266/Repos/ml-surrogates-for-power-systems/outputs/experiments/thesis_sm_avr_gov_benchmark_v1/default/marker_directed/b1024/ds02,marker_directed,b1024,ds02,202,bs03,3303,default,SM_AVR_GOV,/zhome/14/b/214266/Repos/ml-surrogates-for-power-systems/outputs/experiments/thesis_sm_avr_gov_benchmark_v1/default/marker_directed/b1024/ds02/data/SM_AVR_GOV/dataset_v1,pruned_after_run,/zhome/14/b/214266/Repos/ml-surrogates-for-power-systems/outputs/experiments/thesis_sm_avr_gov_benchmark_v1/default/marker_directed/b1024/ds02/baseline/bs03,completed,/zhome/14/b/214266/Repos/ml-surrogates-for-power-systems/outputs/experiments/thesis_sm_avr_gov_benchmark_v1/default/marker_directed/b1024/ds02/baseline/bs03/metrics.json,921,8192,0.004601514432579279,0.06783446345759123,/zhome/14/b/214266/Repos/ml-surrogates-for-power-systems/results/benchmark/experiments/thesis_sm_avr_gov_benchmark_v1/default/marker_directed/b1024/ds02/dataset_manifest.json
marker_directed_b1024_ds03,/zhome/14/b/214266/Repos/ml-surrogates-for-power-systems/outputs/experiments/thesis_sm_avr_gov_benchmark_v1/default/marker_directed/b1024/ds03,marker_directed,b1024,ds03,303,bs01,1101,default,SM_AVR_GOV,/zhome/14/b/214266/Repos/ml-surrogates-for-power-systems/outputs/experiments/thesis_sm_avr_gov_benchmark_v1/default/marker_directed/b1024/ds03/data/SM_AVR_GOV/dataset_v1,pruned_after_run,/zhome/14/b/214266/Repos/ml-surrogates-for-power-systems/outputs/experiments/thesis_sm_avr_gov_benchmark_v1/default/marker_directed/b1024/ds03/baseline/bs01,completed,/zhome/14/b/214266/Repos/ml-surrogates-for-power-systems/outputs/experiments/thesis_sm_avr_gov_benchmark_v1/default/marker_directed/b1024/ds03/baseline/bs01/metrics.json,921,8192,0.0037561142817139626,0.06128714613778294,/zhome/14/b/214266/Repos/ml-surrogates-for-power-systems/results/benchmark/experiments/thesis_sm_avr_gov_benchmark_v1/default/marker_directed/b1024/ds03/dataset_manifest.json
marker_directed_b1024_ds03,/zhome/14/b/214266/Repos/ml-surrogates-for-power-systems/outputs/experiments/thesis_sm_avr_gov_benchmark_v1/default/marker_directed/b1024/ds03,marker_directed,b1024,ds03,303,bs02,2202,default,SM_AVR_GOV,/zhome/14/b/214266/Repos/ml-surrogates-for-power-systems/outputs/experiments/thesis_sm_avr_gov_benchmark_v1/default/marker_directed/b1024/ds03/data/SM_AVR_GOV/dataset_v1,pruned_after_run,/zhome/14/b/214266/Repos/ml-surrogates-for-power-systems/outputs/experiments/thesis_sm_avr_gov_benchmark_v1/default/marker_directed/b1024/ds03/baseline/bs02,completed,/zhome/14/b/214266/Repos/ml-surrogates-for-power-systems/outputs/experiments/thesis_sm_avr_gov_benchmark_v1/default/marker_directed/b1024/ds03/baseline/bs02/metrics.json,921,8192,0.005486683454364538,0.0740721503290173,/zhome/14/b/214266/Repos/ml-surrogates-for-power-systems/results/benchmark/experiments/thesis_sm_avr_gov_benchmark_v1/default/marker_directed/b1024/ds03/dataset_manifest.json
marker_directed_b1024_ds03,/zhome/14/b/214266/Repos/ml-surrogates-for-power-systems/outputs/experiments/thesis_sm_avr_gov_benchmark_v1/default/marker_directed/b1024/ds03,marker_directed,b1024,ds03,303,bs03,3303,default,SM_AVR_GOV,/zhome/14/b/214266/Repos/ml-surrogates-for-power-systems/outputs/experiments/thesis_sm_avr_gov_benchmark_v1/default/marker_directed/b1024/ds03/data/SM_AVR_GOV/dataset_v1,pruned_after_run,/zhome/14/b/214266/Repos/ml-surrogates-for-power-systems/outputs/experiments/thesis_sm_avr_gov_benchmark_v1/default/marker_directed/b1024/ds03/baseline/bs03,completed,/zhome/14/b/214266/Repos/ml-surrogates-for-power-systems/outputs/experiments/thesis_sm_avr_gov_benchmark_v1/default/marker_directed/b1024/ds03/baseline/bs03/metrics.json,921,8192,0.00949829537421465,0.09745919851001572,/zhome/14/b/214266/Repos/ml-surrogates-for-power-systems/results/benchmark/experiments/thesis_sm_avr_gov_benchmark_v1/default/marker_directed/b1024/ds03/dataset_manifest.json
marker_directed_b1024_ds04,/zhome/14/b/214266/Repos/ml-surrogates-for-power-systems/outputs/experiments/thesis_sm_avr_gov_benchmark_v1/default/marker_directed/b1024/ds04,marker_directed,b1024,ds04,404,bs01,1101,default,SM_AVR_GOV,/zhome/14/b/214266/Repos/ml-surrogates-for-power-systems/outputs/experiments/thesis_sm_avr_gov_benchmark_v1/default/marker_directed/b1024/ds04/data/SM_AVR_GOV/dataset_v1,pruned_after_run,/zhome/14/b/214266/Repos/ml-surrogates-for-power-systems/outputs/experiments/thesis_sm_avr_gov_benchmark_v1/default/marker_directed/b1024/ds04/baseline/bs01,completed,/zhome/14/b/214266/Repos/ml-surrogates-for-power-systems/outputs/experiments/thesis_sm_avr_gov_benchmark_v1/default/marker_directed/b1024/ds04/baseline/bs01/metrics.json,921,8192,0.006626198533922434,0.08140146518289726,/zhome/14/b/214266/Repos/ml-surrogates-for-power-systems/results/benchmark/experiments/thesis_sm_avr_gov_benchmark_v1/default/marker_directed/b1024/ds04/dataset_manifest.json
marker_directed_b1024_ds04,/zhome/14/b/214266/Repos/ml-surrogates-for-power-systems/outputs/experiments/thesis_sm_avr_gov_benchmark_v1/default/marker_directed/b1024/ds04,marker_directed,b1024,ds04,404,bs02,2202,default,SM_AVR_GOV,/zhome/14/b/214266/Repos/ml-surrogates-for-power-systems/outputs/experiments/thesis_sm_avr_gov_benchmark_v1/default/marker_directed/b1024/ds04/data/SM_AVR_GOV/dataset_v1,pruned_after_run,/zhome/14/b/214266/Repos/ml-surrogates-for-power-systems/outputs/experiments/thesis_sm_avr_gov_benchmark_v1/default/marker_directed/b1024/ds04/baseline/bs02,completed,/zhome/14/b/214266/Repos/ml-surrogates-for-power-systems/outputs/experiments/thesis_sm_avr_gov_benchmark_v1/default/marker_directed/b1024/ds04/baseline/bs02/metrics.json,921,8192,0.004157484509050846,0.06447855852181286,/zhome/14/b/214266/Repos/ml-surrogates-for-power-systems/results/benchmark/experiments/thesis_sm_avr_gov_benchmark_v1/default/marker_directed/b1024/ds04/dataset_manifest.json
marker_directed_b1024_ds04,/zhome/14/b/214266/Repos/ml-surrogates-for-power-systems/outputs/experiments/thesis_sm_avr_gov_benchmark_v1/default/marker_directed/b1024/ds04,marker_directed,b1024,ds04,404,bs03,3303,default,SM_AVR_GOV,/zhome/14/b/214266/Repos/ml-surrogates-for-power-systems/outputs/experiments/thesis_sm_avr_gov_benchmark_v1/default/marker_directed/b1024/ds04/data/SM_AVR_GOV/dataset_v1,pruned_after_run,/zhome/14/b/214266/Repos/ml-surrogates-for-power-systems/outputs/experiments/thesis_sm_avr_gov_benchmark_v1/default/marker_directed/b1024/ds04/baseline/bs03,completed,/zhome/14/b/214266/Repos/ml-surrogates-for-power-systems/outputs/experiments/thesis_sm_avr_gov_benchmark_v1/default/marker_directed/b1024/ds04/baseline/bs03/metrics.json,921,8192,0.015980059280991554,0.12641225921955337,/zhome/14/b/214266/Repos/ml-surrogates-for-power-systems/results/benchmark/experiments/thesis_sm_avr_gov_benchmark_v1/default/marker_directed/b1024/ds04/dataset_manifest.json
marker_directed_b1024_ds05,/zhome/14/b/214266/Repos/ml-surrogates-for-power-systems/outputs/experiments/thesis_sm_avr_gov_benchmark_v1/default/marker_directed/b1024/ds05,marker_directed,b1024,ds05,505,bs01,1101,default,SM_AVR_GOV,/zhome/14/b/214266/Repos/ml-surrogates-for-power-systems/outputs/experiments/thesis_sm_avr_gov_benchmark_v1/default/marker_directed/b1024/ds05/data/SM_AVR_GOV/dataset_v1,pruned_after_run,/zhome/14/b/214266/Repos/ml-surrogates-for-power-systems/outputs/experiments/thesis_sm_avr_gov_benchmark_v1/default/marker_directed/b1024/ds05/baseline/bs01,completed,/zhome/14/b/214266/Repos/ml-surrogates-for-power-systems/outputs/experiments/thesis_sm_avr_gov_benchmark_v1/default/marker_directed/b1024/ds05/baseline/bs01/metrics.json,921,8192,0.006743052043020725,0.08211608881955305,/zhome/14/b/214266/Repos/ml-surrogates-for-power-systems/results/benchmark/experiments/thesis_sm_avr_gov_benchmark_v1/default/marker_directed/b1024/ds05/dataset_manifest.json
marker_directed_b1024_ds05,/zhome/14/b/214266/Repos/ml-surrogates-for-power-systems/outputs/experiments/thesis_sm_avr_gov_benchmark_v1/default/marker_directed/b1024/ds05,marker_directed,b1024,ds05,505,bs02,2202,default,SM_AVR_GOV,/zhome/14/b/214266/Repos/ml-surrogates-for-power-systems/outputs/experiments/thesis_sm_avr_gov_benchmark_v1/default/marker_directed/b1024/ds05/data/SM_AVR_GOV/dataset_v1,pruned_after_run,/zhome/14/b/214266/Repos/ml-surrogates-for-power-systems/outputs/experiments/thesis_sm_avr_gov_benchmark_v1/default/marker_directed/b1024/ds05/baseline/bs02,completed,/zhome/14/b/214266/Repos/ml-surrogates-for-power-systems/outputs/experiments/thesis_sm_avr_gov_benchmark_v1/default/marker_directed/b1024/ds05/baseline/bs02/metrics.json,921,8192,0.004411907866597176,0.06642219408147533,/zhome/14/b/214266/Repos/ml-surrogates-for-power-systems/results/benchmark/experiments/thesis_sm_avr_gov_benchmark_v1/default/marker_directed/b1024/ds05/dataset_manifest.json
marker_directed_b1024_ds05,/zhome/14/b/214266/Repos/ml-surrogates-for-power-systems/outputs/experiments/thesis_sm_avr_gov_benchmark_v1/default/marker_directed/b1024/ds05,marker_directed,b1024,ds05,505,bs03,3303,default,SM_AVR_GOV,/zhome/14/b/214266/Repos/ml-surrogates-for-power-systems/outputs/experiments/thesis_sm_avr_gov_benchmark_v1/default/marker_directed/b1024/ds05/data/SM_AVR_GOV/dataset_v1,pruned_after_run,/zhome/14/b/214266/Repos/ml-surrogates-for-power-systems/outputs/experiments/thesis_sm_avr_gov_benchmark_v1/default/marker_directed/b1024/ds05/baseline/bs03,completed,/zhome/14/b/214266/Repos/ml-surrogates-for-power-systems/outputs/experiments/thesis_sm_avr_gov_benchmark_v1/default/marker_directed/b1024/ds05/baseline/bs03/metrics.json,921,8192,0.010513783432543278,0.10253674186623679,/zhome/14/b/214266/Repos/ml-surrogates-for-power-systems/results/benchmark/experiments/thesis_sm_avr_gov_benchmark_v1/default/marker_directed/b1024/ds05/dataset_manifest.json
marker_directed_b4096_ds01,/zhome/14/b/214266/Repos/ml-surrogates-for-power-systems/outputs/experiments/thesis_sm_avr_gov_benchmark_v1/default/marker_directed/b4096/ds01,marker_directed,b4096,ds01,101,bs01,1101,default,SM_AVR_GOV,/zhome/14/b/214266/Repos/ml-surrogates-for-power-systems/outputs/experiments/thesis_sm_avr_gov_benchmark_v1/default/marker_directed/b4096/ds01/data/SM_AVR_GOV/dataset_v1,pruned_after_run,/zhome/14/b/214266/Repos/ml-surrogates-for-power-systems/outputs/experiments/thesis_sm_avr_gov_benchmark_v1/default/marker_directed/b4096/ds01/baseline/bs01,completed,/zhome/14/b/214266/Repos/ml-surrogates-for-power-systems/outputs/experiments/thesis_sm_avr_gov_benchmark_v1/default/marker_directed/b4096/ds01/baseline/bs01/metrics.json,3686,8192,0.00080445921048522,0.02836299015416428,/zhome/14/b/214266/Repos/ml-surrogates-for-power-systems/results/benchmark/experiments/thesis_sm_avr_gov_benchmark_v1/default/marker_directed/b4096/ds01/dataset_manifest.json
marker_directed_b4096_ds01,/zhome/14/b/214266/Repos/ml-surrogates-for-power-systems/outputs/experiments/thesis_sm_avr_gov_benchmark_v1/default/marker_directed/b4096/ds01,marker_directed,b4096,ds01,101,bs02,2202,default,SM_AVR_GOV,/zhome/14/b/214266/Repos/ml-surrogates-for-power-systems/outputs/experiments/thesis_sm_avr_gov_benchmark_v1/default/marker_directed/b4096/ds01/data/SM_AVR_GOV/dataset_v1,pruned_after_run,/zhome/14/b/214266/Repos/ml-surrogates-for-power-systems/outputs/experiments/thesis_sm_avr_gov_benchmark_v1/default/marker_directed/b4096/ds01/baseline/bs02,completed,/zhome/14/b/214266/Repos/ml-surrogates-for-power-systems/outputs/experiments/thesis_sm_avr_gov_benchmark_v1/default/marker_directed/b4096/ds01/baseline/bs02/metrics.json,3686,8192,0.0012329963501542807,0.03511404776089309,/zhome/14/b/214266/Repos/ml-surrogates-for-power-systems/results/benchmark/experiments/thesis_sm_avr_gov_benchmark_v1/default/marker_directed/b4096/ds01/dataset_manifest.json
marker_directed_b4096_ds01,/zhome/14/b/214266/Repos/ml-surrogates-for-power-systems/outputs/experiments/thesis_sm_avr_gov_benchmark_v1/default/marker_directed/b4096/ds01,marker_directed,b4096,ds01,101,bs03,3303,default,SM_AVR_GOV,/zhome/14/b/214266/Repos/ml-surrogates-for-power-systems/outputs/experiments/thesis_sm_avr_gov_benchmark_v1/default/marker_directed/b4096/ds01/data/SM_AVR_GOV/dataset_v1,pruned_after_run,/zhome/14/b/214266/Repos/ml-surrogates-for-power-systems/outputs/experiments/thesis_sm_avr_gov_benchmark_v1/default/marker_directed/b4096/ds01/baseline/bs03,completed,/zhome/14/b/214266/Repos/ml-surrogates-for-power-systems/outputs/experiments/thesis_sm_avr_gov_benchmark_v1/default/marker_directed/b4096/ds01/baseline/bs03/metrics.json,3686,8192,0.00252821808680892,0.050281389070002035,/zhome/14/b/214266/Repos/ml-surrogates-for-power-systems/results/benchmark/experiments/thesis_sm_avr_gov_benchmark_v1/default/marker_directed/b4096/ds01/dataset_manifest.json
marker_directed_b4096_ds02,/zhome/14/b/214266/Repos/ml-surrogates-for-power-systems/outputs/experiments/thesis_sm_avr_gov_benchmark_v1/default/marker_directed/b4096/ds02,marker_directed,b4096,ds02,202,bs01,1101,default,SM_AVR_GOV,/zhome/14/b/214266/Repos/ml-surrogates-for-power-systems/outputs/experiments/thesis_sm_avr_gov_benchmark_v1/default/marker_directed/b4096/ds02/data/SM_AVR_GOV/dataset_v1,pruned_after_run,/zhome/14/b/214266/Repos/ml-surrogates-for-power-systems/outputs/experiments/thesis_sm_avr_gov_benchmark_v1/default/marker_directed/b4096/ds02/baseline/bs01,completed,/zhome/14/b/214266/Repos/ml-surrogates-for-power-systems/outputs/experiments/thesis_sm_avr_gov_benchmark_v1/default/marker_directed/b4096/ds02/baseline/bs01/metrics.json,3686,8192,0.0010248152539134026,0.03201273580800933,/zhome/14/b/214266/Repos/ml-surrogates-for-power-systems/results/benchmark/experiments/thesis_sm_avr_gov_benchmark_v1/default/marker_directed/b4096/ds02/dataset_manifest.json
marker_directed_b4096_ds02,/zhome/14/b/214266/Repos/ml-surrogates-for-power-systems/outputs/experiments/thesis_sm_avr_gov_benchmark_v1/default/marker_directed/b4096/ds02,marker_directed,b4096,ds02,202,bs02,2202,default,SM_AVR_GOV,/zhome/14/b/214266/Repos/ml-surrogates-for-power-systems/outputs/experiments/thesis_sm_avr_gov_benchmark_v1/default/marker_directed/b4096/ds02/data/SM_AVR_GOV/dataset_v1,pruned_after_run,/zhome/14/b/214266/Repos/ml-surrogates-for-power-systems/outputs/experiments/thesis_sm_avr_gov_benchmark_v1/default/marker_directed/b4096/ds02/baseline/bs02,completed,/zhome/14/b/214266/Repos/ml-surrogates-for-power-systems/outputs/experiments/thesis_sm_avr_gov_benchmark_v1/default/marker_directed/b4096/ds02/baseline/bs02/metrics.json,3686,8192,0.0006574933067895472,0.02564163229573241,/zhome/14/b/214266/Repos/ml-surrogates-for-power-systems/results/benchmark/experiments/thesis_sm_avr_gov_benchmark_v1/default/marker_directed/b4096/ds02/dataset_manifest.json
marker_directed_b4096_ds02,/zhome/14/b/214266/Repos/ml-surrogates-for-power-systems/outputs/experiments/thesis_sm_avr_gov_benchmark_v1/default/marker_directed/b4096/ds02,marker_directed,b4096,ds02,202,bs03,3303,default,SM_AVR_GOV,/zhome/14/b/214266/Repos/ml-surrogates-for-power-systems/outputs/experiments/thesis_sm_avr_gov_benchmark_v1/default/marker_directed/b4096/ds02/data/SM_AVR_GOV/dataset_v1,pruned_after_run,/zhome/14/b/214266/Repos/ml-surrogates-for-power-systems/outputs/experiments/thesis_sm_avr_gov_benchmark_v1/default/marker_directed/b4096/ds02/baseline/bs03,completed,/zhome/14/b/214266/Repos/ml-surrogates-for-power-systems/outputs/experiments/thesis_sm_avr_gov_benchmark_v1/default/marker_directed/b4096/ds02/baseline/bs03/metrics.json,3686,8192,0.0008070998592302203,0.028409502974008898,/zhome/14/b/214266/Repos/ml-surrogates-for-power-systems/results/benchmark/experiments/thesis_sm_avr_gov_benchmark_v1/default/marker_directed/b4096/ds02/dataset_manifest.json
marker_directed_b4096_ds03,/zhome/14/b/214266/Repos/ml-surrogates-for-power-systems/outputs/experiments/thesis_sm_avr_gov_benchmark_v1/default/marker_directed/b4096/ds03,marker_directed,b4096,ds03,303,bs01,1101,default,SM_AVR_GOV,/zhome/14/b/214266/Repos/ml-surrogates-for-power-systems/outputs/experiments/thesis_sm_avr_gov_benchmark_v1/default/marker_directed/b4096/ds03/data/SM_AVR_GOV/dataset_v1,pruned_after_run,/zhome/14/b/214266/Repos/ml-surrogates-for-power-systems/outputs/experiments/thesis_sm_avr_gov_benchmark_v1/default/marker_directed/b4096/ds03/baseline/bs01,completed,/zhome/14/b/214266/Repos/ml-surrogates-for-power-systems/outputs/experiments/thesis_sm_avr_gov_benchmark_v1/default/marker_directed/b4096/ds03/baseline/bs01/metrics.json,3686,8192,0.0007483016815967858,0.027355103392178684,/zhome/14/b/214266/Repos/ml-surrogates-for-power-systems/results/benchmark/experiments/thesis_sm_avr_gov_benchmark_v1/default/marker_directed/b4096/ds03/dataset_manifest.json
marker_directed_b4096_ds03,/zhome/14/b/214266/Repos/ml-surrogates-for-power-systems/outputs/experiments/thesis_sm_avr_gov_benchmark_v1/default/marker_directed/b4096/ds03,marker_directed,b4096,ds03,303,bs02,2202,default,SM_AVR_GOV,/zhome/14/b/214266/Repos/ml-surrogates-for-power-systems/outputs/experiments/thesis_sm_avr_gov_benchmark_v1/default/marker_directed/b4096/ds03/data/SM_AVR_GOV/dataset_v1,pruned_after_run,/zhome/14/b/214266/Repos/ml-surrogates-for-power-systems/outputs/experiments/thesis_sm_avr_gov_benchmark_v1/default/marker_directed/b4096/ds03/baseline/bs02,completed,/zhome/14/b/214266/Repos/ml-surrogates-for-power-systems/outputs/experiments/thesis_sm_avr_gov_benchmark_v1/default/marker_directed/b4096/ds03/baseline/bs02/metrics.json,3686,8192,0.001437850296497345,0.03791899651226737,/zhome/14/b/214266/Repos/ml-surrogates-for-power-systems/results/benchmark/experiments/thesis_sm_avr_gov_benchmark_v1/default/marker_directed/b4096/ds03/dataset_manifest.json
marker_directed_b4096_ds03,/zhome/14/b/214266/Repos/ml-surrogates-for-power-systems/outputs/experiments/thesis_sm_avr_gov_benchmark_v1/default/marker_directed/b4096/ds03,marker_directed,b4096,ds03,303,bs03,3303,default,SM_AVR_GOV,/zhome/14/b/214266/Repos/ml-surrogates-for-power-systems/outputs/experiments/thesis_sm_avr_gov_benchmark_v1/default/marker_directed/b4096/ds03/data/SM_AVR_GOV/dataset_v1,pruned_after_run,/zhome/14/b/214266/Repos/ml-surrogates-for-power-systems/outputs/experiments/thesis_sm_avr_gov_benchmark_v1/default/marker_directed/b4096/ds03/baseline/bs03,completed,/zhome/14/b/214266/Repos/ml-surrogates-for-power-systems/outputs/experiments/thesis_sm_avr_gov_benchmark_v1/default/marker_directed/b4096/ds03/baseline/bs03/metrics.json,3686,8192,0.0005161469453014433,0.022718867606054738,/zhome/14/b/214266/Repos/ml-surrogates-for-power-systems/results/benchmark/experiments/thesis_sm_avr_gov_benchmark_v1/default/marker_directed/b4096/ds03/dataset_manifest.json
marker_directed_b4096_ds04,/zhome/14/b/214266/Repos/ml-surrogates-for-power-systems/outputs/experiments/thesis_sm_avr_gov_benchmark_v1/default/marker_directed/b4096/ds04,marker_directed,b4096,ds04,404,bs01,1101,default,SM_AVR_GOV,/zhome/14/b/214266/Repos/ml-surrogates-for-power-systems/outputs/experiments/thesis_sm_avr_gov_benchmark_v1/default/marker_directed/b4096/ds04/data/SM_AVR_GOV/dataset_v1,pruned_after_run,/zhome/14/b/214266/Repos/ml-surrogates-for-power-systems/outputs/experiments/thesis_sm_avr_gov_benchmark_v1/default/marker_directed/b4096/ds04/baseline/bs01,completed,/zhome/14/b/214266/Repos/ml-surrogates-for-power-systems/outputs/experiments/thesis_sm_avr_gov_benchmark_v1/default/marker_directed/b4096/ds04/baseline/bs01/metrics.json,3686,8192,0.0013141517993062735,0.0362512316936442,/zhome/14/b/214266/Repos/ml-surrogates-for-power-systems/results/benchmark/experiments/thesis_sm_avr_gov_benchmark_v1/default/marker_directed/b4096/ds04/dataset_manifest.json
marker_directed_b4096_ds04,/zhome/14/b/214266/Repos/ml-surrogates-for-power-systems/outputs/experiments/thesis_sm_avr_gov_benchmark_v1/default/marker_directed/b4096/ds04,marker_directed,b4096,ds04,404,bs02,2202,default,SM_AVR_GOV,/zhome/14/b/214266/Repos/ml-surrogates-for-power-systems/outputs/experiments/thesis_sm_avr_gov_benchmark_v1/default/marker_directed/b4096/ds04/data/SM_AVR_GOV/dataset_v1,pruned_after_run,/zhome/14/b/214266/Repos/ml-surrogates-for-power-systems/outputs/experiments/thesis_sm_avr_gov_benchmark_v1/default/marker_directed/b4096/ds04/baseline/bs02,completed,/zhome/14/b/214266/Repos/ml-surrogates-for-power-systems/outputs/experiments/thesis_sm_avr_gov_benchmark_v1/default/marker_directed/b4096/ds04/baseline/bs02/metrics.json,3686,8192,0.0017242071917280555,0.041523573927686616,/zhome/14/b/214266/Repos/ml-surrogates-for-power-systems/results/benchmark/experiments/thesis_sm_avr_gov_benchmark_v1/default/marker_directed/b4096/ds04/dataset_manifest.json
marker_directed_b4096_ds04,/zhome/14/b/214266/Repos/ml-surrogates-for-power-systems/outputs/experiments/thesis_sm_avr_gov_benchmark_v1/default/marker_directed/b4096/ds04,marker_directed,b4096,ds04,404,bs03,3303,default,SM_AVR_GOV,/zhome/14/b/214266/Repos/ml-surrogates-for-power-systems/outputs/experiments/thesis_sm_avr_gov_benchmark_v1/default/marker_directed/b4096/ds04/data/SM_AVR_GOV/dataset_v1,pruned_after_run,/zhome/14/b/214266/Repos/ml-surrogates-for-power-systems/outputs/experiments/thesis_sm_avr_gov_benchmark_v1/default/marker_directed/b4096/ds04/baseline/bs03,completed,/zhome/14/b/214266/Repos/ml-surrogates-for-power-systems/outputs/experiments/thesis_sm_avr_gov_benchmark_v1/default/marker_directed/b4096/ds04/baseline/bs03/metrics.json,3686,8192,0.0007901530480012298,0.02810966111501933,/zhome/14/b/214266/Repos/ml-surrogates-for-power-systems/results/benchmark/experiments/thesis_sm_avr_gov_benchmark_v1/default/marker_directed/b4096/ds04/dataset_manifest.json
marker_directed_b4096_ds05,/zhome/14/b/214266/Repos/ml-surrogates-for-power-systems/outputs/experiments/thesis_sm_avr_gov_benchmark_v1/default/marker_directed/b4096/ds05,marker_directed,b4096,ds05,505,bs01,1101,default,SM_AVR_GOV,/zhome/14/b/214266/Repos/ml-surrogates-for-power-systems/outputs/experiments/thesis_sm_avr_gov_benchmark_v1/default/marker_directed/b4096/ds05/data/SM_AVR_GOV/dataset_v1,pruned_after_run,/zhome/14/b/214266/Repos/ml-surrogates-for-power-systems/outputs/experiments/thesis_sm_avr_gov_benchmark_v1/default/marker_directed/b4096/ds05/baseline/bs01,completed,/zhome/14/b/214266/Repos/ml-surrogates-for-power-systems/outputs/experiments/thesis_sm_avr_gov_benchmark_v1/default/marker_directed/b4096/ds05/baseline/bs01/metrics.json,3686,8192,0.0006436826079152524,0.02537090081008659,/zhome/14/b/214266/Repos/ml-surrogates-for-power-systems/results/benchmark/experiments/thesis_sm_avr_gov_benchmark_v1/default/marker_directed/b4096/ds05/dataset_manifest.json
marker_directed_b4096_ds05,/zhome/14/b/214266/Repos/ml-surrogates-for-power-systems/outputs/experiments/thesis_sm_avr_gov_benchmark_v1/default/marker_directed/b4096/ds05,marker_directed,b4096,ds05,505,bs02,2202,default,SM_AVR_GOV,/zhome/14/b/214266/Repos/ml-surrogates-for-power-systems/outputs/experiments/thesis_sm_avr_gov_benchmark_v1/default/marker_directed/b4096/ds05/data/SM_AVR_GOV/dataset_v1,pruned_after_run,/zhome/14/b/214266/Repos/ml-surrogates-for-power-systems/outputs/experiments/thesis_sm_avr_gov_benchmark_v1/default/marker_directed/b4096/ds05/baseline/bs02,completed,/zhome/14/b/214266/Repos/ml-surrogates-for-power-systems/outputs/experiments/thesis_sm_avr_gov_benchmark_v1/default/marker_directed/b4096/ds05/baseline/bs02/metrics.json,3686,8192,0.0011500712716951966,0.03391270074316106,/zhome/14/b/214266/Repos/ml-surrogates-for-power-systems/results/benchmark/experiments/thesis_sm_avr_gov_benchmark_v1/default/marker_directed/b4096/ds05/dataset_manifest.json
marker_directed_b4096_ds05,/zhome/14/b/214266/Repos/ml-surrogates-for-power-systems/outputs/experiments/thesis_sm_avr_gov_benchmark_v1/default/marker_directed/b4096/ds05,marker_directed,b4096,ds05,505,bs03,3303,default,SM_AVR_GOV,/zhome/14/b/214266/Repos/ml-surrogates-for-power-systems/outputs/experiments/thesis_sm_avr_gov_benchmark_v1/default/marker_directed/b4096/ds05/data/SM_AVR_GOV/dataset_v1,pruned_after_run,/zhome/14/b/214266/Repos/ml-surrogates-for-power-systems/outputs/experiments/thesis_sm_avr_gov_benchmark_v1/default/marker_directed/b4096/ds05/baseline/bs03,completed,/zhome/14/b/214266/Repos/ml-surrogates-for-power-systems/outputs/experiments/thesis_sm_avr_gov_benchmark_v1/default/marker_directed/b4096/ds05/baseline/bs03/metrics.json,3686,8192,0.0017958702519536018,0.04237770937596323,/zhome/14/b/214266/Repos/ml-surrogates-for-power-systems/results/benchmark/experiments/thesis_sm_avr_gov_benchmark_v1/default/marker_directed/b4096/ds05/dataset_manifest.json
marker_directed_b8192_ds01,/zhome/14/b/214266/Repos/ml-surrogates-for-power-systems/outputs/experiments/thesis_sm_avr_gov_benchmark_v1/default/marker_directed/b8192/ds01,marker_directed,b8192,ds01,101,bs01,1101,default,SM_AVR_GOV,/zhome/14/b/214266/Repos/ml-surrogates-for-power-systems/outputs/experiments/thesis_sm_avr_gov_benchmark_v1/default/marker_directed/b8192/ds01/data/SM_AVR_GOV/dataset_v1,pruned_after_run,/zhome/14/b/214266/Repos/ml-surrogates-for-power-systems/outputs/experiments/thesis_sm_avr_gov_benchmark_v1/default/marker_directed/b8192/ds01/baseline/bs01,completed,/zhome/14/b/214266/Repos/ml-surrogates-for-power-systems/outputs/experiments/thesis_sm_avr_gov_benchmark_v1/default/marker_directed/b8192/ds01/baseline/bs01/metrics.json,7372,8192,0.0017361855134367943,0.04166755948500937,/zhome/14/b/214266/Repos/ml-surrogates-for-power-systems/results/benchmark/experiments/thesis_sm_avr_gov_benchmark_v1/default/marker_directed/b8192/ds01/dataset_manifest.json
marker_directed_b8192_ds01,/zhome/14/b/214266/Repos/ml-surrogates-for-power-systems/outputs/experiments/thesis_sm_avr_gov_benchmark_v1/default/marker_directed/b8192/ds01,marker_directed,b8192,ds01,101,bs02,2202,default,SM_AVR_GOV,/zhome/14/b/214266/Repos/ml-surrogates-for-power-systems/outputs/experiments/thesis_sm_avr_gov_benchmark_v1/default/marker_directed/b8192/ds01/data/SM_AVR_GOV/dataset_v1,pruned_after_run,/zhome/14/b/214266/Repos/ml-surrogates-for-power-systems/outputs/experiments/thesis_sm_avr_gov_benchmark_v1/default/marker_directed/b8192/ds01/baseline/bs02,completed,/zhome/14/b/214266/Repos/ml-surrogates-for-power-systems/outputs/experiments/thesis_sm_avr_gov_benchmark_v1/default/marker_directed/b8192/ds01/baseline/bs02/metrics.json,7372,8192,0.001633460633456707,0.04041609374317002,/zhome/14/b/214266/Repos/ml-surrogates-for-power-systems/results/benchmark/experiments/thesis_sm_avr_gov_benchmark_v1/default/marker_directed/b8192/ds01/dataset_manifest.json
marker_directed_b8192_ds01,/zhome/14/b/214266/Repos/ml-surrogates-for-power-systems/outputs/experiments/thesis_sm_avr_gov_benchmark_v1/default/marker_directed/b8192/ds01,marker_directed,b8192,ds01,101,bs03,3303,default,SM_AVR_GOV,/zhome/14/b/214266/Repos/ml-surrogates-for-power-systems/outputs/experiments/thesis_sm_avr_gov_benchmark_v1/default/marker_directed/b8192/ds01/data/SM_AVR_GOV/dataset_v1,pruned_after_run,/zhome/14/b/214266/Repos/ml-surrogates-for-power-systems/outputs/experiments/thesis_sm_avr_gov_benchmark_v1/default/marker_directed/b8192/ds01/baseline/bs03,completed,/zhome/14/b/214266/Repos/ml-surrogates-for-power-systems/outputs/experiments/thesis_sm_avr_gov_benchmark_v1/default/marker_directed/b8192/ds01/baseline/bs03/metrics.json,7372,8192,0.0012993139680474997,0.036045997947726456,/zhome/14/b/214266/Repos/ml-surrogates-for-power-systems/results/benchmark/experiments/thesis_sm_avr_gov_benchmark_v1/default/marker_directed/b8192/ds01/dataset_manifest.json
marker_directed_b8192_ds02,/zhome/14/b/214266/Repos/ml-surrogates-for-power-systems/outputs/experiments/thesis_sm_avr_gov_benchmark_v1/default/marker_directed/b8192/ds02,marker_directed,b8192,ds02,202,bs01,1101,default,SM_AVR_GOV,/zhome/14/b/214266/Repos/ml-surrogates-for-power-systems/outputs/experiments/thesis_sm_avr_gov_benchmark_v1/default/marker_directed/b8192/ds02/data/SM_AVR_GOV/dataset_v1,pruned_after_run,/zhome/14/b/214266/Repos/ml-surrogates-for-power-systems/outputs/experiments/thesis_sm_avr_gov_benchmark_v1/default/marker_directed/b8192/ds02/baseline/bs01,completed,/zhome/14/b/214266/Repos/ml-surrogates-for-power-systems/outputs/experiments/thesis_sm_avr_gov_benchmark_v1/default/marker_directed/b8192/ds02/baseline/bs01/metrics.json,7372,8192,0.0009723241673782468,0.03118211293960444,/zhome/14/b/214266/Repos/ml-surrogates-for-power-systems/results/benchmark/experiments/thesis_sm_avr_gov_benchmark_v1/default/marker_directed/b8192/ds02/dataset_manifest.json
marker_directed_b8192_ds02,/zhome/14/b/214266/Repos/ml-surrogates-for-power-systems/outputs/experiments/thesis_sm_avr_gov_benchmark_v1/default/marker_directed/b8192/ds02,marker_directed,b8192,ds02,202,bs02,2202,default,SM_AVR_GOV,/zhome/14/b/214266/Repos/ml-surrogates-for-power-systems/outputs/experiments/thesis_sm_avr_gov_benchmark_v1/default/marker_directed/b8192/ds02/data/SM_AVR_GOV/dataset_v1,pruned_after_run,/zhome/14/b/214266/Repos/ml-surrogates-for-power-systems/outputs/experiments/thesis_sm_avr_gov_benchmark_v1/default/marker_directed/b8192/ds02/baseline/bs02,completed,/zhome/14/b/214266/Repos/ml-surrogates-for-power-systems/outputs/experiments/thesis_sm_avr_gov_benchmark_v1/default/marker_directed/b8192/ds02/baseline/bs02/metrics.json,7372,8192,0.0004905920359306037,0.022149312312814674,/zhome/14/b/214266/Repos/ml-surrogates-for-power-systems/results/benchmark/experiments/thesis_sm_avr_gov_benchmark_v1/default/marker_directed/b8192/ds02/dataset_manifest.json
marker_directed_b8192_ds02,/zhome/14/b/214266/Repos/ml-surrogates-for-power-systems/outputs/experiments/thesis_sm_avr_gov_benchmark_v1/default/marker_directed/b8192/ds02,marker_directed,b8192,ds02,202,bs03,3303,default,SM_AVR_GOV,/zhome/14/b/214266/Repos/ml-surrogates-for-power-systems/outputs/experiments/thesis_sm_avr_gov_benchmark_v1/default/marker_directed/b8192/ds02/data/SM_AVR_GOV/dataset_v1,pruned_after_run,/zhome/14/b/214266/Repos/ml-surrogates-for-power-systems/outputs/experiments/thesis_sm_avr_gov_benchmark_v1/default/marker_directed/b8192/ds02/baseline/bs03,completed,/zhome/14/b/214266/Repos/ml-surrogates-for-power-systems/outputs/experiments/thesis_sm_avr_gov_benchmark_v1/default/marker_directed/b8192/ds02/baseline/bs03/metrics.json,7372,8192,0.0021396339870989323,0.04625617782630697,/zhome/14/b/214266/Repos/ml-surrogates-for-power-systems/results/benchmark/experiments/thesis_sm_avr_gov_benchmark_v1/default/marker_directed/b8192/ds02/dataset_manifest.json
marker_directed_b8192_ds03,/zhome/14/b/214266/Repos/ml-surrogates-for-power-systems/outputs/experiments/thesis_sm_avr_gov_benchmark_v1/default/marker_directed/b8192/ds03,marker_directed,b8192,ds03,303,bs01,1101,default,SM_AVR_GOV,/zhome/14/b/214266/Repos/ml-surrogates-for-power-systems/outputs/experiments/thesis_sm_avr_gov_benchmark_v1/default/marker_directed/b8192/ds03/data/SM_AVR_GOV/dataset_v1,pruned_after_run,/zhome/14/b/214266/Repos/ml-surrogates-for-power-systems/outputs/experiments/thesis_sm_avr_gov_benchmark_v1/default/marker_directed/b8192/ds03/baseline/bs01,completed,/zhome/14/b/214266/Repos/ml-surrogates-for-power-systems/outputs/experiments/thesis_sm_avr_gov_benchmark_v1/default/marker_directed/b8192/ds03/baseline/bs01/metrics.json,7372,8192,0.0008548841578885913,0.029238402109017368,/zhome/14/b/214266/Repos/ml-surrogates-for-power-systems/results/benchmark/experiments/thesis_sm_avr_gov_benchmark_v1/default/marker_directed/b8192/ds03/dataset_manifest.json
marker_directed_b8192_ds03,/zhome/14/b/214266/Repos/ml-surrogates-for-power-systems/outputs/experiments/thesis_sm_avr_gov_benchmark_v1/default/marker_directed/b8192/ds03,marker_directed,b8192,ds03,303,bs02,2202,default,SM_AVR_GOV,/zhome/14/b/214266/Repos/ml-surrogates-for-power-systems/outputs/experiments/thesis_sm_avr_gov_benchmark_v1/default/marker_directed/b8192/ds03/data/SM_AVR_GOV/dataset_v1,pruned_after_run,/zhome/14/b/214266/Repos/ml-surrogates-for-power-systems/outputs/experiments/thesis_sm_avr_gov_benchmark_v1/default/marker_directed/b8192/ds03/baseline/bs02,completed,/zhome/14/b/214266/Repos/ml-surrogates-for-power-systems/outputs/experiments/thesis_sm_avr_gov_benchmark_v1/default/marker_directed/b8192/ds03/baseline/bs02/metrics.json,7372,8192,0.0008710511028766632,0.029513574891508198,/zhome/14/b/214266/Repos/ml-surrogates-for-power-systems/results/benchmark/experiments/thesis_sm_avr_gov_benchmark_v1/default/marker_directed/b8192/ds03/dataset_manifest.json
marker_directed_b8192_ds03,/zhome/14/b/214266/Repos/ml-surrogates-for-power-systems/outputs/experiments/thesis_sm_avr_gov_benchmark_v1/default/marker_directed/b8192/ds03,marker_directed,b8192,ds03,303,bs03,3303,default,SM_AVR_GOV,/zhome/14/b/214266/Repos/ml-surrogates-for-power-systems/outputs/experiments/thesis_sm_avr_gov_benchmark_v1/default/marker_directed/b8192/ds03/data/SM_AVR_GOV/dataset_v1,pruned_after_run,/zhome/14/b/214266/Repos/ml-surrogates-for-power-systems/outputs/experiments/thesis_sm_avr_gov_benchmark_v1/default/marker_directed/b8192/ds03/baseline/bs03,completed,/zhome/14/b/214266/Repos/ml-surrogates-for-power-systems/outputs/experiments/thesis_sm_avr_gov_benchmark_v1/default/marker_directed/b8192/ds03/baseline/bs03/metrics.json,7372,8192,0.0010783993639051914,0.03283899151778555,/zhome/14/b/214266/Repos/ml-surrogates-for-power-systems/results/benchmark/experiments/thesis_sm_avr_gov_benchmark_v1/default/marker_directed/b8192/ds03/dataset_manifest.json
marker_directed_b8192_ds04,/zhome/14/b/214266/Repos/ml-surrogates-for-power-systems/outputs/experiments/thesis_sm_avr_gov_benchmark_v1/default/marker_directed/b8192/ds04,marker_directed,b8192,ds04,404,bs01,1101,default,SM_AVR_GOV,/zhome/14/b/214266/Repos/ml-surrogates-for-power-systems/outputs/experiments/thesis_sm_avr_gov_benchmark_v1/default/marker_directed/b8192/ds04/data/SM_AVR_GOV/dataset_v1,pruned_after_run,/zhome/14/b/214266/Repos/ml-surrogates-for-power-systems/outputs/experiments/thesis_sm_avr_gov_benchmark_v1/default/marker_directed/b8192/ds04/baseline/bs01,completed,/zhome/14/b/214266/Repos/ml-surrogates-for-power-systems/outputs/experiments/thesis_sm_avr_gov_benchmark_v1/default/marker_directed/b8192/ds04/baseline/bs01/metrics.json,7372,8192,0.0007824055501259863,0.027971513189779102,/zhome/14/b/214266/Repos/ml-surrogates-for-power-systems/results/benchmark/experiments/thesis_sm_avr_gov_benchmark_v1/default/marker_directed/b8192/ds04/dataset_manifest.json
marker_directed_b8192_ds04,/zhome/14/b/214266/Repos/ml-surrogates-for-power-systems/outputs/experiments/thesis_sm_avr_gov_benchmark_v1/default/marker_directed/b8192/ds04,marker_directed,b8192,ds04,404,bs02,2202,default,SM_AVR_GOV,/zhome/14/b/214266/Repos/ml-surrogates-for-power-systems/outputs/experiments/thesis_sm_avr_gov_benchmark_v1/default/marker_directed/b8192/ds04/data/SM_AVR_GOV/dataset_v1,pruned_after_run,/zhome/14/b/214266/Repos/ml-surrogates-for-power-systems/outputs/experiments/thesis_sm_avr_gov_benchmark_v1/default/marker_directed/b8192/ds04/baseline/bs02,completed,/zhome/14/b/214266/Repos/ml-surrogates-for-power-systems/outputs/experiments/thesis_sm_avr_gov_benchmark_v1/default/marker_directed/b8192/ds04/baseline/bs02/metrics.json,7372,8192,0.0012764525599777699,0.035727476260964335,/zhome/14/b/214266/Repos/ml-surrogates-for-power-systems/results/benchmark/experiments/thesis_sm_avr_gov_benchmark_v1/default/marker_directed/b8192/ds04/dataset_manifest.json
marker_directed_b8192_ds04,/zhome/14/b/214266/Repos/ml-surrogates-for-power-systems/outputs/experiments/thesis_sm_avr_gov_benchmark_v1/default/marker_directed/b8192/ds04,marker_directed,b8192,ds04,404,bs03,3303,default,SM_AVR_GOV,/zhome/14/b/214266/Repos/ml-surrogates-for-power-systems/outputs/experiments/thesis_sm_avr_gov_benchmark_v1/default/marker_directed/b8192/ds04/data/SM_AVR_GOV/dataset_v1,pruned_after_run,/zhome/14/b/214266/Repos/ml-surrogates-for-power-systems/outputs/experiments/thesis_sm_avr_gov_benchmark_v1/default/marker_directed/b8192/ds04/baseline/bs03,completed,/zhome/14/b/214266/Repos/ml-surrogates-for-power-systems/outputs/experiments/thesis_sm_avr_gov_benchmark_v1/default/marker_directed/b8192/ds04/baseline/bs03/metrics.json,7372,8192,0.0007150808232836425,0.026740995181250126,/zhome/14/b/214266/Repos/ml-surrogates-for-power-systems/results/benchmark/experiments/thesis_sm_avr_gov_benchmark_v1/default/marker_directed/b8192/ds04/dataset_manifest.json
marker_directed_b8192_ds05,/zhome/14/b/214266/Repos/ml-surrogates-for-power-systems/outputs/experiments/thesis_sm_avr_gov_benchmark_v1/default/marker_directed/b8192/ds05,marker_directed,b8192,ds05,505,bs01,1101,default,SM_AVR_GOV,/zhome/14/b/214266/Repos/ml-surrogates-for-power-systems/outputs/experiments/thesis_sm_avr_gov_benchmark_v1/default/marker_directed/b8192/ds05/data/SM_AVR_GOV/dataset_v1,pruned_after_run,/zhome/14/b/214266/Repos/ml-surrogates-for-power-systems/outputs/experiments/thesis_sm_avr_gov_benchmark_v1/default/marker_directed/b8192/ds05/baseline/bs01,completed,/zhome/14/b/214266/Repos/ml-surrogates-for-power-systems/outputs/experiments/thesis_sm_avr_gov_benchmark_v1/default/marker_directed/b8192/ds05/baseline/bs01/metrics.json,7372,8192,0.0007784212939441204,0.027900202399698114,/zhome/14/b/214266/Repos/ml-surrogates-for-power-systems/results/benchmark/experiments/thesis_sm_avr_gov_benchmark_v1/default/marker_directed/b8192/ds05/dataset_manifest.json
marker_directed_b8192_ds05,/zhome/14/b/214266/Repos/ml-surrogates-for-power-systems/outputs/experiments/thesis_sm_avr_gov_benchmark_v1/default/marker_directed/b8192/ds05,marker_directed,b8192,ds05,505,bs02,2202,default,SM_AVR_GOV,/zhome/14/b/214266/Repos/ml-surrogates-for-power-systems/outputs/experiments/thesis_sm_avr_gov_benchmark_v1/default/marker_directed/b8192/ds05/data/SM_AVR_GOV/dataset_v1,pruned_after_run,/zhome/14/b/214266/Repos/ml-surrogates-for-power-systems/outputs/experiments/thesis_sm_avr_gov_benchmark_v1/default/marker_directed/b8192/ds05/baseline/bs02,completed,/zhome/14/b/214266/Repos/ml-surrogates-for-power-systems/outputs/experiments/thesis_sm_avr_gov_benchmark_v1/default/marker_directed/b8192/ds05/baseline/bs02/metrics.json,7372,8192,0.0019869094248861074,0.04457476219662992,/zhome/14/b/214266/Repos/ml-surrogates-for-power-systems/results/benchmark/experiments/thesis_sm_avr_gov_benchmark_v1/default/marker_directed/b8192/ds05/dataset_manifest.json
marker_directed_b8192_ds05,/zhome/14/b/214266/Repos/ml-surrogates-for-power-systems/outputs/experiments/thesis_sm_avr_gov_benchmark_v1/default/marker_directed/b8192/ds05,marker_directed,b8192,ds05,505,bs03,3303,default,SM_AVR_GOV,/zhome/14/b/214266/Repos/ml-surrogates-for-power-systems/outputs/experiments/thesis_sm_avr_gov_benchmark_v1/default/marker_directed/b8192/ds05/data/SM_AVR_GOV/dataset_v1,pruned_after_run,/zhome/14/b/214266/Repos/ml-surrogates-for-power-systems/outputs/experiments/thesis_sm_avr_gov_benchmark_v1/default/marker_directed/b8192/ds05/baseline/bs03,completed,/zhome/14/b/214266/Repos/ml-surrogates-for-power-systems/outputs/experiments/thesis_sm_avr_gov_benchmark_v1/default/marker_directed/b8192/ds05/baseline/bs03/metrics.json,7372,8192,0.0008806056575849652,0.02967500054903058,/zhome/14/b/214266/Repos/ml-surrogates-for-power-systems/results/benchmark/experiments/thesis_sm_avr_gov_benchmark_v1/default/marker_directed/b8192/ds05/dataset_manifest.json
qbc_deep_ensemble_b1024_ds01,/zhome/14/b/214266/Repos/ml-surrogates-for-power-systems/outputs/experiments/thesis_sm_avr_gov_benchmark_v1/default/qbc_deep_ensemble/b1024/ds01,qbc_deep_ensemble,b1024,ds01,101,bs01,1101,default,SM_AVR_GOV,/zhome/14/b/214266/Repos/ml-surrogates-for-power-systems/outputs/experiments/thesis_sm_avr_gov_benchmark_v1/default/qbc_deep_ensemble/b1024/ds01/data/SM_AVR_GOV/dataset_v1,pruned_after_run,/zhome/14/b/214266/Repos/ml-surrogates-for-power-systems/outputs/experiments/thesis_sm_avr_gov_benchmark_v1/default/qbc_deep_ensemble/b1024/ds01/baseline/bs01,completed,/zhome/14/b/214266/Repos/ml-surrogates-for-power-systems/outputs/experiments/thesis_sm_avr_gov_benchmark_v1/default/qbc_deep_ensemble/b1024/ds01/baseline/bs01/metrics.json,921,8192,0.010589100420475006,0.10290335475811761,/zhome/14/b/214266/Repos/ml-surrogates-for-power-systems/results/benchmark/experiments/thesis_sm_avr_gov_benchmark_v1/default/qbc_deep_ensemble/b1024/ds01/dataset_manifest.json
qbc_deep_ensemble_b1024_ds01,/zhome/14/b/214266/Repos/ml-surrogates-for-power-systems/outputs/experiments/thesis_sm_avr_gov_benchmark_v1/default/qbc_deep_ensemble/b1024/ds01,qbc_deep_ensemble,b1024,ds01,101,bs02,2202,default,SM_AVR_GOV,/zhome/14/b/214266/Repos/ml-surrogates-for-power-systems/outputs/experiments/thesis_sm_avr_gov_benchmark_v1/default/qbc_deep_ensemble/b1024/ds01/data/SM_AVR_GOV/dataset_v1,pruned_after_run,/zhome/14/b/214266/Repos/ml-surrogates-for-power-systems/outputs/experiments/thesis_sm_avr_gov_benchmark_v1/default/qbc_deep_ensemble/b1024/ds01/baseline/bs02,completed,/zhome/14/b/214266/Repos/ml-surrogates-for-power-systems/outputs/experiments/thesis_sm_avr_gov_benchmark_v1/default/qbc_deep_ensemble/b1024/ds01/baseline/bs02/metrics.json,921,8192,0.0065142386592924595,0.08071083359309617,/zhome/14/b/214266/Repos/ml-surrogates-for-power-systems/results/benchmark/experiments/thesis_sm_avr_gov_benchmark_v1/default/qbc_deep_ensemble/b1024/ds01/dataset_manifest.json
qbc_deep_ensemble_b1024_ds01,/zhome/14/b/214266/Repos/ml-surrogates-for-power-systems/outputs/experiments/thesis_sm_avr_gov_benchmark_v1/default/qbc_deep_ensemble/b1024/ds01,qbc_deep_ensemble,b1024,ds01,101,bs03,3303,default,SM_AVR_GOV,/zhome/14/b/214266/Repos/ml-surrogates-for-power-systems/outputs/experiments/thesis_sm_avr_gov_benchmark_v1/default/qbc_deep_ensemble/b1024/ds01/data/SM_AVR_GOV/dataset_v1,pruned_after_run,/zhome/14/b/214266/Repos/ml-surrogates-for-power-systems/outputs/experiments/thesis_sm_avr_gov_benchmark_v1/default/qbc_deep_ensemble/b1024/ds01/baseline/bs03,completed,/zhome/14/b/214266/Repos/ml-surrogates-for-power-systems/outputs/experiments/thesis_sm_avr_gov_benchmark_v1/default/qbc_deep_ensemble/b1024/ds01/baseline/bs03/metrics.json,921,8192,0.006099678110331297,0.07810043604443766,/zhome/14/b/214266/Repos/ml-surrogates-for-power-systems/results/benchmark/experiments/thesis_sm_avr_gov_benchmark_v1/default/qbc_deep_ensemble/b1024/ds01/dataset_manifest.json
qbc_deep_ensemble_b1024_ds02,/zhome/14/b/214266/Repos/ml-surrogates-for-power-systems/outputs/experiments/thesis_sm_avr_gov_benchmark_v1/default/qbc_deep_ensemble/b1024/ds02,qbc_deep_ensemble,b1024,ds02,202,bs01,1101,default,SM_AVR_GOV,/zhome/14/b/214266/Repos/ml-surrogates-for-power-systems/outputs/experiments/thesis_sm_avr_gov_benchmark_v1/default/qbc_deep_ensemble/b1024/ds02/data/SM_AVR_GOV/dataset_v1,pruned_after_run,/zhome/14/b/214266/Repos/ml-surrogates-for-power-systems/outputs/experiments/thesis_sm_avr_gov_benchmark_v1/default/qbc_deep_ensemble/b1024/ds02/baseline/bs01,completed,/zhome/14/b/214266/Repos/ml-surrogates-for-power-systems/outputs/experiments/thesis_sm_avr_gov_benchmark_v1/default/qbc_deep_ensemble/b1024/ds02/baseline/bs01/metrics.json,921,8192,0.008506863377988338,0.09223265895542825,/zhome/14/b/214266/Repos/ml-surrogates-for-power-systems/results/benchmark/experiments/thesis_sm_avr_gov_benchmark_v1/default/qbc_deep_ensemble/b1024/ds02/dataset_manifest.json
qbc_deep_ensemble_b1024_ds02,/zhome/14/b/214266/Repos/ml-surrogates-for-power-systems/outputs/experiments/thesis_sm_avr_gov_benchmark_v1/default/qbc_deep_ensemble/b1024/ds02,qbc_deep_ensemble,b1024,ds02,202,bs02,2202,default,SM_AVR_GOV,/zhome/14/b/214266/Repos/ml-surrogates-for-power-systems/outputs/experiments/thesis_sm_avr_gov_benchmark_v1/default/qbc_deep_ensemble/b1024/ds02/data/SM_AVR_GOV/dataset_v1,pruned_after_run,/zhome/14/b/214266/Repos/ml-surrogates-for-power-systems/outputs/experiments/thesis_sm_avr_gov_benchmark_v1/default/qbc_deep_ensemble/b1024/ds02/baseline/bs02,completed,/zhome/14/b/214266/Repos/ml-surrogates-for-power-systems/outputs/experiments/thesis_sm_avr_gov_benchmark_v1/default/qbc_deep_ensemble/b1024/ds02/baseline/bs02/metrics.json,921,8192,0.0066319541074335575,0.08143681051854595,/zhome/14/b/214266/Repos/ml-surrogates-for-power-systems/results/benchmark/experiments/thesis_sm_avr_gov_benchmark_v1/default/qbc_deep_ensemble/b1024/ds02/dataset_manifest.json
qbc_deep_ensemble_b1024_ds02,/zhome/14/b/214266/Repos/ml-surrogates-for-power-systems/outputs/experiments/thesis_sm_avr_gov_benchmark_v1/default/qbc_deep_ensemble/b1024/ds02,qbc_deep_ensemble,b1024,ds02,202,bs03,3303,default,SM_AVR_GOV,/zhome/14/b/214266/Repos/ml-surrogates-for-power-systems/outputs/experiments/thesis_sm_avr_gov_benchmark_v1/default/qbc_deep_ensemble/b1024/ds02/data/SM_AVR_GOV/dataset_v1,pruned_after_run,/zhome/14/b/214266/Repos/ml-surrogates-for-power-systems/outputs/experiments/thesis_sm_avr_gov_benchmark_v1/default/qbc_deep_ensemble/b1024/ds02/baseline/bs03,completed,/zhome/14/b/214266/Repos/ml-surrogates-for-power-systems/outputs/experiments/thesis_sm_avr_gov_benchmark_v1/default/qbc_deep_ensemble/b1024/ds02/baseline/bs03/metrics.json,921,8192,0.007055239751935005,0.08399547459199815,/zhome/14/b/214266/Repos/ml-surrogates-for-power-systems/results/benchmark/experiments/thesis_sm_avr_gov_benchmark_v1/default/qbc_deep_ensemble/b1024/ds02/dataset_manifest.json
qbc_deep_ensemble_b1024_ds03,/zhome/14/b/214266/Repos/ml-surrogates-for-power-systems/outputs/experiments/thesis_sm_avr_gov_benchmark_v1/default/qbc_deep_ensemble/b1024/ds03,qbc_deep_ensemble,b1024,ds03,303,bs01,1101,default,SM_AVR_GOV,/zhome/14/b/214266/Repos/ml-surrogates-for-power-systems/outputs/experiments/thesis_sm_avr_gov_benchmark_v1/default/qbc_deep_ensemble/b1024/ds03/data/SM_AVR_GOV/dataset_v1,pruned_after_run,/zhome/14/b/214266/Repos/ml-surrogates-for-power-systems/outputs/experiments/thesis_sm_avr_gov_benchmark_v1/default/qbc_deep_ensemble/b1024/ds03/baseline/bs01,completed,/zhome/14/b/214266/Repos/ml-surrogates-for-power-systems/outputs/experiments/thesis_sm_avr_gov_benchmark_v1/default/qbc_deep_ensemble/b1024/ds03/baseline/bs01/metrics.json,921,8192,0.0045578740537166595,0.06751202895571025,/zhome/14/b/214266/Repos/ml-surrogates-for-power-systems/results/benchmark/experiments/thesis_sm_avr_gov_benchmark_v1/default/qbc_deep_ensemble/b1024/ds03/dataset_manifest.json
qbc_deep_ensemble_b1024_ds03,/zhome/14/b/214266/Repos/ml-surrogates-for-power-systems/outputs/experiments/thesis_sm_avr_gov_benchmark_v1/default/qbc_deep_ensemble/b1024/ds03,qbc_deep_ensemble,b1024,ds03,303,bs02,2202,default,SM_AVR_GOV,/zhome/14/b/214266/Repos/ml-surrogates-for-power-systems/outputs/experiments/thesis_sm_avr_gov_benchmark_v1/default/qbc_deep_ensemble/b1024/ds03/data/SM_AVR_GOV/dataset_v1,pruned_after_run,/zhome/14/b/214266/Repos/ml-surrogates-for-power-systems/outputs/experiments/thesis_sm_avr_gov_benchmark_v1/default/qbc_deep_ensemble/b1024/ds03/baseline/bs02,completed,/zhome/14/b/214266/Repos/ml-surrogates-for-power-systems/outputs/experiments/thesis_sm_avr_gov_benchmark_v1/default/qbc_deep_ensemble/b1024/ds03/baseline/bs02/metrics.json,921,8192,0.006677955389022827,0.08171875787738594,/zhome/14/b/214266/Repos/ml-surrogates-for-power-systems/results/benchmark/experiments/thesis_sm_avr_gov_benchmark_v1/default/qbc_deep_ensemble/b1024/ds03/dataset_manifest.json
qbc_deep_ensemble_b1024_ds03,/zhome/14/b/214266/Repos/ml-surrogates-for-power-systems/outputs/experiments/thesis_sm_avr_gov_benchmark_v1/default/qbc_deep_ensemble/b1024/ds03,qbc_deep_ensemble,b1024,ds03,303,bs03,3303,default,SM_AVR_GOV,/zhome/14/b/214266/Repos/ml-surrogates-for-power-systems/outputs/experiments/thesis_sm_avr_gov_benchmark_v1/default/qbc_deep_ensemble/b1024/ds03/data/SM_AVR_GOV/dataset_v1,pruned_after_run,/zhome/14/b/214266/Repos/ml-surrogates-for-power-systems/outputs/experiments/thesis_sm_avr_gov_benchmark_v1/default/qbc_deep_ensemble/b1024/ds03/baseline/bs03,completed,/zhome/14/b/214266/Repos/ml-surrogates-for-power-systems/outputs/experiments/thesis_sm_avr_gov_benchmark_v1/default/qbc_deep_ensemble/b1024/ds03/baseline/bs03/metrics.json,921,8192,0.006003258749842644,0.07748069920852962,/zhome/14/b/214266/Repos/ml-surrogates-for-power-systems/results/benchmark/experiments/thesis_sm_avr_gov_benchmark_v1/default/qbc_deep_ensemble/b1024/ds03/dataset_manifest.json
qbc_deep_ensemble_b1024_ds04,/zhome/14/b/214266/Repos/ml-surrogates-for-power-systems/outputs/experiments/thesis_sm_avr_gov_benchmark_v1/default/qbc_deep_ensemble/b1024/ds04,qbc_deep_ensemble,b1024,ds04,404,bs01,1101,default,SM_AVR_GOV,/zhome/14/b/214266/Repos/ml-surrogates-for-power-systems/outputs/experiments/thesis_sm_avr_gov_benchmark_v1/default/qbc_deep_ensemble/b1024/ds04/data/SM_AVR_GOV/dataset_v1,pruned_after_run,/zhome/14/b/214266/Repos/ml-surrogates-for-power-systems/outputs/experiments/thesis_sm_avr_gov_benchmark_v1/default/qbc_deep_ensemble/b1024/ds04/baseline/bs01,completed,/zhome/14/b/214266/Repos/ml-surrogates-for-power-systems/outputs/experiments/thesis_sm_avr_gov_benchmark_v1/default/qbc_deep_ensemble/b1024/ds04/baseline/bs01/metrics.json,921,8192,0.005961925722658634,0.07721350738477455,/zhome/14/b/214266/Repos/ml-surrogates-for-power-systems/results/benchmark/experiments/thesis_sm_avr_gov_benchmark_v1/default/qbc_deep_ensemble/b1024/ds04/dataset_manifest.json
qbc_deep_ensemble_b1024_ds04,/zhome/14/b/214266/Repos/ml-surrogates-for-power-systems/outputs/experiments/thesis_sm_avr_gov_benchmark_v1/default/qbc_deep_ensemble/b1024/ds04,qbc_deep_ensemble,b1024,ds04,404,bs02,2202,default,SM_AVR_GOV,/zhome/14/b/214266/Repos/ml-surrogates-for-power-systems/outputs/experiments/thesis_sm_avr_gov_benchmark_v1/default/qbc_deep_ensemble/b1024/ds04/data/SM_AVR_GOV/dataset_v1,pruned_after_run,/zhome/14/b/214266/Repos/ml-surrogates-for-power-systems/outputs/experiments/thesis_sm_avr_gov_benchmark_v1/default/qbc_deep_ensemble/b1024/ds04/baseline/bs02,completed,/zhome/14/b/214266/Repos/ml-surrogates-for-power-systems/outputs/experiments/thesis_sm_avr_gov_benchmark_v1/default/qbc_deep_ensemble/b1024/ds04/baseline/bs02/metrics.json,921,8192,0.00881905946880579,0.09390984756033731,/zhome/14/b/214266/Repos/ml-surrogates-for-power-systems/results/benchmark/experiments/thesis_sm_avr_gov_benchmark_v1/default/qbc_deep_ensemble/b1024/ds04/dataset_manifest.json
qbc_deep_ensemble_b1024_ds04,/zhome/14/b/214266/Repos/ml-surrogates-for-power-systems/outputs/experiments/thesis_sm_avr_gov_benchmark_v1/default/qbc_deep_ensemble/b1024/ds04,qbc_deep_ensemble,b1024,ds04,404,bs03,3303,default,SM_AVR_GOV,/zhome/14/b/214266/Repos/ml-surrogates-for-power-systems/outputs/experiments/thesis_sm_avr_gov_benchmark_v1/default/qbc_deep_ensemble/b1024/ds04/data/SM_AVR_GOV/dataset_v1,pruned_after_run,/zhome/14/b/214266/Repos/ml-surrogates-for-power-systems/outputs/experiments/thesis_sm_avr_gov_benchmark_v1/default/qbc_deep_ensemble/b1024/ds04/baseline/bs03,completed,/zhome/14/b/214266/Repos/ml-surrogates-for-power-systems/outputs/experiments/thesis_sm_avr_gov_benchmark_v1/default/qbc_deep_ensemble/b1024/ds04/baseline/bs03/metrics.json,921,8192,0.005832776427268982,0.07637261568958459,/zhome/14/b/214266/Repos/ml-surrogates-for-power-systems/results/benchmark/experiments/thesis_sm_avr_gov_benchmark_v1/default/qbc_deep_ensemble/b1024/ds04/dataset_manifest.json
qbc_deep_ensemble_b1024_ds05,/zhome/14/b/214266/Repos/ml-surrogates-for-power-systems/outputs/experiments/thesis_sm_avr_gov_benchmark_v1/default/qbc_deep_ensemble/b1024/ds05,qbc_deep_ensemble,b1024,ds05,505,bs01,1101,default,SM_AVR_GOV,/zhome/14/b/214266/Repos/ml-surrogates-for-power-systems/outputs/experiments/thesis_sm_avr_gov_benchmark_v1/default/qbc_deep_ensemble/b1024/ds05/data/SM_AVR_GOV/dataset_v1,pruned_after_run,/zhome/14/b/214266/Repos/ml-surrogates-for-power-systems/outputs/experiments/thesis_sm_avr_gov_benchmark_v1/default/qbc_deep_ensemble/b1024/ds05/baseline/bs01,completed,/zhome/14/b/214266/Repos/ml-surrogates-for-power-systems/outputs/experiments/thesis_sm_avr_gov_benchmark_v1/default/qbc_deep_ensemble/b1024/ds05/baseline/bs01/metrics.json,921,8192,0.0035062171518802643,0.05921331904124497,/zhome/14/b/214266/Repos/ml-surrogates-for-power-systems/results/benchmark/experiments/thesis_sm_avr_gov_benchmark_v1/default/qbc_deep_ensemble/b1024/ds05/dataset_manifest.json
qbc_deep_ensemble_b1024_ds05,/zhome/14/b/214266/Repos/ml-surrogates-for-power-systems/outputs/experiments/thesis_sm_avr_gov_benchmark_v1/default/qbc_deep_ensemble/b1024/ds05,qbc_deep_ensemble,b1024,ds05,505,bs02,2202,default,SM_AVR_GOV,/zhome/14/b/214266/Repos/ml-surrogates-for-power-systems/outputs/experiments/thesis_sm_avr_gov_benchmark_v1/default/qbc_deep_ensemble/b1024/ds05/data/SM_AVR_GOV/dataset_v1,pruned_after_run,/zhome/14/b/214266/Repos/ml-surrogates-for-power-systems/outputs/experiments/thesis_sm_avr_gov_benchmark_v1/default/qbc_deep_ensemble/b1024/ds05/baseline/bs02,completed,/zhome/14/b/214266/Repos/ml-surrogates-for-power-systems/outputs/experiments/thesis_sm_avr_gov_benchmark_v1/default/qbc_deep_ensemble/b1024/ds05/baseline/bs02/metrics.json,921,8192,0.0043706139549613,0.06611061907864198,/zhome/14/b/214266/Repos/ml-surrogates-for-power-systems/results/benchmark/experiments/thesis_sm_avr_gov_benchmark_v1/default/qbc_deep_ensemble/b1024/ds05/dataset_manifest.json
qbc_deep_ensemble_b1024_ds05,/zhome/14/b/214266/Repos/ml-surrogates-for-power-systems/outputs/experiments/thesis_sm_avr_gov_benchmark_v1/default/qbc_deep_ensemble/b1024/ds05,qbc_deep_ensemble,b1024,ds05,505,bs03,3303,default,SM_AVR_GOV,/zhome/14/b/214266/Repos/ml-surrogates-for-power-systems/outputs/experiments/thesis_sm_avr_gov_benchmark_v1/default/qbc_deep_ensemble/b1024/ds05/data/SM_AVR_GOV/dataset_v1,pruned_after_run,/zhome/14/b/214266/Repos/ml-surrogates-for-power-systems/outputs/experiments/thesis_sm_avr_gov_benchmark_v1/default/qbc_deep_ensemble/b1024/ds05/baseline/bs03,completed,/zhome/14/b/214266/Repos/ml-surrogates-for-power-systems/outputs/experiments/thesis_sm_avr_gov_benchmark_v1/default/qbc_deep_ensemble/b1024/ds05/baseline/bs03/metrics.json,921,8192,0.00365821341983974,0.06048316641710931,/zhome/14/b/214266/Repos/ml-surrogates-for-power-systems/results/benchmark/experiments/thesis_sm_avr_gov_benchmark_v1/default/qbc_deep_ensemble/b1024/ds05/dataset_manifest.json
qbc_deep_ensemble_b4096_ds01,/zhome/14/b/214266/Repos/ml-surrogates-for-power-systems/outputs/experiments/thesis_sm_avr_gov_benchmark_v1/default/qbc_deep_ensemble/b4096/ds01,qbc_deep_ensemble,b4096,ds01,101,bs01,1101,default,SM_AVR_GOV,/zhome/14/b/214266/Repos/ml-surrogates-for-power-systems/outputs/experiments/thesis_sm_avr_gov_benchmark_v1/default/qbc_deep_ensemble/b4096/ds01/data/SM_AVR_GOV/dataset_v1,pruned_after_run,/zhome/14/b/214266/Repos/ml-surrogates-for-power-systems/outputs/experiments/thesis_sm_avr_gov_benchmark_v1/default/qbc_deep_ensemble/b4096/ds01/baseline/bs01,completed,/zhome/14/b/214266/Repos/ml-surrogates-for-power-systems/outputs/experiments/thesis_sm_avr_gov_benchmark_v1/default/qbc_deep_ensemble/b4096/ds01/baseline/bs01/metrics.json,3686,8192,0.0006921932217665017,0.026309565214318948,/zhome/14/b/214266/Repos/ml-surrogates-for-power-systems/results/benchmark/experiments/thesis_sm_avr_gov_benchmark_v1/default/qbc_deep_ensemble/b4096/ds01/dataset_manifest.json
qbc_deep_ensemble_b4096_ds01,/zhome/14/b/214266/Repos/ml-surrogates-for-power-systems/outputs/experiments/thesis_sm_avr_gov_benchmark_v1/default/qbc_deep_ensemble/b4096/ds01,qbc_deep_ensemble,b4096,ds01,101,bs02,2202,default,SM_AVR_GOV,/zhome/14/b/214266/Repos/ml-surrogates-for-power-systems/outputs/experiments/thesis_sm_avr_gov_benchmark_v1/default/qbc_deep_ensemble/b4096/ds01/data/SM_AVR_GOV/dataset_v1,pruned_after_run,/zhome/14/b/214266/Repos/ml-surrogates-for-power-systems/outputs/experiments/thesis_sm_avr_gov_benchmark_v1/default/qbc_deep_ensemble/b4096/ds01/baseline/bs02,completed,/zhome/14/b/214266/Repos/ml-surrogates-for-power-systems/outputs/experiments/thesis_sm_avr_gov_benchmark_v1/default/qbc_deep_ensemble/b4096/ds01/baseline/bs02/metrics.json,3686,8192,0.0005597061826847494,0.023658110294035518,/zhome/14/b/214266/Repos/ml-surrogates-for-power-systems/results/benchmark/experiments/thesis_sm_avr_gov_benchmark_v1/default/qbc_deep_ensemble/b4096/ds01/dataset_manifest.json
qbc_deep_ensemble_b4096_ds01,/zhome/14/b/214266/Repos/ml-surrogates-for-power-systems/outputs/experiments/thesis_sm_avr_gov_benchmark_v1/default/qbc_deep_ensemble/b4096/ds01,qbc_deep_ensemble,b4096,ds01,101,bs03,3303,default,SM_AVR_GOV,/zhome/14/b/214266/Repos/ml-surrogates-for-power-systems/outputs/experiments/thesis_sm_avr_gov_benchmark_v1/default/qbc_deep_ensemble/b4096/ds01/data/SM_AVR_GOV/dataset_v1,pruned_after_run,/zhome/14/b/214266/Repos/ml-surrogates-for-power-systems/outputs/experiments/thesis_sm_avr_gov_benchmark_v1/default/qbc_deep_ensemble/b4096/ds01/baseline/bs03,completed,/zhome/14/b/214266/Repos/ml-surrogates-for-power-systems/outputs/experiments/thesis_sm_avr_gov_benchmark_v1/default/qbc_deep_ensemble/b4096/ds01/baseline/bs03/metrics.json,3686,8192,0.002006000839173794,0.044788400721322855,/zhome/14/b/214266/Repos/ml-surrogates-for-power-systems/results/benchmark/experiments/thesis_sm_avr_gov_benchmark_v1/default/qbc_deep_ensemble/b4096/ds01/dataset_manifest.json
qbc_deep_ensemble_b4096_ds02,/zhome/14/b/214266/Repos/ml-surrogates-for-power-systems/outputs/experiments/thesis_sm_avr_gov_benchmark_v1/default/qbc_deep_ensemble/b4096/ds02,qbc_deep_ensemble,b4096,ds02,202,bs01,1101,default,SM_AVR_GOV,/zhome/14/b/214266/Repos/ml-surrogates-for-power-systems/outputs/experiments/thesis_sm_avr_gov_benchmark_v1/default/qbc_deep_ensemble/b4096/ds02/data/SM_AVR_GOV/dataset_v1,pruned_after_run,/zhome/14/b/214266/Repos/ml-surrogates-for-power-systems/outputs/experiments/thesis_sm_avr_gov_benchmark_v1/default/qbc_deep_ensemble/b4096/ds02/baseline/bs01,completed,/zhome/14/b/214266/Repos/ml-surrogates-for-power-systems/outputs/experiments/thesis_sm_avr_gov_benchmark_v1/default/qbc_deep_ensemble/b4096/ds02/baseline/bs01/metrics.json,3686,8192,0.000963489874266088,0.03104013328363923,/zhome/14/b/214266/Repos/ml-surrogates-for-power-systems/results/benchmark/experiments/thesis_sm_avr_gov_benchmark_v1/default/qbc_deep_ensemble/b4096/ds02/dataset_manifest.json
qbc_deep_ensemble_b4096_ds02,/zhome/14/b/214266/Repos/ml-surrogates-for-power-systems/outputs/experiments/thesis_sm_avr_gov_benchmark_v1/default/qbc_deep_ensemble/b4096/ds02,qbc_deep_ensemble,b4096,ds02,202,bs02,2202,default,SM_AVR_GOV,/zhome/14/b/214266/Repos/ml-surrogates-for-power-systems/outputs/experiments/thesis_sm_avr_gov_benchmark_v1/default/qbc_deep_ensemble/b4096/ds02/data/SM_AVR_GOV/dataset_v1,pruned_after_run,/zhome/14/b/214266/Repos/ml-surrogates-for-power-systems/outputs/experiments/thesis_sm_avr_gov_benchmark_v1/default/qbc_deep_ensemble/b4096/ds02/baseline/bs02,completed,/zhome/14/b/214266/Repos/ml-surrogates-for-power-systems/outputs/experiments/thesis_sm_avr_gov_benchmark_v1/default/qbc_deep_ensemble/b4096/ds02/baseline/bs02/metrics.json,3686,8192,0.0007279118290171027,0.026979841159967988,/zhome/14/b/214266/Repos/ml-surrogates-for-power-systems/results/benchmark/experiments/thesis_sm_avr_gov_benchmark_v1/default/qbc_deep_ensemble/b4096/ds02/dataset_manifest.json
qbc_deep_ensemble_b4096_ds02,/zhome/14/b/214266/Repos/ml-surrogates-for-power-systems/outputs/experiments/thesis_sm_avr_gov_benchmark_v1/default/qbc_deep_ensemble/b4096/ds02,qbc_deep_ensemble,b4096,ds02,202,bs03,3303,default,SM_AVR_GOV,/zhome/14/b/214266/Repos/ml-surrogates-for-power-systems/outputs/experiments/thesis_sm_avr_gov_benchmark_v1/default/qbc_deep_ensemble/b4096/ds02/data/SM_AVR_GOV/dataset_v1,pruned_after_run,/zhome/14/b/214266/Repos/ml-surrogates-for-power-systems/outputs/experiments/thesis_sm_avr_gov_benchmark_v1/default/qbc_deep_ensemble/b4096/ds02/baseline/bs03,completed,/zhome/14/b/214266/Repos/ml-surrogates-for-power-systems/outputs/experiments/thesis_sm_avr_gov_benchmark_v1/default/qbc_deep_ensemble/b4096/ds02/baseline/bs03/metrics.json,3686,8192,0.0009400050039403141,0.03065950103867175,/zhome/14/b/214266/Repos/ml-surrogates-for-power-systems/results/benchmark/experiments/thesis_sm_avr_gov_benchmark_v1/default/qbc_deep_ensemble/b4096/ds02/dataset_manifest.json
qbc_deep_ensemble_b4096_ds03,/zhome/14/b/214266/Repos/ml-surrogates-for-power-systems/outputs/experiments/thesis_sm_avr_gov_benchmark_v1/default/qbc_deep_ensemble/b4096/ds03,qbc_deep_ensemble,b4096,ds03,303,bs01,1101,default,SM_AVR_GOV,/zhome/14/b/214266/Repos/ml-surrogates-for-power-systems/outputs/experiments/thesis_sm_avr_gov_benchmark_v1/default/qbc_deep_ensemble/b4096/ds03/data/SM_AVR_GOV/dataset_v1,pruned_after_run,/zhome/14/b/214266/Repos/ml-surrogates-for-power-systems/outputs/experiments/thesis_sm_avr_gov_benchmark_v1/default/qbc_deep_ensemble/b4096/ds03/baseline/bs01,completed,/zhome/14/b/214266/Repos/ml-surrogates-for-power-systems/outputs/experiments/thesis_sm_avr_gov_benchmark_v1/default/qbc_deep_ensemble/b4096/ds03/baseline/bs01/metrics.json,3686,8192,0.001050810213200748,0.032416202942367384,/zhome/14/b/214266/Repos/ml-surrogates-for-power-systems/results/benchmark/experiments/thesis_sm_avr_gov_benchmark_v1/default/qbc_deep_ensemble/b4096/ds03/dataset_manifest.json
qbc_deep_ensemble_b4096_ds03,/zhome/14/b/214266/Repos/ml-surrogates-for-power-systems/outputs/experiments/thesis_sm_avr_gov_benchmark_v1/default/qbc_deep_ensemble/b4096/ds03,qbc_deep_ensemble,b4096,ds03,303,bs02,2202,default,SM_AVR_GOV,/zhome/14/b/214266/Repos/ml-surrogates-for-power-systems/outputs/experiments/thesis_sm_avr_gov_benchmark_v1/default/qbc_deep_ensemble/b4096/ds03/data/SM_AVR_GOV/dataset_v1,pruned_after_run,/zhome/14/b/214266/Repos/ml-surrogates-for-power-systems/outputs/experiments/thesis_sm_avr_gov_benchmark_v1/default/qbc_deep_ensemble/b4096/ds03/baseline/bs02,completed,/zhome/14/b/214266/Repos/ml-surrogates-for-power-systems/outputs/experiments/thesis_sm_avr_gov_benchmark_v1/default/qbc_deep_ensemble/b4096/ds03/baseline/bs02/metrics.json,3686,8192,0.001425744965672493,0.03775903819845645,/zhome/14/b/214266/Repos/ml-surrogates-for-power-systems/results/benchmark/experiments/thesis_sm_avr_gov_benchmark_v1/default/qbc_deep_ensemble/b4096/ds03/dataset_manifest.json
qbc_deep_ensemble_b4096_ds03,/zhome/14/b/214266/Repos/ml-surrogates-for-power-systems/outputs/experiments/thesis_sm_avr_gov_benchmark_v1/default/qbc_deep_ensemble/b4096/ds03,qbc_deep_ensemble,b4096,ds03,303,bs03,3303,default,SM_AVR_GOV,/zhome/14/b/214266/Repos/ml-surrogates-for-power-systems/outputs/experiments/thesis_sm_avr_gov_benchmark_v1/default/qbc_deep_ensemble/b4096/ds03/data/SM_AVR_GOV/dataset_v1,pruned_after_run,/zhome/14/b/214266/Repos/ml-surrogates-for-power-systems/outputs/experiments/thesis_sm_avr_gov_benchmark_v1/default/qbc_deep_ensemble/b4096/ds03/baseline/bs03,completed,/zhome/14/b/214266/Repos/ml-surrogates-for-power-systems/outputs/experiments/thesis_sm_avr_gov_benchmark_v1/default/qbc_deep_ensemble/b4096/ds03/baseline/bs03/metrics.json,3686,8192,0.0011867774883285165,0.03444963698398746,/zhome/14/b/214266/Repos/ml-surrogates-for-power-systems/results/benchmark/experiments/thesis_sm_avr_gov_benchmark_v1/default/qbc_deep_ensemble/b4096/ds03/dataset_manifest.json
qbc_deep_ensemble_b4096_ds04,/zhome/14/b/214266/Repos/ml-surrogates-for-power-systems/outputs/experiments/thesis_sm_avr_gov_benchmark_v1/default/qbc_deep_ensemble/b4096/ds04,qbc_deep_ensemble,b4096,ds04,404,bs01,1101,default,SM_AVR_GOV,/zhome/14/b/214266/Repos/ml-surrogates-for-power-systems/outputs/experiments/thesis_sm_avr_gov_benchmark_v1/default/qbc_deep_ensemble/b4096/ds04/data/SM_AVR_GOV/dataset_v1,pruned_after_run,/zhome/14/b/214266/Repos/ml-surrogates-for-power-systems/outputs/experiments/thesis_sm_avr_gov_benchmark_v1/default/qbc_deep_ensemble/b4096/ds04/baseline/bs01,completed,/zhome/14/b/214266/Repos/ml-surrogates-for-power-systems/outputs/experiments/thesis_sm_avr_gov_benchmark_v1/default/qbc_deep_ensemble/b4096/ds04/baseline/bs01/metrics.json,3686,8192,0.0009076027199625969,0.03012644552486398,/zhome/14/b/214266/Repos/ml-surrogates-for-power-systems/results/benchmark/experiments/thesis_sm_avr_gov_benchmark_v1/default/qbc_deep_ensemble/b4096/ds04/dataset_manifest.json
qbc_deep_ensemble_b4096_ds04,/zhome/14/b/214266/Repos/ml-surrogates-for-power-systems/outputs/experiments/thesis_sm_avr_gov_benchmark_v1/default/qbc_deep_ensemble/b4096/ds04,qbc_deep_ensemble,b4096,ds04,404,bs02,2202,default,SM_AVR_GOV,/zhome/14/b/214266/Repos/ml-surrogates-for-power-systems/outputs/experiments/thesis_sm_avr_gov_benchmark_v1/default/qbc_deep_ensemble/b4096/ds04/data/SM_AVR_GOV/dataset_v1,pruned_after_run,/zhome/14/b/214266/Repos/ml-surrogates-for-power-systems/outputs/experiments/thesis_sm_avr_gov_benchmark_v1/default/qbc_deep_ensemble/b4096/ds04/baseline/bs02,completed,/zhome/14/b/214266/Repos/ml-surrogates-for-power-systems/outputs/experiments/thesis_sm_avr_gov_benchmark_v1/default/qbc_deep_ensemble/b4096/ds04/baseline/bs02/metrics.json,3686,8192,0.0009535863646306098,0.030880193727219552,/zhome/14/b/214266/Repos/ml-surrogates-for-power-systems/results/benchmark/experiments/thesis_sm_avr_gov_benchmark_v1/default/qbc_deep_ensemble/b4096/ds04/dataset_manifest.json
qbc_deep_ensemble_b4096_ds04,/zhome/14/b/214266/Repos/ml-surrogates-for-power-systems/outputs/experiments/thesis_sm_avr_gov_benchmark_v1/default/qbc_deep_ensemble/b4096/ds04,qbc_deep_ensemble,b4096,ds04,404,bs03,3303,default,SM_AVR_GOV,/zhome/14/b/214266/Repos/ml-surrogates-for-power-systems/outputs/experiments/thesis_sm_avr_gov_benchmark_v1/default/qbc_deep_ensemble/b4096/ds04/data/SM_AVR_GOV/dataset_v1,pruned_after_run,/zhome/14/b/214266/Repos/ml-surrogates-for-power-systems/outputs/experiments/thesis_sm_avr_gov_benchmark_v1/default/qbc_deep_ensemble/b4096/ds04/baseline/bs03,completed,/zhome/14/b/214266/Repos/ml-surrogates-for-power-systems/outputs/experiments/thesis_sm_avr_gov_benchmark_v1/default/qbc_deep_ensemble/b4096/ds04/baseline/bs03/metrics.json,3686,8192,0.0007712306687608361,0.027771040109452798,/zhome/14/b/214266/Repos/ml-surrogates-for-power-systems/results/benchmark/experiments/thesis_sm_avr_gov_benchmark_v1/default/qbc_deep_ensemble/b4096/ds04/dataset_manifest.json
qbc_deep_ensemble_b4096_ds05,/zhome/14/b/214266/Repos/ml-surrogates-for-power-systems/outputs/experiments/thesis_sm_avr_gov_benchmark_v1/default/qbc_deep_ensemble/b4096/ds05,qbc_deep_ensemble,b4096,ds05,505,bs01,1101,default,SM_AVR_GOV,/zhome/14/b/214266/Repos/ml-surrogates-for-power-systems/outputs/experiments/thesis_sm_avr_gov_benchmark_v1/default/qbc_deep_ensemble/b4096/ds05/data/SM_AVR_GOV/dataset_v1,pruned_after_run,/zhome/14/b/214266/Repos/ml-surrogates-for-power-systems/outputs/experiments/thesis_sm_avr_gov_benchmark_v1/default/qbc_deep_ensemble/b4096/ds05/baseline/bs01,completed,/zhome/14/b/214266/Repos/ml-surrogates-for-power-systems/outputs/experiments/thesis_sm_avr_gov_benchmark_v1/default/qbc_deep_ensemble/b4096/ds05/baseline/bs01/metrics.json,3686,8192,0.0010931175202131271,0.033062327809958075,/zhome/14/b/214266/Repos/ml-surrogates-for-power-systems/results/benchmark/experiments/thesis_sm_avr_gov_benchmark_v1/default/qbc_deep_ensemble/b4096/ds05/dataset_manifest.json
qbc_deep_ensemble_b4096_ds05,/zhome/14/b/214266/Repos/ml-surrogates-for-power-systems/outputs/experiments/thesis_sm_avr_gov_benchmark_v1/default/qbc_deep_ensemble/b4096/ds05,qbc_deep_ensemble,b4096,ds05,505,bs02,2202,default,SM_AVR_GOV,/zhome/14/b/214266/Repos/ml-surrogates-for-power-systems/outputs/experiments/thesis_sm_avr_gov_benchmark_v1/default/qbc_deep_ensemble/b4096/ds05/data/SM_AVR_GOV/dataset_v1,pruned_after_run,/zhome/14/b/214266/Repos/ml-surrogates-for-power-systems/outputs/experiments/thesis_sm_avr_gov_benchmark_v1/default/qbc_deep_ensemble/b4096/ds05/baseline/bs02,completed,/zhome/14/b/214266/Repos/ml-surrogates-for-power-systems/outputs/experiments/thesis_sm_avr_gov_benchmark_v1/default/qbc_deep_ensemble/b4096/ds05/baseline/bs02/metrics.json,3686,8192,0.002844027942046523,0.05332942848040398,/zhome/14/b/214266/Repos/ml-surrogates-for-power-systems/results/benchmark/experiments/thesis_sm_avr_gov_benchmark_v1/default/qbc_deep_ensemble/b4096/ds05/dataset_manifest.json
qbc_deep_ensemble_b4096_ds05,/zhome/14/b/214266/Repos/ml-surrogates-for-power-systems/outputs/experiments/thesis_sm_avr_gov_benchmark_v1/default/qbc_deep_ensemble/b4096/ds05,qbc_deep_ensemble,b4096,ds05,505,bs03,3303,default,SM_AVR_GOV,/zhome/14/b/214266/Repos/ml-surrogates-for-power-systems/outputs/experiments/thesis_sm_avr_gov_benchmark_v1/default/qbc_deep_ensemble/b4096/ds05/data/SM_AVR_GOV/dataset_v1,pruned_after_run,/zhome/14/b/214266/Repos/ml-surrogates-for-power-systems/outputs/experiments/thesis_sm_avr_gov_benchmark_v1/default/qbc_deep_ensemble/b4096/ds05/baseline/bs03,completed,/zhome/14/b/214266/Repos/ml-surrogates-for-power-systems/outputs/experiments/thesis_sm_avr_gov_benchmark_v1/default/qbc_deep_ensemble/b4096/ds05/baseline/bs03/metrics.json,3686,8192,0.0016156852943822742,0.04019558799647387,/zhome/14/b/214266/Repos/ml-surrogates-for-power-systems/results/benchmark/experiments/thesis_sm_avr_gov_benchmark_v1/default/qbc_deep_ensemble/b4096/ds05/dataset_manifest.json
qbc_deep_ensemble_b8192_ds01,/zhome/14/b/214266/Repos/ml-surrogates-for-power-systems/outputs/experiments/thesis_sm_avr_gov_benchmark_v1/default/qbc_deep_ensemble/b8192/ds01,qbc_deep_ensemble,b8192,ds01,101,bs01,1101,default,SM_AVR_GOV,/zhome/14/b/214266/Repos/ml-surrogates-for-power-systems/outputs/experiments/thesis_sm_avr_gov_benchmark_v1/default/qbc_deep_ensemble/b8192/ds01/data/SM_AVR_GOV/dataset_v1,pruned_after_run,/zhome/14/b/214266/Repos/ml-surrogates-for-power-systems/outputs/experiments/thesis_sm_avr_gov_benchmark_v1/default/qbc_deep_ensemble/b8192/ds01/baseline/bs01,completed,/zhome/14/b/214266/Repos/ml-surrogates-for-power-systems/outputs/experiments/thesis_sm_avr_gov_benchmark_v1/default/qbc_deep_ensemble/b8192/ds01/baseline/bs01/metrics.json,7372,8192,0.0005236699944362044,0.02288383696927166,/zhome/14/b/214266/Repos/ml-surrogates-for-power-systems/results/benchmark/experiments/thesis_sm_avr_gov_benchmark_v1/default/qbc_deep_ensemble/b8192/ds01/dataset_manifest.json
qbc_deep_ensemble_b8192_ds01,/zhome/14/b/214266/Repos/ml-surrogates-for-power-systems/outputs/experiments/thesis_sm_avr_gov_benchmark_v1/default/qbc_deep_ensemble/b8192/ds01,qbc_deep_ensemble,b8192,ds01,101,bs02,2202,default,SM_AVR_GOV,/zhome/14/b/214266/Repos/ml-surrogates-for-power-systems/outputs/experiments/thesis_sm_avr_gov_benchmark_v1/default/qbc_deep_ensemble/b8192/ds01/data/SM_AVR_GOV/dataset_v1,pruned_after_run,/zhome/14/b/214266/Repos/ml-surrogates-for-power-systems/outputs/experiments/thesis_sm_avr_gov_benchmark_v1/default/qbc_deep_ensemble/b8192/ds01/baseline/bs02,completed,/zhome/14/b/214266/Repos/ml-surrogates-for-power-systems/outputs/experiments/thesis_sm_avr_gov_benchmark_v1/default/qbc_deep_ensemble/b8192/ds01/baseline/bs02/metrics.json,7372,8192,0.0009448707569390535,0.03073875008745563,/zhome/14/b/214266/Repos/ml-surrogates-for-power-systems/results/benchmark/experiments/thesis_sm_avr_gov_benchmark_v1/default/qbc_deep_ensemble/b8192/ds01/dataset_manifest.json
qbc_deep_ensemble_b8192_ds01,/zhome/14/b/214266/Repos/ml-surrogates-for-power-systems/outputs/experiments/thesis_sm_avr_gov_benchmark_v1/default/qbc_deep_ensemble/b8192/ds01,qbc_deep_ensemble,b8192,ds01,101,bs03,3303,default,SM_AVR_GOV,/zhome/14/b/214266/Repos/ml-surrogates-for-power-systems/outputs/experiments/thesis_sm_avr_gov_benchmark_v1/default/qbc_deep_ensemble/b8192/ds01/data/SM_AVR_GOV/dataset_v1,pruned_after_run,/zhome/14/b/214266/Repos/ml-surrogates-for-power-systems/outputs/experiments/thesis_sm_avr_gov_benchmark_v1/default/qbc_deep_ensemble/b8192/ds01/baseline/bs03,completed,/zhome/14/b/214266/Repos/ml-surrogates-for-power-systems/outputs/experiments/thesis_sm_avr_gov_benchmark_v1/default/qbc_deep_ensemble/b8192/ds01/baseline/bs03/metrics.json,7372,8192,0.0010557339992374182,0.03249206055696404,/zhome/14/b/214266/Repos/ml-surrogates-for-power-systems/results/benchmark/experiments/thesis_sm_avr_gov_benchmark_v1/default/qbc_deep_ensemble/b8192/ds01/dataset_manifest.json
qbc_deep_ensemble_b8192_ds02,/zhome/14/b/214266/Repos/ml-surrogates-for-power-systems/outputs/experiments/thesis_sm_avr_gov_benchmark_v1/default/qbc_deep_ensemble/b8192/ds02,qbc_deep_ensemble,b8192,ds02,202,bs01,1101,default,SM_AVR_GOV,/zhome/14/b/214266/Repos/ml-surrogates-for-power-systems/outputs/experiments/thesis_sm_avr_gov_benchmark_v1/default/qbc_deep_ensemble/b8192/ds02/data/SM_AVR_GOV/dataset_v1,pruned_after_run,/zhome/14/b/214266/Repos/ml-surrogates-for-power-systems/outputs/experiments/thesis_sm_avr_gov_benchmark_v1/default/qbc_deep_ensemble/b8192/ds02/baseline/bs01,completed,/zhome/14/b/214266/Repos/ml-surrogates-for-power-systems/outputs/experiments/thesis_sm_avr_gov_benchmark_v1/default/qbc_deep_ensemble/b8192/ds02/baseline/bs01/metrics.json,7372,8192,0.0016252425266429782,0.04031429680204007,/zhome/14/b/214266/Repos/ml-surrogates-for-power-systems/results/benchmark/experiments/thesis_sm_avr_gov_benchmark_v1/default/qbc_deep_ensemble/b8192/ds02/dataset_manifest.json
qbc_deep_ensemble_b8192_ds02,/zhome/14/b/214266/Repos/ml-surrogates-for-power-systems/outputs/experiments/thesis_sm_avr_gov_benchmark_v1/default/qbc_deep_ensemble/b8192/ds02,qbc_deep_ensemble,b8192,ds02,202,bs02,2202,default,SM_AVR_GOV,/zhome/14/b/214266/Repos/ml-surrogates-for-power-systems/outputs/experiments/thesis_sm_avr_gov_benchmark_v1/default/qbc_deep_ensemble/b8192/ds02/data/SM_AVR_GOV/dataset_v1,pruned_after_run,/zhome/14/b/214266/Repos/ml-surrogates-for-power-systems/outputs/experiments/thesis_sm_avr_gov_benchmark_v1/default/qbc_deep_ensemble/b8192/ds02/baseline/bs02,completed,/zhome/14/b/214266/Repos/ml-surrogates-for-power-systems/outputs/experiments/thesis_sm_avr_gov_benchmark_v1/default/qbc_deep_ensemble/b8192/ds02/baseline/bs02/metrics.json,7372,8192,0.00040813314262777567,0.02020230537903473,/zhome/14/b/214266/Repos/ml-surrogates-for-power-systems/results/benchmark/experiments/thesis_sm_avr_gov_benchmark_v1/default/qbc_deep_ensemble/b8192/ds02/dataset_manifest.json
qbc_deep_ensemble_b8192_ds02,/zhome/14/b/214266/Repos/ml-surrogates-for-power-systems/outputs/experiments/thesis_sm_avr_gov_benchmark_v1/default/qbc_deep_ensemble/b8192/ds02,qbc_deep_ensemble,b8192,ds02,202,bs03,3303,default,SM_AVR_GOV,/zhome/14/b/214266/Repos/ml-surrogates-for-power-systems/outputs/experiments/thesis_sm_avr_gov_benchmark_v1/default/qbc_deep_ensemble/b8192/ds02/data/SM_AVR_GOV/dataset_v1,pruned_after_run,/zhome/14/b/214266/Repos/ml-surrogates-for-power-systems/outputs/experiments/thesis_sm_avr_gov_benchmark_v1/default/qbc_deep_ensemble/b8192/ds02/baseline/bs03,completed,/zhome/14/b/214266/Repos/ml-surrogates-for-power-systems/outputs/experiments/thesis_sm_avr_gov_benchmark_v1/default/qbc_deep_ensemble/b8192/ds02/baseline/bs03/metrics.json,7372,8192,0.0008790834108367562,0.029649340816226527,/zhome/14/b/214266/Repos/ml-surrogates-for-power-systems/results/benchmark/experiments/thesis_sm_avr_gov_benchmark_v1/default/qbc_deep_ensemble/b8192/ds02/dataset_manifest.json
qbc_deep_ensemble_b8192_ds03,/zhome/14/b/214266/Repos/ml-surrogates-for-power-systems/outputs/experiments/thesis_sm_avr_gov_benchmark_v1/default/qbc_deep_ensemble/b8192/ds03,qbc_deep_ensemble,b8192,ds03,303,bs01,1101,default,SM_AVR_GOV,/zhome/14/b/214266/Repos/ml-surrogates-for-power-systems/outputs/experiments/thesis_sm_avr_gov_benchmark_v1/default/qbc_deep_ensemble/b8192/ds03/data/SM_AVR_GOV/dataset_v1,pruned_after_run,/zhome/14/b/214266/Repos/ml-surrogates-for-power-systems/outputs/experiments/thesis_sm_avr_gov_benchmark_v1/default/qbc_deep_ensemble/b8192/ds03/baseline/bs01,completed,/zhome/14/b/214266/Repos/ml-surrogates-for-power-systems/outputs/experiments/thesis_sm_avr_gov_benchmark_v1/default/qbc_deep_ensemble/b8192/ds03/baseline/bs01/metrics.json,7372,8192,0.0011027130531147122,0.03320712352966924,/zhome/14/b/214266/Repos/ml-surrogates-for-power-systems/results/benchmark/experiments/thesis_sm_avr_gov_benchmark_v1/default/qbc_deep_ensemble/b8192/ds03/dataset_manifest.json
qbc_deep_ensemble_b8192_ds03,/zhome/14/b/214266/Repos/ml-surrogates-for-power-systems/outputs/experiments/thesis_sm_avr_gov_benchmark_v1/default/qbc_deep_ensemble/b8192/ds03,qbc_deep_ensemble,b8192,ds03,303,bs02,2202,default,SM_AVR_GOV,/zhome/14/b/214266/Repos/ml-surrogates-for-power-systems/outputs/experiments/thesis_sm_avr_gov_benchmark_v1/default/qbc_deep_ensemble/b8192/ds03/data/SM_AVR_GOV/dataset_v1,pruned_after_run,/zhome/14/b/214266/Repos/ml-surrogates-for-power-systems/outputs/experiments/thesis_sm_avr_gov_benchmark_v1/default/qbc_deep_ensemble/b8192/ds03/baseline/bs02,completed,/zhome/14/b/214266/Repos/ml-surrogates-for-power-systems/outputs/experiments/thesis_sm_avr_gov_benchmark_v1/default/qbc_deep_ensemble/b8192/ds03/baseline/bs02/metrics.json,7372,8192,0.0010701295686885715,0.03271283492283375,/zhome/14/b/214266/Repos/ml-surrogates-for-power-systems/results/benchmark/experiments/thesis_sm_avr_gov_benchmark_v1/default/qbc_deep_ensemble/b8192/ds03/dataset_manifest.json
qbc_deep_ensemble_b8192_ds03,/zhome/14/b/214266/Repos/ml-surrogates-for-power-systems/outputs/experiments/thesis_sm_avr_gov_benchmark_v1/default/qbc_deep_ensemble/b8192/ds03,qbc_deep_ensemble,b8192,ds03,303,bs03,3303,default,SM_AVR_GOV,/zhome/14/b/214266/Repos/ml-surrogates-for-power-systems/outputs/experiments/thesis_sm_avr_gov_benchmark_v1/default/qbc_deep_ensemble/b8192/ds03/data/SM_AVR_GOV/dataset_v1,pruned_after_run,/zhome/14/b/214266/Repos/ml-surrogates-for-power-systems/outputs/experiments/thesis_sm_avr_gov_benchmark_v1/default/qbc_deep_ensemble/b8192/ds03/baseline/bs03,completed,/zhome/14/b/214266/Repos/ml-surrogates-for-power-systems/outputs/experiments/thesis_sm_avr_gov_benchmark_v1/default/qbc_deep_ensemble/b8192/ds03/baseline/bs03/metrics.json,7372,8192,0.002505829092115164,0.05005825698239166,/zhome/14/b/214266/Repos/ml-surrogates-for-power-systems/results/benchmark/experiments/thesis_sm_avr_gov_benchmark_v1/default/qbc_deep_ensemble/b8192/ds03/dataset_manifest.json
qbc_deep_ensemble_b8192_ds04,/zhome/14/b/214266/Repos/ml-surrogates-for-power-systems/outputs/experiments/thesis_sm_avr_gov_benchmark_v1/default/qbc_deep_ensemble/b8192/ds04,qbc_deep_ensemble,b8192,ds04,404,bs01,1101,default,SM_AVR_GOV,/zhome/14/b/214266/Repos/ml-surrogates-for-power-systems/outputs/experiments/thesis_sm_avr_gov_benchmark_v1/default/qbc_deep_ensemble/b8192/ds04/data/SM_AVR_GOV/dataset_v1,pruned_after_run,/zhome/14/b/214266/Repos/ml-surrogates-for-power-systems/outputs/experiments/thesis_sm_avr_gov_benchmark_v1/default/qbc_deep_ensemble/b8192/ds04/baseline/bs01,completed,/zhome/14/b/214266/Repos/ml-surrogates-for-power-systems/outputs/experiments/thesis_sm_avr_gov_benchmark_v1/default/qbc_deep_ensemble/b8192/ds04/baseline/bs01/metrics.json,7372,8192,0.0010920155327767134,0.03304565830448401,/zhome/14/b/214266/Repos/ml-surrogates-for-power-systems/results/benchmark/experiments/thesis_sm_avr_gov_benchmark_v1/default/qbc_deep_ensemble/b8192/ds04/dataset_manifest.json
qbc_deep_ensemble_b8192_ds04,/zhome/14/b/214266/Repos/ml-surrogates-for-power-systems/outputs/experiments/thesis_sm_avr_gov_benchmark_v1/default/qbc_deep_ensemble/b8192/ds04,qbc_deep_ensemble,b8192,ds04,404,bs02,2202,default,SM_AVR_GOV,/zhome/14/b/214266/Repos/ml-surrogates-for-power-systems/outputs/experiments/thesis_sm_avr_gov_benchmark_v1/default/qbc_deep_ensemble/b8192/ds04/data/SM_AVR_GOV/dataset_v1,pruned_after_run,/zhome/14/b/214266/Repos/ml-surrogates-for-power-systems/outputs/experiments/thesis_sm_avr_gov_benchmark_v1/default/qbc_deep_ensemble/b8192/ds04/baseline/bs02,completed,/zhome/14/b/214266/Repos/ml-surrogates-for-power-systems/outputs/experiments/thesis_sm_avr_gov_benchmark_v1/default/qbc_deep_ensemble/b8192/ds04/baseline/bs02/metrics.json,7372,8192,0.0010267850011587143,0.032043486095596936,/zhome/14/b/214266/Repos/ml-surrogates-for-power-systems/results/benchmark/experiments/thesis_sm_avr_gov_benchmark_v1/default/qbc_deep_ensemble/b8192/ds04/dataset_manifest.json
qbc_deep_ensemble_b8192_ds04,/zhome/14/b/214266/Repos/ml-surrogates-for-power-systems/outputs/experiments/thesis_sm_avr_gov_benchmark_v1/default/qbc_deep_ensemble/b8192/ds04,qbc_deep_ensemble,b8192,ds04,404,bs03,3303,default,SM_AVR_GOV,/zhome/14/b/214266/Repos/ml-surrogates-for-power-systems/outputs/experiments/thesis_sm_avr_gov_benchmark_v1/default/qbc_deep_ensemble/b8192/ds04/data/SM_AVR_GOV/dataset_v1,pruned_after_run,/zhome/14/b/214266/Repos/ml-surrogates-for-power-systems/outputs/experiments/thesis_sm_avr_gov_benchmark_v1/default/qbc_deep_ensemble/b8192/ds04/baseline/bs03,completed,/zhome/14/b/214266/Repos/ml-surrogates-for-power-systems/outputs/experiments/thesis_sm_avr_gov_benchmark_v1/default/qbc_deep_ensemble/b8192/ds04/baseline/bs03/metrics.json,7372,8192,0.0008730272529646754,0.029547034588341948,/zhome/14/b/214266/Repos/ml-surrogates-for-power-systems/results/benchmark/experiments/thesis_sm_avr_gov_benchmark_v1/default/qbc_deep_ensemble/b8192/ds04/dataset_manifest.json
qbc_deep_ensemble_b8192_ds05,/zhome/14/b/214266/Repos/ml-surrogates-for-power-systems/outputs/experiments/thesis_sm_avr_gov_benchmark_v1/default/qbc_deep_ensemble/b8192/ds05,qbc_deep_ensemble,b8192,ds05,505,bs01,1101,default,SM_AVR_GOV,/zhome/14/b/214266/Repos/ml-surrogates-for-power-systems/outputs/experiments/thesis_sm_avr_gov_benchmark_v1/default/qbc_deep_ensemble/b8192/ds05/data/SM_AVR_GOV/dataset_v1,pruned_after_run,/zhome/14/b/214266/Repos/ml-surrogates-for-power-systems/outputs/experiments/thesis_sm_avr_gov_benchmark_v1/default/qbc_deep_ensemble/b8192/ds05/baseline/bs01,completed,/zhome/14/b/214266/Repos/ml-surrogates-for-power-systems/outputs/experiments/thesis_sm_avr_gov_benchmark_v1/default/qbc_deep_ensemble/b8192/ds05/baseline/bs01/metrics.json,7372,8192,0.0012151235714554787,0.034858622627055684,/zhome/14/b/214266/Repos/ml-surrogates-for-power-systems/results/benchmark/experiments/thesis_sm_avr_gov_benchmark_v1/default/qbc_deep_ensemble/b8192/ds05/dataset_manifest.json
qbc_deep_ensemble_b8192_ds05,/zhome/14/b/214266/Repos/ml-surrogates-for-power-systems/outputs/experiments/thesis_sm_avr_gov_benchmark_v1/default/qbc_deep_ensemble/b8192/ds05,qbc_deep_ensemble,b8192,ds05,505,bs02,2202,default,SM_AVR_GOV,/zhome/14/b/214266/Repos/ml-surrogates-for-power-systems/outputs/experiments/thesis_sm_avr_gov_benchmark_v1/default/qbc_deep_ensemble/b8192/ds05/data/SM_AVR_GOV/dataset_v1,pruned_after_run,/zhome/14/b/214266/Repos/ml-surrogates-for-power-systems/outputs/experiments/thesis_sm_avr_gov_benchmark_v1/default/qbc_deep_ensemble/b8192/ds05/baseline/bs02,completed,/zhome/14/b/214266/Repos/ml-surrogates-for-power-systems/outputs/experiments/thesis_sm_avr_gov_benchmark_v1/default/qbc_deep_ensemble/b8192/ds05/baseline/bs02/metrics.json,7372,8192,0.00043888366781175137,0.020949550539611856,/zhome/14/b/214266/Repos/ml-surrogates-for-power-systems/results/benchmark/experiments/thesis_sm_avr_gov_benchmark_v1/default/qbc_deep_ensemble/b8192/ds05/dataset_manifest.json
qbc_deep_ensemble_b8192_ds05,/zhome/14/b/214266/Repos/ml-surrogates-for-power-systems/outputs/experiments/thesis_sm_avr_gov_benchmark_v1/default/qbc_deep_ensemble/b8192/ds05,qbc_deep_ensemble,b8192,ds05,505,bs03,3303,default,SM_AVR_GOV,/zhome/14/b/214266/Repos/ml-surrogates-for-power-systems/outputs/experiments/thesis_sm_avr_gov_benchmark_v1/default/qbc_deep_ensemble/b8192/ds05/data/SM_AVR_GOV/dataset_v1,pruned_after_run,/zhome/14/b/214266/Repos/ml-surrogates-for-power-systems/outputs/experiments/thesis_sm_avr_gov_benchmark_v1/default/qbc_deep_ensemble/b8192/ds05/baseline/bs03,completed,/zhome/14/b/214266/Repos/ml-surrogates-for-power-systems/outputs/experiments/thesis_sm_avr_gov_benchmark_v1/default/qbc_deep_ensemble/b8192/ds05/baseline/bs03/metrics.json,7372,8192,0.0011849711881950498,0.03442341046722491,/zhome/14/b/214266/Repos/ml-surrogates-for-power-systems/results/benchmark/experiments/thesis_sm_avr_gov_benchmark_v1/default/qbc_deep_ensemble/b8192/ds05/dataset_manifest.json
qbc_marker_hybrid_b1024_ds01,/zhome/14/b/214266/Repos/ml-surrogates-for-power-systems/outputs/experiments/thesis_sm_avr_gov_benchmark_v1/default/qbc_marker_hybrid/b1024/ds01,qbc_marker_hybrid,b1024,ds01,101,bs01,1101,default,SM_AVR_GOV,/zhome/14/b/214266/Repos/ml-surrogates-for-power-systems/outputs/experiments/thesis_sm_avr_gov_benchmark_v1/default/qbc_marker_hybrid/b1024/ds01/data/SM_AVR_GOV/dataset_v1,pruned_after_run,/zhome/14/b/214266/Repos/ml-surrogates-for-power-systems/outputs/experiments/thesis_sm_avr_gov_benchmark_v1/default/qbc_marker_hybrid/b1024/ds01/baseline/bs01,completed,/zhome/14/b/214266/Repos/ml-surrogates-for-power-systems/outputs/experiments/thesis_sm_avr_gov_benchmark_v1/default/qbc_marker_hybrid/b1024/ds01/baseline/bs01/metrics.json,921,8192,0.003509746165946126,0.05924311070450408,/zhome/14/b/214266/Repos/ml-surrogates-for-power-systems/results/benchmark/experiments/thesis_sm_avr_gov_benchmark_v1/default/qbc_marker_hybrid/b1024/ds01/dataset_manifest.json
qbc_marker_hybrid_b1024_ds01,/zhome/14/b/214266/Repos/ml-surrogates-for-power-systems/outputs/experiments/thesis_sm_avr_gov_benchmark_v1/default/qbc_marker_hybrid/b1024/ds01,qbc_marker_hybrid,b1024,ds01,101,bs02,2202,default,SM_AVR_GOV,/zhome/14/b/214266/Repos/ml-surrogates-for-power-systems/outputs/experiments/thesis_sm_avr_gov_benchmark_v1/default/qbc_marker_hybrid/b1024/ds01/data/SM_AVR_GOV/dataset_v1,pruned_after_run,/zhome/14/b/214266/Repos/ml-surrogates-for-power-systems/outputs/experiments/thesis_sm_avr_gov_benchmark_v1/default/qbc_marker_hybrid/b1024/ds01/baseline/bs02,completed,/zhome/14/b/214266/Repos/ml-surrogates-for-power-systems/outputs/experiments/thesis_sm_avr_gov_benchmark_v1/default/qbc_marker_hybrid/b1024/ds01/baseline/bs02/metrics.json,921,8192,0.007196985185146332,0.08483504691544841,/zhome/14/b/214266/Repos/ml-surrogates-for-power-systems/results/benchmark/experiments/thesis_sm_avr_gov_benchmark_v1/default/qbc_marker_hybrid/b1024/ds01/dataset_manifest.json
qbc_marker_hybrid_b1024_ds01,/zhome/14/b/214266/Repos/ml-surrogates-for-power-systems/outputs/experiments/thesis_sm_avr_gov_benchmark_v1/default/qbc_marker_hybrid/b1024/ds01,qbc_marker_hybrid,b1024,ds01,101,bs03,3303,default,SM_AVR_GOV,/zhome/14/b/214266/Repos/ml-surrogates-for-power-systems/outputs/experiments/thesis_sm_avr_gov_benchmark_v1/default/qbc_marker_hybrid/b1024/ds01/data/SM_AVR_GOV/dataset_v1,pruned_after_run,/zhome/14/b/214266/Repos/ml-surrogates-for-power-systems/outputs/experiments/thesis_sm_avr_gov_benchmark_v1/default/qbc_marker_hybrid/b1024/ds01/baseline/bs03,completed,/zhome/14/b/214266/Repos/ml-surrogates-for-power-systems/outputs/experiments/thesis_sm_avr_gov_benchmark_v1/default/qbc_marker_hybrid/b1024/ds01/baseline/bs03/metrics.json,921,8192,0.01877550780773163,0.137023749064648,/zhome/14/b/214266/Repos/ml-surrogates-for-power-systems/results/benchmark/experiments/thesis_sm_avr_gov_benchmark_v1/default/qbc_marker_hybrid/b1024/ds01/dataset_manifest.json
qbc_marker_hybrid_b1024_ds02,/zhome/14/b/214266/Repos/ml-surrogates-for-power-systems/outputs/experiments/thesis_sm_avr_gov_benchmark_v1/default/qbc_marker_hybrid/b1024/ds02,qbc_marker_hybrid,b1024,ds02,202,bs01,1101,default,SM_AVR_GOV,/zhome/14/b/214266/Repos/ml-surrogates-for-power-systems/outputs/experiments/thesis_sm_avr_gov_benchmark_v1/default/qbc_marker_hybrid/b1024/ds02/data/SM_AVR_GOV/dataset_v1,pruned_after_run,/zhome/14/b/214266/Repos/ml-surrogates-for-power-systems/outputs/experiments/thesis_sm_avr_gov_benchmark_v1/default/qbc_marker_hybrid/b1024/ds02/baseline/bs01,completed,/zhome/14/b/214266/Repos/ml-surrogates-for-power-systems/outputs/experiments/thesis_sm_avr_gov_benchmark_v1/default/qbc_marker_hybrid/b1024/ds02/baseline/bs01/metrics.json,921,8192,0.006298996973782778,0.07936622060916582,/zhome/14/b/214266/Repos/ml-surrogates-for-power-systems/results/benchmark/experiments/thesis_sm_avr_gov_benchmark_v1/default/qbc_marker_hybrid/b1024/ds02/dataset_manifest.json
qbc_marker_hybrid_b1024_ds02,/zhome/14/b/214266/Repos/ml-surrogates-for-power-systems/outputs/experiments/thesis_sm_avr_gov_benchmark_v1/default/qbc_marker_hybrid/b1024/ds02,qbc_marker_hybrid,b1024,ds02,202,bs02,2202,default,SM_AVR_GOV,/zhome/14/b/214266/Repos/ml-surrogates-for-power-systems/outputs/experiments/thesis_sm_avr_gov_benchmark_v1/default/qbc_marker_hybrid/b1024/ds02/data/SM_AVR_GOV/dataset_v1,pruned_after_run,/zhome/14/b/214266/Repos/ml-surrogates-for-power-systems/outputs/experiments/thesis_sm_avr_gov_benchmark_v1/default/qbc_marker_hybrid/b1024/ds02/baseline/bs02,completed,/zhome/14/b/214266/Repos/ml-surrogates-for-power-systems/outputs/experiments/thesis_sm_avr_gov_benchmark_v1/default/qbc_marker_hybrid/b1024/ds02/baseline/bs02/metrics.json,921,8192,0.007034480106085539,0.08387180757611903,/zhome/14/b/214266/Repos/ml-surrogates-for-power-systems/results/benchmark/experiments/thesis_sm_avr_gov_benchmark_v1/default/qbc_marker_hybrid/b1024/ds02/dataset_manifest.json
qbc_marker_hybrid_b1024_ds02,/zhome/14/b/214266/Repos/ml-surrogates-for-power-systems/outputs/experiments/thesis_sm_avr_gov_benchmark_v1/default/qbc_marker_hybrid/b1024/ds02,qbc_marker_hybrid,b1024,ds02,202,bs03,3303,default,SM_AVR_GOV,/zhome/14/b/214266/Repos/ml-surrogates-for-power-systems/outputs/experiments/thesis_sm_avr_gov_benchmark_v1/default/qbc_marker_hybrid/b1024/ds02/data/SM_AVR_GOV/dataset_v1,pruned_after_run,/zhome/14/b/214266/Repos/ml-surrogates-for-power-systems/outputs/experiments/thesis_sm_avr_gov_benchmark_v1/default/qbc_marker_hybrid/b1024/ds02/baseline/bs03,completed,/zhome/14/b/214266/Repos/ml-surrogates-for-power-systems/outputs/experiments/thesis_sm_avr_gov_benchmark_v1/default/qbc_marker_hybrid/b1024/ds02/baseline/bs03/metrics.json,921,8192,0.008598972111940384,0.09273064278834901,/zhome/14/b/214266/Repos/ml-surrogates-for-power-systems/results/benchmark/experiments/thesis_sm_avr_gov_benchmark_v1/default/qbc_marker_hybrid/b1024/ds02/dataset_manifest.json
qbc_marker_hybrid_b1024_ds03,/zhome/14/b/214266/Repos/ml-surrogates-for-power-systems/outputs/experiments/thesis_sm_avr_gov_benchmark_v1/default/qbc_marker_hybrid/b1024/ds03,qbc_marker_hybrid,b1024,ds03,303,bs01,1101,default,SM_AVR_GOV,/zhome/14/b/214266/Repos/ml-surrogates-for-power-systems/outputs/experiments/thesis_sm_avr_gov_benchmark_v1/default/qbc_marker_hybrid/b1024/ds03/data/SM_AVR_GOV/dataset_v1,pruned_after_run,/zhome/14/b/214266/Repos/ml-surrogates-for-power-systems/outputs/experiments/thesis_sm_avr_gov_benchmark_v1/default/qbc_marker_hybrid/b1024/ds03/baseline/bs01,completed,/zhome/14/b/214266/Repos/ml-surrogates-for-power-systems/outputs/experiments/thesis_sm_avr_gov_benchmark_v1/default/qbc_marker_hybrid/b1024/ds03/baseline/bs01/metrics.json,921,8192,0.006114612799137831,0.07819598966147709,/zhome/14/b/214266/Repos/ml-surrogates-for-power-systems/results/benchmark/experiments/thesis_sm_avr_gov_benchmark_v1/default/qbc_marker_hybrid/b1024/ds03/dataset_manifest.json
qbc_marker_hybrid_b1024_ds03,/zhome/14/b/214266/Repos/ml-surrogates-for-power-systems/outputs/experiments/thesis_sm_avr_gov_benchmark_v1/default/qbc_marker_hybrid/b1024/ds03,qbc_marker_hybrid,b1024,ds03,303,bs02,2202,default,SM_AVR_GOV,/zhome/14/b/214266/Repos/ml-surrogates-for-power-systems/outputs/experiments/thesis_sm_avr_gov_benchmark_v1/default/qbc_marker_hybrid/b1024/ds03/data/SM_AVR_GOV/dataset_v1,pruned_after_run,/zhome/14/b/214266/Repos/ml-surrogates-for-power-systems/outputs/experiments/thesis_sm_avr_gov_benchmark_v1/default/qbc_marker_hybrid/b1024/ds03/baseline/bs02,completed,/zhome/14/b/214266/Repos/ml-surrogates-for-power-systems/outputs/experiments/thesis_sm_avr_gov_benchmark_v1/default/qbc_marker_hybrid/b1024/ds03/baseline/bs02/metrics.json,921,8192,0.003886084072291851,0.06233846382685293,/zhome/14/b/214266/Repos/ml-surrogates-for-power-systems/results/benchmark/experiments/thesis_sm_avr_gov_benchmark_v1/default/qbc_marker_hybrid/b1024/ds03/dataset_manifest.json
qbc_marker_hybrid_b1024_ds03,/zhome/14/b/214266/Repos/ml-surrogates-for-power-systems/outputs/experiments/thesis_sm_avr_gov_benchmark_v1/default/qbc_marker_hybrid/b1024/ds03,qbc_marker_hybrid,b1024,ds03,303,bs03,3303,default,SM_AVR_GOV,/zhome/14/b/214266/Repos/ml-surrogates-for-power-systems/outputs/experiments/thesis_sm_avr_gov_benchmark_v1/default/qbc_marker_hybrid/b1024/ds03/data/SM_AVR_GOV/dataset_v1,pruned_after_run,/zhome/14/b/214266/Repos/ml-surrogates-for-power-systems/outputs/experiments/thesis_sm_avr_gov_benchmark_v1/default/qbc_marker_hybrid/b1024/ds03/baseline/bs03,completed,/zhome/14/b/214266/Repos/ml-surrogates-for-power-systems/outputs/experiments/thesis_sm_avr_gov_benchmark_v1/default/qbc_marker_hybrid/b1024/ds03/baseline/bs03/metrics.json,921,8192,0.005193337798118591,0.07206481664528532,/zhome/14/b/214266/Repos/ml-surrogates-for-power-systems/results/benchmark/experiments/thesis_sm_avr_gov_benchmark_v1/default/qbc_marker_hybrid/b1024/ds03/dataset_manifest.json
qbc_marker_hybrid_b1024_ds04,/zhome/14/b/214266/Repos/ml-surrogates-for-power-systems/outputs/experiments/thesis_sm_avr_gov_benchmark_v1/default/qbc_marker_hybrid/b1024/ds04,qbc_marker_hybrid,b1024,ds04,404,bs01,1101,default,SM_AVR_GOV,/zhome/14/b/214266/Repos/ml-surrogates-for-power-systems/outputs/experiments/thesis_sm_avr_gov_benchmark_v1/default/qbc_marker_hybrid/b1024/ds04/data/SM_AVR_GOV/dataset_v1,pruned_after_run,/zhome/14/b/214266/Repos/ml-surrogates-for-power-systems/outputs/experiments/thesis_sm_avr_gov_benchmark_v1/default/qbc_marker_hybrid/b1024/ds04/baseline/bs01,completed,/zhome/14/b/214266/Repos/ml-surrogates-for-power-systems/outputs/experiments/thesis_sm_avr_gov_benchmark_v1/default/qbc_marker_hybrid/b1024/ds04/baseline/bs01/metrics.json,921,8192,0.0038845546077936888,0.06232619519747446,/zhome/14/b/214266/Repos/ml-surrogates-for-power-systems/results/benchmark/experiments/thesis_sm_avr_gov_benchmark_v1/default/qbc_marker_hybrid/b1024/ds04/dataset_manifest.json
qbc_marker_hybrid_b1024_ds04,/zhome/14/b/214266/Repos/ml-surrogates-for-power-systems/outputs/experiments/thesis_sm_avr_gov_benchmark_v1/default/qbc_marker_hybrid/b1024/ds04,qbc_marker_hybrid,b1024,ds04,404,bs02,2202,default,SM_AVR_GOV,/zhome/14/b/214266/Repos/ml-surrogates-for-power-systems/outputs/experiments/thesis_sm_avr_gov_benchmark_v1/default/qbc_marker_hybrid/b1024/ds04/data/SM_AVR_GOV/dataset_v1,pruned_after_run,/zhome/14/b/214266/Repos/ml-surrogates-for-power-systems/outputs/experiments/thesis_sm_avr_gov_benchmark_v1/default/qbc_marker_hybrid/b1024/ds04/baseline/bs02,completed,/zhome/14/b/214266/Repos/ml-surrogates-for-power-systems/outputs/experiments/thesis_sm_avr_gov_benchmark_v1/default/qbc_marker_hybrid/b1024/ds04/baseline/bs02/metrics.json,921,8192,0.004242296796292067,0.06513291638098256,/zhome/14/b/214266/Repos/ml-surrogates-for-power-systems/results/benchmark/experiments/thesis_sm_avr_gov_benchmark_v1/default/qbc_marker_hybrid/b1024/ds04/dataset_manifest.json
qbc_marker_hybrid_b1024_ds04,/zhome/14/b/214266/Repos/ml-surrogates-for-power-systems/outputs/experiments/thesis_sm_avr_gov_benchmark_v1/default/qbc_marker_hybrid/b1024/ds04,qbc_marker_hybrid,b1024,ds04,404,bs03,3303,default,SM_AVR_GOV,/zhome/14/b/214266/Repos/ml-surrogates-for-power-systems/outputs/experiments/thesis_sm_avr_gov_benchmark_v1/default/qbc_marker_hybrid/b1024/ds04/data/SM_AVR_GOV/dataset_v1,pruned_after_run,/zhome/14/b/214266/Repos/ml-surrogates-for-power-systems/outputs/experiments/thesis_sm_avr_gov_benchmark_v1/default/qbc_marker_hybrid/b1024/ds04/baseline/bs03,completed,/zhome/14/b/214266/Repos/ml-surrogates-for-power-systems/outputs/experiments/thesis_sm_avr_gov_benchmark_v1/default/qbc_marker_hybrid/b1024/ds04/baseline/bs03/metrics.json,921,8192,0.009736577048897743,0.09867409512581174,/zhome/14/b/214266/Repos/ml-surrogates-for-power-systems/results/benchmark/experiments/thesis_sm_avr_gov_benchmark_v1/default/qbc_marker_hybrid/b1024/ds04/dataset_manifest.json
qbc_marker_hybrid_b1024_ds05,/zhome/14/b/214266/Repos/ml-surrogates-for-power-systems/outputs/experiments/thesis_sm_avr_gov_benchmark_v1/default/qbc_marker_hybrid/b1024/ds05,qbc_marker_hybrid,b1024,ds05,505,bs01,1101,default,SM_AVR_GOV,/zhome/14/b/214266/Repos/ml-surrogates-for-power-systems/outputs/experiments/thesis_sm_avr_gov_benchmark_v1/default/qbc_marker_hybrid/b1024/ds05/data/SM_AVR_GOV/dataset_v1,pruned_after_run,/zhome/14/b/214266/Repos/ml-surrogates-for-power-systems/outputs/experiments/thesis_sm_avr_gov_benchmark_v1/default/qbc_marker_hybrid/b1024/ds05/baseline/bs01,completed,/zhome/14/b/214266/Repos/ml-surrogates-for-power-systems/outputs/experiments/thesis_sm_avr_gov_benchmark_v1/default/qbc_marker_hybrid/b1024/ds05/baseline/bs01/metrics.json,921,8192,0.010494675487279892,0.1024435234032874,/zhome/14/b/214266/Repos/ml-surrogates-for-power-systems/results/benchmark/experiments/thesis_sm_avr_gov_benchmark_v1/default/qbc_marker_hybrid/b1024/ds05/dataset_manifest.json
qbc_marker_hybrid_b1024_ds05,/zhome/14/b/214266/Repos/ml-surrogates-for-power-systems/outputs/experiments/thesis_sm_avr_gov_benchmark_v1/default/qbc_marker_hybrid/b1024/ds05,qbc_marker_hybrid,b1024,ds05,505,bs02,2202,default,SM_AVR_GOV,/zhome/14/b/214266/Repos/ml-surrogates-for-power-systems/outputs/experiments/thesis_sm_avr_gov_benchmark_v1/default/qbc_marker_hybrid/b1024/ds05/data/SM_AVR_GOV/dataset_v1,pruned_after_run,/zhome/14/b/214266/Repos/ml-surrogates-for-power-systems/outputs/experiments/thesis_sm_avr_gov_benchmark_v1/default/qbc_marker_hybrid/b1024/ds05/baseline/bs02,completed,/zhome/14/b/214266/Repos/ml-surrogates-for-power-systems/outputs/experiments/thesis_sm_avr_gov_benchmark_v1/default/qbc_marker_hybrid/b1024/ds05/baseline/bs02/metrics.json,921,8192,0.006358970422297716,0.07974315282391158,/zhome/14/b/214266/Repos/ml-surrogates-for-power-systems/results/benchmark/experiments/thesis_sm_avr_gov_benchmark_v1/default/qbc_marker_hybrid/b1024/ds05/dataset_manifest.json
qbc_marker_hybrid_b1024_ds05,/zhome/14/b/214266/Repos/ml-surrogates-for-power-systems/outputs/experiments/thesis_sm_avr_gov_benchmark_v1/default/qbc_marker_hybrid/b1024/ds05,qbc_marker_hybrid,b1024,ds05,505,bs03,3303,default,SM_AVR_GOV,/zhome/14/b/214266/Repos/ml-surrogates-for-power-systems/outputs/experiments/thesis_sm_avr_gov_benchmark_v1/default/qbc_marker_hybrid/b1024/ds05/data/SM_AVR_GOV/dataset_v1,pruned_after_run,/zhome/14/b/214266/Repos/ml-surrogates-for-power-systems/outputs/experiments/thesis_sm_avr_gov_benchmark_v1/default/qbc_marker_hybrid/b1024/ds05/baseline/bs03,completed,/zhome/14/b/214266/Repos/ml-surrogates-for-power-systems/outputs/experiments/thesis_sm_avr_gov_benchmark_v1/default/qbc_marker_hybrid/b1024/ds05/baseline/bs03/metrics.json,921,8192,0.006440317258238792,0.08025158726304915,/zhome/14/b/214266/Repos/ml-surrogates-for-power-systems/results/benchmark/experiments/thesis_sm_avr_gov_benchmark_v1/default/qbc_marker_hybrid/b1024/ds05/dataset_manifest.json
qbc_marker_hybrid_b4096_ds01,/zhome/14/b/214266/Repos/ml-surrogates-for-power-systems/outputs/experiments/thesis_sm_avr_gov_benchmark_v1/default/qbc_marker_hybrid/b4096/ds01,qbc_marker_hybrid,b4096,ds01,101,bs01,1101,default,SM_AVR_GOV,/zhome/14/b/214266/Repos/ml-surrogates-for-power-systems/outputs/experiments/thesis_sm_avr_gov_benchmark_v1/default/qbc_marker_hybrid/b4096/ds01/data/SM_AVR_GOV/dataset_v1,pruned_after_run,/zhome/14/b/214266/Repos/ml-surrogates-for-power-systems/outputs/experiments/thesis_sm_avr_gov_benchmark_v1/default/qbc_marker_hybrid/b4096/ds01/baseline/bs01,completed,/zhome/14/b/214266/Repos/ml-surrogates-for-power-systems/outputs/experiments/thesis_sm_avr_gov_benchmark_v1/default/qbc_marker_hybrid/b4096/ds01/baseline/bs01/metrics.json,3686,8192,0.0021412011701613665,0.04627311498225904,/zhome/14/b/214266/Repos/ml-surrogates-for-power-systems/results/benchmark/experiments/thesis_sm_avr_gov_benchmark_v1/default/qbc_marker_hybrid/b4096/ds01/dataset_manifest.json
qbc_marker_hybrid_b4096_ds01,/zhome/14/b/214266/Repos/ml-surrogates-for-power-systems/outputs/experiments/thesis_sm_avr_gov_benchmark_v1/default/qbc_marker_hybrid/b4096/ds01,qbc_marker_hybrid,b4096,ds01,101,bs02,2202,default,SM_AVR_GOV,/zhome/14/b/214266/Repos/ml-surrogates-for-power-systems/outputs/experiments/thesis_sm_avr_gov_benchmark_v1/default/qbc_marker_hybrid/b4096/ds01/data/SM_AVR_GOV/dataset_v1,pruned_after_run,/zhome/14/b/214266/Repos/ml-surrogates-for-power-systems/outputs/experiments/thesis_sm_avr_gov_benchmark_v1/default/qbc_marker_hybrid/b4096/ds01/baseline/bs02,completed,/zhome/14/b/214266/Repos/ml-surrogates-for-power-systems/outputs/experiments/thesis_sm_avr_gov_benchmark_v1/default/qbc_marker_hybrid/b4096/ds01/baseline/bs02/metrics.json,3686,8192,0.0009172111167572439,0.030285493503610667,/zhome/14/b/214266/Repos/ml-surrogates-for-power-systems/results/benchmark/experiments/thesis_sm_avr_gov_benchmark_v1/default/qbc_marker_hybrid/b4096/ds01/dataset_manifest.json
qbc_marker_hybrid_b4096_ds01,/zhome/14/b/214266/Repos/ml-surrogates-for-power-systems/outputs/experiments/thesis_sm_avr_gov_benchmark_v1/default/qbc_marker_hybrid/b4096/ds01,qbc_marker_hybrid,b4096,ds01,101,bs03,3303,default,SM_AVR_GOV,/zhome/14/b/214266/Repos/ml-surrogates-for-power-systems/outputs/experiments/thesis_sm_avr_gov_benchmark_v1/default/qbc_marker_hybrid/b4096/ds01/data/SM_AVR_GOV/dataset_v1,pruned_after_run,/zhome/14/b/214266/Repos/ml-surrogates-for-power-systems/outputs/experiments/thesis_sm_avr_gov_benchmark_v1/default/qbc_marker_hybrid/b4096/ds01/baseline/bs03,completed,/zhome/14/b/214266/Repos/ml-surrogates-for-power-systems/outputs/experiments/thesis_sm_avr_gov_benchmark_v1/default/qbc_marker_hybrid/b4096/ds01/baseline/bs03/metrics.json,3686,8192,0.0009499218431301415,0.030820802116916773,/zhome/14/b/214266/Repos/ml-surrogates-for-power-systems/results/benchmark/experiments/thesis_sm_avr_gov_benchmark_v1/default/qbc_marker_hybrid/b4096/ds01/dataset_manifest.json
qbc_marker_hybrid_b4096_ds02,/zhome/14/b/214266/Repos/ml-surrogates-for-power-systems/outputs/experiments/thesis_sm_avr_gov_benchmark_v1/default/qbc_marker_hybrid/b4096/ds02,qbc_marker_hybrid,b4096,ds02,202,bs01,1101,default,SM_AVR_GOV,/zhome/14/b/214266/Repos/ml-surrogates-for-power-systems/outputs/experiments/thesis_sm_avr_gov_benchmark_v1/default/qbc_marker_hybrid/b4096/ds02/data/SM_AVR_GOV/dataset_v1,pruned_after_run,/zhome/14/b/214266/Repos/ml-surrogates-for-power-systems/outputs/experiments/thesis_sm_avr_gov_benchmark_v1/default/qbc_marker_hybrid/b4096/ds02/baseline/bs01,completed,/zhome/14/b/214266/Repos/ml-surrogates-for-power-systems/outputs/experiments/thesis_sm_avr_gov_benchmark_v1/default/qbc_marker_hybrid/b4096/ds02/baseline/bs01/metrics.json,3686,8192,0.0005952526116743684,0.02439779932031511,/zhome/14/b/214266/Repos/ml-surrogates-for-power-systems/results/benchmark/experiments/thesis_sm_avr_gov_benchmark_v1/default/qbc_marker_hybrid/b4096/ds02/dataset_manifest.json
qbc_marker_hybrid_b4096_ds02,/zhome/14/b/214266/Repos/ml-surrogates-for-power-systems/outputs/experiments/thesis_sm_avr_gov_benchmark_v1/default/qbc_marker_hybrid/b4096/ds02,qbc_marker_hybrid,b4096,ds02,202,bs02,2202,default,SM_AVR_GOV,/zhome/14/b/214266/Repos/ml-surrogates-for-power-systems/outputs/experiments/thesis_sm_avr_gov_benchmark_v1/default/qbc_marker_hybrid/b4096/ds02/data/SM_AVR_GOV/dataset_v1,pruned_after_run,/zhome/14/b/214266/Repos/ml-surrogates-for-power-systems/outputs/experiments/thesis_sm_avr_gov_benchmark_v1/default/qbc_marker_hybrid/b4096/ds02/baseline/bs02,completed,/zhome/14/b/214266/Repos/ml-surrogates-for-power-systems/outputs/experiments/thesis_sm_avr_gov_benchmark_v1/default/qbc_marker_hybrid/b4096/ds02/baseline/bs02/metrics.json,3686,8192,0.0010860040783882141,0.03295457598556252,/zhome/14/b/214266/Repos/ml-surrogates-for-power-systems/results/benchmark/experiments/thesis_sm_avr_gov_benchmark_v1/default/qbc_marker_hybrid/b4096/ds02/dataset_manifest.json
qbc_marker_hybrid_b4096_ds02,/zhome/14/b/214266/Repos/ml-surrogates-for-power-systems/outputs/experiments/thesis_sm_avr_gov_benchmark_v1/default/qbc_marker_hybrid/b4096/ds02,qbc_marker_hybrid,b4096,ds02,202,bs03,3303,default,SM_AVR_GOV,/zhome/14/b/214266/Repos/ml-surrogates-for-power-systems/outputs/experiments/thesis_sm_avr_gov_benchmark_v1/default/qbc_marker_hybrid/b4096/ds02/data/SM_AVR_GOV/dataset_v1,pruned_after_run,/zhome/14/b/214266/Repos/ml-surrogates-for-power-systems/outputs/experiments/thesis_sm_avr_gov_benchmark_v1/default/qbc_marker_hybrid/b4096/ds02/baseline/bs03,completed,/zhome/14/b/214266/Repos/ml-surrogates-for-power-systems/outputs/experiments/thesis_sm_avr_gov_benchmark_v1/default/qbc_marker_hybrid/b4096/ds02/baseline/bs03/metrics.json,3686,8192,0.00058608443941921,0.024209180891124962,/zhome/14/b/214266/Repos/ml-surrogates-for-power-systems/results/benchmark/experiments/thesis_sm_avr_gov_benchmark_v1/default/qbc_marker_hybrid/b4096/ds02/dataset_manifest.json
qbc_marker_hybrid_b4096_ds03,/zhome/14/b/214266/Repos/ml-surrogates-for-power-systems/outputs/experiments/thesis_sm_avr_gov_benchmark_v1/default/qbc_marker_hybrid/b4096/ds03,qbc_marker_hybrid,b4096,ds03,303,bs01,1101,default,SM_AVR_GOV,/zhome/14/b/214266/Repos/ml-surrogates-for-power-systems/outputs/experiments/thesis_sm_avr_gov_benchmark_v1/default/qbc_marker_hybrid/b4096/ds03/data/SM_AVR_GOV/dataset_v1,pruned_after_run,/zhome/14/b/214266/Repos/ml-surrogates-for-power-systems/outputs/experiments/thesis_sm_avr_gov_benchmark_v1/default/qbc_marker_hybrid/b4096/ds03/baseline/bs01,completed,/zhome/14/b/214266/Repos/ml-surrogates-for-power-systems/outputs/experiments/thesis_sm_avr_gov_benchmark_v1/default/qbc_marker_hybrid/b4096/ds03/baseline/bs01/metrics.json,3686,8192,0.000539299740921706,0.023222828013007072,/zhome/14/b/214266/Repos/ml-surrogates-for-power-systems/results/benchmark/experiments/thesis_sm_avr_gov_benchmark_v1/default/qbc_marker_hybrid/b4096/ds03/dataset_manifest.json
qbc_marker_hybrid_b4096_ds03,/zhome/14/b/214266/Repos/ml-surrogates-for-power-systems/outputs/experiments/thesis_sm_avr_gov_benchmark_v1/default/qbc_marker_hybrid/b4096/ds03,qbc_marker_hybrid,b4096,ds03,303,bs02,2202,default,SM_AVR_GOV,/zhome/14/b/214266/Repos/ml-surrogates-for-power-systems/outputs/experiments/thesis_sm_avr_gov_benchmark_v1/default/qbc_marker_hybrid/b4096/ds03/data/SM_AVR_GOV/dataset_v1,pruned_after_run,/zhome/14/b/214266/Repos/ml-surrogates-for-power-systems/outputs/experiments/thesis_sm_avr_gov_benchmark_v1/default/qbc_marker_hybrid/b4096/ds03/baseline/bs02,completed,/zhome/14/b/214266/Repos/ml-surrogates-for-power-systems/outputs/experiments/thesis_sm_avr_gov_benchmark_v1/default/qbc_marker_hybrid/b4096/ds03/baseline/bs02/metrics.json,3686,8192,0.0006083553889766335,0.02466486142220616,/zhome/14/b/214266/Repos/ml-surrogates-for-power-systems/results/benchmark/experiments/thesis_sm_avr_gov_benchmark_v1/default/qbc_marker_hybrid/b4096/ds03/dataset_manifest.json
qbc_marker_hybrid_b4096_ds03,/zhome/14/b/214266/Repos/ml-surrogates-for-power-systems/outputs/experiments/thesis_sm_avr_gov_benchmark_v1/default/qbc_marker_hybrid/b4096/ds03,qbc_marker_hybrid,b4096,ds03,303,bs03,3303,default,SM_AVR_GOV,/zhome/14/b/214266/Repos/ml-surrogates-for-power-systems/outputs/experiments/thesis_sm_avr_gov_benchmark_v1/default/qbc_marker_hybrid/b4096/ds03/data/SM_AVR_GOV/dataset_v1,pruned_after_run,/zhome/14/b/214266/Repos/ml-surrogates-for-power-systems/outputs/experiments/thesis_sm_avr_gov_benchmark_v1/default/qbc_marker_hybrid/b4096/ds03/baseline/bs03,completed,/zhome/14/b/214266/Repos/ml-surrogates-for-power-systems/outputs/experiments/thesis_sm_avr_gov_benchmark_v1/default/qbc_marker_hybrid/b4096/ds03/baseline/bs03/metrics.json,3686,8192,0.001735895755700767,0.04166408232159646,/zhome/14/b/214266/Repos/ml-surrogates-for-power-systems/results/benchmark/experiments/thesis_sm_avr_gov_benchmark_v1/default/qbc_marker_hybrid/b4096/ds03/dataset_manifest.json
qbc_marker_hybrid_b4096_ds04,/zhome/14/b/214266/Repos/ml-surrogates-for-power-systems/outputs/experiments/thesis_sm_avr_gov_benchmark_v1/default/qbc_marker_hybrid/b4096/ds04,qbc_marker_hybrid,b4096,ds04,404,bs01,1101,default,SM_AVR_GOV,/zhome/14/b/214266/Repos/ml-surrogates-for-power-systems/outputs/experiments/thesis_sm_avr_gov_benchmark_v1/default/qbc_marker_hybrid/b4096/ds04/data/SM_AVR_GOV/dataset_v1,pruned_after_run,/zhome/14/b/214266/Repos/ml-surrogates-for-power-systems/outputs/experiments/thesis_sm_avr_gov_benchmark_v1/default/qbc_marker_hybrid/b4096/ds04/baseline/bs01,completed,/zhome/14/b/214266/Repos/ml-surrogates-for-power-systems/outputs/experiments/thesis_sm_avr_gov_benchmark_v1/default/qbc_marker_hybrid/b4096/ds04/baseline/bs01/metrics.json,3686,8192,0.0010732103837653995,0.03275988986192413,/zhome/14/b/214266/Repos/ml-surrogates-for-power-systems/results/benchmark/experiments/thesis_sm_avr_gov_benchmark_v1/default/qbc_marker_hybrid/b4096/ds04/dataset_manifest.json
qbc_marker_hybrid_b4096_ds04,/zhome/14/b/214266/Repos/ml-surrogates-for-power-systems/outputs/experiments/thesis_sm_avr_gov_benchmark_v1/default/qbc_marker_hybrid/b4096/ds04,qbc_marker_hybrid,b4096,ds04,404,bs02,2202,default,SM_AVR_GOV,/zhome/14/b/214266/Repos/ml-surrogates-for-power-systems/outputs/experiments/thesis_sm_avr_gov_benchmark_v1/default/qbc_marker_hybrid/b4096/ds04/data/SM_AVR_GOV/dataset_v1,pruned_after_run,/zhome/14/b/214266/Repos/ml-surrogates-for-power-systems/outputs/experiments/thesis_sm_avr_gov_benchmark_v1/default/qbc_marker_hybrid/b4096/ds04/baseline/bs02,completed,/zhome/14/b/214266/Repos/ml-surrogates-for-power-systems/outputs/experiments/thesis_sm_avr_gov_benchmark_v1/default/qbc_marker_hybrid/b4096/ds04/baseline/bs02/metrics.json,3686,8192,0.0010256025707349181,0.03202503037836058,/zhome/14/b/214266/Repos/ml-surrogates-for-power-systems/results/benchmark/experiments/thesis_sm_avr_gov_benchmark_v1/default/qbc_marker_hybrid/b4096/ds04/dataset_manifest.json
qbc_marker_hybrid_b4096_ds04,/zhome/14/b/214266/Repos/ml-surrogates-for-power-systems/outputs/experiments/thesis_sm_avr_gov_benchmark_v1/default/qbc_marker_hybrid/b4096/ds04,qbc_marker_hybrid,b4096,ds04,404,bs03,3303,default,SM_AVR_GOV,/zhome/14/b/214266/Repos/ml-surrogates-for-power-systems/outputs/experiments/thesis_sm_avr_gov_benchmark_v1/default/qbc_marker_hybrid/b4096/ds04/data/SM_AVR_GOV/dataset_v1,pruned_after_run,/zhome/14/b/214266/Repos/ml-surrogates-for-power-systems/outputs/experiments/thesis_sm_avr_gov_benchmark_v1/default/qbc_marker_hybrid/b4096/ds04/baseline/bs03,completed,/zhome/14/b/214266/Repos/ml-surrogates-for-power-systems/outputs/experiments/thesis_sm_avr_gov_benchmark_v1/default/qbc_marker_hybrid/b4096/ds04/baseline/bs03/metrics.json,3686,8192,0.0008542410796508193,0.02922740288925479,/zhome/14/b/214266/Repos/ml-surrogates-for-power-systems/results/benchmark/experiments/thesis_sm_avr_gov_benchmark_v1/default/qbc_marker_hybrid/b4096/ds04/dataset_manifest.json
qbc_marker_hybrid_b4096_ds05,/zhome/14/b/214266/Repos/ml-surrogates-for-power-systems/outputs/experiments/thesis_sm_avr_gov_benchmark_v1/default/qbc_marker_hybrid/b4096/ds05,qbc_marker_hybrid,b4096,ds05,505,bs01,1101,default,SM_AVR_GOV,/zhome/14/b/214266/Repos/ml-surrogates-for-power-systems/outputs/experiments/thesis_sm_avr_gov_benchmark_v1/default/qbc_marker_hybrid/b4096/ds05/data/SM_AVR_GOV/dataset_v1,pruned_after_run,/zhome/14/b/214266/Repos/ml-surrogates-for-power-systems/outputs/experiments/thesis_sm_avr_gov_benchmark_v1/default/qbc_marker_hybrid/b4096/ds05/baseline/bs01,completed,/zhome/14/b/214266/Repos/ml-surrogates-for-power-systems/outputs/experiments/thesis_sm_avr_gov_benchmark_v1/default/qbc_marker_hybrid/b4096/ds05/baseline/bs01/metrics.json,3686,8192,0.0012252654414623976,0.035003791815493325,/zhome/14/b/214266/Repos/ml-surrogates-for-power-systems/results/benchmark/experiments/thesis_sm_avr_gov_benchmark_v1/default/qbc_marker_hybrid/b4096/ds05/dataset_manifest.json
qbc_marker_hybrid_b4096_ds05,/zhome/14/b/214266/Repos/ml-surrogates-for-power-systems/outputs/experiments/thesis_sm_avr_gov_benchmark_v1/default/qbc_marker_hybrid/b4096/ds05,qbc_marker_hybrid,b4096,ds05,505,bs02,2202,default,SM_AVR_GOV,/zhome/14/b/214266/Repos/ml-surrogates-for-power-systems/outputs/experiments/thesis_sm_avr_gov_benchmark_v1/default/qbc_marker_hybrid/b4096/ds05/data/SM_AVR_GOV/dataset_v1,pruned_after_run,/zhome/14/b/214266/Repos/ml-surrogates-for-power-systems/outputs/experiments/thesis_sm_avr_gov_benchmark_v1/default/qbc_marker_hybrid/b4096/ds05/baseline/bs02,completed,/zhome/14/b/214266/Repos/ml-surrogates-for-power-systems/outputs/experiments/thesis_sm_avr_gov_benchmark_v1/default/qbc_marker_hybrid/b4096/ds05/baseline/bs02/metrics.json,3686,8192,0.001527726766653359,0.039086145456585494,/zhome/14/b/214266/Repos/ml-surrogates-for-power-systems/results/benchmark/experiments/thesis_sm_avr_gov_benchmark_v1/default/qbc_marker_hybrid/b4096/ds05/dataset_manifest.json
qbc_marker_hybrid_b4096_ds05,/zhome/14/b/214266/Repos/ml-surrogates-for-power-systems/outputs/experiments/thesis_sm_avr_gov_benchmark_v1/default/qbc_marker_hybrid/b4096/ds05,qbc_marker_hybrid,b4096,ds05,505,bs03,3303,default,SM_AVR_GOV,/zhome/14/b/214266/Repos/ml-surrogates-for-power-systems/outputs/experiments/thesis_sm_avr_gov_benchmark_v1/default/qbc_marker_hybrid/b4096/ds05/data/SM_AVR_GOV/dataset_v1,pruned_after_run,/zhome/14/b/214266/Repos/ml-surrogates-for-power-systems/outputs/experiments/thesis_sm_avr_gov_benchmark_v1/default/qbc_marker_hybrid/b4096/ds05/baseline/bs03,completed,/zhome/14/b/214266/Repos/ml-surrogates-for-power-systems/outputs/experiments/thesis_sm_avr_gov_benchmark_v1/default/qbc_marker_hybrid/b4096/ds05/baseline/bs03/metrics.json,3686,8192,0.0006126879015937448,0.024752533235888094,/zhome/14/b/214266/Repos/ml-surrogates-for-power-systems/results/benchmark/experiments/thesis_sm_avr_gov_benchmark_v1/default/qbc_marker_hybrid/b4096/ds05/dataset_manifest.json
qbc_marker_hybrid_b8192_ds01,/zhome/14/b/214266/Repos/ml-surrogates-for-power-systems/outputs/experiments/thesis_sm_avr_gov_benchmark_v1/default/qbc_marker_hybrid/b8192/ds01,qbc_marker_hybrid,b8192,ds01,101,bs01,1101,default,SM_AVR_GOV,/zhome/14/b/214266/Repos/ml-surrogates-for-power-systems/outputs/experiments/thesis_sm_avr_gov_benchmark_v1/default/qbc_marker_hybrid/b8192/ds01/data/SM_AVR_GOV/dataset_v1,pruned_after_run,/zhome/14/b/214266/Repos/ml-surrogates-for-power-systems/outputs/experiments/thesis_sm_avr_gov_benchmark_v1/default/qbc_marker_hybrid/b8192/ds01/baseline/bs01,completed,/zhome/14/b/214266/Repos/ml-surrogates-for-power-systems/outputs/experiments/thesis_sm_avr_gov_benchmark_v1/default/qbc_marker_hybrid/b8192/ds01/baseline/bs01/metrics.json,7372,8192,0.001878339913673699,0.04333981903139074,/zhome/14/b/214266/Repos/ml-surrogates-for-power-systems/results/benchmark/experiments/thesis_sm_avr_gov_benchmark_v1/default/qbc_marker_hybrid/b8192/ds01/dataset_manifest.json
qbc_marker_hybrid_b8192_ds01,/zhome/14/b/214266/Repos/ml-surrogates-for-power-systems/outputs/experiments/thesis_sm_avr_gov_benchmark_v1/default/qbc_marker_hybrid/b8192/ds01,qbc_marker_hybrid,b8192,ds01,101,bs02,2202,default,SM_AVR_GOV,/zhome/14/b/214266/Repos/ml-surrogates-for-power-systems/outputs/experiments/thesis_sm_avr_gov_benchmark_v1/default/qbc_marker_hybrid/b8192/ds01/data/SM_AVR_GOV/dataset_v1,pruned_after_run,/zhome/14/b/214266/Repos/ml-surrogates-for-power-systems/outputs/experiments/thesis_sm_avr_gov_benchmark_v1/default/qbc_marker_hybrid/b8192/ds01/baseline/bs02,completed,/zhome/14/b/214266/Repos/ml-surrogates-for-power-systems/outputs/experiments/thesis_sm_avr_gov_benchmark_v1/default/qbc_marker_hybrid/b8192/ds01/baseline/bs02/metrics.json,7372,8192,0.0008319385233335197,0.028843344524058227,/zhome/14/b/214266/Repos/ml-surrogates-for-power-systems/results/benchmark/experiments/thesis_sm_avr_gov_benchmark_v1/default/qbc_marker_hybrid/b8192/ds01/dataset_manifest.json
qbc_marker_hybrid_b8192_ds01,/zhome/14/b/214266/Repos/ml-surrogates-for-power-systems/outputs/experiments/thesis_sm_avr_gov_benchmark_v1/default/qbc_marker_hybrid/b8192/ds01,qbc_marker_hybrid,b8192,ds01,101,bs03,3303,default,SM_AVR_GOV,/zhome/14/b/214266/Repos/ml-surrogates-for-power-systems/outputs/experiments/thesis_sm_avr_gov_benchmark_v1/default/qbc_marker_hybrid/b8192/ds01/data/SM_AVR_GOV/dataset_v1,pruned_after_run,/zhome/14/b/214266/Repos/ml-surrogates-for-power-systems/outputs/experiments/thesis_sm_avr_gov_benchmark_v1/default/qbc_marker_hybrid/b8192/ds01/baseline/bs03,completed,/zhome/14/b/214266/Repos/ml-surrogates-for-power-systems/outputs/experiments/thesis_sm_avr_gov_benchmark_v1/default/qbc_marker_hybrid/b8192/ds01/baseline/bs03/metrics.json,7372,8192,0.0013538931962102652,0.036795287690277206,/zhome/14/b/214266/Repos/ml-surrogates-for-power-systems/results/benchmark/experiments/thesis_sm_avr_gov_benchmark_v1/default/qbc_marker_hybrid/b8192/ds01/dataset_manifest.json
qbc_marker_hybrid_b8192_ds02,/zhome/14/b/214266/Repos/ml-surrogates-for-power-systems/outputs/experiments/thesis_sm_avr_gov_benchmark_v1/default/qbc_marker_hybrid/b8192/ds02,qbc_marker_hybrid,b8192,ds02,202,bs01,1101,default,SM_AVR_GOV,/zhome/14/b/214266/Repos/ml-surrogates-for-power-systems/outputs/experiments/thesis_sm_avr_gov_benchmark_v1/default/qbc_marker_hybrid/b8192/ds02/data/SM_AVR_GOV/dataset_v1,pruned_after_run,/zhome/14/b/214266/Repos/ml-surrogates-for-power-systems/outputs/experiments/thesis_sm_avr_gov_benchmark_v1/default/qbc_marker_hybrid/b8192/ds02/baseline/bs01,completed,/zhome/14/b/214266/Repos/ml-surrogates-for-power-systems/outputs/experiments/thesis_sm_avr_gov_benchmark_v1/default/qbc_marker_hybrid/b8192/ds02/baseline/bs01/metrics.json,7372,8192,0.0009988209931179881,0.031604129368137765,/zhome/14/b/214266/Repos/ml-surrogates-for-power-systems/results/benchmark/experiments/thesis_sm_avr_gov_benchmark_v1/default/qbc_marker_hybrid/b8192/ds02/dataset_manifest.json
qbc_marker_hybrid_b8192_ds02,/zhome/14/b/214266/Repos/ml-surrogates-for-power-systems/outputs/experiments/thesis_sm_avr_gov_benchmark_v1/default/qbc_marker_hybrid/b8192/ds02,qbc_marker_hybrid,b8192,ds02,202,bs02,2202,default,SM_AVR_GOV,/zhome/14/b/214266/Repos/ml-surrogates-for-power-systems/outputs/experiments/thesis_sm_avr_gov_benchmark_v1/default/qbc_marker_hybrid/b8192/ds02/data/SM_AVR_GOV/dataset_v1,pruned_after_run,/zhome/14/b/214266/Repos/ml-surrogates-for-power-systems/outputs/experiments/thesis_sm_avr_gov_benchmark_v1/default/qbc_marker_hybrid/b8192/ds02/baseline/bs02,completed,/zhome/14/b/214266/Repos/ml-surrogates-for-power-systems/outputs/experiments/thesis_sm_avr_gov_benchmark_v1/default/qbc_marker_hybrid/b8192/ds02/baseline/bs02/metrics.json,7372,8192,0.0014151068171486259,0.037617905539099675,/zhome/14/b/214266/Repos/ml-surrogates-for-power-systems/results/benchmark/experiments/thesis_sm_avr_gov_benchmark_v1/default/qbc_marker_hybrid/b8192/ds02/dataset_manifest.json
qbc_marker_hybrid_b8192_ds02,/zhome/14/b/214266/Repos/ml-surrogates-for-power-systems/outputs/experiments/thesis_sm_avr_gov_benchmark_v1/default/qbc_marker_hybrid/b8192/ds02,qbc_marker_hybrid,b8192,ds02,202,bs03,3303,default,SM_AVR_GOV,/zhome/14/b/214266/Repos/ml-surrogates-for-power-systems/outputs/experiments/thesis_sm_avr_gov_benchmark_v1/default/qbc_marker_hybrid/b8192/ds02/data/SM_AVR_GOV/dataset_v1,pruned_after_run,/zhome/14/b/214266/Repos/ml-surrogates-for-power-systems/outputs/experiments/thesis_sm_avr_gov_benchmark_v1/default/qbc_marker_hybrid/b8192/ds02/baseline/bs03,completed,/zhome/14/b/214266/Repos/ml-surrogates-for-power-systems/outputs/experiments/thesis_sm_avr_gov_benchmark_v1/default/qbc_marker_hybrid/b8192/ds02/baseline/bs03/metrics.json,7372,8192,0.001804764848202467,0.042482524032859285,/zhome/14/b/214266/Repos/ml-surrogates-for-power-systems/results/benchmark/experiments/thesis_sm_avr_gov_benchmark_v1/default/qbc_marker_hybrid/b8192/ds02/dataset_manifest.json
qbc_marker_hybrid_b8192_ds03,/zhome/14/b/214266/Repos/ml-surrogates-for-power-systems/outputs/experiments/thesis_sm_avr_gov_benchmark_v1/default/qbc_marker_hybrid/b8192/ds03,qbc_marker_hybrid,b8192,ds03,303,bs01,1101,default,SM_AVR_GOV,/zhome/14/b/214266/Repos/ml-surrogates-for-power-systems/outputs/experiments/thesis_sm_avr_gov_benchmark_v1/default/qbc_marker_hybrid/b8192/ds03/data/SM_AVR_GOV/dataset_v1,pruned_after_run,/zhome/14/b/214266/Repos/ml-surrogates-for-power-systems/outputs/experiments/thesis_sm_avr_gov_benchmark_v1/default/qbc_marker_hybrid/b8192/ds03/baseline/bs01,completed,/zhome/14/b/214266/Repos/ml-surrogates-for-power-systems/outputs/experiments/thesis_sm_avr_gov_benchmark_v1/default/qbc_marker_hybrid/b8192/ds03/baseline/bs01/metrics.json,7372,8192,0.0008675121935084462,0.02945355994626874,/zhome/14/b/214266/Repos/ml-surrogates-for-power-systems/results/benchmark/experiments/thesis_sm_avr_gov_benchmark_v1/default/qbc_marker_hybrid/b8192/ds03/dataset_manifest.json
qbc_marker_hybrid_b8192_ds03,/zhome/14/b/214266/Repos/ml-surrogates-for-power-systems/outputs/experiments/thesis_sm_avr_gov_benchmark_v1/default/qbc_marker_hybrid/b8192/ds03,qbc_marker_hybrid,b8192,ds03,303,bs02,2202,default,SM_AVR_GOV,/zhome/14/b/214266/Repos/ml-surrogates-for-power-systems/outputs/experiments/thesis_sm_avr_gov_benchmark_v1/default/qbc_marker_hybrid/b8192/ds03/data/SM_AVR_GOV/dataset_v1,pruned_after_run,/zhome/14/b/214266/Repos/ml-surrogates-for-power-systems/outputs/experiments/thesis_sm_avr_gov_benchmark_v1/default/qbc_marker_hybrid/b8192/ds03/baseline/bs02,completed,/zhome/14/b/214266/Repos/ml-surrogates-for-power-systems/outputs/experiments/thesis_sm_avr_gov_benchmark_v1/default/qbc_marker_hybrid/b8192/ds03/baseline/bs02/metrics.json,7372,8192,0.0019132870947942138,0.04374113732854021,/zhome/14/b/214266/Repos/ml-surrogates-for-power-systems/results/benchmark/experiments/thesis_sm_avr_gov_benchmark_v1/default/qbc_marker_hybrid/b8192/ds03/dataset_manifest.json
qbc_marker_hybrid_b8192_ds03,/zhome/14/b/214266/Repos/ml-surrogates-for-power-systems/outputs/experiments/thesis_sm_avr_gov_benchmark_v1/default/qbc_marker_hybrid/b8192/ds03,qbc_marker_hybrid,b8192,ds03,303,bs03,3303,default,SM_AVR_GOV,/zhome/14/b/214266/Repos/ml-surrogates-for-power-systems/outputs/experiments/thesis_sm_avr_gov_benchmark_v1/default/qbc_marker_hybrid/b8192/ds03/data/SM_AVR_GOV/dataset_v1,pruned_after_run,/zhome/14/b/214266/Repos/ml-surrogates-for-power-systems/outputs/experiments/thesis_sm_avr_gov_benchmark_v1/default/qbc_marker_hybrid/b8192/ds03/baseline/bs03,completed,/zhome/14/b/214266/Repos/ml-surrogates-for-power-systems/outputs/experiments/thesis_sm_avr_gov_benchmark_v1/default/qbc_marker_hybrid/b8192/ds03/baseline/bs03/metrics.json,7372,8192,0.0012109325034543872,0.03479845547512687,/zhome/14/b/214266/Repos/ml-surrogates-for-power-systems/results/benchmark/experiments/thesis_sm_avr_gov_benchmark_v1/default/qbc_marker_hybrid/b8192/ds03/dataset_manifest.json
qbc_marker_hybrid_b8192_ds04,/zhome/14/b/214266/Repos/ml-surrogates-for-power-systems/outputs/experiments/thesis_sm_avr_gov_benchmark_v1/default/qbc_marker_hybrid/b8192/ds04,qbc_marker_hybrid,b8192,ds04,404,bs01,1101,default,SM_AVR_GOV,/zhome/14/b/214266/Repos/ml-surrogates-for-power-systems/outputs/experiments/thesis_sm_avr_gov_benchmark_v1/default/qbc_marker_hybrid/b8192/ds04/data/SM_AVR_GOV/dataset_v1,pruned_after_run,/zhome/14/b/214266/Repos/ml-surrogates-for-power-systems/outputs/experiments/thesis_sm_avr_gov_benchmark_v1/default/qbc_marker_hybrid/b8192/ds04/baseline/bs01,completed,/zhome/14/b/214266/Repos/ml-surrogates-for-power-systems/outputs/experiments/thesis_sm_avr_gov_benchmark_v1/default/qbc_marker_hybrid/b8192/ds04/baseline/bs01/metrics.json,7372,8192,0.0013732428196817636,0.03705729104618636,/zhome/14/b/214266/Repos/ml-surrogates-for-power-systems/results/benchmark/experiments/thesis_sm_avr_gov_benchmark_v1/default/qbc_marker_hybrid/b8192/ds04/dataset_manifest.json
qbc_marker_hybrid_b8192_ds04,/zhome/14/b/214266/Repos/ml-surrogates-for-power-systems/outputs/experiments/thesis_sm_avr_gov_benchmark_v1/default/qbc_marker_hybrid/b8192/ds04,qbc_marker_hybrid,b8192,ds04,404,bs02,2202,default,SM_AVR_GOV,/zhome/14/b/214266/Repos/ml-surrogates-for-power-systems/outputs/experiments/thesis_sm_avr_gov_benchmark_v1/default/qbc_marker_hybrid/b8192/ds04/data/SM_AVR_GOV/dataset_v1,pruned_after_run,/zhome/14/b/214266/Repos/ml-surrogates-for-power-systems/outputs/experiments/thesis_sm_avr_gov_benchmark_v1/default/qbc_marker_hybrid/b8192/ds04/baseline/bs02,completed,/zhome/14/b/214266/Repos/ml-surrogates-for-power-systems/outputs/experiments/thesis_sm_avr_gov_benchmark_v1/default/qbc_marker_hybrid/b8192/ds04/baseline/bs02/metrics.json,7372,8192,0.0009961151517927647,0.03156129198548064,/zhome/14/b/214266/Repos/ml-surrogates-for-power-systems/results/benchmark/experiments/thesis_sm_avr_gov_benchmark_v1/default/qbc_marker_hybrid/b8192/ds04/dataset_manifest.json
qbc_marker_hybrid_b8192_ds04,/zhome/14/b/214266/Repos/ml-surrogates-for-power-systems/outputs/experiments/thesis_sm_avr_gov_benchmark_v1/default/qbc_marker_hybrid/b8192/ds04,qbc_marker_hybrid,b8192,ds04,404,bs03,3303,default,SM_AVR_GOV,/zhome/14/b/214266/Repos/ml-surrogates-for-power-systems/outputs/experiments/thesis_sm_avr_gov_benchmark_v1/default/qbc_marker_hybrid/b8192/ds04/data/SM_AVR_GOV/dataset_v1,pruned_after_run,/zhome/14/b/214266/Repos/ml-surrogates-for-power-systems/outputs/experiments/thesis_sm_avr_gov_benchmark_v1/default/qbc_marker_hybrid/b8192/ds04/baseline/bs03,completed,/zhome/14/b/214266/Repos/ml-surrogates-for-power-systems/outputs/experiments/thesis_sm_avr_gov_benchmark_v1/default/qbc_marker_hybrid/b8192/ds04/baseline/bs03/metrics.json,7372,8192,0.0008038133382797241,0.02835160204079699,/zhome/14/b/214266/Repos/ml-surrogates-for-power-systems/results/benchmark/experiments/thesis_sm_avr_gov_benchmark_v1/default/qbc_marker_hybrid/b8192/ds04/dataset_manifest.json
qbc_marker_hybrid_b8192_ds05,/zhome/14/b/214266/Repos/ml-surrogates-for-power-systems/outputs/experiments/thesis_sm_avr_gov_benchmark_v1/default/qbc_marker_hybrid/b8192/ds05,qbc_marker_hybrid,b8192,ds05,505,bs01,1101,default,SM_AVR_GOV,/zhome/14/b/214266/Repos/ml-surrogates-for-power-systems/outputs/experiments/thesis_sm_avr_gov_benchmark_v1/default/qbc_marker_hybrid/b8192/ds05/data/SM_AVR_GOV/dataset_v1,pruned_after_run,/zhome/14/b/214266/Repos/ml-surrogates-for-power-systems/outputs/experiments/thesis_sm_avr_gov_benchmark_v1/default/qbc_marker_hybrid/b8192/ds05/baseline/bs01,completed,/zhome/14/b/214266/Repos/ml-surrogates-for-power-systems/outputs/experiments/thesis_sm_avr_gov_benchmark_v1/default/qbc_marker_hybrid/b8192/ds05/baseline/bs01/metrics.json,7372,8192,0.001192355528473854,0.03453050142227671,/zhome/14/b/214266/Repos/ml-surrogates-for-power-systems/results/benchmark/experiments/thesis_sm_avr_gov_benchmark_v1/default/qbc_marker_hybrid/b8192/ds05/dataset_manifest.json
qbc_marker_hybrid_b8192_ds05,/zhome/14/b/214266/Repos/ml-surrogates-for-power-systems/outputs/experiments/thesis_sm_avr_gov_benchmark_v1/default/qbc_marker_hybrid/b8192/ds05,qbc_marker_hybrid,b8192,ds05,505,bs02,2202,default,SM_AVR_GOV,/zhome/14/b/214266/Repos/ml-surrogates-for-power-systems/outputs/experiments/thesis_sm_avr_gov_benchmark_v1/default/qbc_marker_hybrid/b8192/ds05/data/SM_AVR_GOV/dataset_v1,pruned_after_run,/zhome/14/b/214266/Repos/ml-surrogates-for-power-systems/outputs/experiments/thesis_sm_avr_gov_benchmark_v1/default/qbc_marker_hybrid/b8192/ds05/baseline/bs02,completed,/zhome/14/b/214266/Repos/ml-surrogates-for-power-systems/outputs/experiments/thesis_sm_avr_gov_benchmark_v1/default/qbc_marker_hybrid/b8192/ds05/baseline/bs02/metrics.json,7372,8192,0.0008010715828277171,0.02830320799534422,/zhome/14/b/214266/Repos/ml-surrogates-for-power-systems/results/benchmark/experiments/thesis_sm_avr_gov_benchmark_v1/default/qbc_marker_hybrid/b8192/ds05/dataset_manifest.json
qbc_marker_hybrid_b8192_ds05,/zhome/14/b/214266/Repos/ml-surrogates-for-power-systems/outputs/experiments/thesis_sm_avr_gov_benchmark_v1/default/qbc_marker_hybrid/b8192/ds05,qbc_marker_hybrid,b8192,ds05,505,bs03,3303,default,SM_AVR_GOV,/zhome/14/b/214266/Repos/ml-surrogates-for-power-systems/outputs/experiments/thesis_sm_avr_gov_benchmark_v1/default/qbc_marker_hybrid/b8192/ds05/data/SM_AVR_GOV/dataset_v1,pruned_after_run,/zhome/14/b/214266/Repos/ml-surrogates-for-power-systems/outputs/experiments/thesis_sm_avr_gov_benchmark_v1/default/qbc_marker_hybrid/b8192/ds05/baseline/bs03,completed,/zhome/14/b/214266/Repos/ml-surrogates-for-power-systems/outputs/experiments/thesis_sm_avr_gov_benchmark_v1/default/qbc_marker_hybrid/b8192/ds05/baseline/bs03/metrics.json,7372,8192,0.0017129653133451939,0.04138798513270722,/zhome/14/b/214266/Repos/ml-surrogates-for-power-systems/results/benchmark/experiments/thesis_sm_avr_gov_benchmark_v1/default/qbc_marker_hybrid/b8192/ds05/dataset_manifest.json
