dataset_id,run_root,method,budget,dataset_seed_label,dataset_seed_value,preset,model_flag,dataset_root,dataset_root_status,qbc_history,round_telemetry_csv,baseline_summary_path,baseline_runs_count,n_train,n_test,mse_mean,mse_std,rmse_mean,rmse_std,manifest_path
lhs_static_b1024_ds01,/zhome/14/b/214266/Repos/ml-surrogates-for-power-systems/outputs/experiments/thesis_sm4_benchmark_sm4_v2/default/lhs_static/b1024/ds01,lhs_static,b1024,ds01,101,default,SM4,/zhome/14/b/214266/Repos/ml-surrogates-for-power-systems/outputs/experiments/thesis_sm4_benchmark_sm4_v2/default/lhs_static/b1024/ds01/data/SM4/dataset_v1,pruned_after_run,,,/zhome/14/b/214266/Repos/ml-surrogates-for-power-systems/outputs/experiments/thesis_sm4_benchmark_sm4_v2/default/lhs_static/b1024/ds01/baseline/summary.json,3,921,8192,0.0009478405894090732,8.716788493948728e-05,0.030765587486642192,0.0014067067982552863,/zhome/14/b/214266/Repos/ml-surrogates-for-power-systems/results/benchmark/experiments/thesis_sm4_benchmark_sm4_v2/default/lhs_static/b1024/ds01/dataset_manifest.json
lhs_static_b1024_ds02,/zhome/14/b/214266/Repos/ml-surrogates-for-power-systems/outputs/experiments/thesis_sm4_benchmark_sm4_v2/default/lhs_static/b1024/ds02,lhs_static,b1024,ds02,202,default,SM4,/zhome/14/b/214266/Repos/ml-surrogates-for-power-systems/outputs/experiments/thesis_sm4_benchmark_sm4_v2/default/lhs_static/b1024/ds02/data/SM4/dataset_v1,pruned_after_run,,,/zhome/14/b/214266/Repos/ml-surrogates-for-power-systems/outputs/experiments/thesis_sm4_benchmark_sm4_v2/default/lhs_static/b1024/ds02/baseline/summary.json,3,921,8192,0.0011044784526651104,5.5917826951180906e-05,0.03322649709313484,0.0008470627943186784,/zhome/14/b/214266/Repos/ml-surrogates-for-power-systems/results/benchmark/experiments/thesis_sm4_benchmark_sm4_v2/default/lhs_static/b1024/ds02/dataset_manifest.json
lhs_static_b1024_ds03,/zhome/14/b/214266/Repos/ml-surrogates-for-power-systems/outputs/experiments/thesis_sm4_benchmark_sm4_v2/default/lhs_static/b1024/ds03,lhs_static,b1024,ds03,303,default,SM4,/zhome/14/b/214266/Repos/ml-surrogates-for-power-systems/outputs/experiments/thesis_sm4_benchmark_sm4_v2/default/lhs_static/b1024/ds03/data/SM4/dataset_v1,pruned_after_run,,,/zhome/14/b/214266/Repos/ml-surrogates-for-power-systems/outputs/experiments/thesis_sm4_benchmark_sm4_v2/default/lhs_static/b1024/ds03/baseline/summary.json,3,921,8192,0.0011402253682414691,0.00010738714317768333,0.03374154934840588,0.0016123968853354951,/zhome/14/b/214266/Repos/ml-surrogates-for-power-systems/results/benchmark/experiments/thesis_sm4_benchmark_sm4_v2/default/lhs_static/b1024/ds03/dataset_manifest.json
lhs_static_b1024_ds04,/zhome/14/b/214266/Repos/ml-surrogates-for-power-systems/outputs/experiments/thesis_sm4_benchmark_sm4_v2/default/lhs_static/b1024/ds04,lhs_static,b1024,ds04,404,default,SM4,/zhome/14/b/214266/Repos/ml-surrogates-for-power-systems/outputs/experiments/thesis_sm4_benchmark_sm4_v2/default/lhs_static/b1024/ds04/data/SM4/dataset_v1,pruned_after_run,,,/zhome/14/b/214266/Repos/ml-surrogates-for-power-systems/outputs/experiments/thesis_sm4_benchmark_sm4_v2/default/lhs_static/b1024/ds04/baseline/summary.json,3,921,8192,0.0010455156055589516,0.00028685579660651505,0.03212209663603766,0.004530978911451107,/zhome/14/b/214266/Repos/ml-surrogates-for-power-systems/results/benchmark/experiments/thesis_sm4_benchmark_sm4_v2/default/lhs_static/b1024/ds04/dataset_manifest.json
lhs_static_b1024_ds05,/zhome/14/b/214266/Repos/ml-surrogates-for-power-systems/outputs/experiments/thesis_sm4_benchmark_sm4_v2/default/lhs_static/b1024/ds05,lhs_static,b1024,ds05,505,default,SM4,/zhome/14/b/214266/Repos/ml-surrogates-for-power-systems/outputs/experiments/thesis_sm4_benchmark_sm4_v2/default/lhs_static/b1024/ds05/data/SM4/dataset_v1,pruned_after_run,,,/zhome/14/b/214266/Repos/ml-surrogates-for-power-systems/outputs/experiments/thesis_sm4_benchmark_sm4_v2/default/lhs_static/b1024/ds05/baseline/summary.json,3,921,8192,0.0013820706711461146,0.0002597798441851418,0.0370651285786779,0.0035171539471971444,/zhome/14/b/214266/Repos/ml-surrogates-for-power-systems/results/benchmark/experiments/thesis_sm4_benchmark_sm4_v2/default/lhs_static/b1024/ds05/dataset_manifest.json
lhs_static_b4096_ds01,/zhome/14/b/214266/Repos/ml-surrogates-for-power-systems/outputs/experiments/thesis_sm4_benchmark_sm4_v2/default/lhs_static/b4096/ds01,lhs_static,b4096,ds01,101,default,SM4,/zhome/14/b/214266/Repos/ml-surrogates-for-power-systems/outputs/experiments/thesis_sm4_benchmark_sm4_v2/default/lhs_static/b4096/ds01/data/SM4/dataset_v1,pruned_after_run,,,/zhome/14/b/214266/Repos/ml-surrogates-for-power-systems/outputs/experiments/thesis_sm4_benchmark_sm4_v2/default/lhs_static/b4096/ds01/baseline/summary.json,3,3686,8192,0.0002967749896924943,4.961005945004094e-05,0.01718865224273436,0.0014099062579675588,/zhome/14/b/214266/Repos/ml-surrogates-for-power-systems/results/benchmark/experiments/thesis_sm4_benchmark_sm4_v2/default/lhs_static/b4096/ds01/dataset_manifest.json
lhs_static_b4096_ds02,/zhome/14/b/214266/Repos/ml-surrogates-for-power-systems/outputs/experiments/thesis_sm4_benchmark_sm4_v2/default/lhs_static/b4096/ds02,lhs_static,b4096,ds02,202,default,SM4,/zhome/14/b/214266/Repos/ml-surrogates-for-power-systems/outputs/experiments/thesis_sm4_benchmark_sm4_v2/default/lhs_static/b4096/ds02/data/SM4/dataset_v1,pruned_after_run,,,/zhome/14/b/214266/Repos/ml-surrogates-for-power-systems/outputs/experiments/thesis_sm4_benchmark_sm4_v2/default/lhs_static/b4096/ds02/baseline/summary.json,3,3686,8192,0.00035091621490816277,8.4035588193121e-05,0.01864179449134094,0.002258222658676531,/zhome/14/b/214266/Repos/ml-surrogates-for-power-systems/results/benchmark/experiments/thesis_sm4_benchmark_sm4_v2/default/lhs_static/b4096/ds02/dataset_manifest.json
lhs_static_b4096_ds03,/zhome/14/b/214266/Repos/ml-surrogates-for-power-systems/outputs/experiments/thesis_sm4_benchmark_sm4_v2/default/lhs_static/b4096/ds03,lhs_static,b4096,ds03,303,default,SM4,/zhome/14/b/214266/Repos/ml-surrogates-for-power-systems/outputs/experiments/thesis_sm4_benchmark_sm4_v2/default/lhs_static/b4096/ds03/data/SM4/dataset_v1,pruned_after_run,,,/zhome/14/b/214266/Repos/ml-surrogates-for-power-systems/outputs/experiments/thesis_sm4_benchmark_sm4_v2/default/lhs_static/b4096/ds03/baseline/summary.json,3,3686,8192,0.0001989470086603736,9.529235689678706e-05,0.013826498725043254,0.0034150274523239545,/zhome/14/b/214266/Repos/ml-surrogates-for-power-systems/results/benchmark/experiments/thesis_sm4_benchmark_sm4_v2/default/lhs_static/b4096/ds03/dataset_manifest.json
lhs_static_b4096_ds04,/zhome/14/b/214266/Repos/ml-surrogates-for-power-systems/outputs/experiments/thesis_sm4_benchmark_sm4_v2/default/lhs_static/b4096/ds04,lhs_static,b4096,ds04,404,default,SM4,/zhome/14/b/214266/Repos/ml-surrogates-for-power-systems/outputs/experiments/thesis_sm4_benchmark_sm4_v2/default/lhs_static/b4096/ds04/data/SM4/dataset_v1,pruned_after_run,,,/zhome/14/b/214266/Repos/ml-surrogates-for-power-systems/outputs/experiments/thesis_sm4_benchmark_sm4_v2/default/lhs_static/b4096/ds04/baseline/summary.json,3,3686,8192,0.0002443733198257784,6.942963724121974e-05,0.015527926991605526,0.002210249930148278,/zhome/14/b/214266/Repos/ml-surrogates-for-power-systems/results/benchmark/experiments/thesis_sm4_benchmark_sm4_v2/default/lhs_static/b4096/ds04/dataset_manifest.json
lhs_static_b4096_ds05,/zhome/14/b/214266/Repos/ml-surrogates-for-power-systems/outputs/experiments/thesis_sm4_benchmark_sm4_v2/default/lhs_static/b4096/ds05,lhs_static,b4096,ds05,505,default,SM4,/zhome/14/b/214266/Repos/ml-surrogates-for-power-systems/outputs/experiments/thesis_sm4_benchmark_sm4_v2/default/lhs_static/b4096/ds05/data/SM4/dataset_v1,pruned_after_run,,,/zhome/14/b/214266/Repos/ml-surrogates-for-power-systems/outputs/experiments/thesis_sm4_benchmark_sm4_v2/default/lhs_static/b4096/ds05/baseline/summary.json,3,3686,8192,0.00017487985314801335,4.3369661770480345e-05,0.013153156645485983,0.001676748374378799,/zhome/14/b/214266/Repos/ml-surrogates-for-power-systems/results/benchmark/experiments/thesis_sm4_benchmark_sm4_v2/default/lhs_static/b4096/ds05/dataset_manifest.json
lhs_static_b8192_ds01,/zhome/14/b/214266/Repos/ml-surrogates-for-power-systems/outputs/experiments/thesis_sm4_benchmark_sm4_v2/default/lhs_static/b8192/ds01,lhs_static,b8192,ds01,101,default,SM4,/zhome/14/b/214266/Repos/ml-surrogates-for-power-systems/outputs/experiments/thesis_sm4_benchmark_sm4_v2/default/lhs_static/b8192/ds01/data/SM4/dataset_v1,pruned_after_run,,,/zhome/14/b/214266/Repos/ml-surrogates-for-power-systems/outputs/experiments/thesis_sm4_benchmark_sm4_v2/default/lhs_static/b8192/ds01/baseline/summary.json,3,7372,8192,0.0001155059411151645,4.4169473865440787e-05,0.010617465412738798,0.002040356338164927,/zhome/14/b/214266/Repos/ml-surrogates-for-power-systems/results/benchmark/experiments/thesis_sm4_benchmark_sm4_v2/default/lhs_static/b8192/ds01/dataset_manifest.json
lhs_static_b8192_ds02,/zhome/14/b/214266/Repos/ml-surrogates-for-power-systems/outputs/experiments/thesis_sm4_benchmark_sm4_v2/default/lhs_static/b8192/ds02,lhs_static,b8192,ds02,202,default,SM4,/zhome/14/b/214266/Repos/ml-surrogates-for-power-systems/outputs/experiments/thesis_sm4_benchmark_sm4_v2/default/lhs_static/b8192/ds02/data/SM4/dataset_v1,pruned_after_run,,,/zhome/14/b/214266/Repos/ml-surrogates-for-power-systems/outputs/experiments/thesis_sm4_benchmark_sm4_v2/default/lhs_static/b8192/ds02/baseline/summary.json,3,7372,8192,0.00012899628442634517,2.1621896473925823e-05,0.011331378036361526,0.0009456396433701197,/zhome/14/b/214266/Repos/ml-surrogates-for-power-systems/results/benchmark/experiments/thesis_sm4_benchmark_sm4_v2/default/lhs_static/b8192/ds02/dataset_manifest.json
lhs_static_b8192_ds03,/zhome/14/b/214266/Repos/ml-surrogates-for-power-systems/outputs/experiments/thesis_sm4_benchmark_sm4_v2/default/lhs_static/b8192/ds03,lhs_static,b8192,ds03,303,default,SM4,/zhome/14/b/214266/Repos/ml-surrogates-for-power-systems/outputs/experiments/thesis_sm4_benchmark_sm4_v2/default/lhs_static/b8192/ds03/data/SM4/dataset_v2,pruned_after_run,,,/zhome/14/b/214266/Repos/ml-surrogates-for-power-systems/outputs/experiments/thesis_sm4_benchmark_sm4_v2/default/lhs_static/b8192/ds03/baseline/summary.json,3,7372,8192,0.00024450400572580594,6.699535457171856e-05,0.015533410486702346,0.0021967581947308777,/zhome/14/b/214266/Repos/ml-surrogates-for-power-systems/results/benchmark/experiments/thesis_sm4_benchmark_sm4_v2/default/lhs_static/b8192/ds03/dataset_manifest.json
lhs_static_b8192_ds04,/zhome/14/b/214266/Repos/ml-surrogates-for-power-systems/outputs/experiments/thesis_sm4_benchmark_sm4_v2/default/lhs_static/b8192/ds04,lhs_static,b8192,ds04,404,default,SM4,/zhome/14/b/214266/Repos/ml-surrogates-for-power-systems/outputs/experiments/thesis_sm4_benchmark_sm4_v2/default/lhs_static/b8192/ds04/data/SM4/dataset_v1,pruned_after_run,,,/zhome/14/b/214266/Repos/ml-surrogates-for-power-systems/outputs/experiments/thesis_sm4_benchmark_sm4_v2/default/lhs_static/b8192/ds04/baseline/summary.json,3,7372,8192,0.0001978943619178608,6.482035958546175e-05,0.013936869124260577,0.002342447736159662,/zhome/14/b/214266/Repos/ml-surrogates-for-power-systems/results/benchmark/experiments/thesis_sm4_benchmark_sm4_v2/default/lhs_static/b8192/ds04/dataset_manifest.json
lhs_static_b8192_ds05,/zhome/14/b/214266/Repos/ml-surrogates-for-power-systems/outputs/experiments/thesis_sm4_benchmark_sm4_v2/default/lhs_static/b8192/ds05,lhs_static,b8192,ds05,505,default,SM4,/zhome/14/b/214266/Repos/ml-surrogates-for-power-systems/outputs/experiments/thesis_sm4_benchmark_sm4_v2/default/lhs_static/b8192/ds05/data/SM4/dataset_v1,pruned_after_run,,,/zhome/14/b/214266/Repos/ml-surrogates-for-power-systems/outputs/experiments/thesis_sm4_benchmark_sm4_v2/default/lhs_static/b8192/ds05/baseline/summary.json,3,7372,8192,0.00015641329082427546,5.937420428005158e-05,0.012340666144127429,0.002486337651083177,/zhome/14/b/214266/Repos/ml-surrogates-for-power-systems/results/benchmark/experiments/thesis_sm4_benchmark_sm4_v2/default/lhs_static/b8192/ds05/dataset_manifest.json
marker_directed_b1024_ds01,/zhome/14/b/214266/Repos/ml-surrogates-for-power-systems/outputs/experiments/thesis_sm4_benchmark_sm4_v2/default/marker_directed/b1024/ds01,marker_directed,b1024,ds01,101,default,SM4,/zhome/14/b/214266/Repos/ml-surrogates-for-power-systems/outputs/experiments/thesis_sm4_benchmark_sm4_v2/default/marker_directed/b1024/ds01/data/SM4/dataset_v1,pruned_after_run,/zhome/14/b/214266/Repos/ml-surrogates-for-power-systems/outputs/experiments/thesis_sm4_benchmark_sm4_v2/default/marker_directed/b1024/ds01/qbc/history.jsonl,/zhome/14/b/214266/Repos/ml-surrogates-for-power-systems/outputs/experiments/thesis_sm4_benchmark_sm4_v2/default/marker_directed/b1024/ds01/telemetry/round_telemetry.csv,/zhome/14/b/214266/Repos/ml-surrogates-for-power-systems/outputs/experiments/thesis_sm4_benchmark_sm4_v2/default/marker_directed/b1024/ds01/baseline/summary.json,3,921,8192,0.0013906818736965458,7.765361077735003e-05,0.037282285381867314,0.0010342173863954135,/zhome/14/b/214266/Repos/ml-surrogates-for-power-systems/results/benchmark/experiments/thesis_sm4_benchmark_sm4_v2/default/marker_directed/b1024/ds01/dataset_manifest.json
marker_directed_b1024_ds02,/zhome/14/b/214266/Repos/ml-surrogates-for-power-systems/outputs/experiments/thesis_sm4_benchmark_sm4_v2/default/marker_directed/b1024/ds02,marker_directed,b1024,ds02,202,default,SM4,/zhome/14/b/214266/Repos/ml-surrogates-for-power-systems/outputs/experiments/thesis_sm4_benchmark_sm4_v2/default/marker_directed/b1024/ds02/data/SM4/dataset_v1,pruned_after_run,/zhome/14/b/214266/Repos/ml-surrogates-for-power-systems/outputs/experiments/thesis_sm4_benchmark_sm4_v2/default/marker_directed/b1024/ds02/qbc/history.jsonl,/zhome/14/b/214266/Repos/ml-surrogates-for-power-systems/outputs/experiments/thesis_sm4_benchmark_sm4_v2/default/marker_directed/b1024/ds02/telemetry/round_telemetry.csv,/zhome/14/b/214266/Repos/ml-surrogates-for-power-systems/outputs/experiments/thesis_sm4_benchmark_sm4_v2/default/marker_directed/b1024/ds02/baseline/summary.json,3,921,8192,0.0016821293393149972,0.00038870428473686963,0.04084025800267448,0.004615625459780118,/zhome/14/b/214266/Repos/ml-surrogates-for-power-systems/results/benchmark/experiments/thesis_sm4_benchmark_sm4_v2/default/marker_directed/b1024/ds02/dataset_manifest.json
marker_directed_b1024_ds03,/zhome/14/b/214266/Repos/ml-surrogates-for-power-systems/outputs/experiments/thesis_sm4_benchmark_sm4_v2/default/marker_directed/b1024/ds03,marker_directed,b1024,ds03,303,default,SM4,/zhome/14/b/214266/Repos/ml-surrogates-for-power-systems/outputs/experiments/thesis_sm4_benchmark_sm4_v2/default/marker_directed/b1024/ds03/data/SM4/dataset_v1,pruned_after_run,/zhome/14/b/214266/Repos/ml-surrogates-for-power-systems/outputs/experiments/thesis_sm4_benchmark_sm4_v2/default/marker_directed/b1024/ds03/qbc/history.jsonl,/zhome/14/b/214266/Repos/ml-surrogates-for-power-systems/outputs/experiments/thesis_sm4_benchmark_sm4_v2/default/marker_directed/b1024/ds03/telemetry/round_telemetry.csv,/zhome/14/b/214266/Repos/ml-surrogates-for-power-systems/outputs/experiments/thesis_sm4_benchmark_sm4_v2/default/marker_directed/b1024/ds03/baseline/summary.json,3,921,8192,0.0016637769682953756,0.00025990165340630865,0.04070740651647354,0.0031663913998295212,/zhome/14/b/214266/Repos/ml-surrogates-for-power-systems/results/benchmark/experiments/thesis_sm4_benchmark_sm4_v2/default/marker_directed/b1024/ds03/dataset_manifest.json
marker_directed_b1024_ds04,/zhome/14/b/214266/Repos/ml-surrogates-for-power-systems/outputs/experiments/thesis_sm4_benchmark_sm4_v2/default/marker_directed/b1024/ds04,marker_directed,b1024,ds04,404,default,SM4,/zhome/14/b/214266/Repos/ml-surrogates-for-power-systems/outputs/experiments/thesis_sm4_benchmark_sm4_v2/default/marker_directed/b1024/ds04/data/SM4/dataset_v1,pruned_after_run,/zhome/14/b/214266/Repos/ml-surrogates-for-power-systems/outputs/experiments/thesis_sm4_benchmark_sm4_v2/default/marker_directed/b1024/ds04/qbc/history.jsonl,/zhome/14/b/214266/Repos/ml-surrogates-for-power-systems/outputs/experiments/thesis_sm4_benchmark_sm4_v2/default/marker_directed/b1024/ds04/telemetry/round_telemetry.csv,/zhome/14/b/214266/Repos/ml-surrogates-for-power-systems/outputs/experiments/thesis_sm4_benchmark_sm4_v2/default/marker_directed/b1024/ds04/baseline/summary.json,3,921,8192,0.0018126164407779772,0.00012993897357707325,0.04255690926944208,0.0015129016212822284,/zhome/14/b/214266/Repos/ml-surrogates-for-power-systems/results/benchmark/experiments/thesis_sm4_benchmark_sm4_v2/default/marker_directed/b1024/ds04/dataset_manifest.json
marker_directed_b1024_ds05,/zhome/14/b/214266/Repos/ml-surrogates-for-power-systems/outputs/experiments/thesis_sm4_benchmark_sm4_v2/default/marker_directed/b1024/ds05,marker_directed,b1024,ds05,505,default,SM4,/zhome/14/b/214266/Repos/ml-surrogates-for-power-systems/outputs/experiments/thesis_sm4_benchmark_sm4_v2/default/marker_directed/b1024/ds05/data/SM4/dataset_v1,pruned_after_run,/zhome/14/b/214266/Repos/ml-surrogates-for-power-systems/outputs/experiments/thesis_sm4_benchmark_sm4_v2/default/marker_directed/b1024/ds05/qbc/history.jsonl,/zhome/14/b/214266/Repos/ml-surrogates-for-power-systems/outputs/experiments/thesis_sm4_benchmark_sm4_v2/default/marker_directed/b1024/ds05/telemetry/round_telemetry.csv,/zhome/14/b/214266/Repos/ml-surrogates-for-power-systems/outputs/experiments/thesis_sm4_benchmark_sm4_v2/default/marker_directed/b1024/ds05/baseline/summary.json,3,921,8192,0.0017311337869614363,0.00035844789308032526,0.04145732852884041,0.0043168909321231385,/zhome/14/b/214266/Repos/ml-surrogates-for-power-systems/results/benchmark/experiments/thesis_sm4_benchmark_sm4_v2/default/marker_directed/b1024/ds05/dataset_manifest.json
marker_directed_b4096_ds01,/zhome/14/b/214266/Repos/ml-surrogates-for-power-systems/outputs/experiments/thesis_sm4_benchmark_sm4_v2/default/marker_directed/b4096/ds01,marker_directed,b4096,ds01,101,default,SM4,/zhome/14/b/214266/Repos/ml-surrogates-for-power-systems/outputs/experiments/thesis_sm4_benchmark_sm4_v2/default/marker_directed/b4096/ds01/data/SM4/dataset_v1,pruned_after_run,/zhome/14/b/214266/Repos/ml-surrogates-for-power-systems/outputs/experiments/thesis_sm4_benchmark_sm4_v2/default/marker_directed/b4096/ds01/qbc/history.jsonl,/zhome/14/b/214266/Repos/ml-surrogates-for-power-systems/outputs/experiments/thesis_sm4_benchmark_sm4_v2/default/marker_directed/b4096/ds01/telemetry/round_telemetry.csv,/zhome/14/b/214266/Repos/ml-surrogates-for-power-systems/outputs/experiments/thesis_sm4_benchmark_sm4_v2/default/marker_directed/b4096/ds01/baseline/summary.json,3,3686,8192,0.00019259244436398149,5.765380222886486e-05,0.0137700567788581,0.002113520997413644,/zhome/14/b/214266/Repos/ml-surrogates-for-power-systems/results/benchmark/experiments/thesis_sm4_benchmark_sm4_v2/default/marker_directed/b4096/ds01/dataset_manifest.json
marker_directed_b4096_ds02,/zhome/14/b/214266/Repos/ml-surrogates-for-power-systems/outputs/experiments/thesis_sm4_benchmark_sm4_v2/default/marker_directed/b4096/ds02,marker_directed,b4096,ds02,202,default,SM4,/zhome/14/b/214266/Repos/ml-surrogates-for-power-systems/outputs/experiments/thesis_sm4_benchmark_sm4_v2/default/marker_directed/b4096/ds02/data/SM4/dataset_v1,pruned_after_run,/zhome/14/b/214266/Repos/ml-surrogates-for-power-systems/outputs/experiments/thesis_sm4_benchmark_sm4_v2/default/marker_directed/b4096/ds02/qbc/history.jsonl,/zhome/14/b/214266/Repos/ml-surrogates-for-power-systems/outputs/experiments/thesis_sm4_benchmark_sm4_v2/default/marker_directed/b4096/ds02/telemetry/round_telemetry.csv,/zhome/14/b/214266/Repos/ml-surrogates-for-power-systems/outputs/experiments/thesis_sm4_benchmark_sm4_v2/default/marker_directed/b4096/ds02/baseline/summary.json,3,3686,8192,0.00027392151241656393,7.751524881652066e-05,0.01644220925175321,0.0023157938179353336,/zhome/14/b/214266/Repos/ml-surrogates-for-power-systems/results/benchmark/experiments/thesis_sm4_benchmark_sm4_v2/default/marker_directed/b4096/ds02/dataset_manifest.json
marker_directed_b4096_ds03,/zhome/14/b/214266/Repos/ml-surrogates-for-power-systems/outputs/experiments/thesis_sm4_benchmark_sm4_v2/default/marker_directed/b4096/ds03,marker_directed,b4096,ds03,303,default,SM4,/zhome/14/b/214266/Repos/ml-surrogates-for-power-systems/outputs/experiments/thesis_sm4_benchmark_sm4_v2/default/marker_directed/b4096/ds03/data/SM4/dataset_v1,pruned_after_run,/zhome/14/b/214266/Repos/ml-surrogates-for-power-systems/outputs/experiments/thesis_sm4_benchmark_sm4_v2/default/marker_directed/b4096/ds03/qbc/history.jsonl,/zhome/14/b/214266/Repos/ml-surrogates-for-power-systems/outputs/experiments/thesis_sm4_benchmark_sm4_v2/default/marker_directed/b4096/ds03/telemetry/round_telemetry.csv,/zhome/14/b/214266/Repos/ml-surrogates-for-power-systems/outputs/experiments/thesis_sm4_benchmark_sm4_v2/default/marker_directed/b4096/ds03/baseline/summary.json,3,3686,8192,0.0002422645678355669,8.081186185716397e-05,0.015408572978861772,0.0026945630231981262,/zhome/14/b/214266/Repos/ml-surrogates-for-power-systems/results/benchmark/experiments/thesis_sm4_benchmark_sm4_v2/default/marker_directed/b4096/ds03/dataset_manifest.json
marker_directed_b4096_ds04,/zhome/14/b/214266/Repos/ml-surrogates-for-power-systems/outputs/experiments/thesis_sm4_benchmark_sm4_v2/default/marker_directed/b4096/ds04,marker_directed,b4096,ds04,404,default,SM4,/zhome/14/b/214266/Repos/ml-surrogates-for-power-systems/outputs/experiments/thesis_sm4_benchmark_sm4_v2/default/marker_directed/b4096/ds04/data/SM4/dataset_v1,pruned_after_run,/zhome/14/b/214266/Repos/ml-surrogates-for-power-systems/outputs/experiments/thesis_sm4_benchmark_sm4_v2/default/marker_directed/b4096/ds04/qbc/history.jsonl,/zhome/14/b/214266/Repos/ml-surrogates-for-power-systems/outputs/experiments/thesis_sm4_benchmark_sm4_v2/default/marker_directed/b4096/ds04/telemetry/round_telemetry.csv,/zhome/14/b/214266/Repos/ml-surrogates-for-power-systems/outputs/experiments/thesis_sm4_benchmark_sm4_v2/default/marker_directed/b4096/ds04/baseline/summary.json,3,3686,8192,0.00032308099131720763,0.00016312875205544552,0.017580512993197888,0.004583648254372469,/zhome/14/b/214266/Repos/ml-surrogates-for-power-systems/results/benchmark/experiments/thesis_sm4_benchmark_sm4_v2/default/marker_directed/b4096/ds04/dataset_manifest.json
marker_directed_b4096_ds05,/zhome/14/b/214266/Repos/ml-surrogates-for-power-systems/outputs/experiments/thesis_sm4_benchmark_sm4_v2/default/marker_directed/b4096/ds05,marker_directed,b4096,ds05,505,default,SM4,/zhome/14/b/214266/Repos/ml-surrogates-for-power-systems/outputs/experiments/thesis_sm4_benchmark_sm4_v2/default/marker_directed/b4096/ds05/data/SM4/dataset_v1,pruned_after_run,/zhome/14/b/214266/Repos/ml-surrogates-for-power-systems/outputs/experiments/thesis_sm4_benchmark_sm4_v2/default/marker_directed/b4096/ds05/qbc/history.jsonl,/zhome/14/b/214266/Repos/ml-surrogates-for-power-systems/outputs/experiments/thesis_sm4_benchmark_sm4_v2/default/marker_directed/b4096/ds05/telemetry/round_telemetry.csv,/zhome/14/b/214266/Repos/ml-surrogates-for-power-systems/outputs/experiments/thesis_sm4_benchmark_sm4_v2/default/marker_directed/b4096/ds05/baseline/summary.json,3,3686,8192,0.0002490864329350491,2.5577191418588712e-05,0.0157684349143829,0.0008150705054650857,/zhome/14/b/214266/Repos/ml-surrogates-for-power-systems/results/benchmark/experiments/thesis_sm4_benchmark_sm4_v2/default/marker_directed/b4096/ds05/dataset_manifest.json
marker_directed_b8192_ds01,/zhome/14/b/214266/Repos/ml-surrogates-for-power-systems/outputs/experiments/thesis_sm4_benchmark_sm4_v2/default/marker_directed/b8192/ds01,marker_directed,b8192,ds01,101,default,SM4,/zhome/14/b/214266/Repos/ml-surrogates-for-power-systems/outputs/experiments/thesis_sm4_benchmark_sm4_v2/default/marker_directed/b8192/ds01/data/SM4/dataset_v1,pruned_after_run,/zhome/14/b/214266/Repos/ml-surrogates-for-power-systems/outputs/experiments/thesis_sm4_benchmark_sm4_v2/default/marker_directed/b8192/ds01/qbc/history.jsonl,/zhome/14/b/214266/Repos/ml-surrogates-for-power-systems/outputs/experiments/thesis_sm4_benchmark_sm4_v2/default/marker_directed/b8192/ds01/telemetry/round_telemetry.csv,/zhome/14/b/214266/Repos/ml-surrogates-for-power-systems/outputs/experiments/thesis_sm4_benchmark_sm4_v2/default/marker_directed/b8192/ds01/baseline/summary.json,3,7372,8192,0.000144554564030841,4.61018367910547e-05,0.011913157203859761,0.0019866741555795977,/zhome/14/b/214266/Repos/ml-surrogates-for-power-systems/results/benchmark/experiments/thesis_sm4_benchmark_sm4_v2/default/marker_directed/b8192/ds01/dataset_manifest.json
marker_directed_b8192_ds02,/zhome/14/b/214266/Repos/ml-surrogates-for-power-systems/outputs/experiments/thesis_sm4_benchmark_sm4_v2/default/marker_directed/b8192/ds02,marker_directed,b8192,ds02,202,default,SM4,/zhome/14/b/214266/Repos/ml-surrogates-for-power-systems/outputs/experiments/thesis_sm4_benchmark_sm4_v2/default/marker_directed/b8192/ds02/data/SM4/dataset_v1,pruned_after_run,/zhome/14/b/214266/Repos/ml-surrogates-for-power-systems/outputs/experiments/thesis_sm4_benchmark_sm4_v2/default/marker_directed/b8192/ds02/qbc/history.jsonl,/zhome/14/b/214266/Repos/ml-surrogates-for-power-systems/outputs/experiments/thesis_sm4_benchmark_sm4_v2/default/marker_directed/b8192/ds02/telemetry/round_telemetry.csv,/zhome/14/b/214266/Repos/ml-surrogates-for-power-systems/outputs/experiments/thesis_sm4_benchmark_sm4_v2/default/marker_directed/b8192/ds02/baseline/summary.json,3,7372,8192,0.00017308400614031902,1.3233609745484532e-05,0.013149587754582507,0.0005084506242293295,/zhome/14/b/214266/Repos/ml-surrogates-for-power-systems/results/benchmark/experiments/thesis_sm4_benchmark_sm4_v2/default/marker_directed/b8192/ds02/dataset_manifest.json
marker_directed_b8192_ds03,/zhome/14/b/214266/Repos/ml-surrogates-for-power-systems/outputs/experiments/thesis_sm4_benchmark_sm4_v2/default/marker_directed/b8192/ds03,marker_directed,b8192,ds03,303,default,SM4,/zhome/14/b/214266/Repos/ml-surrogates-for-power-systems/outputs/experiments/thesis_sm4_benchmark_sm4_v2/default/marker_directed/b8192/ds03/data/SM4/dataset_v1,pruned_after_run,/zhome/14/b/214266/Repos/ml-surrogates-for-power-systems/outputs/experiments/thesis_sm4_benchmark_sm4_v2/default/marker_directed/b8192/ds03/qbc/history.jsonl,/zhome/14/b/214266/Repos/ml-surrogates-for-power-systems/outputs/experiments/thesis_sm4_benchmark_sm4_v2/default/marker_directed/b8192/ds03/telemetry/round_telemetry.csv,/zhome/14/b/214266/Repos/ml-surrogates-for-power-systems/outputs/experiments/thesis_sm4_benchmark_sm4_v2/default/marker_directed/b8192/ds03/baseline/summary.json,3,7372,8192,0.00013651108262517178,2.8093181178966768e-05,0.01164231124798694,0.001204785103349476,/zhome/14/b/214266/Repos/ml-surrogates-for-power-systems/results/benchmark/experiments/thesis_sm4_benchmark_sm4_v2/default/marker_directed/b8192/ds03/dataset_manifest.json
marker_directed_b8192_ds04,/zhome/14/b/214266/Repos/ml-surrogates-for-power-systems/outputs/experiments/thesis_sm4_benchmark_sm4_v2/default/marker_directed/b8192/ds04,marker_directed,b8192,ds04,404,default,SM4,/zhome/14/b/214266/Repos/ml-surrogates-for-power-systems/outputs/experiments/thesis_sm4_benchmark_sm4_v2/default/marker_directed/b8192/ds04/data/SM4/dataset_v1,pruned_after_run,/zhome/14/b/214266/Repos/ml-surrogates-for-power-systems/outputs/experiments/thesis_sm4_benchmark_sm4_v2/default/marker_directed/b8192/ds04/qbc/history.jsonl,/zhome/14/b/214266/Repos/ml-surrogates-for-power-systems/outputs/experiments/thesis_sm4_benchmark_sm4_v2/default/marker_directed/b8192/ds04/telemetry/round_telemetry.csv,/zhome/14/b/214266/Repos/ml-surrogates-for-power-systems/outputs/experiments/thesis_sm4_benchmark_sm4_v2/default/marker_directed/b8192/ds04/baseline/summary.json,3,7372,8192,0.00024154506778965393,0.00019464575152803898,0.014774529772234648,0.00590656471212404,/zhome/14/b/214266/Repos/ml-surrogates-for-power-systems/results/benchmark/experiments/thesis_sm4_benchmark_sm4_v2/default/marker_directed/b8192/ds04/dataset_manifest.json
marker_directed_b8192_ds05,/zhome/14/b/214266/Repos/ml-surrogates-for-power-systems/outputs/experiments/thesis_sm4_benchmark_sm4_v2/default/marker_directed/b8192/ds05,marker_directed,b8192,ds05,505,default,SM4,/zhome/14/b/214266/Repos/ml-surrogates-for-power-systems/outputs/experiments/thesis_sm4_benchmark_sm4_v2/default/marker_directed/b8192/ds05/data/SM4/dataset_v1,pruned_after_run,/zhome/14/b/214266/Repos/ml-surrogates-for-power-systems/outputs/experiments/thesis_sm4_benchmark_sm4_v2/default/marker_directed/b8192/ds05/qbc/history.jsonl,/zhome/14/b/214266/Repos/ml-surrogates-for-power-systems/outputs/experiments/thesis_sm4_benchmark_sm4_v2/default/marker_directed/b8192/ds05/telemetry/round_telemetry.csv,/zhome/14/b/214266/Repos/ml-surrogates-for-power-systems/outputs/experiments/thesis_sm4_benchmark_sm4_v2/default/marker_directed/b8192/ds05/baseline/summary.json,3,7372,8192,0.00017030979749203348,7.644240446338459e-05,0.012836703477221574,0.0028798024228897227,/zhome/14/b/214266/Repos/ml-surrogates-for-power-systems/results/benchmark/experiments/thesis_sm4_benchmark_sm4_v2/default/marker_directed/b8192/ds05/dataset_manifest.json
qbc_deep_ensemble_b1024_ds01,/zhome/14/b/214266/Repos/ml-surrogates-for-power-systems/outputs/experiments/thesis_sm4_benchmark_sm4_v2/default/qbc_deep_ensemble/b1024/ds01,qbc_deep_ensemble,b1024,ds01,101,default,SM4,/zhome/14/b/214266/Repos/ml-surrogates-for-power-systems/outputs/experiments/thesis_sm4_benchmark_sm4_v2/default/qbc_deep_ensemble/b1024/ds01/data/SM4/dataset_v1,pruned_after_run,/zhome/14/b/214266/Repos/ml-surrogates-for-power-systems/outputs/experiments/thesis_sm4_benchmark_sm4_v2/default/qbc_deep_ensemble/b1024/ds01/qbc/history.jsonl,/zhome/14/b/214266/Repos/ml-surrogates-for-power-systems/outputs/experiments/thesis_sm4_benchmark_sm4_v2/default/qbc_deep_ensemble/b1024/ds01/telemetry/round_telemetry.csv,/zhome/14/b/214266/Repos/ml-surrogates-for-power-systems/outputs/experiments/thesis_sm4_benchmark_sm4_v2/default/qbc_deep_ensemble/b1024/ds01/baseline/summary.json,3,921,8192,0.0006012672965880483,0.0002917747521107539,0.024075273184255144,0.005698488969656809,/zhome/14/b/214266/Repos/ml-surrogates-for-power-systems/results/benchmark/experiments/thesis_sm4_benchmark_sm4_v2/default/qbc_deep_ensemble/b1024/ds01/dataset_manifest.json
qbc_deep_ensemble_b1024_ds02,/zhome/14/b/214266/Repos/ml-surrogates-for-power-systems/outputs/experiments/thesis_sm4_benchmark_sm4_v2/default/qbc_deep_ensemble/b1024/ds02,qbc_deep_ensemble,b1024,ds02,202,default,SM4,/zhome/14/b/214266/Repos/ml-surrogates-for-power-systems/outputs/experiments/thesis_sm4_benchmark_sm4_v2/default/qbc_deep_ensemble/b1024/ds02/data/SM4/dataset_v1,pruned_after_run,/zhome/14/b/214266/Repos/ml-surrogates-for-power-systems/outputs/experiments/thesis_sm4_benchmark_sm4_v2/default/qbc_deep_ensemble/b1024/ds02/qbc/history.jsonl,/zhome/14/b/214266/Repos/ml-surrogates-for-power-systems/outputs/experiments/thesis_sm4_benchmark_sm4_v2/default/qbc_deep_ensemble/b1024/ds02/telemetry/round_telemetry.csv,/zhome/14/b/214266/Repos/ml-surrogates-for-power-systems/outputs/experiments/thesis_sm4_benchmark_sm4_v2/default/qbc_deep_ensemble/b1024/ds02/baseline/summary.json,3,921,8192,0.000711813821302106,0.0002608367006949561,0.026395764537546683,0.00475564440120877,/zhome/14/b/214266/Repos/ml-surrogates-for-power-systems/results/benchmark/experiments/thesis_sm4_benchmark_sm4_v2/default/qbc_deep_ensemble/b1024/ds02/dataset_manifest.json
qbc_deep_ensemble_b1024_ds03,/zhome/14/b/214266/Repos/ml-surrogates-for-power-systems/outputs/experiments/thesis_sm4_benchmark_sm4_v2/default/qbc_deep_ensemble/b1024/ds03,qbc_deep_ensemble,b1024,ds03,303,default,SM4,/zhome/14/b/214266/Repos/ml-surrogates-for-power-systems/outputs/experiments/thesis_sm4_benchmark_sm4_v2/default/qbc_deep_ensemble/b1024/ds03/data/SM4/dataset_v1,pruned_after_run,/zhome/14/b/214266/Repos/ml-surrogates-for-power-systems/outputs/experiments/thesis_sm4_benchmark_sm4_v2/default/qbc_deep_ensemble/b1024/ds03/qbc/history.jsonl,/zhome/14/b/214266/Repos/ml-surrogates-for-power-systems/outputs/experiments/thesis_sm4_benchmark_sm4_v2/default/qbc_deep_ensemble/b1024/ds03/telemetry/round_telemetry.csv,/zhome/14/b/214266/Repos/ml-surrogates-for-power-systems/outputs/experiments/thesis_sm4_benchmark_sm4_v2/default/qbc_deep_ensemble/b1024/ds03/baseline/summary.json,3,921,8192,0.0005715431276864061,0.00024122235560450816,0.023573341078860013,0.004874533526318764,/zhome/14/b/214266/Repos/ml-surrogates-for-power-systems/results/benchmark/experiments/thesis_sm4_benchmark_sm4_v2/default/qbc_deep_ensemble/b1024/ds03/dataset_manifest.json
qbc_deep_ensemble_b1024_ds04,/zhome/14/b/214266/Repos/ml-surrogates-for-power-systems/outputs/experiments/thesis_sm4_benchmark_sm4_v2/default/qbc_deep_ensemble/b1024/ds04,qbc_deep_ensemble,b1024,ds04,404,default,SM4,/zhome/14/b/214266/Repos/ml-surrogates-for-power-systems/outputs/experiments/thesis_sm4_benchmark_sm4_v2/default/qbc_deep_ensemble/b1024/ds04/data/SM4/dataset_v1,pruned_after_run,/zhome/14/b/214266/Repos/ml-surrogates-for-power-systems/outputs/experiments/thesis_sm4_benchmark_sm4_v2/default/qbc_deep_ensemble/b1024/ds04/qbc/history.jsonl,/zhome/14/b/214266/Repos/ml-surrogates-for-power-systems/outputs/experiments/thesis_sm4_benchmark_sm4_v2/default/qbc_deep_ensemble/b1024/ds04/telemetry/round_telemetry.csv,/zhome/14/b/214266/Repos/ml-surrogates-for-power-systems/outputs/experiments/thesis_sm4_benchmark_sm4_v2/default/qbc_deep_ensemble/b1024/ds04/baseline/summary.json,3,921,8192,0.0007262228464242071,0.0003353340943678827,0.026441558417199362,0.006371832730153947,/zhome/14/b/214266/Repos/ml-surrogates-for-power-systems/results/benchmark/experiments/thesis_sm4_benchmark_sm4_v2/default/qbc_deep_ensemble/b1024/ds04/dataset_manifest.json
qbc_deep_ensemble_b1024_ds05,/zhome/14/b/214266/Repos/ml-surrogates-for-power-systems/outputs/experiments/thesis_sm4_benchmark_sm4_v2/default/qbc_deep_ensemble/b1024/ds05,qbc_deep_ensemble,b1024,ds05,505,default,SM4,/zhome/14/b/214266/Repos/ml-surrogates-for-power-systems/outputs/experiments/thesis_sm4_benchmark_sm4_v2/default/qbc_deep_ensemble/b1024/ds05/data/SM4/dataset_v1,pruned_after_run,/zhome/14/b/214266/Repos/ml-surrogates-for-power-systems/outputs/experiments/thesis_sm4_benchmark_sm4_v2/default/qbc_deep_ensemble/b1024/ds05/qbc/history.jsonl,/zhome/14/b/214266/Repos/ml-surrogates-for-power-systems/outputs/experiments/thesis_sm4_benchmark_sm4_v2/default/qbc_deep_ensemble/b1024/ds05/telemetry/round_telemetry.csv,/zhome/14/b/214266/Repos/ml-surrogates-for-power-systems/outputs/experiments/thesis_sm4_benchmark_sm4_v2/default/qbc_deep_ensemble/b1024/ds05/baseline/summary.json,3,921,8192,0.0005033437434273461,5.547951094385973e-05,0.02241282241112403,0.0012303261730711276,/zhome/14/b/214266/Repos/ml-surrogates-for-power-systems/results/benchmark/experiments/thesis_sm4_benchmark_sm4_v2/default/qbc_deep_ensemble/b1024/ds05/dataset_manifest.json
qbc_deep_ensemble_b4096_ds01,/zhome/14/b/214266/Repos/ml-surrogates-for-power-systems/outputs/experiments/thesis_sm4_benchmark_sm4_v2/default/qbc_deep_ensemble/b4096/ds01,qbc_deep_ensemble,b4096,ds01,101,default,SM4,/zhome/14/b/214266/Repos/ml-surrogates-for-power-systems/outputs/experiments/thesis_sm4_benchmark_sm4_v2/default/qbc_deep_ensemble/b4096/ds01/data/SM4/dataset_v1,pruned_after_run,/zhome/14/b/214266/Repos/ml-surrogates-for-power-systems/outputs/experiments/thesis_sm4_benchmark_sm4_v2/default/qbc_deep_ensemble/b4096/ds01/qbc/history.jsonl,/zhome/14/b/214266/Repos/ml-surrogates-for-power-systems/outputs/experiments/thesis_sm4_benchmark_sm4_v2/default/qbc_deep_ensemble/b4096/ds01/telemetry/round_telemetry.csv,/zhome/14/b/214266/Repos/ml-surrogates-for-power-systems/outputs/experiments/thesis_sm4_benchmark_sm4_v2/default/qbc_deep_ensemble/b4096/ds01/baseline/summary.json,3,3686,8192,0.0001985707373629945,7.647951988363291e-05,0.013899187610454593,0.0028416512274679366,/zhome/14/b/214266/Repos/ml-surrogates-for-power-systems/results/benchmark/experiments/thesis_sm4_benchmark_sm4_v2/default/qbc_deep_ensemble/b4096/ds01/dataset_manifest.json
qbc_deep_ensemble_b4096_ds02,/zhome/14/b/214266/Repos/ml-surrogates-for-power-systems/outputs/experiments/thesis_sm4_benchmark_sm4_v2/default/qbc_deep_ensemble/b4096/ds02,qbc_deep_ensemble,b4096,ds02,202,default,SM4,/zhome/14/b/214266/Repos/ml-surrogates-for-power-systems/outputs/experiments/thesis_sm4_benchmark_sm4_v2/default/qbc_deep_ensemble/b4096/ds02/data/SM4/dataset_v1,pruned_after_run,/zhome/14/b/214266/Repos/ml-surrogates-for-power-systems/outputs/experiments/thesis_sm4_benchmark_sm4_v2/default/qbc_deep_ensemble/b4096/ds02/qbc/history.jsonl,/zhome/14/b/214266/Repos/ml-surrogates-for-power-systems/outputs/experiments/thesis_sm4_benchmark_sm4_v2/default/qbc_deep_ensemble/b4096/ds02/telemetry/round_telemetry.csv,/zhome/14/b/214266/Repos/ml-surrogates-for-power-systems/outputs/experiments/thesis_sm4_benchmark_sm4_v2/default/qbc_deep_ensemble/b4096/ds02/baseline/summary.json,3,3686,8192,0.0002011209047244241,6.249769526877618e-05,0.014060368078151208,0.0022672519372570563,/zhome/14/b/214266/Repos/ml-surrogates-for-power-systems/results/benchmark/experiments/thesis_sm4_benchmark_sm4_v2/default/qbc_deep_ensemble/b4096/ds02/dataset_manifest.json
qbc_deep_ensemble_b4096_ds03,/zhome/14/b/214266/Repos/ml-surrogates-for-power-systems/outputs/experiments/thesis_sm4_benchmark_sm4_v2/default/qbc_deep_ensemble/b4096/ds03,qbc_deep_ensemble,b4096,ds03,303,default,SM4,/zhome/14/b/214266/Repos/ml-surrogates-for-power-systems/outputs/experiments/thesis_sm4_benchmark_sm4_v2/default/qbc_deep_ensemble/b4096/ds03/data/SM4/dataset_v1,pruned_after_run,/zhome/14/b/214266/Repos/ml-surrogates-for-power-systems/outputs/experiments/thesis_sm4_benchmark_sm4_v2/default/qbc_deep_ensemble/b4096/ds03/qbc/history.jsonl,/zhome/14/b/214266/Repos/ml-surrogates-for-power-systems/outputs/experiments/thesis_sm4_benchmark_sm4_v2/default/qbc_deep_ensemble/b4096/ds03/telemetry/round_telemetry.csv,/zhome/14/b/214266/Repos/ml-surrogates-for-power-systems/outputs/experiments/thesis_sm4_benchmark_sm4_v2/default/qbc_deep_ensemble/b4096/ds03/baseline/summary.json,3,3686,8192,0.00013993682902461538,4.531631680149821e-05,0.011731721821289983,0.0018588432421067118,/zhome/14/b/214266/Repos/ml-surrogates-for-power-systems/results/benchmark/experiments/thesis_sm4_benchmark_sm4_v2/default/qbc_deep_ensemble/b4096/ds03/dataset_manifest.json
qbc_deep_ensemble_b4096_ds04,/zhome/14/b/214266/Repos/ml-surrogates-for-power-systems/outputs/experiments/thesis_sm4_benchmark_sm4_v2/default/qbc_deep_ensemble/b4096/ds04,qbc_deep_ensemble,b4096,ds04,404,default,SM4,/zhome/14/b/214266/Repos/ml-surrogates-for-power-systems/outputs/experiments/thesis_sm4_benchmark_sm4_v2/default/qbc_deep_ensemble/b4096/ds04/data/SM4/dataset_v1,pruned_after_run,/zhome/14/b/214266/Repos/ml-surrogates-for-power-systems/outputs/experiments/thesis_sm4_benchmark_sm4_v2/default/qbc_deep_ensemble/b4096/ds04/qbc/history.jsonl,/zhome/14/b/214266/Repos/ml-surrogates-for-power-systems/outputs/experiments/thesis_sm4_benchmark_sm4_v2/default/qbc_deep_ensemble/b4096/ds04/telemetry/round_telemetry.csv,/zhome/14/b/214266/Repos/ml-surrogates-for-power-systems/outputs/experiments/thesis_sm4_benchmark_sm4_v2/default/qbc_deep_ensemble/b4096/ds04/baseline/summary.json,3,3686,8192,0.0002749243042975043,9.583018530828404e-05,0.01642416568991444,0.002785072446384913,/zhome/14/b/214266/Repos/ml-surrogates-for-power-systems/results/benchmark/experiments/thesis_sm4_benchmark_sm4_v2/default/qbc_deep_ensemble/b4096/ds04/dataset_manifest.json
qbc_deep_ensemble_b4096_ds05,/zhome/14/b/214266/Repos/ml-surrogates-for-power-systems/outputs/experiments/thesis_sm4_benchmark_sm4_v2/default/qbc_deep_ensemble/b4096/ds05,qbc_deep_ensemble,b4096,ds05,505,default,SM4,/zhome/14/b/214266/Repos/ml-surrogates-for-power-systems/outputs/experiments/thesis_sm4_benchmark_sm4_v2/default/qbc_deep_ensemble/b4096/ds05/data/SM4/dataset_v1,pruned_after_run,/zhome/14/b/214266/Repos/ml-surrogates-for-power-systems/outputs/experiments/thesis_sm4_benchmark_sm4_v2/default/qbc_deep_ensemble/b4096/ds05/qbc/history.jsonl,/zhome/14/b/214266/Repos/ml-surrogates-for-power-systems/outputs/experiments/thesis_sm4_benchmark_sm4_v2/default/qbc_deep_ensemble/b4096/ds05/telemetry/round_telemetry.csv,/zhome/14/b/214266/Repos/ml-surrogates-for-power-systems/outputs/experiments/thesis_sm4_benchmark_sm4_v2/default/qbc_deep_ensemble/b4096/ds05/baseline/summary.json,3,3686,8192,0.0001453956744323174,2.7608016006562023e-05,0.012020851187669553,0.001158540778018359,/zhome/14/b/214266/Repos/ml-surrogates-for-power-systems/results/benchmark/experiments/thesis_sm4_benchmark_sm4_v2/default/qbc_deep_ensemble/b4096/ds05/dataset_manifest.json
qbc_deep_ensemble_b8192_ds01,/zhome/14/b/214266/Repos/ml-surrogates-for-power-systems/outputs/experiments/thesis_sm4_benchmark_sm4_v2/default/qbc_deep_ensemble/b8192/ds01,qbc_deep_ensemble,b8192,ds01,101,default,SM4,/zhome/14/b/214266/Repos/ml-surrogates-for-power-systems/outputs/experiments/thesis_sm4_benchmark_sm4_v2/default/qbc_deep_ensemble/b8192/ds01/data/SM4/dataset_v1,pruned_after_run,/zhome/14/b/214266/Repos/ml-surrogates-for-power-systems/outputs/experiments/thesis_sm4_benchmark_sm4_v2/default/qbc_deep_ensemble/b8192/ds01/qbc/history.jsonl,/zhome/14/b/214266/Repos/ml-surrogates-for-power-systems/outputs/experiments/thesis_sm4_benchmark_sm4_v2/default/qbc_deep_ensemble/b8192/ds01/telemetry/round_telemetry.csv,/zhome/14/b/214266/Repos/ml-surrogates-for-power-systems/outputs/experiments/thesis_sm4_benchmark_sm4_v2/default/qbc_deep_ensemble/b8192/ds01/baseline/summary.json,3,7372,8192,0.00014503922284347937,6.644779213424765e-05,0.011849208048531715,0.0026368991636268337,/zhome/14/b/214266/Repos/ml-surrogates-for-power-systems/results/benchmark/experiments/thesis_sm4_benchmark_sm4_v2/default/qbc_deep_ensemble/b8192/ds01/dataset_manifest.json
qbc_deep_ensemble_b8192_ds02,/zhome/14/b/214266/Repos/ml-surrogates-for-power-systems/outputs/experiments/thesis_sm4_benchmark_sm4_v2/default/qbc_deep_ensemble/b8192/ds02,qbc_deep_ensemble,b8192,ds02,202,default,SM4,/zhome/14/b/214266/Repos/ml-surrogates-for-power-systems/outputs/experiments/thesis_sm4_benchmark_sm4_v2/default/qbc_deep_ensemble/b8192/ds02/data/SM4/dataset_v1,pruned_after_run,/zhome/14/b/214266/Repos/ml-surrogates-for-power-systems/outputs/experiments/thesis_sm4_benchmark_sm4_v2/default/qbc_deep_ensemble/b8192/ds02/qbc/history.jsonl,/zhome/14/b/214266/Repos/ml-surrogates-for-power-systems/outputs/experiments/thesis_sm4_benchmark_sm4_v2/default/qbc_deep_ensemble/b8192/ds02/telemetry/round_telemetry.csv,/zhome/14/b/214266/Repos/ml-surrogates-for-power-systems/outputs/experiments/thesis_sm4_benchmark_sm4_v2/default/qbc_deep_ensemble/b8192/ds02/baseline/summary.json,3,7372,8192,0.00012710619193967432,1.89260645849438e-05,0.011252530257177975,0.000854477692191383,/zhome/14/b/214266/Repos/ml-surrogates-for-power-systems/results/benchmark/experiments/thesis_sm4_benchmark_sm4_v2/default/qbc_deep_ensemble/b8192/ds02/dataset_manifest.json
qbc_deep_ensemble_b8192_ds03,/zhome/14/b/214266/Repos/ml-surrogates-for-power-systems/outputs/experiments/thesis_sm4_benchmark_sm4_v2/default/qbc_deep_ensemble/b8192/ds03,qbc_deep_ensemble,b8192,ds03,303,default,SM4,/zhome/14/b/214266/Repos/ml-surrogates-for-power-systems/outputs/experiments/thesis_sm4_benchmark_sm4_v2/default/qbc_deep_ensemble/b8192/ds03/data/SM4/dataset_v1,pruned_after_run,/zhome/14/b/214266/Repos/ml-surrogates-for-power-systems/outputs/experiments/thesis_sm4_benchmark_sm4_v2/default/qbc_deep_ensemble/b8192/ds03/qbc/history.jsonl,/zhome/14/b/214266/Repos/ml-surrogates-for-power-systems/outputs/experiments/thesis_sm4_benchmark_sm4_v2/default/qbc_deep_ensemble/b8192/ds03/telemetry/round_telemetry.csv,/zhome/14/b/214266/Repos/ml-surrogates-for-power-systems/outputs/experiments/thesis_sm4_benchmark_sm4_v2/default/qbc_deep_ensemble/b8192/ds03/baseline/summary.json,3,7372,8192,0.00014741274693127102,4.90955492230147e-05,0.0120321544429321,0.0019899772835513772,/zhome/14/b/214266/Repos/ml-surrogates-for-power-systems/results/benchmark/experiments/thesis_sm4_benchmark_sm4_v2/default/qbc_deep_ensemble/b8192/ds03/dataset_manifest.json
qbc_deep_ensemble_b8192_ds04,/zhome/14/b/214266/Repos/ml-surrogates-for-power-systems/outputs/experiments/thesis_sm4_benchmark_sm4_v2/default/qbc_deep_ensemble/b8192/ds04,qbc_deep_ensemble,b8192,ds04,404,default,SM4,/zhome/14/b/214266/Repos/ml-surrogates-for-power-systems/outputs/experiments/thesis_sm4_benchmark_sm4_v2/default/qbc_deep_ensemble/b8192/ds04/data/SM4/dataset_v1,pruned_after_run,/zhome/14/b/214266/Repos/ml-surrogates-for-power-systems/outputs/experiments/thesis_sm4_benchmark_sm4_v2/default/qbc_deep_ensemble/b8192/ds04/qbc/history.jsonl,/zhome/14/b/214266/Repos/ml-surrogates-for-power-systems/outputs/experiments/thesis_sm4_benchmark_sm4_v2/default/qbc_deep_ensemble/b8192/ds04/telemetry/round_telemetry.csv,/zhome/14/b/214266/Repos/ml-surrogates-for-power-systems/outputs/experiments/thesis_sm4_benchmark_sm4_v2/default/qbc_deep_ensemble/b8192/ds04/baseline/summary.json,3,7372,8192,0.00014525566317994768,5.251224010636199e-05,0.01191508543209951,0.0022202710394401397,/zhome/14/b/214266/Repos/ml-surrogates-for-power-systems/results/benchmark/experiments/thesis_sm4_benchmark_sm4_v2/default/qbc_deep_ensemble/b8192/ds04/dataset_manifest.json
qbc_deep_ensemble_b8192_ds05,/zhome/14/b/214266/Repos/ml-surrogates-for-power-systems/outputs/experiments/thesis_sm4_benchmark_sm4_v2/default/qbc_deep_ensemble/b8192/ds05,qbc_deep_ensemble,b8192,ds05,505,default,SM4,/zhome/14/b/214266/Repos/ml-surrogates-for-power-systems/outputs/experiments/thesis_sm4_benchmark_sm4_v2/default/qbc_deep_ensemble/b8192/ds05/data/SM4/dataset_v1,pruned_after_run,/zhome/14/b/214266/Repos/ml-surrogates-for-power-systems/outputs/experiments/thesis_sm4_benchmark_sm4_v2/default/qbc_deep_ensemble/b8192/ds05/qbc/history.jsonl,/zhome/14/b/214266/Repos/ml-surrogates-for-power-systems/outputs/experiments/thesis_sm4_benchmark_sm4_v2/default/qbc_deep_ensemble/b8192/ds05/telemetry/round_telemetry.csv,/zhome/14/b/214266/Repos/ml-surrogates-for-power-systems/outputs/experiments/thesis_sm4_benchmark_sm4_v2/default/qbc_deep_ensemble/b8192/ds05/baseline/summary.json,3,7372,8192,0.00023350137053057551,0.00023777615588521737,0.014046845050410109,0.007367582506529319,/zhome/14/b/214266/Repos/ml-surrogates-for-power-systems/results/benchmark/experiments/thesis_sm4_benchmark_sm4_v2/default/qbc_deep_ensemble/b8192/ds05/dataset_manifest.json
qbc_marker_hybrid_b1024_ds01,/zhome/14/b/214266/Repos/ml-surrogates-for-power-systems/outputs/experiments/thesis_sm4_benchmark_sm4_v2/default/qbc_marker_hybrid/b1024/ds01,qbc_marker_hybrid,b1024,ds01,101,default,SM4,/zhome/14/b/214266/Repos/ml-surrogates-for-power-systems/outputs/experiments/thesis_sm4_benchmark_sm4_v2/default/qbc_marker_hybrid/b1024/ds01/data/SM4/dataset_v1,pruned_after_run,/zhome/14/b/214266/Repos/ml-surrogates-for-power-systems/outputs/experiments/thesis_sm4_benchmark_sm4_v2/default/qbc_marker_hybrid/b1024/ds01/qbc/history.jsonl,/zhome/14/b/214266/Repos/ml-surrogates-for-power-systems/outputs/experiments/thesis_sm4_benchmark_sm4_v2/default/qbc_marker_hybrid/b1024/ds01/telemetry/round_telemetry.csv,/zhome/14/b/214266/Repos/ml-surrogates-for-power-systems/outputs/experiments/thesis_sm4_benchmark_sm4_v2/default/qbc_marker_hybrid/b1024/ds01/baseline/summary.json,3,921,8192,0.0007216341812939694,0.0003051835571714039,0.02647634826539639,0.00556378879318009,/zhome/14/b/214266/Repos/ml-surrogates-for-power-systems/results/benchmark/experiments/thesis_sm4_benchmark_sm4_v2/default/qbc_marker_hybrid/b1024/ds01/dataset_manifest.json
qbc_marker_hybrid_b1024_ds02,/zhome/14/b/214266/Repos/ml-surrogates-for-power-systems/outputs/experiments/thesis_sm4_benchmark_sm4_v2/default/qbc_marker_hybrid/b1024/ds02,qbc_marker_hybrid,b1024,ds02,202,default,SM4,/zhome/14/b/214266/Repos/ml-surrogates-for-power-systems/outputs/experiments/thesis_sm4_benchmark_sm4_v2/default/qbc_marker_hybrid/b1024/ds02/data/SM4/dataset_v1,pruned_after_run,/zhome/14/b/214266/Repos/ml-surrogates-for-power-systems/outputs/experiments/thesis_sm4_benchmark_sm4_v2/default/qbc_marker_hybrid/b1024/ds02/qbc/history.jsonl,/zhome/14/b/214266/Repos/ml-surrogates-for-power-systems/outputs/experiments/thesis_sm4_benchmark_sm4_v2/default/qbc_marker_hybrid/b1024/ds02/telemetry/round_telemetry.csv,/zhome/14/b/214266/Repos/ml-surrogates-for-power-systems/outputs/experiments/thesis_sm4_benchmark_sm4_v2/default/qbc_marker_hybrid/b1024/ds02/baseline/summary.json,3,921,8192,0.0006876145392501106,0.0003094233099977864,0.02580862930645345,0.005682762431975673,/zhome/14/b/214266/Repos/ml-surrogates-for-power-systems/results/benchmark/experiments/thesis_sm4_benchmark_sm4_v2/default/qbc_marker_hybrid/b1024/ds02/dataset_manifest.json
qbc_marker_hybrid_b1024_ds03,/zhome/14/b/214266/Repos/ml-surrogates-for-power-systems/outputs/experiments/thesis_sm4_benchmark_sm4_v2/default/qbc_marker_hybrid/b1024/ds03,qbc_marker_hybrid,b1024,ds03,303,default,SM4,/zhome/14/b/214266/Repos/ml-surrogates-for-power-systems/outputs/experiments/thesis_sm4_benchmark_sm4_v2/default/qbc_marker_hybrid/b1024/ds03/data/SM4/dataset_v1,pruned_after_run,/zhome/14/b/214266/Repos/ml-surrogates-for-power-systems/outputs/experiments/thesis_sm4_benchmark_sm4_v2/default/qbc_marker_hybrid/b1024/ds03/qbc/history.jsonl,/zhome/14/b/214266/Repos/ml-surrogates-for-power-systems/outputs/experiments/thesis_sm4_benchmark_sm4_v2/default/qbc_marker_hybrid/b1024/ds03/telemetry/round_telemetry.csv,/zhome/14/b/214266/Repos/ml-surrogates-for-power-systems/outputs/experiments/thesis_sm4_benchmark_sm4_v2/default/qbc_marker_hybrid/b1024/ds03/baseline/summary.json,3,921,8192,0.0007163380893568198,0.00012640568406535027,0.026693857841985094,0.0023799294743891077,/zhome/14/b/214266/Repos/ml-surrogates-for-power-systems/results/benchmark/experiments/thesis_sm4_benchmark_sm4_v2/default/qbc_marker_hybrid/b1024/ds03/dataset_manifest.json
qbc_marker_hybrid_b1024_ds04,/zhome/14/b/214266/Repos/ml-surrogates-for-power-systems/outputs/experiments/thesis_sm4_benchmark_sm4_v2/default/qbc_marker_hybrid/b1024/ds04,qbc_marker_hybrid,b1024,ds04,404,default,SM4,/zhome/14/b/214266/Repos/ml-surrogates-for-power-systems/outputs/experiments/thesis_sm4_benchmark_sm4_v2/default/qbc_marker_hybrid/b1024/ds04/data/SM4/dataset_v1,pruned_after_run,/zhome/14/b/214266/Repos/ml-surrogates-for-power-systems/outputs/experiments/thesis_sm4_benchmark_sm4_v2/default/qbc_marker_hybrid/b1024/ds04/qbc/history.jsonl,/zhome/14/b/214266/Repos/ml-surrogates-for-power-systems/outputs/experiments/thesis_sm4_benchmark_sm4_v2/default/qbc_marker_hybrid/b1024/ds04/telemetry/round_telemetry.csv,/zhome/14/b/214266/Repos/ml-surrogates-for-power-systems/outputs/experiments/thesis_sm4_benchmark_sm4_v2/default/qbc_marker_hybrid/b1024/ds04/baseline/summary.json,3,921,8192,0.0008447679768626889,7.66934177413817e-05,0.029045036616199876,0.0013155748703308717,/zhome/14/b/214266/Repos/ml-surrogates-for-power-systems/results/benchmark/experiments/thesis_sm4_benchmark_sm4_v2/default/qbc_marker_hybrid/b1024/ds04/dataset_manifest.json
qbc_marker_hybrid_b1024_ds05,/zhome/14/b/214266/Repos/ml-surrogates-for-power-systems/outputs/experiments/thesis_sm4_benchmark_sm4_v2/default/qbc_marker_hybrid/b1024/ds05,qbc_marker_hybrid,b1024,ds05,505,default,SM4,/zhome/14/b/214266/Repos/ml-surrogates-for-power-systems/outputs/experiments/thesis_sm4_benchmark_sm4_v2/default/qbc_marker_hybrid/b1024/ds05/data/SM4/dataset_v1,pruned_after_run,/zhome/14/b/214266/Repos/ml-surrogates-for-power-systems/outputs/experiments/thesis_sm4_benchmark_sm4_v2/default/qbc_marker_hybrid/b1024/ds05/qbc/history.jsonl,/zhome/14/b/214266/Repos/ml-surrogates-for-power-systems/outputs/experiments/thesis_sm4_benchmark_sm4_v2/default/qbc_marker_hybrid/b1024/ds05/telemetry/round_telemetry.csv,/zhome/14/b/214266/Repos/ml-surrogates-for-power-systems/outputs/experiments/thesis_sm4_benchmark_sm4_v2/default/qbc_marker_hybrid/b1024/ds05/baseline/summary.json,3,921,8192,0.0007762107416056097,0.0004267097950703454,0.027214301445644948,0.007306764512885676,/zhome/14/b/214266/Repos/ml-surrogates-for-power-systems/results/benchmark/experiments/thesis_sm4_benchmark_sm4_v2/default/qbc_marker_hybrid/b1024/ds05/dataset_manifest.json
qbc_marker_hybrid_b4096_ds01,/zhome/14/b/214266/Repos/ml-surrogates-for-power-systems/outputs/experiments/thesis_sm4_benchmark_sm4_v2/default/qbc_marker_hybrid/b4096/ds01,qbc_marker_hybrid,b4096,ds01,101,default,SM4,/zhome/14/b/214266/Repos/ml-surrogates-for-power-systems/outputs/experiments/thesis_sm4_benchmark_sm4_v2/default/qbc_marker_hybrid/b4096/ds01/data/SM4/dataset_v1,pruned_after_run,/zhome/14/b/214266/Repos/ml-surrogates-for-power-systems/outputs/experiments/thesis_sm4_benchmark_sm4_v2/default/qbc_marker_hybrid/b4096/ds01/qbc/history.jsonl,/zhome/14/b/214266/Repos/ml-surrogates-for-power-systems/outputs/experiments/thesis_sm4_benchmark_sm4_v2/default/qbc_marker_hybrid/b4096/ds01/telemetry/round_telemetry.csv,/zhome/14/b/214266/Repos/ml-surrogates-for-power-systems/outputs/experiments/thesis_sm4_benchmark_sm4_v2/default/qbc_marker_hybrid/b4096/ds01/baseline/summary.json,3,3686,8192,0.0003073377495942016,5.8705052992368646e-05,0.0174759080618094,0.0017016405360945907,/zhome/14/b/214266/Repos/ml-surrogates-for-power-systems/results/benchmark/experiments/thesis_sm4_benchmark_sm4_v2/default/qbc_marker_hybrid/b4096/ds01/dataset_manifest.json
qbc_marker_hybrid_b4096_ds02,/zhome/14/b/214266/Repos/ml-surrogates-for-power-systems/outputs/experiments/thesis_sm4_benchmark_sm4_v2/default/qbc_marker_hybrid/b4096/ds02,qbc_marker_hybrid,b4096,ds02,202,default,SM4,/zhome/14/b/214266/Repos/ml-surrogates-for-power-systems/outputs/experiments/thesis_sm4_benchmark_sm4_v2/default/qbc_marker_hybrid/b4096/ds02/data/SM4/dataset_v1,pruned_after_run,/zhome/14/b/214266/Repos/ml-surrogates-for-power-systems/outputs/experiments/thesis_sm4_benchmark_sm4_v2/default/qbc_marker_hybrid/b4096/ds02/qbc/history.jsonl,/zhome/14/b/214266/Repos/ml-surrogates-for-power-systems/outputs/experiments/thesis_sm4_benchmark_sm4_v2/default/qbc_marker_hybrid/b4096/ds02/telemetry/round_telemetry.csv,/zhome/14/b/214266/Repos/ml-surrogates-for-power-systems/outputs/experiments/thesis_sm4_benchmark_sm4_v2/default/qbc_marker_hybrid/b4096/ds02/baseline/summary.json,3,3686,8192,0.0002480016337358393,0.00022355538964337278,0.01476441146180603,0.006709745291998421,/zhome/14/b/214266/Repos/ml-surrogates-for-power-systems/results/benchmark/experiments/thesis_sm4_benchmark_sm4_v2/default/qbc_marker_hybrid/b4096/ds02/dataset_manifest.json
qbc_marker_hybrid_b4096_ds03,/zhome/14/b/214266/Repos/ml-surrogates-for-power-systems/outputs/experiments/thesis_sm4_benchmark_sm4_v2/default/qbc_marker_hybrid/b4096/ds03,qbc_marker_hybrid,b4096,ds03,303,default,SM4,/zhome/14/b/214266/Repos/ml-surrogates-for-power-systems/outputs/experiments/thesis_sm4_benchmark_sm4_v2/default/qbc_marker_hybrid/b4096/ds03/data/SM4/dataset_v1,pruned_after_run,/zhome/14/b/214266/Repos/ml-surrogates-for-power-systems/outputs/experiments/thesis_sm4_benchmark_sm4_v2/default/qbc_marker_hybrid/b4096/ds03/qbc/history.jsonl,/zhome/14/b/214266/Repos/ml-surrogates-for-power-systems/outputs/experiments/thesis_sm4_benchmark_sm4_v2/default/qbc_marker_hybrid/b4096/ds03/telemetry/round_telemetry.csv,/zhome/14/b/214266/Repos/ml-surrogates-for-power-systems/outputs/experiments/thesis_sm4_benchmark_sm4_v2/default/qbc_marker_hybrid/b4096/ds03/baseline/summary.json,3,3686,8192,0.00022423807240556926,9.77493265975062e-05,0.014756063714533366,0.003121695707031918,/zhome/14/b/214266/Repos/ml-surrogates-for-power-systems/results/benchmark/experiments/thesis_sm4_benchmark_sm4_v2/default/qbc_marker_hybrid/b4096/ds03/dataset_manifest.json
qbc_marker_hybrid_b4096_ds04,/zhome/14/b/214266/Repos/ml-surrogates-for-power-systems/outputs/experiments/thesis_sm4_benchmark_sm4_v2/default/qbc_marker_hybrid/b4096/ds04,qbc_marker_hybrid,b4096,ds04,404,default,SM4,/zhome/14/b/214266/Repos/ml-surrogates-for-power-systems/outputs/experiments/thesis_sm4_benchmark_sm4_v2/default/qbc_marker_hybrid/b4096/ds04/data/SM4/dataset_v1,pruned_after_run,/zhome/14/b/214266/Repos/ml-surrogates-for-power-systems/outputs/experiments/thesis_sm4_benchmark_sm4_v2/default/qbc_marker_hybrid/b4096/ds04/qbc/history.jsonl,/zhome/14/b/214266/Repos/ml-surrogates-for-power-systems/outputs/experiments/thesis_sm4_benchmark_sm4_v2/default/qbc_marker_hybrid/b4096/ds04/telemetry/round_telemetry.csv,/zhome/14/b/214266/Repos/ml-surrogates-for-power-systems/outputs/experiments/thesis_sm4_benchmark_sm4_v2/default/qbc_marker_hybrid/b4096/ds04/baseline/summary.json,3,3686,8192,0.00035981546291926253,0.00024897140135330027,0.018096783337334298,0.006962962274870047,/zhome/14/b/214266/Repos/ml-surrogates-for-power-systems/results/benchmark/experiments/thesis_sm4_benchmark_sm4_v2/default/qbc_marker_hybrid/b4096/ds04/dataset_manifest.json
qbc_marker_hybrid_b4096_ds05,/zhome/14/b/214266/Repos/ml-surrogates-for-power-systems/outputs/experiments/thesis_sm4_benchmark_sm4_v2/default/qbc_marker_hybrid/b4096/ds05,qbc_marker_hybrid,b4096,ds05,505,default,SM4,/zhome/14/b/214266/Repos/ml-surrogates-for-power-systems/outputs/experiments/thesis_sm4_benchmark_sm4_v2/default/qbc_marker_hybrid/b4096/ds05/data/SM4/dataset_v1,pruned_after_run,/zhome/14/b/214266/Repos/ml-surrogates-for-power-systems/outputs/experiments/thesis_sm4_benchmark_sm4_v2/default/qbc_marker_hybrid/b4096/ds05/qbc/history.jsonl,/zhome/14/b/214266/Repos/ml-surrogates-for-power-systems/outputs/experiments/thesis_sm4_benchmark_sm4_v2/default/qbc_marker_hybrid/b4096/ds05/telemetry/round_telemetry.csv,/zhome/14/b/214266/Repos/ml-surrogates-for-power-systems/outputs/experiments/thesis_sm4_benchmark_sm4_v2/default/qbc_marker_hybrid/b4096/ds05/baseline/summary.json,3,3686,8192,0.0002959381624047334,8.39668385412418e-05,0.017091518343974828,0.0023931662402470024,/zhome/14/b/214266/Repos/ml-surrogates-for-power-systems/results/benchmark/experiments/thesis_sm4_benchmark_sm4_v2/default/qbc_marker_hybrid/b4096/ds05/dataset_manifest.json
qbc_marker_hybrid_b8192_ds01,/zhome/14/b/214266/Repos/ml-surrogates-for-power-systems/outputs/experiments/thesis_sm4_benchmark_sm4_v2/default/qbc_marker_hybrid/b8192/ds01,qbc_marker_hybrid,b8192,ds01,101,default,SM4,/zhome/14/b/214266/Repos/ml-surrogates-for-power-systems/outputs/experiments/thesis_sm4_benchmark_sm4_v2/default/qbc_marker_hybrid/b8192/ds01/data/SM4/dataset_v1,pruned_after_run,/zhome/14/b/214266/Repos/ml-surrogates-for-power-systems/outputs/experiments/thesis_sm4_benchmark_sm4_v2/default/qbc_marker_hybrid/b8192/ds01/qbc/history.jsonl,/zhome/14/b/214266/Repos/ml-surrogates-for-power-systems/outputs/experiments/thesis_sm4_benchmark_sm4_v2/default/qbc_marker_hybrid/b8192/ds01/telemetry/round_telemetry.csv,/zhome/14/b/214266/Repos/ml-surrogates-for-power-systems/outputs/experiments/thesis_sm4_benchmark_sm4_v2/default/qbc_marker_hybrid/b8192/ds01/baseline/summary.json,3,7372,8192,0.00013172886247048154,1.1117457471560552e-05,0.011470511550155842,0.00048408767009136365,/zhome/14/b/214266/Repos/ml-surrogates-for-power-systems/results/benchmark/experiments/thesis_sm4_benchmark_sm4_v2/default/qbc_marker_hybrid/b8192/ds01/dataset_manifest.json
qbc_marker_hybrid_b8192_ds02,/zhome/14/b/214266/Repos/ml-surrogates-for-power-systems/outputs/experiments/thesis_sm4_benchmark_sm4_v2/default/qbc_marker_hybrid/b8192/ds02,qbc_marker_hybrid,b8192,ds02,202,default,SM4,/zhome/14/b/214266/Repos/ml-surrogates-for-power-systems/outputs/experiments/thesis_sm4_benchmark_sm4_v2/default/qbc_marker_hybrid/b8192/ds02/data/SM4/dataset_v1,pruned_after_run,/zhome/14/b/214266/Repos/ml-surrogates-for-power-systems/outputs/experiments/thesis_sm4_benchmark_sm4_v2/default/qbc_marker_hybrid/b8192/ds02/qbc/history.jsonl,/zhome/14/b/214266/Repos/ml-surrogates-for-power-systems/outputs/experiments/thesis_sm4_benchmark_sm4_v2/default/qbc_marker_hybrid/b8192/ds02/telemetry/round_telemetry.csv,/zhome/14/b/214266/Repos/ml-surrogates-for-power-systems/outputs/experiments/thesis_sm4_benchmark_sm4_v2/default/qbc_marker_hybrid/b8192/ds02/baseline/summary.json,3,7372,8192,0.00018290302250534296,5.925012983575541e-05,0.013390623727985258,0.0023219233452661026,/zhome/14/b/214266/Repos/ml-surrogates-for-power-systems/results/benchmark/experiments/thesis_sm4_benchmark_sm4_v2/default/qbc_marker_hybrid/b8192/ds02/dataset_manifest.json
qbc_marker_hybrid_b8192_ds03,/zhome/14/b/214266/Repos/ml-surrogates-for-power-systems/outputs/experiments/thesis_sm4_benchmark_sm4_v2/default/qbc_marker_hybrid/b8192/ds03,qbc_marker_hybrid,b8192,ds03,303,default,SM4,/zhome/14/b/214266/Repos/ml-surrogates-for-power-systems/outputs/experiments/thesis_sm4_benchmark_sm4_v2/default/qbc_marker_hybrid/b8192/ds03/data/SM4/dataset_v1,pruned_after_run,/zhome/14/b/214266/Repos/ml-surrogates-for-power-systems/outputs/experiments/thesis_sm4_benchmark_sm4_v2/default/qbc_marker_hybrid/b8192/ds03/qbc/history.jsonl,/zhome/14/b/214266/Repos/ml-surrogates-for-power-systems/outputs/experiments/thesis_sm4_benchmark_sm4_v2/default/qbc_marker_hybrid/b8192/ds03/telemetry/round_telemetry.csv,/zhome/14/b/214266/Repos/ml-surrogates-for-power-systems/outputs/experiments/thesis_sm4_benchmark_sm4_v2/default/qbc_marker_hybrid/b8192/ds03/baseline/summary.json,3,7372,8192,0.00011567492765607312,2.104106923564192e-05,0.010725831142178318,0.0009732476294994779,/zhome/14/b/214266/Repos/ml-surrogates-for-power-systems/results/benchmark/experiments/thesis_sm4_benchmark_sm4_v2/default/qbc_marker_hybrid/b8192/ds03/dataset_manifest.json
qbc_marker_hybrid_b8192_ds04,/zhome/14/b/214266/Repos/ml-surrogates-for-power-systems/outputs/experiments/thesis_sm4_benchmark_sm4_v2/default/qbc_marker_hybrid/b8192/ds04,qbc_marker_hybrid,b8192,ds04,404,default,SM4,/zhome/14/b/214266/Repos/ml-surrogates-for-power-systems/outputs/experiments/thesis_sm4_benchmark_sm4_v2/default/qbc_marker_hybrid/b8192/ds04/data/SM4/dataset_v1,pruned_after_run,/zhome/14/b/214266/Repos/ml-surrogates-for-power-systems/outputs/experiments/thesis_sm4_benchmark_sm4_v2/default/qbc_marker_hybrid/b8192/ds04/qbc/history.jsonl,/zhome/14/b/214266/Repos/ml-surrogates-for-power-systems/outputs/experiments/thesis_sm4_benchmark_sm4_v2/default/qbc_marker_hybrid/b8192/ds04/telemetry/round_telemetry.csv,/zhome/14/b/214266/Repos/ml-surrogates-for-power-systems/outputs/experiments/thesis_sm4_benchmark_sm4_v2/default/qbc_marker_hybrid/b8192/ds04/baseline/summary.json,3,7372,8192,0.00013721914001507685,3.66683659475262e-05,0.011642353367467108,0.0015849675464047147,/zhome/14/b/214266/Repos/ml-surrogates-for-power-systems/results/benchmark/experiments/thesis_sm4_benchmark_sm4_v2/default/qbc_marker_hybrid/b8192/ds04/dataset_manifest.json
qbc_marker_hybrid_b8192_ds05,/zhome/14/b/214266/Repos/ml-surrogates-for-power-systems/outputs/experiments/thesis_sm4_benchmark_sm4_v2/default/qbc_marker_hybrid/b8192/ds05,qbc_marker_hybrid,b8192,ds05,505,default,SM4,/zhome/14/b/214266/Repos/ml-surrogates-for-power-systems/outputs/experiments/thesis_sm4_benchmark_sm4_v2/default/qbc_marker_hybrid/b8192/ds05/data/SM4/dataset_v1,pruned_after_run,/zhome/14/b/214266/Repos/ml-surrogates-for-power-systems/outputs/experiments/thesis_sm4_benchmark_sm4_v2/default/qbc_marker_hybrid/b8192/ds05/qbc/history.jsonl,/zhome/14/b/214266/Repos/ml-surrogates-for-power-systems/outputs/experiments/thesis_sm4_benchmark_sm4_v2/default/qbc_marker_hybrid/b8192/ds05/telemetry/round_telemetry.csv,/zhome/14/b/214266/Repos/ml-surrogates-for-power-systems/outputs/experiments/thesis_sm4_benchmark_sm4_v2/default/qbc_marker_hybrid/b8192/ds05/baseline/summary.json,3,7372,8192,0.000260125394561328,0.00017999180198575686,0.015429243790435676,0.0057528902236132695,/zhome/14/b/214266/Repos/ml-surrogates-for-power-systems/results/benchmark/experiments/thesis_sm4_benchmark_sm4_v2/default/qbc_marker_hybrid/b8192/ds05/dataset_manifest.json
lhs_static_b1024_ds01,/zhome/14/b/214266/Repos/ml-surrogates-for-power-systems/outputs/experiments/thesis_sm6_benchmark_sm6_v1/default/lhs_static/b1024/ds01,lhs_static,b1024,ds01,101,default,SM6,/zhome/14/b/214266/Repos/ml-surrogates-for-power-systems/outputs/experiments/thesis_sm6_benchmark_sm6_v1/default/lhs_static/b1024/ds01/data/SM6/dataset_v1,pruned_after_run,,,/zhome/14/b/214266/Repos/ml-surrogates-for-power-systems/outputs/experiments/thesis_sm6_benchmark_sm6_v1/default/lhs_static/b1024/ds01/baseline/summary.json,3,921,8192,0.0008438916023199757,0.00023732648801935894,0.02886014718466929,0.004058972800943785,/zhome/14/b/214266/Repos/ml-surrogates-for-power-systems/results/benchmark/experiments/thesis_sm6_benchmark_sm6_v1/default/lhs_static/b1024/ds01/dataset_manifest.json
lhs_static_b1024_ds02,/zhome/14/b/214266/Repos/ml-surrogates-for-power-systems/outputs/experiments/thesis_sm6_benchmark_sm6_v1/default/lhs_static/b1024/ds02,lhs_static,b1024,ds02,202,default,SM6,/zhome/14/b/214266/Repos/ml-surrogates-for-power-systems/outputs/experiments/thesis_sm6_benchmark_sm6_v1/default/lhs_static/b1024/ds02/data/SM6/dataset_v1,pruned_after_run,,,/zhome/14/b/214266/Repos/ml-surrogates-for-power-systems/outputs/experiments/thesis_sm6_benchmark_sm6_v1/default/lhs_static/b1024/ds02/baseline/summary.json,3,921,8192,0.0007289953258198997,0.0002935002483922185,0.02665109688891359,0.00529825826630412,/zhome/14/b/214266/Repos/ml-surrogates-for-power-systems/results/benchmark/experiments/thesis_sm6_benchmark_sm6_v1/default/lhs_static/b1024/ds02/dataset_manifest.json
lhs_static_b1024_ds03,/zhome/14/b/214266/Repos/ml-surrogates-for-power-systems/outputs/experiments/thesis_sm6_benchmark_sm6_v1/default/lhs_static/b1024/ds03,lhs_static,b1024,ds03,303,default,SM6,/zhome/14/b/214266/Repos/ml-surrogates-for-power-systems/outputs/experiments/thesis_sm6_benchmark_sm6_v1/default/lhs_static/b1024/ds03/data/SM6/dataset_v1,pruned_after_run,,,/zhome/14/b/214266/Repos/ml-surrogates-for-power-systems/outputs/experiments/thesis_sm6_benchmark_sm6_v1/default/lhs_static/b1024/ds03/baseline/summary.json,3,921,8192,0.0009395565915231904,0.0003091453988193869,0.030347965280973103,0.005276020492953229,/zhome/14/b/214266/Repos/ml-surrogates-for-power-systems/results/benchmark/experiments/thesis_sm6_benchmark_sm6_v1/default/lhs_static/b1024/ds03/dataset_manifest.json
lhs_static_b1024_ds04,/zhome/14/b/214266/Repos/ml-surrogates-for-power-systems/outputs/experiments/thesis_sm6_benchmark_sm6_v1/default/lhs_static/b1024/ds04,lhs_static,b1024,ds04,404,default,SM6,/zhome/14/b/214266/Repos/ml-surrogates-for-power-systems/outputs/experiments/thesis_sm6_benchmark_sm6_v1/default/lhs_static/b1024/ds04/data/SM6/dataset_v1,pruned_after_run,,,/zhome/14/b/214266/Repos/ml-surrogates-for-power-systems/outputs/experiments/thesis_sm6_benchmark_sm6_v1/default/lhs_static/b1024/ds04/baseline/summary.json,3,921,8192,0.0007347763263775656,0.00034664163746496554,0.026633665966986613,0.006175455068642069,/zhome/14/b/214266/Repos/ml-surrogates-for-power-systems/results/benchmark/experiments/thesis_sm6_benchmark_sm6_v1/default/lhs_static/b1024/ds04/dataset_manifest.json
lhs_static_b1024_ds05,/zhome/14/b/214266/Repos/ml-surrogates-for-power-systems/outputs/experiments/thesis_sm6_benchmark_sm6_v1/default/lhs_static/b1024/ds05,lhs_static,b1024,ds05,505,default,SM6,/zhome/14/b/214266/Repos/ml-surrogates-for-power-systems/outputs/experiments/thesis_sm6_benchmark_sm6_v1/default/lhs_static/b1024/ds05/data/SM6/dataset_v1,pruned_after_run,,,/zhome/14/b/214266/Repos/ml-surrogates-for-power-systems/outputs/experiments/thesis_sm6_benchmark_sm6_v1/default/lhs_static/b1024/ds05/baseline/summary.json,3,921,8192,0.0009211502620019019,0.00047015232594365623,0.029687257630983035,0.007728227127246722,/zhome/14/b/214266/Repos/ml-surrogates-for-power-systems/results/benchmark/experiments/thesis_sm6_benchmark_sm6_v1/default/lhs_static/b1024/ds05/dataset_manifest.json
lhs_static_b4096_ds01,/zhome/14/b/214266/Repos/ml-surrogates-for-power-systems/outputs/experiments/thesis_sm6_benchmark_sm6_v1/default/lhs_static/b4096/ds01,lhs_static,b4096,ds01,101,default,SM6,/zhome/14/b/214266/Repos/ml-surrogates-for-power-systems/outputs/experiments/thesis_sm6_benchmark_sm6_v1/default/lhs_static/b4096/ds01/data/SM6/dataset_v1,pruned_after_run,,,/zhome/14/b/214266/Repos/ml-surrogates-for-power-systems/outputs/experiments/thesis_sm6_benchmark_sm6_v1/default/lhs_static/b4096/ds01/baseline/summary.json,3,3686,8192,0.00026694725481017184,0.0001954724655631787,0.015667224169485936,0.005676972119877935,/zhome/14/b/214266/Repos/ml-surrogates-for-power-systems/results/benchmark/experiments/thesis_sm6_benchmark_sm6_v1/default/lhs_static/b4096/ds01/dataset_manifest.json
lhs_static_b4096_ds02,/zhome/14/b/214266/Repos/ml-surrogates-for-power-systems/outputs/experiments/thesis_sm6_benchmark_sm6_v1/default/lhs_static/b4096/ds02,lhs_static,b4096,ds02,202,default,SM6,/zhome/14/b/214266/Repos/ml-surrogates-for-power-systems/outputs/experiments/thesis_sm6_benchmark_sm6_v1/default/lhs_static/b4096/ds02/data/SM6/dataset_v1,pruned_after_run,,,/zhome/14/b/214266/Repos/ml-surrogates-for-power-systems/outputs/experiments/thesis_sm6_benchmark_sm6_v1/default/lhs_static/b4096/ds02/baseline/summary.json,3,3686,8192,0.0001660989122077202,5.824293303974643e-05,0.012760938157506162,0.0022104421100845664,/zhome/14/b/214266/Repos/ml-surrogates-for-power-systems/results/benchmark/experiments/thesis_sm6_benchmark_sm6_v1/default/lhs_static/b4096/ds02/dataset_manifest.json
lhs_static_b4096_ds03,/zhome/14/b/214266/Repos/ml-surrogates-for-power-systems/outputs/experiments/thesis_sm6_benchmark_sm6_v1/default/lhs_static/b4096/ds03,lhs_static,b4096,ds03,303,default,SM6,/zhome/14/b/214266/Repos/ml-surrogates-for-power-systems/outputs/experiments/thesis_sm6_benchmark_sm6_v1/default/lhs_static/b4096/ds03/data/SM6/dataset_v1,pruned_after_run,,,/zhome/14/b/214266/Repos/ml-surrogates-for-power-systems/outputs/experiments/thesis_sm6_benchmark_sm6_v1/default/lhs_static/b4096/ds03/baseline/summary.json,3,3686,8192,0.00018846460443455726,2.2319818801467144e-05,0.013711789341529067,0.0008228950310523916,/zhome/14/b/214266/Repos/ml-surrogates-for-power-systems/results/benchmark/experiments/thesis_sm6_benchmark_sm6_v1/default/lhs_static/b4096/ds03/dataset_manifest.json
lhs_static_b4096_ds04,/zhome/14/b/214266/Repos/ml-surrogates-for-power-systems/outputs/experiments/thesis_sm6_benchmark_sm6_v1/default/lhs_static/b4096/ds04,lhs_static,b4096,ds04,404,default,SM6,/zhome/14/b/214266/Repos/ml-surrogates-for-power-systems/outputs/experiments/thesis_sm6_benchmark_sm6_v1/default/lhs_static/b4096/ds04/data/SM6/dataset_v1,pruned_after_run,,,/zhome/14/b/214266/Repos/ml-surrogates-for-power-systems/outputs/experiments/thesis_sm6_benchmark_sm6_v1/default/lhs_static/b4096/ds04/baseline/summary.json,3,3686,8192,0.0002829048899002373,0.00017934260911122926,0.01630024168113331,0.005080405156611279,/zhome/14/b/214266/Repos/ml-surrogates-for-power-systems/results/benchmark/experiments/thesis_sm6_benchmark_sm6_v1/default/lhs_static/b4096/ds04/dataset_manifest.json
lhs_static_b4096_ds05,/zhome/14/b/214266/Repos/ml-surrogates-for-power-systems/outputs/experiments/thesis_sm6_benchmark_sm6_v1/default/lhs_static/b4096/ds05,lhs_static,b4096,ds05,505,default,SM6,/zhome/14/b/214266/Repos/ml-surrogates-for-power-systems/outputs/experiments/thesis_sm6_benchmark_sm6_v1/default/lhs_static/b4096/ds05/data/SM6/dataset_v1,pruned_after_run,,,/zhome/14/b/214266/Repos/ml-surrogates-for-power-systems/outputs/experiments/thesis_sm6_benchmark_sm6_v1/default/lhs_static/b4096/ds05/baseline/summary.json,3,3686,8192,0.00022102317840714628,0.00010534564455949932,0.014536578745150576,0.003816619602445886,/zhome/14/b/214266/Repos/ml-surrogates-for-power-systems/results/benchmark/experiments/thesis_sm6_benchmark_sm6_v1/default/lhs_static/b4096/ds05/dataset_manifest.json
lhs_static_b8192_ds01,/zhome/14/b/214266/Repos/ml-surrogates-for-power-systems/outputs/experiments/thesis_sm6_benchmark_sm6_v1/default/lhs_static/b8192/ds01,lhs_static,b8192,ds01,101,default,SM6,/zhome/14/b/214266/Repos/ml-surrogates-for-power-systems/outputs/experiments/thesis_sm6_benchmark_sm6_v1/default/lhs_static/b8192/ds01/data/SM6/dataset_v1,pruned_after_run,,,/zhome/14/b/214266/Repos/ml-surrogates-for-power-systems/outputs/experiments/thesis_sm6_benchmark_sm6_v1/default/lhs_static/b8192/ds01/baseline/summary.json,3,7372,8192,0.00018712335440795869,4.3544782093421786e-05,0.013618975430816273,0.001571716874685785,/zhome/14/b/214266/Repos/ml-surrogates-for-power-systems/results/benchmark/experiments/thesis_sm6_benchmark_sm6_v1/default/lhs_static/b8192/ds01/dataset_manifest.json
lhs_static_b8192_ds02,/zhome/14/b/214266/Repos/ml-surrogates-for-power-systems/outputs/experiments/thesis_sm6_benchmark_sm6_v1/default/lhs_static/b8192/ds02,lhs_static,b8192,ds02,202,default,SM6,/zhome/14/b/214266/Repos/ml-surrogates-for-power-systems/outputs/experiments/thesis_sm6_benchmark_sm6_v1/default/lhs_static/b8192/ds02/data/SM6/dataset_v1,pruned_after_run,,,/zhome/14/b/214266/Repos/ml-surrogates-for-power-systems/outputs/experiments/thesis_sm6_benchmark_sm6_v1/default/lhs_static/b8192/ds02/baseline/summary.json,3,7372,8192,0.00020224321633577347,7.70692597578555e-05,0.014038817417227104,0.002780689265686037,/zhome/14/b/214266/Repos/ml-surrogates-for-power-systems/results/benchmark/experiments/thesis_sm6_benchmark_sm6_v1/default/lhs_static/b8192/ds02/dataset_manifest.json
lhs_static_b8192_ds03,/zhome/14/b/214266/Repos/ml-surrogates-for-power-systems/outputs/experiments/thesis_sm6_benchmark_sm6_v1/default/lhs_static/b8192/ds03,lhs_static,b8192,ds03,303,default,SM6,/zhome/14/b/214266/Repos/ml-surrogates-for-power-systems/outputs/experiments/thesis_sm6_benchmark_sm6_v1/default/lhs_static/b8192/ds03/data/SM6/dataset_v1,pruned_after_run,,,/zhome/14/b/214266/Repos/ml-surrogates-for-power-systems/outputs/experiments/thesis_sm6_benchmark_sm6_v1/default/lhs_static/b8192/ds03/baseline/summary.json,3,7372,8192,0.00015062132782380408,3.695848345906374e-05,0.012206484771412927,0.001560316001200582,/zhome/14/b/214266/Repos/ml-surrogates-for-power-systems/results/benchmark/experiments/thesis_sm6_benchmark_sm6_v1/default/lhs_static/b8192/ds03/dataset_manifest.json
lhs_static_b8192_ds04,/zhome/14/b/214266/Repos/ml-surrogates-for-power-systems/outputs/experiments/thesis_sm6_benchmark_sm6_v1/default/lhs_static/b8192/ds04,lhs_static,b8192,ds04,404,default,SM6,/zhome/14/b/214266/Repos/ml-surrogates-for-power-systems/outputs/experiments/thesis_sm6_benchmark_sm6_v1/default/lhs_static/b8192/ds04/data/SM6/dataset_v1,pruned_after_run,,,/zhome/14/b/214266/Repos/ml-surrogates-for-power-systems/outputs/experiments/thesis_sm6_benchmark_sm6_v1/default/lhs_static/b8192/ds04/baseline/summary.json,3,7372,8192,0.00012590461604607603,6.100573702685232e-05,0.011005464748926082,0.0026789069710111387,/zhome/14/b/214266/Repos/ml-surrogates-for-power-systems/results/benchmark/experiments/thesis_sm6_benchmark_sm6_v1/default/lhs_static/b8192/ds04/dataset_manifest.json
lhs_static_b8192_ds05,/zhome/14/b/214266/Repos/ml-surrogates-for-power-systems/outputs/experiments/thesis_sm6_benchmark_sm6_v1/default/lhs_static/b8192/ds05,lhs_static,b8192,ds05,505,default,SM6,/zhome/14/b/214266/Repos/ml-surrogates-for-power-systems/outputs/experiments/thesis_sm6_benchmark_sm6_v1/default/lhs_static/b8192/ds05/data/SM6/dataset_v1,pruned_after_run,,,/zhome/14/b/214266/Repos/ml-surrogates-for-power-systems/outputs/experiments/thesis_sm6_benchmark_sm6_v1/default/lhs_static/b8192/ds05/baseline/summary.json,3,7372,8192,0.00019869155706449723,8.915266055057019e-05,0.013828162696685208,0.003348165206161635,/zhome/14/b/214266/Repos/ml-surrogates-for-power-systems/results/benchmark/experiments/thesis_sm6_benchmark_sm6_v1/default/lhs_static/b8192/ds05/dataset_manifest.json
marker_directed_b1024_ds01,/zhome/14/b/214266/Repos/ml-surrogates-for-power-systems/outputs/experiments/thesis_sm6_benchmark_sm6_v1/default/marker_directed/b1024/ds01,marker_directed,b1024,ds01,101,default,SM6,/zhome/14/b/214266/Repos/ml-surrogates-for-power-systems/outputs/experiments/thesis_sm6_benchmark_sm6_v1/default/marker_directed/b1024/ds01/data/SM6/dataset_v1,pruned_after_run,/zhome/14/b/214266/Repos/ml-surrogates-for-power-systems/outputs/experiments/thesis_sm6_benchmark_sm6_v1/default/marker_directed/b1024/ds01/qbc/history.jsonl,/zhome/14/b/214266/Repos/ml-surrogates-for-power-systems/outputs/experiments/thesis_sm6_benchmark_sm6_v1/default/marker_directed/b1024/ds01/telemetry/round_telemetry.csv,/zhome/14/b/214266/Repos/ml-surrogates-for-power-systems/outputs/experiments/thesis_sm6_benchmark_sm6_v1/default/marker_directed/b1024/ds01/baseline/summary.json,3,921,8192,0.0009392210437605778,0.00024115979517755077,0.030480153557375347,0.003907930951167822,/zhome/14/b/214266/Repos/ml-surrogates-for-power-systems/results/benchmark/experiments/thesis_sm6_benchmark_sm6_v1/default/marker_directed/b1024/ds01/dataset_manifest.json
marker_directed_b1024_ds02,/zhome/14/b/214266/Repos/ml-surrogates-for-power-systems/outputs/experiments/thesis_sm6_benchmark_sm6_v1/default/marker_directed/b1024/ds02,marker_directed,b1024,ds02,202,default,SM6,/zhome/14/b/214266/Repos/ml-surrogates-for-power-systems/outputs/experiments/thesis_sm6_benchmark_sm6_v1/default/marker_directed/b1024/ds02/data/SM6/dataset_v1,pruned_after_run,/zhome/14/b/214266/Repos/ml-surrogates-for-power-systems/outputs/experiments/thesis_sm6_benchmark_sm6_v1/default/marker_directed/b1024/ds02/qbc/history.jsonl,/zhome/14/b/214266/Repos/ml-surrogates-for-power-systems/outputs/experiments/thesis_sm6_benchmark_sm6_v1/default/marker_directed/b1024/ds02/telemetry/round_telemetry.csv,/zhome/14/b/214266/Repos/ml-surrogates-for-power-systems/outputs/experiments/thesis_sm6_benchmark_sm6_v1/default/marker_directed/b1024/ds02/baseline/summary.json,3,921,8192,0.0008943212645438811,0.00029129093606584814,0.02965823284398298,0.004697417766598528,/zhome/14/b/214266/Repos/ml-surrogates-for-power-systems/results/benchmark/experiments/thesis_sm6_benchmark_sm6_v1/default/marker_directed/b1024/ds02/dataset_manifest.json
marker_directed_b1024_ds03,/zhome/14/b/214266/Repos/ml-surrogates-for-power-systems/outputs/experiments/thesis_sm6_benchmark_sm6_v1/default/marker_directed/b1024/ds03,marker_directed,b1024,ds03,303,default,SM6,/zhome/14/b/214266/Repos/ml-surrogates-for-power-systems/outputs/experiments/thesis_sm6_benchmark_sm6_v1/default/marker_directed/b1024/ds03/data/SM6/dataset_v1,pruned_after_run,/zhome/14/b/214266/Repos/ml-surrogates-for-power-systems/outputs/experiments/thesis_sm6_benchmark_sm6_v1/default/marker_directed/b1024/ds03/qbc/history.jsonl,/zhome/14/b/214266/Repos/ml-surrogates-for-power-systems/outputs/experiments/thesis_sm6_benchmark_sm6_v1/default/marker_directed/b1024/ds03/telemetry/round_telemetry.csv,/zhome/14/b/214266/Repos/ml-surrogates-for-power-systems/outputs/experiments/thesis_sm6_benchmark_sm6_v1/default/marker_directed/b1024/ds03/baseline/summary.json,3,921,8192,0.0008722739682222406,0.0004315207734499077,0.02891285025721766,0.007381164362004412,/zhome/14/b/214266/Repos/ml-surrogates-for-power-systems/results/benchmark/experiments/thesis_sm6_benchmark_sm6_v1/default/marker_directed/b1024/ds03/dataset_manifest.json
marker_directed_b1024_ds04,/zhome/14/b/214266/Repos/ml-surrogates-for-power-systems/outputs/experiments/thesis_sm6_benchmark_sm6_v1/default/marker_directed/b1024/ds04,marker_directed,b1024,ds04,404,default,SM6,/zhome/14/b/214266/Repos/ml-surrogates-for-power-systems/outputs/experiments/thesis_sm6_benchmark_sm6_v1/default/marker_directed/b1024/ds04/data/SM6/dataset_v1,pruned_after_run,/zhome/14/b/214266/Repos/ml-surrogates-for-power-systems/outputs/experiments/thesis_sm6_benchmark_sm6_v1/default/marker_directed/b1024/ds04/qbc/history.jsonl,/zhome/14/b/214266/Repos/ml-surrogates-for-power-systems/outputs/experiments/thesis_sm6_benchmark_sm6_v1/default/marker_directed/b1024/ds04/telemetry/round_telemetry.csv,/zhome/14/b/214266/Repos/ml-surrogates-for-power-systems/outputs/experiments/thesis_sm6_benchmark_sm6_v1/default/marker_directed/b1024/ds04/baseline/summary.json,3,921,8192,0.0011718776853134234,0.00039386081845137276,0.03388874561885178,0.0059283984803036585,/zhome/14/b/214266/Repos/ml-surrogates-for-power-systems/results/benchmark/experiments/thesis_sm6_benchmark_sm6_v1/default/marker_directed/b1024/ds04/dataset_manifest.json
marker_directed_b1024_ds05,/zhome/14/b/214266/Repos/ml-surrogates-for-power-systems/outputs/experiments/thesis_sm6_benchmark_sm6_v1/default/marker_directed/b1024/ds05,marker_directed,b1024,ds05,505,default,SM6,/zhome/14/b/214266/Repos/ml-surrogates-for-power-systems/outputs/experiments/thesis_sm6_benchmark_sm6_v1/default/marker_directed/b1024/ds05/data/SM6/dataset_v1,pruned_after_run,/zhome/14/b/214266/Repos/ml-surrogates-for-power-systems/outputs/experiments/thesis_sm6_benchmark_sm6_v1/default/marker_directed/b1024/ds05/qbc/history.jsonl,/zhome/14/b/214266/Repos/ml-surrogates-for-power-systems/outputs/experiments/thesis_sm6_benchmark_sm6_v1/default/marker_directed/b1024/ds05/telemetry/round_telemetry.csv,/zhome/14/b/214266/Repos/ml-surrogates-for-power-systems/outputs/experiments/thesis_sm6_benchmark_sm6_v1/default/marker_directed/b1024/ds05/baseline/summary.json,3,921,8192,0.0013080979309355218,0.0008180580725187433,0.035079982703288194,0.010781424614065824,/zhome/14/b/214266/Repos/ml-surrogates-for-power-systems/results/benchmark/experiments/thesis_sm6_benchmark_sm6_v1/default/marker_directed/b1024/ds05/dataset_manifest.json
marker_directed_b4096_ds01,/zhome/14/b/214266/Repos/ml-surrogates-for-power-systems/outputs/experiments/thesis_sm6_benchmark_sm6_v1/default/marker_directed/b4096/ds01,marker_directed,b4096,ds01,101,default,SM6,/zhome/14/b/214266/Repos/ml-surrogates-for-power-systems/outputs/experiments/thesis_sm6_benchmark_sm6_v1/default/marker_directed/b4096/ds01/data/SM6/dataset_v1,pruned_after_run,/zhome/14/b/214266/Repos/ml-surrogates-for-power-systems/outputs/experiments/thesis_sm6_benchmark_sm6_v1/default/marker_directed/b4096/ds01/qbc/history.jsonl,/zhome/14/b/214266/Repos/ml-surrogates-for-power-systems/outputs/experiments/thesis_sm6_benchmark_sm6_v1/default/marker_directed/b4096/ds01/telemetry/round_telemetry.csv,/zhome/14/b/214266/Repos/ml-surrogates-for-power-systems/outputs/experiments/thesis_sm6_benchmark_sm6_v1/default/marker_directed/b4096/ds01/baseline/summary.json,3,3686,8192,0.00021646915411110967,9.900200388060611e-05,0.014455237832022674,0.003357510982283625,/zhome/14/b/214266/Repos/ml-surrogates-for-power-systems/results/benchmark/experiments/thesis_sm6_benchmark_sm6_v1/default/marker_directed/b4096/ds01/dataset_manifest.json
marker_directed_b4096_ds02,/zhome/14/b/214266/Repos/ml-surrogates-for-power-systems/outputs/experiments/thesis_sm6_benchmark_sm6_v1/default/marker_directed/b4096/ds02,marker_directed,b4096,ds02,202,default,SM6,/zhome/14/b/214266/Repos/ml-surrogates-for-power-systems/outputs/experiments/thesis_sm6_benchmark_sm6_v1/default/marker_directed/b4096/ds02/data/SM6/dataset_v1,pruned_after_run,/zhome/14/b/214266/Repos/ml-surrogates-for-power-systems/outputs/experiments/thesis_sm6_benchmark_sm6_v1/default/marker_directed/b4096/ds02/qbc/history.jsonl,/zhome/14/b/214266/Repos/ml-surrogates-for-power-systems/outputs/experiments/thesis_sm6_benchmark_sm6_v1/default/marker_directed/b4096/ds02/telemetry/round_telemetry.csv,/zhome/14/b/214266/Repos/ml-surrogates-for-power-systems/outputs/experiments/thesis_sm6_benchmark_sm6_v1/default/marker_directed/b4096/ds02/baseline/summary.json,3,3686,8192,0.00022368474553028742,1.82414343841803e-05,0.014947683785436745,0.0006142006767484739,/zhome/14/b/214266/Repos/ml-surrogates-for-power-systems/results/benchmark/experiments/thesis_sm6_benchmark_sm6_v1/default/marker_directed/b4096/ds02/dataset_manifest.json
marker_directed_b4096_ds03,/zhome/14/b/214266/Repos/ml-surrogates-for-power-systems/outputs/experiments/thesis_sm6_benchmark_sm6_v1/default/marker_directed/b4096/ds03,marker_directed,b4096,ds03,303,default,SM6,/zhome/14/b/214266/Repos/ml-surrogates-for-power-systems/outputs/experiments/thesis_sm6_benchmark_sm6_v1/default/marker_directed/b4096/ds03/data/SM6/dataset_v1,pruned_after_run,/zhome/14/b/214266/Repos/ml-surrogates-for-power-systems/outputs/experiments/thesis_sm6_benchmark_sm6_v1/default/marker_directed/b4096/ds03/qbc/history.jsonl,/zhome/14/b/214266/Repos/ml-surrogates-for-power-systems/outputs/experiments/thesis_sm6_benchmark_sm6_v1/default/marker_directed/b4096/ds03/telemetry/round_telemetry.csv,/zhome/14/b/214266/Repos/ml-surrogates-for-power-systems/outputs/experiments/thesis_sm6_benchmark_sm6_v1/default/marker_directed/b4096/ds03/baseline/summary.json,3,3686,8192,0.00015970410216444483,3.0830629008982305e-05,0.01259929546510894,0.0012011594069877615,/zhome/14/b/214266/Repos/ml-surrogates-for-power-systems/results/benchmark/experiments/thesis_sm6_benchmark_sm6_v1/default/marker_directed/b4096/ds03/dataset_manifest.json
marker_directed_b4096_ds04,/zhome/14/b/214266/Repos/ml-surrogates-for-power-systems/outputs/experiments/thesis_sm6_benchmark_sm6_v1/default/marker_directed/b4096/ds04,marker_directed,b4096,ds04,404,default,SM6,/zhome/14/b/214266/Repos/ml-surrogates-for-power-systems/outputs/experiments/thesis_sm6_benchmark_sm6_v1/default/marker_directed/b4096/ds04/data/SM6/dataset_v1,pruned_after_run,/zhome/14/b/214266/Repos/ml-surrogates-for-power-systems/outputs/experiments/thesis_sm6_benchmark_sm6_v1/default/marker_directed/b4096/ds04/qbc/history.jsonl,/zhome/14/b/214266/Repos/ml-surrogates-for-power-systems/outputs/experiments/thesis_sm6_benchmark_sm6_v1/default/marker_directed/b4096/ds04/telemetry/round_telemetry.csv,/zhome/14/b/214266/Repos/ml-surrogates-for-power-systems/outputs/experiments/thesis_sm6_benchmark_sm6_v1/default/marker_directed/b4096/ds04/baseline/summary.json,3,3686,8192,0.0001691583941768234,5.532455615750874e-05,0.012883430094473444,0.0021825294422891622,/zhome/14/b/214266/Repos/ml-surrogates-for-power-systems/results/benchmark/experiments/thesis_sm6_benchmark_sm6_v1/default/marker_directed/b4096/ds04/dataset_manifest.json
marker_directed_b4096_ds05,/zhome/14/b/214266/Repos/ml-surrogates-for-power-systems/outputs/experiments/thesis_sm6_benchmark_sm6_v1/default/marker_directed/b4096/ds05,marker_directed,b4096,ds05,505,default,SM6,/zhome/14/b/214266/Repos/ml-surrogates-for-power-systems/outputs/experiments/thesis_sm6_benchmark_sm6_v1/default/marker_directed/b4096/ds05/data/SM6/dataset_v1,pruned_after_run,/zhome/14/b/214266/Repos/ml-surrogates-for-power-systems/outputs/experiments/thesis_sm6_benchmark_sm6_v1/default/marker_directed/b4096/ds05/qbc/history.jsonl,/zhome/14/b/214266/Repos/ml-surrogates-for-power-systems/outputs/experiments/thesis_sm6_benchmark_sm6_v1/default/marker_directed/b4096/ds05/telemetry/round_telemetry.csv,/zhome/14/b/214266/Repos/ml-surrogates-for-power-systems/outputs/experiments/thesis_sm6_benchmark_sm6_v1/default/marker_directed/b4096/ds05/baseline/summary.json,3,3686,8192,0.00021119805751368403,5.904188741752998e-05,0.014441851239297242,0.0019865763120351294,/zhome/14/b/214266/Repos/ml-surrogates-for-power-systems/results/benchmark/experiments/thesis_sm6_benchmark_sm6_v1/default/marker_directed/b4096/ds05/dataset_manifest.json
marker_directed_b8192_ds01,/zhome/14/b/214266/Repos/ml-surrogates-for-power-systems/outputs/experiments/thesis_sm6_benchmark_sm6_v1/default/marker_directed/b8192/ds01,marker_directed,b8192,ds01,101,default,SM6,/zhome/14/b/214266/Repos/ml-surrogates-for-power-systems/outputs/experiments/thesis_sm6_benchmark_sm6_v1/default/marker_directed/b8192/ds01/data/SM6/dataset_v1,pruned_after_run,/zhome/14/b/214266/Repos/ml-surrogates-for-power-systems/outputs/experiments/thesis_sm6_benchmark_sm6_v1/default/marker_directed/b8192/ds01/qbc/history.jsonl,/zhome/14/b/214266/Repos/ml-surrogates-for-power-systems/outputs/experiments/thesis_sm6_benchmark_sm6_v1/default/marker_directed/b8192/ds01/telemetry/round_telemetry.csv,/zhome/14/b/214266/Repos/ml-surrogates-for-power-systems/outputs/experiments/thesis_sm6_benchmark_sm6_v1/default/marker_directed/b8192/ds01/baseline/summary.json,3,7372,8192,0.00016607430491906902,5.056882771053524e-05,0.012785100534334024,0.001980723067231081,/zhome/14/b/214266/Repos/ml-surrogates-for-power-systems/results/benchmark/experiments/thesis_sm6_benchmark_sm6_v1/default/marker_directed/b8192/ds01/dataset_manifest.json
marker_directed_b8192_ds02,/zhome/14/b/214266/Repos/ml-surrogates-for-power-systems/outputs/experiments/thesis_sm6_benchmark_sm6_v1/default/marker_directed/b8192/ds02,marker_directed,b8192,ds02,202,default,SM6,/zhome/14/b/214266/Repos/ml-surrogates-for-power-systems/outputs/experiments/thesis_sm6_benchmark_sm6_v1/default/marker_directed/b8192/ds02/data/SM6/dataset_v1,pruned_after_run,/zhome/14/b/214266/Repos/ml-surrogates-for-power-systems/outputs/experiments/thesis_sm6_benchmark_sm6_v1/default/marker_directed/b8192/ds02/qbc/history.jsonl,/zhome/14/b/214266/Repos/ml-surrogates-for-power-systems/outputs/experiments/thesis_sm6_benchmark_sm6_v1/default/marker_directed/b8192/ds02/telemetry/round_telemetry.csv,/zhome/14/b/214266/Repos/ml-surrogates-for-power-systems/outputs/experiments/thesis_sm6_benchmark_sm6_v1/default/marker_directed/b8192/ds02/baseline/summary.json,3,7372,8192,0.0001514396135462448,4.7988776825222857e-05,0.01219254776048724,0.0020425692109996155,/zhome/14/b/214266/Repos/ml-surrogates-for-power-systems/results/benchmark/experiments/thesis_sm6_benchmark_sm6_v1/default/marker_directed/b8192/ds02/dataset_manifest.json
marker_directed_b8192_ds03,/zhome/14/b/214266/Repos/ml-surrogates-for-power-systems/outputs/experiments/thesis_sm6_benchmark_sm6_v1/default/marker_directed/b8192/ds03,marker_directed,b8192,ds03,303,default,SM6,/zhome/14/b/214266/Repos/ml-surrogates-for-power-systems/outputs/experiments/thesis_sm6_benchmark_sm6_v1/default/marker_directed/b8192/ds03/data/SM6/dataset_v1,pruned_after_run,/zhome/14/b/214266/Repos/ml-surrogates-for-power-systems/outputs/experiments/thesis_sm6_benchmark_sm6_v1/default/marker_directed/b8192/ds03/qbc/history.jsonl,/zhome/14/b/214266/Repos/ml-surrogates-for-power-systems/outputs/experiments/thesis_sm6_benchmark_sm6_v1/default/marker_directed/b8192/ds03/telemetry/round_telemetry.csv,/zhome/14/b/214266/Repos/ml-surrogates-for-power-systems/outputs/experiments/thesis_sm6_benchmark_sm6_v1/default/marker_directed/b8192/ds03/baseline/summary.json,3,7372,8192,0.00013742796727456152,3.5302786011683625e-05,0.011661770920149249,0.0014651277830907176,/zhome/14/b/214266/Repos/ml-surrogates-for-power-systems/results/benchmark/experiments/thesis_sm6_benchmark_sm6_v1/default/marker_directed/b8192/ds03/dataset_manifest.json
marker_directed_b8192_ds04,/zhome/14/b/214266/Repos/ml-surrogates-for-power-systems/outputs/experiments/thesis_sm6_benchmark_sm6_v1/default/marker_directed/b8192/ds04,marker_directed,b8192,ds04,404,default,SM6,/zhome/14/b/214266/Repos/ml-surrogates-for-power-systems/outputs/experiments/thesis_sm6_benchmark_sm6_v1/default/marker_directed/b8192/ds04/data/SM6/dataset_v1,pruned_after_run,/zhome/14/b/214266/Repos/ml-surrogates-for-power-systems/outputs/experiments/thesis_sm6_benchmark_sm6_v1/default/marker_directed/b8192/ds04/qbc/history.jsonl,/zhome/14/b/214266/Repos/ml-surrogates-for-power-systems/outputs/experiments/thesis_sm6_benchmark_sm6_v1/default/marker_directed/b8192/ds04/telemetry/round_telemetry.csv,/zhome/14/b/214266/Repos/ml-surrogates-for-power-systems/outputs/experiments/thesis_sm6_benchmark_sm6_v1/default/marker_directed/b8192/ds04/baseline/summary.json,3,7372,8192,0.0001435380787976707,1.7922949519533518e-05,0.011965105103717451,0.0007493383628227997,/zhome/14/b/214266/Repos/ml-surrogates-for-power-systems/results/benchmark/experiments/thesis_sm6_benchmark_sm6_v1/default/marker_directed/b8192/ds04/dataset_manifest.json
marker_directed_b8192_ds05,/zhome/14/b/214266/Repos/ml-surrogates-for-power-systems/outputs/experiments/thesis_sm6_benchmark_sm6_v1/default/marker_directed/b8192/ds05,marker_directed,b8192,ds05,505,default,SM6,/zhome/14/b/214266/Repos/ml-surrogates-for-power-systems/outputs/experiments/thesis_sm6_benchmark_sm6_v1/default/marker_directed/b8192/ds05/data/SM6/dataset_v1,pruned_after_run,/zhome/14/b/214266/Repos/ml-surrogates-for-power-systems/outputs/experiments/thesis_sm6_benchmark_sm6_v1/default/marker_directed/b8192/ds05/qbc/history.jsonl,/zhome/14/b/214266/Repos/ml-surrogates-for-power-systems/outputs/experiments/thesis_sm6_benchmark_sm6_v1/default/marker_directed/b8192/ds05/telemetry/round_telemetry.csv,/zhome/14/b/214266/Repos/ml-surrogates-for-power-systems/outputs/experiments/thesis_sm6_benchmark_sm6_v1/default/marker_directed/b8192/ds05/baseline/summary.json,3,7372,8192,0.0002496667730156332,0.00011330561287527105,0.015549011331323226,0.00344129764057438,/zhome/14/b/214266/Repos/ml-surrogates-for-power-systems/results/benchmark/experiments/thesis_sm6_benchmark_sm6_v1/default/marker_directed/b8192/ds05/dataset_manifest.json
qbc_deep_ensemble_b1024_ds01,/zhome/14/b/214266/Repos/ml-surrogates-for-power-systems/outputs/experiments/thesis_sm6_benchmark_sm6_v1/default/qbc_deep_ensemble/b1024/ds01,qbc_deep_ensemble,b1024,ds01,101,default,SM6,/zhome/14/b/214266/Repos/ml-surrogates-for-power-systems/outputs/experiments/thesis_sm6_benchmark_sm6_v1/default/qbc_deep_ensemble/b1024/ds01/data/SM6/dataset_v1,pruned_after_run,/zhome/14/b/214266/Repos/ml-surrogates-for-power-systems/outputs/experiments/thesis_sm6_benchmark_sm6_v1/default/qbc_deep_ensemble/b1024/ds01/qbc/history.jsonl,/zhome/14/b/214266/Repos/ml-surrogates-for-power-systems/outputs/experiments/thesis_sm6_benchmark_sm6_v1/default/qbc_deep_ensemble/b1024/ds01/telemetry/round_telemetry.csv,/zhome/14/b/214266/Repos/ml-surrogates-for-power-systems/outputs/experiments/thesis_sm6_benchmark_sm6_v1/default/qbc_deep_ensemble/b1024/ds01/baseline/summary.json,3,921,8192,0.0005148221098352224,0.00028330752441356303,0.022164431677674783,0.005944755450089041,/zhome/14/b/214266/Repos/ml-surrogates-for-power-systems/results/benchmark/experiments/thesis_sm6_benchmark_sm6_v1/default/qbc_deep_ensemble/b1024/ds01/dataset_manifest.json
qbc_deep_ensemble_b1024_ds02,/zhome/14/b/214266/Repos/ml-surrogates-for-power-systems/outputs/experiments/thesis_sm6_benchmark_sm6_v1/default/qbc_deep_ensemble/b1024/ds02,qbc_deep_ensemble,b1024,ds02,202,default,SM6,/zhome/14/b/214266/Repos/ml-surrogates-for-power-systems/outputs/experiments/thesis_sm6_benchmark_sm6_v1/default/qbc_deep_ensemble/b1024/ds02/data/SM6/dataset_v1,pruned_after_run,/zhome/14/b/214266/Repos/ml-surrogates-for-power-systems/outputs/experiments/thesis_sm6_benchmark_sm6_v1/default/qbc_deep_ensemble/b1024/ds02/qbc/history.jsonl,/zhome/14/b/214266/Repos/ml-surrogates-for-power-systems/outputs/experiments/thesis_sm6_benchmark_sm6_v1/default/qbc_deep_ensemble/b1024/ds02/telemetry/round_telemetry.csv,/zhome/14/b/214266/Repos/ml-surrogates-for-power-systems/outputs/experiments/thesis_sm6_benchmark_sm6_v1/default/qbc_deep_ensemble/b1024/ds02/baseline/summary.json,3,921,8192,0.0007843029452487826,0.00044914712686362567,0.0272341968681595,0.007993885118806185,/zhome/14/b/214266/Repos/ml-surrogates-for-power-systems/results/benchmark/experiments/thesis_sm6_benchmark_sm6_v1/default/qbc_deep_ensemble/b1024/ds02/dataset_manifest.json
qbc_deep_ensemble_b1024_ds03,/zhome/14/b/214266/Repos/ml-surrogates-for-power-systems/outputs/experiments/thesis_sm6_benchmark_sm6_v1/default/qbc_deep_ensemble/b1024/ds03,qbc_deep_ensemble,b1024,ds03,303,default,SM6,/zhome/14/b/214266/Repos/ml-surrogates-for-power-systems/outputs/experiments/thesis_sm6_benchmark_sm6_v1/default/qbc_deep_ensemble/b1024/ds03/data/SM6/dataset_v1,pruned_after_run,/zhome/14/b/214266/Repos/ml-surrogates-for-power-systems/outputs/experiments/thesis_sm6_benchmark_sm6_v1/default/qbc_deep_ensemble/b1024/ds03/qbc/history.jsonl,/zhome/14/b/214266/Repos/ml-surrogates-for-power-systems/outputs/experiments/thesis_sm6_benchmark_sm6_v1/default/qbc_deep_ensemble/b1024/ds03/telemetry/round_telemetry.csv,/zhome/14/b/214266/Repos/ml-surrogates-for-power-systems/outputs/experiments/thesis_sm6_benchmark_sm6_v1/default/qbc_deep_ensemble/b1024/ds03/baseline/summary.json,3,921,8192,0.0006490187079180032,0.0003237466215270246,0.024895370529382163,0.006622601542004462,/zhome/14/b/214266/Repos/ml-surrogates-for-power-systems/results/benchmark/experiments/thesis_sm6_benchmark_sm6_v1/default/qbc_deep_ensemble/b1024/ds03/dataset_manifest.json
qbc_deep_ensemble_b1024_ds04,/zhome/14/b/214266/Repos/ml-surrogates-for-power-systems/outputs/experiments/thesis_sm6_benchmark_sm6_v1/default/qbc_deep_ensemble/b1024/ds04,qbc_deep_ensemble,b1024,ds04,404,default,SM6,/zhome/14/b/214266/Repos/ml-surrogates-for-power-systems/outputs/experiments/thesis_sm6_benchmark_sm6_v1/default/qbc_deep_ensemble/b1024/ds04/data/SM6/dataset_v1,pruned_after_run,/zhome/14/b/214266/Repos/ml-surrogates-for-power-systems/outputs/experiments/thesis_sm6_benchmark_sm6_v1/default/qbc_deep_ensemble/b1024/ds04/qbc/history.jsonl,/zhome/14/b/214266/Repos/ml-surrogates-for-power-systems/outputs/experiments/thesis_sm6_benchmark_sm6_v1/default/qbc_deep_ensemble/b1024/ds04/telemetry/round_telemetry.csv,/zhome/14/b/214266/Repos/ml-surrogates-for-power-systems/outputs/experiments/thesis_sm6_benchmark_sm6_v1/default/qbc_deep_ensemble/b1024/ds04/baseline/summary.json,3,921,8192,0.0006602202968982359,0.00010490649325308405,0.025637858180124734,0.0020930330267511016,/zhome/14/b/214266/Repos/ml-surrogates-for-power-systems/results/benchmark/experiments/thesis_sm6_benchmark_sm6_v1/default/qbc_deep_ensemble/b1024/ds04/dataset_manifest.json
qbc_deep_ensemble_b1024_ds05,/zhome/14/b/214266/Repos/ml-surrogates-for-power-systems/outputs/experiments/thesis_sm6_benchmark_sm6_v1/default/qbc_deep_ensemble/b1024/ds05,qbc_deep_ensemble,b1024,ds05,505,default,SM6,/zhome/14/b/214266/Repos/ml-surrogates-for-power-systems/outputs/experiments/thesis_sm6_benchmark_sm6_v1/default/qbc_deep_ensemble/b1024/ds05/data/SM6/dataset_v1,pruned_after_run,/zhome/14/b/214266/Repos/ml-surrogates-for-power-systems/outputs/experiments/thesis_sm6_benchmark_sm6_v1/default/qbc_deep_ensemble/b1024/ds05/qbc/history.jsonl,/zhome/14/b/214266/Repos/ml-surrogates-for-power-systems/outputs/experiments/thesis_sm6_benchmark_sm6_v1/default/qbc_deep_ensemble/b1024/ds05/telemetry/round_telemetry.csv,/zhome/14/b/214266/Repos/ml-surrogates-for-power-systems/outputs/experiments/thesis_sm6_benchmark_sm6_v1/default/qbc_deep_ensemble/b1024/ds05/baseline/summary.json,3,921,8192,0.0003770156084404637,0.00012706174945499062,0.019243146840998072,0.0031741710956365316,/zhome/14/b/214266/Repos/ml-surrogates-for-power-systems/results/benchmark/experiments/thesis_sm6_benchmark_sm6_v1/default/qbc_deep_ensemble/b1024/ds05/dataset_manifest.json
qbc_deep_ensemble_b4096_ds01,/zhome/14/b/214266/Repos/ml-surrogates-for-power-systems/outputs/experiments/thesis_sm6_benchmark_sm6_v1/default/qbc_deep_ensemble/b4096/ds01,qbc_deep_ensemble,b4096,ds01,101,default,SM6,/zhome/14/b/214266/Repos/ml-surrogates-for-power-systems/outputs/experiments/thesis_sm6_benchmark_sm6_v1/default/qbc_deep_ensemble/b4096/ds01/data/SM6/dataset_v1,pruned_after_run,/zhome/14/b/214266/Repos/ml-surrogates-for-power-systems/outputs/experiments/thesis_sm6_benchmark_sm6_v1/default/qbc_deep_ensemble/b4096/ds01/qbc/history.jsonl,/zhome/14/b/214266/Repos/ml-surrogates-for-power-systems/outputs/experiments/thesis_sm6_benchmark_sm6_v1/default/qbc_deep_ensemble/b4096/ds01/telemetry/round_telemetry.csv,/zhome/14/b/214266/Repos/ml-surrogates-for-power-systems/outputs/experiments/thesis_sm6_benchmark_sm6_v1/default/qbc_deep_ensemble/b4096/ds01/baseline/summary.json,3,3686,8192,0.00024083621004441133,0.0001991362416352469,0.014689496598621562,0.006130444485128734,/zhome/14/b/214266/Repos/ml-surrogates-for-power-systems/results/benchmark/experiments/thesis_sm6_benchmark_sm6_v1/default/qbc_deep_ensemble/b4096/ds01/dataset_manifest.json
qbc_deep_ensemble_b4096_ds02,/zhome/14/b/214266/Repos/ml-surrogates-for-power-systems/outputs/experiments/thesis_sm6_benchmark_sm6_v1/default/qbc_deep_ensemble/b4096/ds02,qbc_deep_ensemble,b4096,ds02,202,default,SM6,/zhome/14/b/214266/Repos/ml-surrogates-for-power-systems/outputs/experiments/thesis_sm6_benchmark_sm6_v1/default/qbc_deep_ensemble/b4096/ds02/data/SM6/dataset_v1,pruned_after_run,/zhome/14/b/214266/Repos/ml-surrogates-for-power-systems/outputs/experiments/thesis_sm6_benchmark_sm6_v1/default/qbc_deep_ensemble/b4096/ds02/qbc/history.jsonl,/zhome/14/b/214266/Repos/ml-surrogates-for-power-systems/outputs/experiments/thesis_sm6_benchmark_sm6_v1/default/qbc_deep_ensemble/b4096/ds02/telemetry/round_telemetry.csv,/zhome/14/b/214266/Repos/ml-surrogates-for-power-systems/outputs/experiments/thesis_sm6_benchmark_sm6_v1/default/qbc_deep_ensemble/b4096/ds02/baseline/summary.json,3,3686,8192,0.00024699390633031726,0.0001250747961406614,0.015406371991436862,0.0038021589377195343,/zhome/14/b/214266/Repos/ml-surrogates-for-power-systems/results/benchmark/experiments/thesis_sm6_benchmark_sm6_v1/default/qbc_deep_ensemble/b4096/ds02/dataset_manifest.json
qbc_deep_ensemble_b4096_ds03,/zhome/14/b/214266/Repos/ml-surrogates-for-power-systems/outputs/experiments/thesis_sm6_benchmark_sm6_v1/default/qbc_deep_ensemble/b4096/ds03,qbc_deep_ensemble,b4096,ds03,303,default,SM6,/zhome/14/b/214266/Repos/ml-surrogates-for-power-systems/outputs/experiments/thesis_sm6_benchmark_sm6_v1/default/qbc_deep_ensemble/b4096/ds03/data/SM6/dataset_v1,pruned_after_run,/zhome/14/b/214266/Repos/ml-surrogates-for-power-systems/outputs/experiments/thesis_sm6_benchmark_sm6_v1/default/qbc_deep_ensemble/b4096/ds03/qbc/history.jsonl,/zhome/14/b/214266/Repos/ml-surrogates-for-power-systems/outputs/experiments/thesis_sm6_benchmark_sm6_v1/default/qbc_deep_ensemble/b4096/ds03/telemetry/round_telemetry.csv,/zhome/14/b/214266/Repos/ml-surrogates-for-power-systems/outputs/experiments/thesis_sm6_benchmark_sm6_v1/default/qbc_deep_ensemble/b4096/ds03/baseline/summary.json,3,3686,8192,0.00025634478758244467,0.00010582081411574304,0.015800066997472148,0.0031708052111024125,/zhome/14/b/214266/Repos/ml-surrogates-for-power-systems/results/benchmark/experiments/thesis_sm6_benchmark_sm6_v1/default/qbc_deep_ensemble/b4096/ds03/dataset_manifest.json
qbc_deep_ensemble_b4096_ds04,/zhome/14/b/214266/Repos/ml-surrogates-for-power-systems/outputs/experiments/thesis_sm6_benchmark_sm6_v1/default/qbc_deep_ensemble/b4096/ds04,qbc_deep_ensemble,b4096,ds04,404,default,SM6,/zhome/14/b/214266/Repos/ml-surrogates-for-power-systems/outputs/experiments/thesis_sm6_benchmark_sm6_v1/default/qbc_deep_ensemble/b4096/ds04/data/SM6/dataset_v1,pruned_after_run,/zhome/14/b/214266/Repos/ml-surrogates-for-power-systems/outputs/experiments/thesis_sm6_benchmark_sm6_v1/default/qbc_deep_ensemble/b4096/ds04/qbc/history.jsonl,/zhome/14/b/214266/Repos/ml-surrogates-for-power-systems/outputs/experiments/thesis_sm6_benchmark_sm6_v1/default/qbc_deep_ensemble/b4096/ds04/telemetry/round_telemetry.csv,/zhome/14/b/214266/Repos/ml-surrogates-for-power-systems/outputs/experiments/thesis_sm6_benchmark_sm6_v1/default/qbc_deep_ensemble/b4096/ds04/baseline/summary.json,3,3686,8192,0.0001795530091233862,5.631286462847417e-05,0.013280604671103823,0.002183534529120671,/zhome/14/b/214266/Repos/ml-surrogates-for-power-systems/results/benchmark/experiments/thesis_sm6_benchmark_sm6_v1/default/qbc_deep_ensemble/b4096/ds04/dataset_manifest.json
qbc_deep_ensemble_b4096_ds05,/zhome/14/b/214266/Repos/ml-surrogates-for-power-systems/outputs/experiments/thesis_sm6_benchmark_sm6_v1/default/qbc_deep_ensemble/b4096/ds05,qbc_deep_ensemble,b4096,ds05,505,default,SM6,/zhome/14/b/214266/Repos/ml-surrogates-for-power-systems/outputs/experiments/thesis_sm6_benchmark_sm6_v1/default/qbc_deep_ensemble/b4096/ds05/data/SM6/dataset_v1,pruned_after_run,/zhome/14/b/214266/Repos/ml-surrogates-for-power-systems/outputs/experiments/thesis_sm6_benchmark_sm6_v1/default/qbc_deep_ensemble/b4096/ds05/qbc/history.jsonl,/zhome/14/b/214266/Repos/ml-surrogates-for-power-systems/outputs/experiments/thesis_sm6_benchmark_sm6_v1/default/qbc_deep_ensemble/b4096/ds05/telemetry/round_telemetry.csv,/zhome/14/b/214266/Repos/ml-surrogates-for-power-systems/outputs/experiments/thesis_sm6_benchmark_sm6_v1/default/qbc_deep_ensemble/b4096/ds05/baseline/summary.json,3,3686,8192,0.00022609608519511917,9.685063726161241e-05,0.014814646114130204,0.003151748492870118,/zhome/14/b/214266/Repos/ml-surrogates-for-power-systems/results/benchmark/experiments/thesis_sm6_benchmark_sm6_v1/default/qbc_deep_ensemble/b4096/ds05/dataset_manifest.json
qbc_deep_ensemble_b8192_ds01,/zhome/14/b/214266/Repos/ml-surrogates-for-power-systems/outputs/experiments/thesis_sm6_benchmark_sm6_v1/default/qbc_deep_ensemble/b8192/ds01,qbc_deep_ensemble,b8192,ds01,101,default,SM6,/zhome/14/b/214266/Repos/ml-surrogates-for-power-systems/outputs/experiments/thesis_sm6_benchmark_sm6_v1/default/qbc_deep_ensemble/b8192/ds01/data/SM6/dataset_v1,pruned_after_run,/zhome/14/b/214266/Repos/ml-surrogates-for-power-systems/outputs/experiments/thesis_sm6_benchmark_sm6_v1/default/qbc_deep_ensemble/b8192/ds01/qbc/history.jsonl,/zhome/14/b/214266/Repos/ml-surrogates-for-power-systems/outputs/experiments/thesis_sm6_benchmark_sm6_v1/default/qbc_deep_ensemble/b8192/ds01/telemetry/round_telemetry.csv,/zhome/14/b/214266/Repos/ml-surrogates-for-power-systems/outputs/experiments/thesis_sm6_benchmark_sm6_v1/default/qbc_deep_ensemble/b8192/ds01/baseline/summary.json,3,7372,8192,0.00022738387876112634,0.00019881418354371762,0.014197708025783377,0.006222013208246901,/zhome/14/b/214266/Repos/ml-surrogates-for-power-systems/results/benchmark/experiments/thesis_sm6_benchmark_sm6_v1/default/qbc_deep_ensemble/b8192/ds01/dataset_manifest.json
qbc_deep_ensemble_b8192_ds02,/zhome/14/b/214266/Repos/ml-surrogates-for-power-systems/outputs/experiments/thesis_sm6_benchmark_sm6_v1/default/qbc_deep_ensemble/b8192/ds02,qbc_deep_ensemble,b8192,ds02,202,default,SM6,/zhome/14/b/214266/Repos/ml-surrogates-for-power-systems/outputs/experiments/thesis_sm6_benchmark_sm6_v1/default/qbc_deep_ensemble/b8192/ds02/data/SM6/dataset_v1,pruned_after_run,/zhome/14/b/214266/Repos/ml-surrogates-for-power-systems/outputs/experiments/thesis_sm6_benchmark_sm6_v1/default/qbc_deep_ensemble/b8192/ds02/qbc/history.jsonl,/zhome/14/b/214266/Repos/ml-surrogates-for-power-systems/outputs/experiments/thesis_sm6_benchmark_sm6_v1/default/qbc_deep_ensemble/b8192/ds02/telemetry/round_telemetry.csv,/zhome/14/b/214266/Repos/ml-surrogates-for-power-systems/outputs/experiments/thesis_sm6_benchmark_sm6_v1/default/qbc_deep_ensemble/b8192/ds02/baseline/summary.json,3,7372,8192,0.00017964425690782568,6.94549662510879e-05,0.013209635974973991,0.002779327522036201,/zhome/14/b/214266/Repos/ml-surrogates-for-power-systems/results/benchmark/experiments/thesis_sm6_benchmark_sm6_v1/default/qbc_deep_ensemble/b8192/ds02/dataset_manifest.json
qbc_deep_ensemble_b8192_ds03,/zhome/14/b/214266/Repos/ml-surrogates-for-power-systems/outputs/experiments/thesis_sm6_benchmark_sm6_v1/default/qbc_deep_ensemble/b8192/ds03,qbc_deep_ensemble,b8192,ds03,303,default,SM6,/zhome/14/b/214266/Repos/ml-surrogates-for-power-systems/outputs/experiments/thesis_sm6_benchmark_sm6_v1/default/qbc_deep_ensemble/b8192/ds03/data/SM6/dataset_v1,pruned_after_run,/zhome/14/b/214266/Repos/ml-surrogates-for-power-systems/outputs/experiments/thesis_sm6_benchmark_sm6_v1/default/qbc_deep_ensemble/b8192/ds03/qbc/history.jsonl,/zhome/14/b/214266/Repos/ml-surrogates-for-power-systems/outputs/experiments/thesis_sm6_benchmark_sm6_v1/default/qbc_deep_ensemble/b8192/ds03/telemetry/round_telemetry.csv,/zhome/14/b/214266/Repos/ml-surrogates-for-power-systems/outputs/experiments/thesis_sm6_benchmark_sm6_v1/default/qbc_deep_ensemble/b8192/ds03/baseline/summary.json,3,7372,8192,0.00011259286111453548,4.359341942686214e-05,0.010487824438204457,0.001974233902531632,/zhome/14/b/214266/Repos/ml-surrogates-for-power-systems/results/benchmark/experiments/thesis_sm6_benchmark_sm6_v1/default/qbc_deep_ensemble/b8192/ds03/dataset_manifest.json
qbc_deep_ensemble_b8192_ds04,/zhome/14/b/214266/Repos/ml-surrogates-for-power-systems/outputs/experiments/thesis_sm6_benchmark_sm6_v1/default/qbc_deep_ensemble/b8192/ds04,qbc_deep_ensemble,b8192,ds04,404,default,SM6,/zhome/14/b/214266/Repos/ml-surrogates-for-power-systems/outputs/experiments/thesis_sm6_benchmark_sm6_v1/default/qbc_deep_ensemble/b8192/ds04/data/SM6/dataset_v1,pruned_after_run,/zhome/14/b/214266/Repos/ml-surrogates-for-power-systems/outputs/experiments/thesis_sm6_benchmark_sm6_v1/default/qbc_deep_ensemble/b8192/ds04/qbc/history.jsonl,/zhome/14/b/214266/Repos/ml-surrogates-for-power-systems/outputs/experiments/thesis_sm6_benchmark_sm6_v1/default/qbc_deep_ensemble/b8192/ds04/telemetry/round_telemetry.csv,/zhome/14/b/214266/Repos/ml-surrogates-for-power-systems/outputs/experiments/thesis_sm6_benchmark_sm6_v1/default/qbc_deep_ensemble/b8192/ds04/baseline/summary.json,3,7372,8192,7.87713336952341e-05,1.4487229227357382e-05,0.008851317869991366,0.0007989108144269938,/zhome/14/b/214266/Repos/ml-surrogates-for-power-systems/results/benchmark/experiments/thesis_sm6_benchmark_sm6_v1/default/qbc_deep_ensemble/b8192/ds04/dataset_manifest.json
qbc_deep_ensemble_b8192_ds05,/zhome/14/b/214266/Repos/ml-surrogates-for-power-systems/outputs/experiments/thesis_sm6_benchmark_sm6_v1/default/qbc_deep_ensemble/b8192/ds05,qbc_deep_ensemble,b8192,ds05,505,default,SM6,/zhome/14/b/214266/Repos/ml-surrogates-for-power-systems/outputs/experiments/thesis_sm6_benchmark_sm6_v1/default/qbc_deep_ensemble/b8192/ds05/data/SM6/dataset_v1,pruned_after_run,/zhome/14/b/214266/Repos/ml-surrogates-for-power-systems/outputs/experiments/thesis_sm6_benchmark_sm6_v1/default/qbc_deep_ensemble/b8192/ds05/qbc/history.jsonl,/zhome/14/b/214266/Repos/ml-surrogates-for-power-systems/outputs/experiments/thesis_sm6_benchmark_sm6_v1/default/qbc_deep_ensemble/b8192/ds05/telemetry/round_telemetry.csv,/zhome/14/b/214266/Repos/ml-surrogates-for-power-systems/outputs/experiments/thesis_sm6_benchmark_sm6_v1/default/qbc_deep_ensemble/b8192/ds05/baseline/summary.json,3,7372,8192,0.0001238723998540081,3.776181778115057e-05,0.011047703985877429,0.001652560056897823,/zhome/14/b/214266/Repos/ml-surrogates-for-power-systems/results/benchmark/experiments/thesis_sm6_benchmark_sm6_v1/default/qbc_deep_ensemble/b8192/ds05/dataset_manifest.json
qbc_marker_hybrid_b1024_ds01,/zhome/14/b/214266/Repos/ml-surrogates-for-power-systems/outputs/experiments/thesis_sm6_benchmark_sm6_v1/default/qbc_marker_hybrid/b1024/ds01,qbc_marker_hybrid,b1024,ds01,101,default,SM6,/zhome/14/b/214266/Repos/ml-surrogates-for-power-systems/outputs/experiments/thesis_sm6_benchmark_sm6_v1/default/qbc_marker_hybrid/b1024/ds01/data/SM6/dataset_v1,pruned_after_run,/zhome/14/b/214266/Repos/ml-surrogates-for-power-systems/outputs/experiments/thesis_sm6_benchmark_sm6_v1/default/qbc_marker_hybrid/b1024/ds01/qbc/history.jsonl,/zhome/14/b/214266/Repos/ml-surrogates-for-power-systems/outputs/experiments/thesis_sm6_benchmark_sm6_v1/default/qbc_marker_hybrid/b1024/ds01/telemetry/round_telemetry.csv,/zhome/14/b/214266/Repos/ml-surrogates-for-power-systems/outputs/experiments/thesis_sm6_benchmark_sm6_v1/default/qbc_marker_hybrid/b1024/ds01/baseline/summary.json,3,921,8192,0.0007971918676048517,0.00021257806787263345,0.028062639450376976,0.003810538285399626,/zhome/14/b/214266/Repos/ml-surrogates-for-power-systems/results/benchmark/experiments/thesis_sm6_benchmark_sm6_v1/default/qbc_marker_hybrid/b1024/ds01/dataset_manifest.json
qbc_marker_hybrid_b1024_ds02,/zhome/14/b/214266/Repos/ml-surrogates-for-power-systems/outputs/experiments/thesis_sm6_benchmark_sm6_v1/default/qbc_marker_hybrid/b1024/ds02,qbc_marker_hybrid,b1024,ds02,202,default,SM6,/zhome/14/b/214266/Repos/ml-surrogates-for-power-systems/outputs/experiments/thesis_sm6_benchmark_sm6_v1/default/qbc_marker_hybrid/b1024/ds02/data/SM6/dataset_v1,pruned_after_run,/zhome/14/b/214266/Repos/ml-surrogates-for-power-systems/outputs/experiments/thesis_sm6_benchmark_sm6_v1/default/qbc_marker_hybrid/b1024/ds02/qbc/history.jsonl,/zhome/14/b/214266/Repos/ml-surrogates-for-power-systems/outputs/experiments/thesis_sm6_benchmark_sm6_v1/default/qbc_marker_hybrid/b1024/ds02/telemetry/round_telemetry.csv,/zhome/14/b/214266/Repos/ml-surrogates-for-power-systems/outputs/experiments/thesis_sm6_benchmark_sm6_v1/default/qbc_marker_hybrid/b1024/ds02/baseline/summary.json,3,921,8192,0.0004917798311604807,0.00023110328857204484,0.021670104665489527,0.005768846714969526,/zhome/14/b/214266/Repos/ml-surrogates-for-power-systems/results/benchmark/experiments/thesis_sm6_benchmark_sm6_v1/default/qbc_marker_hybrid/b1024/ds02/dataset_manifest.json
qbc_marker_hybrid_b1024_ds03,/zhome/14/b/214266/Repos/ml-surrogates-for-power-systems/outputs/experiments/thesis_sm6_benchmark_sm6_v1/default/qbc_marker_hybrid/b1024/ds03,qbc_marker_hybrid,b1024,ds03,303,default,SM6,/zhome/14/b/214266/Repos/ml-surrogates-for-power-systems/outputs/experiments/thesis_sm6_benchmark_sm6_v1/default/qbc_marker_hybrid/b1024/ds03/data/SM6/dataset_v1,pruned_after_run,/zhome/14/b/214266/Repos/ml-surrogates-for-power-systems/outputs/experiments/thesis_sm6_benchmark_sm6_v1/default/qbc_marker_hybrid/b1024/ds03/qbc/history.jsonl,/zhome/14/b/214266/Repos/ml-surrogates-for-power-systems/outputs/experiments/thesis_sm6_benchmark_sm6_v1/default/qbc_marker_hybrid/b1024/ds03/telemetry/round_telemetry.csv,/zhome/14/b/214266/Repos/ml-surrogates-for-power-systems/outputs/experiments/thesis_sm6_benchmark_sm6_v1/default/qbc_marker_hybrid/b1024/ds03/baseline/summary.json,3,921,8192,0.0007946385497537752,0.000428080245044007,0.02740973165586749,0.008063357889903325,/zhome/14/b/214266/Repos/ml-surrogates-for-power-systems/results/benchmark/experiments/thesis_sm6_benchmark_sm6_v1/default/qbc_marker_hybrid/b1024/ds03/dataset_manifest.json
qbc_marker_hybrid_b1024_ds04,/zhome/14/b/214266/Repos/ml-surrogates-for-power-systems/outputs/experiments/thesis_sm6_benchmark_sm6_v1/default/qbc_marker_hybrid/b1024/ds04,qbc_marker_hybrid,b1024,ds04,404,default,SM6,/zhome/14/b/214266/Repos/ml-surrogates-for-power-systems/outputs/experiments/thesis_sm6_benchmark_sm6_v1/default/qbc_marker_hybrid/b1024/ds04/data/SM6/dataset_v1,pruned_after_run,/zhome/14/b/214266/Repos/ml-surrogates-for-power-systems/outputs/experiments/thesis_sm6_benchmark_sm6_v1/default/qbc_marker_hybrid/b1024/ds04/qbc/history.jsonl,/zhome/14/b/214266/Repos/ml-surrogates-for-power-systems/outputs/experiments/thesis_sm6_benchmark_sm6_v1/default/qbc_marker_hybrid/b1024/ds04/telemetry/round_telemetry.csv,/zhome/14/b/214266/Repos/ml-surrogates-for-power-systems/outputs/experiments/thesis_sm6_benchmark_sm6_v1/default/qbc_marker_hybrid/b1024/ds04/baseline/summary.json,3,921,8192,0.00042709222179837525,0.00011385271323906534,0.020541766562402995,0.002773458570301023,/zhome/14/b/214266/Repos/ml-surrogates-for-power-systems/results/benchmark/experiments/thesis_sm6_benchmark_sm6_v1/default/qbc_marker_hybrid/b1024/ds04/dataset_manifest.json
qbc_marker_hybrid_b1024_ds05,/zhome/14/b/214266/Repos/ml-surrogates-for-power-systems/outputs/experiments/thesis_sm6_benchmark_sm6_v1/default/qbc_marker_hybrid/b1024/ds05,qbc_marker_hybrid,b1024,ds05,505,default,SM6,/zhome/14/b/214266/Repos/ml-surrogates-for-power-systems/outputs/experiments/thesis_sm6_benchmark_sm6_v1/default/qbc_marker_hybrid/b1024/ds05/data/SM6/dataset_v1,pruned_after_run,/zhome/14/b/214266/Repos/ml-surrogates-for-power-systems/outputs/experiments/thesis_sm6_benchmark_sm6_v1/default/qbc_marker_hybrid/b1024/ds05/qbc/history.jsonl,/zhome/14/b/214266/Repos/ml-surrogates-for-power-systems/outputs/experiments/thesis_sm6_benchmark_sm6_v1/default/qbc_marker_hybrid/b1024/ds05/telemetry/round_telemetry.csv,/zhome/14/b/214266/Repos/ml-surrogates-for-power-systems/outputs/experiments/thesis_sm6_benchmark_sm6_v1/default/qbc_marker_hybrid/b1024/ds05/baseline/summary.json,3,921,8192,0.0008703507094954451,0.00045429809300681845,0.02888150854235907,0.007369787019963863,/zhome/14/b/214266/Repos/ml-surrogates-for-power-systems/results/benchmark/experiments/thesis_sm6_benchmark_sm6_v1/default/qbc_marker_hybrid/b1024/ds05/dataset_manifest.json
qbc_marker_hybrid_b4096_ds01,/zhome/14/b/214266/Repos/ml-surrogates-for-power-systems/outputs/experiments/thesis_sm6_benchmark_sm6_v1/default/qbc_marker_hybrid/b4096/ds01,qbc_marker_hybrid,b4096,ds01,101,default,SM6,/zhome/14/b/214266/Repos/ml-surrogates-for-power-systems/outputs/experiments/thesis_sm6_benchmark_sm6_v1/default/qbc_marker_hybrid/b4096/ds01/data/SM6/dataset_v1,pruned_after_run,/zhome/14/b/214266/Repos/ml-surrogates-for-power-systems/outputs/experiments/thesis_sm6_benchmark_sm6_v1/default/qbc_marker_hybrid/b4096/ds01/qbc/history.jsonl,/zhome/14/b/214266/Repos/ml-surrogates-for-power-systems/outputs/experiments/thesis_sm6_benchmark_sm6_v1/default/qbc_marker_hybrid/b4096/ds01/telemetry/round_telemetry.csv,/zhome/14/b/214266/Repos/ml-surrogates-for-power-systems/outputs/experiments/thesis_sm6_benchmark_sm6_v1/default/qbc_marker_hybrid/b4096/ds01/baseline/summary.json,3,3686,8192,0.00015284824864162752,1.142116929478302e-05,0.01235754134559933,0.0004573082113257489,/zhome/14/b/214266/Repos/ml-surrogates-for-power-systems/results/benchmark/experiments/thesis_sm6_benchmark_sm6_v1/default/qbc_marker_hybrid/b4096/ds01/dataset_manifest.json
qbc_marker_hybrid_b4096_ds02,/zhome/14/b/214266/Repos/ml-surrogates-for-power-systems/outputs/experiments/thesis_sm6_benchmark_sm6_v1/default/qbc_marker_hybrid/b4096/ds02,qbc_marker_hybrid,b4096,ds02,202,default,SM6,/zhome/14/b/214266/Repos/ml-surrogates-for-power-systems/outputs/experiments/thesis_sm6_benchmark_sm6_v1/default/qbc_marker_hybrid/b4096/ds02/data/SM6/dataset_v1,pruned_after_run,/zhome/14/b/214266/Repos/ml-surrogates-for-power-systems/outputs/experiments/thesis_sm6_benchmark_sm6_v1/default/qbc_marker_hybrid/b4096/ds02/qbc/history.jsonl,/zhome/14/b/214266/Repos/ml-surrogates-for-power-systems/outputs/experiments/thesis_sm6_benchmark_sm6_v1/default/qbc_marker_hybrid/b4096/ds02/telemetry/round_telemetry.csv,/zhome/14/b/214266/Repos/ml-surrogates-for-power-systems/outputs/experiments/thesis_sm6_benchmark_sm6_v1/default/qbc_marker_hybrid/b4096/ds02/baseline/summary.json,3,3686,8192,0.00019744305852024505,6.766736834888812e-05,0.01392211514473318,0.002329517680884629,/zhome/14/b/214266/Repos/ml-surrogates-for-power-systems/results/benchmark/experiments/thesis_sm6_benchmark_sm6_v1/default/qbc_marker_hybrid/b4096/ds02/dataset_manifest.json
qbc_marker_hybrid_b4096_ds03,/zhome/14/b/214266/Repos/ml-surrogates-for-power-systems/outputs/experiments/thesis_sm6_benchmark_sm6_v1/default/qbc_marker_hybrid/b4096/ds03,qbc_marker_hybrid,b4096,ds03,303,default,SM6,/zhome/14/b/214266/Repos/ml-surrogates-for-power-systems/outputs/experiments/thesis_sm6_benchmark_sm6_v1/default/qbc_marker_hybrid/b4096/ds03/data/SM6/dataset_v1,pruned_after_run,/zhome/14/b/214266/Repos/ml-surrogates-for-power-systems/outputs/experiments/thesis_sm6_benchmark_sm6_v1/default/qbc_marker_hybrid/b4096/ds03/qbc/history.jsonl,/zhome/14/b/214266/Repos/ml-surrogates-for-power-systems/outputs/experiments/thesis_sm6_benchmark_sm6_v1/default/qbc_marker_hybrid/b4096/ds03/telemetry/round_telemetry.csv,/zhome/14/b/214266/Repos/ml-surrogates-for-power-systems/outputs/experiments/thesis_sm6_benchmark_sm6_v1/default/qbc_marker_hybrid/b4096/ds03/baseline/summary.json,3,3686,8192,0.00025203612555439275,0.0001450946340070154,0.015341386865318628,0.005001695902844629,/zhome/14/b/214266/Repos/ml-surrogates-for-power-systems/results/benchmark/experiments/thesis_sm6_benchmark_sm6_v1/default/qbc_marker_hybrid/b4096/ds03/dataset_manifest.json
qbc_marker_hybrid_b4096_ds04,/zhome/14/b/214266/Repos/ml-surrogates-for-power-systems/outputs/experiments/thesis_sm6_benchmark_sm6_v1/default/qbc_marker_hybrid/b4096/ds04,qbc_marker_hybrid,b4096,ds04,404,default,SM6,/zhome/14/b/214266/Repos/ml-surrogates-for-power-systems/outputs/experiments/thesis_sm6_benchmark_sm6_v1/default/qbc_marker_hybrid/b4096/ds04/data/SM6/dataset_v1,pruned_after_run,/zhome/14/b/214266/Repos/ml-surrogates-for-power-systems/outputs/experiments/thesis_sm6_benchmark_sm6_v1/default/qbc_marker_hybrid/b4096/ds04/qbc/history.jsonl,/zhome/14/b/214266/Repos/ml-surrogates-for-power-systems/outputs/experiments/thesis_sm6_benchmark_sm6_v1/default/qbc_marker_hybrid/b4096/ds04/telemetry/round_telemetry.csv,/zhome/14/b/214266/Repos/ml-surrogates-for-power-systems/outputs/experiments/thesis_sm6_benchmark_sm6_v1/default/qbc_marker_hybrid/b4096/ds04/baseline/summary.json,3,3686,8192,0.00015719592435440669,4.97939744716251e-05,0.012436034978991477,0.001952290330243099,/zhome/14/b/214266/Repos/ml-surrogates-for-power-systems/results/benchmark/experiments/thesis_sm6_benchmark_sm6_v1/default/qbc_marker_hybrid/b4096/ds04/dataset_manifest.json
qbc_marker_hybrid_b4096_ds05,/zhome/14/b/214266/Repos/ml-surrogates-for-power-systems/outputs/experiments/thesis_sm6_benchmark_sm6_v1/default/qbc_marker_hybrid/b4096/ds05,qbc_marker_hybrid,b4096,ds05,505,default,SM6,/zhome/14/b/214266/Repos/ml-surrogates-for-power-systems/outputs/experiments/thesis_sm6_benchmark_sm6_v1/default/qbc_marker_hybrid/b4096/ds05/data/SM6/dataset_v1,pruned_after_run,/zhome/14/b/214266/Repos/ml-surrogates-for-power-systems/outputs/experiments/thesis_sm6_benchmark_sm6_v1/default/qbc_marker_hybrid/b4096/ds05/qbc/history.jsonl,/zhome/14/b/214266/Repos/ml-surrogates-for-power-systems/outputs/experiments/thesis_sm6_benchmark_sm6_v1/default/qbc_marker_hybrid/b4096/ds05/telemetry/round_telemetry.csv,/zhome/14/b/214266/Repos/ml-surrogates-for-power-systems/outputs/experiments/thesis_sm6_benchmark_sm6_v1/default/qbc_marker_hybrid/b4096/ds05/baseline/summary.json,3,3686,8192,0.00020998242932061353,7.479406956037715e-05,0.014347148221616684,0.0024925189751258043,/zhome/14/b/214266/Repos/ml-surrogates-for-power-systems/results/benchmark/experiments/thesis_sm6_benchmark_sm6_v1/default/qbc_marker_hybrid/b4096/ds05/dataset_manifest.json
qbc_marker_hybrid_b8192_ds01,/zhome/14/b/214266/Repos/ml-surrogates-for-power-systems/outputs/experiments/thesis_sm6_benchmark_sm6_v1/default/qbc_marker_hybrid/b8192/ds01,qbc_marker_hybrid,b8192,ds01,101,default,SM6,/zhome/14/b/214266/Repos/ml-surrogates-for-power-systems/outputs/experiments/thesis_sm6_benchmark_sm6_v1/default/qbc_marker_hybrid/b8192/ds01/data/SM6/dataset_v1,pruned_after_run,/zhome/14/b/214266/Repos/ml-surrogates-for-power-systems/outputs/experiments/thesis_sm6_benchmark_sm6_v1/default/qbc_marker_hybrid/b8192/ds01/qbc/history.jsonl,/zhome/14/b/214266/Repos/ml-surrogates-for-power-systems/outputs/experiments/thesis_sm6_benchmark_sm6_v1/default/qbc_marker_hybrid/b8192/ds01/telemetry/round_telemetry.csv,/zhome/14/b/214266/Repos/ml-surrogates-for-power-systems/outputs/experiments/thesis_sm6_benchmark_sm6_v1/default/qbc_marker_hybrid/b8192/ds01/baseline/summary.json,3,7372,8192,0.00017303179871911803,9.718336963692976e-05,0.012832801124728404,0.0035392825570207164,/zhome/14/b/214266/Repos/ml-surrogates-for-power-systems/results/benchmark/experiments/thesis_sm6_benchmark_sm6_v1/default/qbc_marker_hybrid/b8192/ds01/dataset_manifest.json
qbc_marker_hybrid_b8192_ds02,/zhome/14/b/214266/Repos/ml-surrogates-for-power-systems/outputs/experiments/thesis_sm6_benchmark_sm6_v1/default/qbc_marker_hybrid/b8192/ds02,qbc_marker_hybrid,b8192,ds02,202,default,SM6,/zhome/14/b/214266/Repos/ml-surrogates-for-power-systems/outputs/experiments/thesis_sm6_benchmark_sm6_v1/default/qbc_marker_hybrid/b8192/ds02/data/SM6/dataset_v1,pruned_after_run,/zhome/14/b/214266/Repos/ml-surrogates-for-power-systems/outputs/experiments/thesis_sm6_benchmark_sm6_v1/default/qbc_marker_hybrid/b8192/ds02/qbc/history.jsonl,/zhome/14/b/214266/Repos/ml-surrogates-for-power-systems/outputs/experiments/thesis_sm6_benchmark_sm6_v1/default/qbc_marker_hybrid/b8192/ds02/telemetry/round_telemetry.csv,/zhome/14/b/214266/Repos/ml-surrogates-for-power-systems/outputs/experiments/thesis_sm6_benchmark_sm6_v1/default/qbc_marker_hybrid/b8192/ds02/baseline/summary.json,3,7372,8192,9.224116123126198e-05,1.8602400241938593e-05,0.00957169388689709,0.0009673448455428232,/zhome/14/b/214266/Repos/ml-surrogates-for-power-systems/results/benchmark/experiments/thesis_sm6_benchmark_sm6_v1/default/qbc_marker_hybrid/b8192/ds02/dataset_manifest.json
qbc_marker_hybrid_b8192_ds03,/zhome/14/b/214266/Repos/ml-surrogates-for-power-systems/outputs/experiments/thesis_sm6_benchmark_sm6_v1/default/qbc_marker_hybrid/b8192/ds03,qbc_marker_hybrid,b8192,ds03,303,default,SM6,/zhome/14/b/214266/Repos/ml-surrogates-for-power-systems/outputs/experiments/thesis_sm6_benchmark_sm6_v1/default/qbc_marker_hybrid/b8192/ds03/data/SM6/dataset_v1,pruned_after_run,/zhome/14/b/214266/Repos/ml-surrogates-for-power-systems/outputs/experiments/thesis_sm6_benchmark_sm6_v1/default/qbc_marker_hybrid/b8192/ds03/qbc/history.jsonl,/zhome/14/b/214266/Repos/ml-surrogates-for-power-systems/outputs/experiments/thesis_sm6_benchmark_sm6_v1/default/qbc_marker_hybrid/b8192/ds03/telemetry/round_telemetry.csv,/zhome/14/b/214266/Repos/ml-surrogates-for-power-systems/outputs/experiments/thesis_sm6_benchmark_sm6_v1/default/qbc_marker_hybrid/b8192/ds03/baseline/summary.json,3,7372,8192,0.00015031516765399525,8.111196184384582e-06,0.01225733346008528,0.00033078112612973815,/zhome/14/b/214266/Repos/ml-surrogates-for-power-systems/results/benchmark/experiments/thesis_sm6_benchmark_sm6_v1/default/qbc_marker_hybrid/b8192/ds03/dataset_manifest.json
qbc_marker_hybrid_b8192_ds04,/zhome/14/b/214266/Repos/ml-surrogates-for-power-systems/outputs/experiments/thesis_sm6_benchmark_sm6_v1/default/qbc_marker_hybrid/b8192/ds04,qbc_marker_hybrid,b8192,ds04,404,default,SM6,/zhome/14/b/214266/Repos/ml-surrogates-for-power-systems/outputs/experiments/thesis_sm6_benchmark_sm6_v1/default/qbc_marker_hybrid/b8192/ds04/data/SM6/dataset_v1,pruned_after_run,/zhome/14/b/214266/Repos/ml-surrogates-for-power-systems/outputs/experiments/thesis_sm6_benchmark_sm6_v1/default/qbc_marker_hybrid/b8192/ds04/qbc/history.jsonl,/zhome/14/b/214266/Repos/ml-surrogates-for-power-systems/outputs/experiments/thesis_sm6_benchmark_sm6_v1/default/qbc_marker_hybrid/b8192/ds04/telemetry/round_telemetry.csv,/zhome/14/b/214266/Repos/ml-surrogates-for-power-systems/outputs/experiments/thesis_sm6_benchmark_sm6_v1/default/qbc_marker_hybrid/b8192/ds04/baseline/summary.json,3,7372,8192,0.0001123697681274886,4.759604071143829e-05,0.010445604425230966,0.0022110347076936135,/zhome/14/b/214266/Repos/ml-surrogates-for-power-systems/results/benchmark/experiments/thesis_sm6_benchmark_sm6_v1/default/qbc_marker_hybrid/b8192/ds04/dataset_manifest.json
qbc_marker_hybrid_b8192_ds05,/zhome/14/b/214266/Repos/ml-surrogates-for-power-systems/outputs/experiments/thesis_sm6_benchmark_sm6_v1/default/qbc_marker_hybrid/b8192/ds05,qbc_marker_hybrid,b8192,ds05,505,default,SM6,/zhome/14/b/214266/Repos/ml-surrogates-for-power-systems/outputs/experiments/thesis_sm6_benchmark_sm6_v1/default/qbc_marker_hybrid/b8192/ds05/data/SM6/dataset_v1,pruned_after_run,/zhome/14/b/214266/Repos/ml-surrogates-for-power-systems/outputs/experiments/thesis_sm6_benchmark_sm6_v1/default/qbc_marker_hybrid/b8192/ds05/qbc/history.jsonl,/zhome/14/b/214266/Repos/ml-surrogates-for-power-systems/outputs/experiments/thesis_sm6_benchmark_sm6_v1/default/qbc_marker_hybrid/b8192/ds05/telemetry/round_telemetry.csv,/zhome/14/b/214266/Repos/ml-surrogates-for-power-systems/outputs/experiments/thesis_sm6_benchmark_sm6_v1/default/qbc_marker_hybrid/b8192/ds05/baseline/summary.json,3,7372,8192,0.00014362719957716763,4.655188177764668e-05,0.011865504088403736,0.0020628908012453786,/zhome/14/b/214266/Repos/ml-surrogates-for-power-systems/results/benchmark/experiments/thesis_sm6_benchmark_sm6_v1/default/qbc_marker_hybrid/b8192/ds05/dataset_manifest.json
lhs_static_b1024_ds01,/zhome/14/b/214266/Repos/ml-surrogates-for-power-systems/outputs/experiments/thesis_sm_avr_gov_benchmark_v1/default/lhs_static/b1024/ds01,lhs_static,b1024,ds01,101,default,SM_AVR_GOV,/zhome/14/b/214266/Repos/ml-surrogates-for-power-systems/outputs/experiments/thesis_sm_avr_gov_benchmark_v1/default/lhs_static/b1024/ds01/data/SM_AVR_GOV/dataset_v1,pruned_after_run,,,/zhome/14/b/214266/Repos/ml-surrogates-for-power-systems/outputs/experiments/thesis_sm_avr_gov_benchmark_v1/default/lhs_static/b1024/ds01/baseline/summary.json,3,921,8192,0.011388339257488648,0.010229416181355817,0.09999711720995853,0.045643988769384455,/zhome/14/b/214266/Repos/ml-surrogates-for-power-systems/results/benchmark/experiments/thesis_sm_avr_gov_benchmark_v1/default/lhs_static/b1024/ds01/dataset_manifest.json
lhs_static_b1024_ds02,/zhome/14/b/214266/Repos/ml-surrogates-for-power-systems/outputs/experiments/thesis_sm_avr_gov_benchmark_v1/default/lhs_static/b1024/ds02,lhs_static,b1024,ds02,202,default,SM_AVR_GOV,/zhome/14/b/214266/Repos/ml-surrogates-for-power-systems/outputs/experiments/thesis_sm_avr_gov_benchmark_v1/default/lhs_static/b1024/ds02/data/SM_AVR_GOV/dataset_v1,pruned_after_run,,,/zhome/14/b/214266/Repos/ml-surrogates-for-power-systems/outputs/experiments/thesis_sm_avr_gov_benchmark_v1/default/lhs_static/b1024/ds02/baseline/summary.json,3,921,8192,0.010111283666143814,0.003959617045264798,0.09903740823154894,0.021314623041048697,/zhome/14/b/214266/Repos/ml-surrogates-for-power-systems/results/benchmark/experiments/thesis_sm_avr_gov_benchmark_v1/default/lhs_static/b1024/ds02/dataset_manifest.json
lhs_static_b1024_ds03,/zhome/14/b/214266/Repos/ml-surrogates-for-power-systems/outputs/experiments/thesis_sm_avr_gov_benchmark_v1/default/lhs_static/b1024/ds03,lhs_static,b1024,ds03,303,default,SM_AVR_GOV,/zhome/14/b/214266/Repos/ml-surrogates-for-power-systems/outputs/experiments/thesis_sm_avr_gov_benchmark_v1/default/lhs_static/b1024/ds03/data/SM_AVR_GOV/dataset_v1,pruned_after_run,,,/zhome/14/b/214266/Repos/ml-surrogates-for-power-systems/outputs/experiments/thesis_sm_avr_gov_benchmark_v1/default/lhs_static/b1024/ds03/baseline/summary.json,3,921,8192,0.009816485922783613,0.004316897314521744,0.0975360810380828,0.021325998869320042,/zhome/14/b/214266/Repos/ml-surrogates-for-power-systems/results/benchmark/experiments/thesis_sm_avr_gov_benchmark_v1/default/lhs_static/b1024/ds03/dataset_manifest.json
lhs_static_b1024_ds04,/zhome/14/b/214266/Repos/ml-surrogates-for-power-systems/outputs/experiments/thesis_sm_avr_gov_benchmark_v1/default/lhs_static/b1024/ds04,lhs_static,b1024,ds04,404,default,SM_AVR_GOV,/zhome/14/b/214266/Repos/ml-surrogates-for-power-systems/outputs/experiments/thesis_sm_avr_gov_benchmark_v1/default/lhs_static/b1024/ds04/data/SM_AVR_GOV/dataset_v1,pruned_after_run,,,/zhome/14/b/214266/Repos/ml-surrogates-for-power-systems/outputs/experiments/thesis_sm_avr_gov_benchmark_v1/default/lhs_static/b1024/ds04/baseline/summary.json,3,921,8192,0.0097266617231071,0.0025679023056501367,0.09799304228135765,0.01363957775470812,/zhome/14/b/214266/Repos/ml-surrogates-for-power-systems/results/benchmark/experiments/thesis_sm_avr_gov_benchmark_v1/default/lhs_static/b1024/ds04/dataset_manifest.json
lhs_static_b1024_ds05,/zhome/14/b/214266/Repos/ml-surrogates-for-power-systems/outputs/experiments/thesis_sm_avr_gov_benchmark_v1/default/lhs_static/b1024/ds05,lhs_static,b1024,ds05,505,default,SM_AVR_GOV,/zhome/14/b/214266/Repos/ml-surrogates-for-power-systems/outputs/experiments/thesis_sm_avr_gov_benchmark_v1/default/lhs_static/b1024/ds05/data/SM_AVR_GOV/dataset_v1,pruned_after_run,,,/zhome/14/b/214266/Repos/ml-surrogates-for-power-systems/outputs/experiments/thesis_sm_avr_gov_benchmark_v1/default/lhs_static/b1024/ds05/baseline/summary.json,3,921,8192,0.009772007043162981,0.006860018640846147,0.09514362470839682,0.03285645417214221,/zhome/14/b/214266/Repos/ml-surrogates-for-power-systems/results/benchmark/experiments/thesis_sm_avr_gov_benchmark_v1/default/lhs_static/b1024/ds05/dataset_manifest.json
lhs_static_b4096_ds01,/zhome/14/b/214266/Repos/ml-surrogates-for-power-systems/outputs/experiments/thesis_sm_avr_gov_benchmark_v1/default/lhs_static/b4096/ds01,lhs_static,b4096,ds01,101,default,SM_AVR_GOV,/zhome/14/b/214266/Repos/ml-surrogates-for-power-systems/outputs/experiments/thesis_sm_avr_gov_benchmark_v1/default/lhs_static/b4096/ds01/data/SM_AVR_GOV/dataset_v1,pruned_after_run,,,/zhome/14/b/214266/Repos/ml-surrogates-for-power-systems/outputs/experiments/thesis_sm_avr_gov_benchmark_v1/default/lhs_static/b4096/ds01/baseline/summary.json,3,3686,8192,0.0011747903966655333,0.000480574685213542,0.033760101031020354,0.007250445680180491,/zhome/14/b/214266/Repos/ml-surrogates-for-power-systems/results/benchmark/experiments/thesis_sm_avr_gov_benchmark_v1/default/lhs_static/b4096/ds01/dataset_manifest.json
lhs_static_b4096_ds02,/zhome/14/b/214266/Repos/ml-surrogates-for-power-systems/outputs/experiments/thesis_sm_avr_gov_benchmark_v1/default/lhs_static/b4096/ds02,lhs_static,b4096,ds02,202,default,SM_AVR_GOV,/zhome/14/b/214266/Repos/ml-surrogates-for-power-systems/outputs/experiments/thesis_sm_avr_gov_benchmark_v1/default/lhs_static/b4096/ds02/data/SM_AVR_GOV/dataset_v1,pruned_after_run,,,/zhome/14/b/214266/Repos/ml-surrogates-for-power-systems/outputs/experiments/thesis_sm_avr_gov_benchmark_v1/default/lhs_static/b4096/ds02/baseline/summary.json,3,3686,8192,0.0013174180445882182,0.0005987157130179628,0.035702608492983984,0.008007039844873344,/zhome/14/b/214266/Repos/ml-surrogates-for-power-systems/results/benchmark/experiments/thesis_sm_avr_gov_benchmark_v1/default/lhs_static/b4096/ds02/dataset_manifest.json
lhs_static_b4096_ds03,/zhome/14/b/214266/Repos/ml-surrogates-for-power-systems/outputs/experiments/thesis_sm_avr_gov_benchmark_v1/default/lhs_static/b4096/ds03,lhs_static,b4096,ds03,303,default,SM_AVR_GOV,/zhome/14/b/214266/Repos/ml-surrogates-for-power-systems/outputs/experiments/thesis_sm_avr_gov_benchmark_v1/default/lhs_static/b4096/ds03/data/SM_AVR_GOV/dataset_v1,pruned_after_run,,,/zhome/14/b/214266/Repos/ml-surrogates-for-power-systems/outputs/experiments/thesis_sm_avr_gov_benchmark_v1/default/lhs_static/b4096/ds03/baseline/summary.json,3,3686,8192,0.0012002070434391499,0.00036653132695422586,0.0343892801902769,0.0051358229282820415,/zhome/14/b/214266/Repos/ml-surrogates-for-power-systems/results/benchmark/experiments/thesis_sm_avr_gov_benchmark_v1/default/lhs_static/b4096/ds03/dataset_manifest.json
lhs_static_b4096_ds04,/zhome/14/b/214266/Repos/ml-surrogates-for-power-systems/outputs/experiments/thesis_sm_avr_gov_benchmark_v1/default/lhs_static/b4096/ds04,lhs_static,b4096,ds04,404,default,SM_AVR_GOV,/zhome/14/b/214266/Repos/ml-surrogates-for-power-systems/outputs/experiments/thesis_sm_avr_gov_benchmark_v1/default/lhs_static/b4096/ds04/data/SM_AVR_GOV/dataset_v1,pruned_after_run,,,/zhome/14/b/214266/Repos/ml-surrogates-for-power-systems/outputs/experiments/thesis_sm_avr_gov_benchmark_v1/default/lhs_static/b4096/ds04/baseline/summary.json,3,3686,8192,0.0012330448953434825,0.0008489108851371342,0.03376170772860614,0.011823196686492525,/zhome/14/b/214266/Repos/ml-surrogates-for-power-systems/results/benchmark/experiments/thesis_sm_avr_gov_benchmark_v1/default/lhs_static/b4096/ds04/dataset_manifest.json
lhs_static_b4096_ds05,/zhome/14/b/214266/Repos/ml-surrogates-for-power-systems/outputs/experiments/thesis_sm_avr_gov_benchmark_v1/default/lhs_static/b4096/ds05,lhs_static,b4096,ds05,505,default,SM_AVR_GOV,/zhome/14/b/214266/Repos/ml-surrogates-for-power-systems/outputs/experiments/thesis_sm_avr_gov_benchmark_v1/default/lhs_static/b4096/ds05/data/SM_AVR_GOV/dataset_v1,pruned_after_run,,,/zhome/14/b/214266/Repos/ml-surrogates-for-power-systems/outputs/experiments/thesis_sm_avr_gov_benchmark_v1/default/lhs_static/b4096/ds05/baseline/summary.json,3,3686,8192,0.0012922138363743823,0.0006695433493855427,0.03503342284894421,0.009864566883152246,/zhome/14/b/214266/Repos/ml-surrogates-for-power-systems/results/benchmark/experiments/thesis_sm_avr_gov_benchmark_v1/default/lhs_static/b4096/ds05/dataset_manifest.json
lhs_static_b8192_ds01,/zhome/14/b/214266/Repos/ml-surrogates-for-power-systems/outputs/experiments/thesis_sm_avr_gov_benchmark_v1/default/lhs_static/b8192/ds01,lhs_static,b8192,ds01,101,default,SM_AVR_GOV,/zhome/14/b/214266/Repos/ml-surrogates-for-power-systems/outputs/experiments/thesis_sm_avr_gov_benchmark_v1/default/lhs_static/b8192/ds01/data/SM_AVR_GOV/dataset_v2,pruned_after_run,,,/zhome/14/b/214266/Repos/ml-surrogates-for-power-systems/outputs/experiments/thesis_sm_avr_gov_benchmark_v1/default/lhs_static/b8192/ds01/baseline/summary.json,3,7372,8192,0.00126917598148187,0.00026354308667935405,0.03549467867767482,0.0037357262447521122,/zhome/14/b/214266/Repos/ml-surrogates-for-power-systems/results/benchmark/experiments/thesis_sm_avr_gov_benchmark_v1/default/lhs_static/b8192/ds01/dataset_manifest.json
lhs_static_b8192_ds02,/zhome/14/b/214266/Repos/ml-surrogates-for-power-systems/outputs/experiments/thesis_sm_avr_gov_benchmark_v1/default/lhs_static/b8192/ds02,lhs_static,b8192,ds02,202,default,SM_AVR_GOV,/zhome/14/b/214266/Repos/ml-surrogates-for-power-systems/outputs/experiments/thesis_sm_avr_gov_benchmark_v1/default/lhs_static/b8192/ds02/data/SM_AVR_GOV/dataset_v1,pruned_after_run,,,/zhome/14/b/214266/Repos/ml-surrogates-for-power-systems/outputs/experiments/thesis_sm_avr_gov_benchmark_v1/default/lhs_static/b8192/ds02/baseline/summary.json,3,7372,8192,0.0015215761959552765,0.00047258533139410533,0.0386671817388148,0.006295862013983122,/zhome/14/b/214266/Repos/ml-surrogates-for-power-systems/results/benchmark/experiments/thesis_sm_avr_gov_benchmark_v1/default/lhs_static/b8192/ds02/dataset_manifest.json
lhs_static_b8192_ds03,/zhome/14/b/214266/Repos/ml-surrogates-for-power-systems/outputs/experiments/thesis_sm_avr_gov_benchmark_v1/default/lhs_static/b8192/ds03,lhs_static,b8192,ds03,303,default,SM_AVR_GOV,/zhome/14/b/214266/Repos/ml-surrogates-for-power-systems/outputs/experiments/thesis_sm_avr_gov_benchmark_v1/default/lhs_static/b8192/ds03/data/SM_AVR_GOV/dataset_v1,pruned_after_run,,,/zhome/14/b/214266/Repos/ml-surrogates-for-power-systems/outputs/experiments/thesis_sm_avr_gov_benchmark_v1/default/lhs_static/b8192/ds03/baseline/summary.json,3,7372,8192,0.0009661773801781237,0.00037705247535156823,0.030714235510752117,0.005849758606324365,/zhome/14/b/214266/Repos/ml-surrogates-for-power-systems/results/benchmark/experiments/thesis_sm_avr_gov_benchmark_v1/default/lhs_static/b8192/ds03/dataset_manifest.json
lhs_static_b8192_ds04,/zhome/14/b/214266/Repos/ml-surrogates-for-power-systems/outputs/experiments/thesis_sm_avr_gov_benchmark_v1/default/lhs_static/b8192/ds04,lhs_static,b8192,ds04,404,default,SM_AVR_GOV,/zhome/14/b/214266/Repos/ml-surrogates-for-power-systems/outputs/experiments/thesis_sm_avr_gov_benchmark_v1/default/lhs_static/b8192/ds04/data/SM_AVR_GOV/dataset_v1,pruned_after_run,,,/zhome/14/b/214266/Repos/ml-surrogates-for-power-systems/outputs/experiments/thesis_sm_avr_gov_benchmark_v1/default/lhs_static/b8192/ds04/baseline/summary.json,3,7372,8192,0.0009251973824575543,0.0004793554219687647,0.02976760551680954,0.0076570599044115464,/zhome/14/b/214266/Repos/ml-surrogates-for-power-systems/results/benchmark/experiments/thesis_sm_avr_gov_benchmark_v1/default/lhs_static/b8192/ds04/dataset_manifest.json
lhs_static_b8192_ds05,/zhome/14/b/214266/Repos/ml-surrogates-for-power-systems/outputs/experiments/thesis_sm_avr_gov_benchmark_v1/default/lhs_static/b8192/ds05,lhs_static,b8192,ds05,505,default,SM_AVR_GOV,/zhome/14/b/214266/Repos/ml-surrogates-for-power-systems/outputs/experiments/thesis_sm_avr_gov_benchmark_v1/default/lhs_static/b8192/ds05/data/SM_AVR_GOV/dataset_v1,pruned_after_run,,,/zhome/14/b/214266/Repos/ml-surrogates-for-power-systems/outputs/experiments/thesis_sm_avr_gov_benchmark_v1/default/lhs_static/b8192/ds05/baseline/summary.json,3,7372,8192,0.0010259508853778243,0.0003663409602360386,0.03167472570801187,0.005830433521622019,/zhome/14/b/214266/Repos/ml-surrogates-for-power-systems/results/benchmark/experiments/thesis_sm_avr_gov_benchmark_v1/default/lhs_static/b8192/ds05/dataset_manifest.json
marker_directed_b1024_ds01,/zhome/14/b/214266/Repos/ml-surrogates-for-power-systems/outputs/experiments/thesis_sm_avr_gov_benchmark_v1/default/marker_directed/b1024/ds01,marker_directed,b1024,ds01,101,default,SM_AVR_GOV,/zhome/14/b/214266/Repos/ml-surrogates-for-power-systems/outputs/experiments/thesis_sm_avr_gov_benchmark_v1/default/marker_directed/b1024/ds01/data/SM_AVR_GOV/dataset_v1,pruned_after_run,/zhome/14/b/214266/Repos/ml-surrogates-for-power-systems/outputs/experiments/thesis_sm_avr_gov_benchmark_v1/default/marker_directed/b1024/ds01/qbc/history.jsonl,/zhome/14/b/214266/Repos/ml-surrogates-for-power-systems/outputs/experiments/thesis_sm_avr_gov_benchmark_v1/default/marker_directed/b1024/ds01/telemetry/round_telemetry.csv,/zhome/14/b/214266/Repos/ml-surrogates-for-power-systems/outputs/experiments/thesis_sm_avr_gov_benchmark_v1/default/marker_directed/b1024/ds01/baseline/summary.json,3,921,8192,0.006940011245508988,0.004244378636203352,0.08093231806979008,0.024185878235842055,/zhome/14/b/214266/Repos/ml-surrogates-for-power-systems/results/benchmark/experiments/thesis_sm_avr_gov_benchmark_v1/default/marker_directed/b1024/ds01/dataset_manifest.json
marker_directed_b1024_ds02,/zhome/14/b/214266/Repos/ml-surrogates-for-power-systems/outputs/experiments/thesis_sm_avr_gov_benchmark_v1/default/marker_directed/b1024/ds02,marker_directed,b1024,ds02,202,default,SM_AVR_GOV,/zhome/14/b/214266/Repos/ml-surrogates-for-power-systems/outputs/experiments/thesis_sm_avr_gov_benchmark_v1/default/marker_directed/b1024/ds02/data/SM_AVR_GOV/dataset_v1,pruned_after_run,/zhome/14/b/214266/Repos/ml-surrogates-for-power-systems/outputs/experiments/thesis_sm_avr_gov_benchmark_v1/default/marker_directed/b1024/ds02/qbc/history.jsonl,/zhome/14/b/214266/Repos/ml-surrogates-for-power-systems/outputs/experiments/thesis_sm_avr_gov_benchmark_v1/default/marker_directed/b1024/ds02/telemetry/round_telemetry.csv,/zhome/14/b/214266/Repos/ml-surrogates-for-power-systems/outputs/experiments/thesis_sm_avr_gov_benchmark_v1/default/marker_directed/b1024/ds02/baseline/summary.json,3,921,8192,0.0048749325796961784,0.0002843743362629316,0.06980096025940953,0.0020341558054302556,/zhome/14/b/214266/Repos/ml-surrogates-for-power-systems/results/benchmark/experiments/thesis_sm_avr_gov_benchmark_v1/default/marker_directed/b1024/ds02/dataset_manifest.json
marker_directed_b1024_ds03,/zhome/14/b/214266/Repos/ml-surrogates-for-power-systems/outputs/experiments/thesis_sm_avr_gov_benchmark_v1/default/marker_directed/b1024/ds03,marker_directed,b1024,ds03,303,default,SM_AVR_GOV,/zhome/14/b/214266/Repos/ml-surrogates-for-power-systems/outputs/experiments/thesis_sm_avr_gov_benchmark_v1/default/marker_directed/b1024/ds03/data/SM_AVR_GOV/dataset_v1,pruned_after_run,/zhome/14/b/214266/Repos/ml-surrogates-for-power-systems/outputs/experiments/thesis_sm_avr_gov_benchmark_v1/default/marker_directed/b1024/ds03/qbc/history.jsonl,/zhome/14/b/214266/Repos/ml-surrogates-for-power-systems/outputs/experiments/thesis_sm_avr_gov_benchmark_v1/default/marker_directed/b1024/ds03/telemetry/round_telemetry.csv,/zhome/14/b/214266/Repos/ml-surrogates-for-power-systems/outputs/experiments/thesis_sm_avr_gov_benchmark_v1/default/marker_directed/b1024/ds03/baseline/summary.json,3,921,8192,0.006247031036764383,0.0029456335921689346,0.07760616499227199,0.018343153707445242,/zhome/14/b/214266/Repos/ml-surrogates-for-power-systems/results/benchmark/experiments/thesis_sm_avr_gov_benchmark_v1/default/marker_directed/b1024/ds03/dataset_manifest.json
marker_directed_b1024_ds04,/zhome/14/b/214266/Repos/ml-surrogates-for-power-systems/outputs/experiments/thesis_sm_avr_gov_benchmark_v1/default/marker_directed/b1024/ds04,marker_directed,b1024,ds04,404,default,SM_AVR_GOV,/zhome/14/b/214266/Repos/ml-surrogates-for-power-systems/outputs/experiments/thesis_sm_avr_gov_benchmark_v1/default/marker_directed/b1024/ds04/data/SM_AVR_GOV/dataset_v1,pruned_after_run,/zhome/14/b/214266/Repos/ml-surrogates-for-power-systems/outputs/experiments/thesis_sm_avr_gov_benchmark_v1/default/marker_directed/b1024/ds04/qbc/history.jsonl,/zhome/14/b/214266/Repos/ml-surrogates-for-power-systems/outputs/experiments/thesis_sm_avr_gov_benchmark_v1/default/marker_directed/b1024/ds04/telemetry/round_telemetry.csv,/zhome/14/b/214266/Repos/ml-surrogates-for-power-systems/outputs/experiments/thesis_sm_avr_gov_benchmark_v1/default/marker_directed/b1024/ds04/baseline/summary.json,3,921,8192,0.008921247441321611,0.006236485843409559,0.09076409430808784,0.03201077847587006,/zhome/14/b/214266/Repos/ml-surrogates-for-power-systems/results/benchmark/experiments/thesis_sm_avr_gov_benchmark_v1/default/marker_directed/b1024/ds04/dataset_manifest.json
marker_directed_b1024_ds05,/zhome/14/b/214266/Repos/ml-surrogates-for-power-systems/outputs/experiments/thesis_sm_avr_gov_benchmark_v1/default/marker_directed/b1024/ds05,marker_directed,b1024,ds05,505,default,SM_AVR_GOV,/zhome/14/b/214266/Repos/ml-surrogates-for-power-systems/outputs/experiments/thesis_sm_avr_gov_benchmark_v1/default/marker_directed/b1024/ds05/data/SM_AVR_GOV/dataset_v1,pruned_after_run,/zhome/14/b/214266/Repos/ml-surrogates-for-power-systems/outputs/experiments/thesis_sm_avr_gov_benchmark_v1/default/marker_directed/b1024/ds05/qbc/history.jsonl,/zhome/14/b/214266/Repos/ml-surrogates-for-power-systems/outputs/experiments/thesis_sm_avr_gov_benchmark_v1/default/marker_directed/b1024/ds05/telemetry/round_telemetry.csv,/zhome/14/b/214266/Repos/ml-surrogates-for-power-systems/outputs/experiments/thesis_sm_avr_gov_benchmark_v1/default/marker_directed/b1024/ds05/baseline/summary.json,3,921,8192,0.007222914447387059,0.00307911063473135,0.08369167492242173,0.018108754625874177,/zhome/14/b/214266/Repos/ml-surrogates-for-power-systems/results/benchmark/experiments/thesis_sm_avr_gov_benchmark_v1/default/marker_directed/b1024/ds05/dataset_manifest.json
marker_directed_b4096_ds01,/zhome/14/b/214266/Repos/ml-surrogates-for-power-systems/outputs/experiments/thesis_sm_avr_gov_benchmark_v1/default/marker_directed/b4096/ds01,marker_directed,b4096,ds01,101,default,SM_AVR_GOV,/zhome/14/b/214266/Repos/ml-surrogates-for-power-systems/outputs/experiments/thesis_sm_avr_gov_benchmark_v1/default/marker_directed/b4096/ds01/data/SM_AVR_GOV/dataset_v1,pruned_after_run,/zhome/14/b/214266/Repos/ml-surrogates-for-power-systems/outputs/experiments/thesis_sm_avr_gov_benchmark_v1/default/marker_directed/b4096/ds01/qbc/history.jsonl,/zhome/14/b/214266/Repos/ml-surrogates-for-power-systems/outputs/experiments/thesis_sm_avr_gov_benchmark_v1/default/marker_directed/b4096/ds01/telemetry/round_telemetry.csv,/zhome/14/b/214266/Repos/ml-surrogates-for-power-systems/outputs/experiments/thesis_sm_avr_gov_benchmark_v1/default/marker_directed/b4096/ds01/baseline/summary.json,3,3686,8192,0.0015218912158161402,0.0008974582711639155,0.037919475661686464,0.011225278261066044,/zhome/14/b/214266/Repos/ml-surrogates-for-power-systems/results/benchmark/experiments/thesis_sm_avr_gov_benchmark_v1/default/marker_directed/b4096/ds01/dataset_manifest.json
marker_directed_b4096_ds02,/zhome/14/b/214266/Repos/ml-surrogates-for-power-systems/outputs/experiments/thesis_sm_avr_gov_benchmark_v1/default/marker_directed/b4096/ds02,marker_directed,b4096,ds02,202,default,SM_AVR_GOV,/zhome/14/b/214266/Repos/ml-surrogates-for-power-systems/outputs/experiments/thesis_sm_avr_gov_benchmark_v1/default/marker_directed/b4096/ds02/data/SM_AVR_GOV/dataset_v1,pruned_after_run,/zhome/14/b/214266/Repos/ml-surrogates-for-power-systems/outputs/experiments/thesis_sm_avr_gov_benchmark_v1/default/marker_directed/b4096/ds02/qbc/history.jsonl,/zhome/14/b/214266/Repos/ml-surrogates-for-power-systems/outputs/experiments/thesis_sm_avr_gov_benchmark_v1/default/marker_directed/b4096/ds02/telemetry/round_telemetry.csv,/zhome/14/b/214266/Repos/ml-surrogates-for-power-systems/outputs/experiments/thesis_sm_avr_gov_benchmark_v1/default/marker_directed/b4096/ds02/baseline/summary.json,3,3686,8192,0.00082980280664439,0.0001847103707854083,0.028687957025916876,0.0031946662556994587,/zhome/14/b/214266/Repos/ml-surrogates-for-power-systems/results/benchmark/experiments/thesis_sm_avr_gov_benchmark_v1/default/marker_directed/b4096/ds02/dataset_manifest.json
marker_directed_b4096_ds03,/zhome/14/b/214266/Repos/ml-surrogates-for-power-systems/outputs/experiments/thesis_sm_avr_gov_benchmark_v1/default/marker_directed/b4096/ds03,marker_directed,b4096,ds03,303,default,SM_AVR_GOV,/zhome/14/b/214266/Repos/ml-surrogates-for-power-systems/outputs/experiments/thesis_sm_avr_gov_benchmark_v1/default/marker_directed/b4096/ds03/data/SM_AVR_GOV/dataset_v1,pruned_after_run,/zhome/14/b/214266/Repos/ml-surrogates-for-power-systems/outputs/experiments/thesis_sm_avr_gov_benchmark_v1/default/marker_directed/b4096/ds03/qbc/history.jsonl,/zhome/14/b/214266/Repos/ml-surrogates-for-power-systems/outputs/experiments/thesis_sm_avr_gov_benchmark_v1/default/marker_directed/b4096/ds03/telemetry/round_telemetry.csv,/zhome/14/b/214266/Repos/ml-surrogates-for-power-systems/outputs/experiments/thesis_sm_avr_gov_benchmark_v1/default/marker_directed/b4096/ds03/baseline/summary.json,3,3686,8192,0.0009007663077985247,0.00047939374587448034,0.02933098917016693,0.007790319194173778,/zhome/14/b/214266/Repos/ml-surrogates-for-power-systems/results/benchmark/experiments/thesis_sm_avr_gov_benchmark_v1/default/marker_directed/b4096/ds03/dataset_manifest.json
marker_directed_b4096_ds04,/zhome/14/b/214266/Repos/ml-surrogates-for-power-systems/outputs/experiments/thesis_sm_avr_gov_benchmark_v1/default/marker_directed/b4096/ds04,marker_directed,b4096,ds04,404,default,SM_AVR_GOV,/zhome/14/b/214266/Repos/ml-surrogates-for-power-systems/outputs/experiments/thesis_sm_avr_gov_benchmark_v1/default/marker_directed/b4096/ds04/data/SM_AVR_GOV/dataset_v1,pruned_after_run,/zhome/14/b/214266/Repos/ml-surrogates-for-power-systems/outputs/experiments/thesis_sm_avr_gov_benchmark_v1/default/marker_directed/b4096/ds04/qbc/history.jsonl,/zhome/14/b/214266/Repos/ml-surrogates-for-power-systems/outputs/experiments/thesis_sm_avr_gov_benchmark_v1/default/marker_directed/b4096/ds04/telemetry/round_telemetry.csv,/zhome/14/b/214266/Repos/ml-surrogates-for-power-systems/outputs/experiments/thesis_sm_avr_gov_benchmark_v1/default/marker_directed/b4096/ds04/baseline/summary.json,3,3686,8192,0.0012761706796785195,0.0004681839488272176,0.035294822245450046,0.006757906740323233,/zhome/14/b/214266/Repos/ml-surrogates-for-power-systems/results/benchmark/experiments/thesis_sm_avr_gov_benchmark_v1/default/marker_directed/b4096/ds04/dataset_manifest.json
marker_directed_b4096_ds05,/zhome/14/b/214266/Repos/ml-surrogates-for-power-systems/outputs/experiments/thesis_sm_avr_gov_benchmark_v1/default/marker_directed/b4096/ds05,marker_directed,b4096,ds05,505,default,SM_AVR_GOV,/zhome/14/b/214266/Repos/ml-surrogates-for-power-systems/outputs/experiments/thesis_sm_avr_gov_benchmark_v1/default/marker_directed/b4096/ds05/data/SM_AVR_GOV/dataset_v1,pruned_after_run,/zhome/14/b/214266/Repos/ml-surrogates-for-power-systems/outputs/experiments/thesis_sm_avr_gov_benchmark_v1/default/marker_directed/b4096/ds05/qbc/history.jsonl,/zhome/14/b/214266/Repos/ml-surrogates-for-power-systems/outputs/experiments/thesis_sm_avr_gov_benchmark_v1/default/marker_directed/b4096/ds05/telemetry/round_telemetry.csv,/zhome/14/b/214266/Repos/ml-surrogates-for-power-systems/outputs/experiments/thesis_sm_avr_gov_benchmark_v1/default/marker_directed/b4096/ds05/baseline/summary.json,3,3686,8192,0.001196541377188017,0.0005774977876988325,0.03388710364307029,0.008503433177707907,/zhome/14/b/214266/Repos/ml-surrogates-for-power-systems/results/benchmark/experiments/thesis_sm_avr_gov_benchmark_v1/default/marker_directed/b4096/ds05/dataset_manifest.json
marker_directed_b8192_ds01,/zhome/14/b/214266/Repos/ml-surrogates-for-power-systems/outputs/experiments/thesis_sm_avr_gov_benchmark_v1/default/marker_directed/b8192/ds01,marker_directed,b8192,ds01,101,default,SM_AVR_GOV,/zhome/14/b/214266/Repos/ml-surrogates-for-power-systems/outputs/experiments/thesis_sm_avr_gov_benchmark_v1/default/marker_directed/b8192/ds01/data/SM_AVR_GOV/dataset_v1,pruned_after_run,/zhome/14/b/214266/Repos/ml-surrogates-for-power-systems/outputs/experiments/thesis_sm_avr_gov_benchmark_v1/default/marker_directed/b8192/ds01/qbc/history.jsonl,/zhome/14/b/214266/Repos/ml-surrogates-for-power-systems/outputs/experiments/thesis_sm_avr_gov_benchmark_v1/default/marker_directed/b8192/ds01/telemetry/round_telemetry.csv,/zhome/14/b/214266/Repos/ml-surrogates-for-power-systems/outputs/experiments/thesis_sm_avr_gov_benchmark_v1/default/marker_directed/b8192/ds01/baseline/summary.json,3,7372,8192,0.001556320038313667,0.00022842327017397863,0.039376550391968614,0.0029514363136674574,/zhome/14/b/214266/Repos/ml-surrogates-for-power-systems/results/benchmark/experiments/thesis_sm_avr_gov_benchmark_v1/default/marker_directed/b8192/ds01/dataset_manifest.json
marker_directed_b8192_ds02,/zhome/14/b/214266/Repos/ml-surrogates-for-power-systems/outputs/experiments/thesis_sm_avr_gov_benchmark_v1/default/marker_directed/b8192/ds02,marker_directed,b8192,ds02,202,default,SM_AVR_GOV,/zhome/14/b/214266/Repos/ml-surrogates-for-power-systems/outputs/experiments/thesis_sm_avr_gov_benchmark_v1/default/marker_directed/b8192/ds02/data/SM_AVR_GOV/dataset_v1,pruned_after_run,/zhome/14/b/214266/Repos/ml-surrogates-for-power-systems/outputs/experiments/thesis_sm_avr_gov_benchmark_v1/default/marker_directed/b8192/ds02/qbc/history.jsonl,/zhome/14/b/214266/Repos/ml-surrogates-for-power-systems/outputs/experiments/thesis_sm_avr_gov_benchmark_v1/default/marker_directed/b8192/ds02/telemetry/round_telemetry.csv,/zhome/14/b/214266/Repos/ml-surrogates-for-power-systems/outputs/experiments/thesis_sm_avr_gov_benchmark_v1/default/marker_directed/b8192/ds02/baseline/summary.json,3,7372,8192,0.001200850063469261,0.0008479403888637531,0.03319586769290869,0.012178942785654371,/zhome/14/b/214266/Repos/ml-surrogates-for-power-systems/results/benchmark/experiments/thesis_sm_avr_gov_benchmark_v1/default/marker_directed/b8192/ds02/dataset_manifest.json
marker_directed_b8192_ds03,/zhome/14/b/214266/Repos/ml-surrogates-for-power-systems/outputs/experiments/thesis_sm_avr_gov_benchmark_v1/default/marker_directed/b8192/ds03,marker_directed,b8192,ds03,303,default,SM_AVR_GOV,/zhome/14/b/214266/Repos/ml-surrogates-for-power-systems/outputs/experiments/thesis_sm_avr_gov_benchmark_v1/default/marker_directed/b8192/ds03/data/SM_AVR_GOV/dataset_v1,pruned_after_run,/zhome/14/b/214266/Repos/ml-surrogates-for-power-systems/outputs/experiments/thesis_sm_avr_gov_benchmark_v1/default/marker_directed/b8192/ds03/qbc/history.jsonl,/zhome/14/b/214266/Repos/ml-surrogates-for-power-systems/outputs/experiments/thesis_sm_avr_gov_benchmark_v1/default/marker_directed/b8192/ds03/telemetry/round_telemetry.csv,/zhome/14/b/214266/Repos/ml-surrogates-for-power-systems/outputs/experiments/thesis_sm_avr_gov_benchmark_v1/default/marker_directed/b8192/ds03/baseline/summary.json,3,7372,8192,0.000934778208223482,0.00012464196643616548,0.03053032283943704,0.002004094138219692,/zhome/14/b/214266/Repos/ml-surrogates-for-power-systems/results/benchmark/experiments/thesis_sm_avr_gov_benchmark_v1/default/marker_directed/b8192/ds03/dataset_manifest.json
marker_directed_b8192_ds04,/zhome/14/b/214266/Repos/ml-surrogates-for-power-systems/outputs/experiments/thesis_sm_avr_gov_benchmark_v1/default/marker_directed/b8192/ds04,marker_directed,b8192,ds04,404,default,SM_AVR_GOV,/zhome/14/b/214266/Repos/ml-surrogates-for-power-systems/outputs/experiments/thesis_sm_avr_gov_benchmark_v1/default/marker_directed/b8192/ds04/data/SM_AVR_GOV/dataset_v1,pruned_after_run,/zhome/14/b/214266/Repos/ml-surrogates-for-power-systems/outputs/experiments/thesis_sm_avr_gov_benchmark_v1/default/marker_directed/b8192/ds04/qbc/history.jsonl,/zhome/14/b/214266/Repos/ml-surrogates-for-power-systems/outputs/experiments/thesis_sm_avr_gov_benchmark_v1/default/marker_directed/b8192/ds04/telemetry/round_telemetry.csv,/zhome/14/b/214266/Repos/ml-surrogates-for-power-systems/outputs/experiments/thesis_sm_avr_gov_benchmark_v1/default/marker_directed/b8192/ds04/baseline/summary.json,3,7372,8192,0.0009246463111291329,0.00030652713135677053,0.030146661543997855,0.004872131291453544,/zhome/14/b/214266/Repos/ml-surrogates-for-power-systems/results/benchmark/experiments/thesis_sm_avr_gov_benchmark_v1/default/marker_directed/b8192/ds04/dataset_manifest.json
marker_directed_b8192_ds05,/zhome/14/b/214266/Repos/ml-surrogates-for-power-systems/outputs/experiments/thesis_sm_avr_gov_benchmark_v1/default/marker_directed/b8192/ds05,marker_directed,b8192,ds05,505,default,SM_AVR_GOV,/zhome/14/b/214266/Repos/ml-surrogates-for-power-systems/outputs/experiments/thesis_sm_avr_gov_benchmark_v1/default/marker_directed/b8192/ds05/data/SM_AVR_GOV/dataset_v1,pruned_after_run,/zhome/14/b/214266/Repos/ml-surrogates-for-power-systems/outputs/experiments/thesis_sm_avr_gov_benchmark_v1/default/marker_directed/b8192/ds05/qbc/history.jsonl,/zhome/14/b/214266/Repos/ml-surrogates-for-power-systems/outputs/experiments/thesis_sm_avr_gov_benchmark_v1/default/marker_directed/b8192/ds05/telemetry/round_telemetry.csv,/zhome/14/b/214266/Repos/ml-surrogates-for-power-systems/outputs/experiments/thesis_sm_avr_gov_benchmark_v1/default/marker_directed/b8192/ds05/baseline/summary.json,3,7372,8192,0.001215312125471731,0.0006701732652015001,0.0340499883817862,0.00915781769898994,/zhome/14/b/214266/Repos/ml-surrogates-for-power-systems/results/benchmark/experiments/thesis_sm_avr_gov_benchmark_v1/default/marker_directed/b8192/ds05/dataset_manifest.json
qbc_deep_ensemble_b1024_ds01,/zhome/14/b/214266/Repos/ml-surrogates-for-power-systems/outputs/experiments/thesis_sm_avr_gov_benchmark_v1/default/qbc_deep_ensemble/b1024/ds01,qbc_deep_ensemble,b1024,ds01,101,default,SM_AVR_GOV,/zhome/14/b/214266/Repos/ml-surrogates-for-power-systems/outputs/experiments/thesis_sm_avr_gov_benchmark_v1/default/qbc_deep_ensemble/b1024/ds01/data/SM_AVR_GOV/dataset_v1,pruned_after_run,/zhome/14/b/214266/Repos/ml-surrogates-for-power-systems/outputs/experiments/thesis_sm_avr_gov_benchmark_v1/default/qbc_deep_ensemble/b1024/ds01/qbc/history.jsonl,/zhome/14/b/214266/Repos/ml-surrogates-for-power-systems/outputs/experiments/thesis_sm_avr_gov_benchmark_v1/default/qbc_deep_ensemble/b1024/ds01/telemetry/round_telemetry.csv,/zhome/14/b/214266/Repos/ml-surrogates-for-power-systems/outputs/experiments/thesis_sm_avr_gov_benchmark_v1/default/qbc_deep_ensemble/b1024/ds01/baseline/summary.json,3,921,8192,0.007734339063366254,0.0024809699548200494,0.08723820813188381,0.013629055651679017,/zhome/14/b/214266/Repos/ml-surrogates-for-power-systems/results/benchmark/experiments/thesis_sm_avr_gov_benchmark_v1/default/qbc_deep_ensemble/b1024/ds01/dataset_manifest.json
qbc_deep_ensemble_b1024_ds02,/zhome/14/b/214266/Repos/ml-surrogates-for-power-systems/outputs/experiments/thesis_sm_avr_gov_benchmark_v1/default/qbc_deep_ensemble/b1024/ds02,qbc_deep_ensemble,b1024,ds02,202,default,SM_AVR_GOV,/zhome/14/b/214266/Repos/ml-surrogates-for-power-systems/outputs/experiments/thesis_sm_avr_gov_benchmark_v1/default/qbc_deep_ensemble/b1024/ds02/data/SM_AVR_GOV/dataset_v1,pruned_after_run,/zhome/14/b/214266/Repos/ml-surrogates-for-power-systems/outputs/experiments/thesis_sm_avr_gov_benchmark_v1/default/qbc_deep_ensemble/b1024/ds02/qbc/history.jsonl,/zhome/14/b/214266/Repos/ml-surrogates-for-power-systems/outputs/experiments/thesis_sm_avr_gov_benchmark_v1/default/qbc_deep_ensemble/b1024/ds02/telemetry/round_telemetry.csv,/zhome/14/b/214266/Repos/ml-surrogates-for-power-systems/outputs/experiments/thesis_sm_avr_gov_benchmark_v1/default/qbc_deep_ensemble/b1024/ds02/baseline/summary.json,3,921,8192,0.007398019079118967,0.0009833333328844204,0.08588831468865744,0.005641340141462342,/zhome/14/b/214266/Repos/ml-surrogates-for-power-systems/results/benchmark/experiments/thesis_sm_avr_gov_benchmark_v1/default/qbc_deep_ensemble/b1024/ds02/dataset_manifest.json
qbc_deep_ensemble_b1024_ds03,/zhome/14/b/214266/Repos/ml-surrogates-for-power-systems/outputs/experiments/thesis_sm_avr_gov_benchmark_v1/default/qbc_deep_ensemble/b1024/ds03,qbc_deep_ensemble,b1024,ds03,303,default,SM_AVR_GOV,/zhome/14/b/214266/Repos/ml-surrogates-for-power-systems/outputs/experiments/thesis_sm_avr_gov_benchmark_v1/default/qbc_deep_ensemble/b1024/ds03/data/SM_AVR_GOV/dataset_v1,pruned_after_run,/zhome/14/b/214266/Repos/ml-surrogates-for-power-systems/outputs/experiments/thesis_sm_avr_gov_benchmark_v1/default/qbc_deep_ensemble/b1024/ds03/qbc/history.jsonl,/zhome/14/b/214266/Repos/ml-surrogates-for-power-systems/outputs/experiments/thesis_sm_avr_gov_benchmark_v1/default/qbc_deep_ensemble/b1024/ds03/telemetry/round_telemetry.csv,/zhome/14/b/214266/Repos/ml-surrogates-for-power-systems/outputs/experiments/thesis_sm_avr_gov_benchmark_v1/default/qbc_deep_ensemble/b1024/ds03/baseline/summary.json,3,921,8192,0.00574636273086071,0.0010831356750218184,0.07557049534720861,0.007293452252352685,/zhome/14/b/214266/Repos/ml-surrogates-for-power-systems/results/benchmark/experiments/thesis_sm_avr_gov_benchmark_v1/default/qbc_deep_ensemble/b1024/ds03/dataset_manifest.json
qbc_deep_ensemble_b1024_ds04,/zhome/14/b/214266/Repos/ml-surrogates-for-power-systems/outputs/experiments/thesis_sm_avr_gov_benchmark_v1/default/qbc_deep_ensemble/b1024/ds04,qbc_deep_ensemble,b1024,ds04,404,default,SM_AVR_GOV,/zhome/14/b/214266/Repos/ml-surrogates-for-power-systems/outputs/experiments/thesis_sm_avr_gov_benchmark_v1/default/qbc_deep_ensemble/b1024/ds04/data/SM_AVR_GOV/dataset_v1,pruned_after_run,/zhome/14/b/214266/Repos/ml-surrogates-for-power-systems/outputs/experiments/thesis_sm_avr_gov_benchmark_v1/default/qbc_deep_ensemble/b1024/ds04/qbc/history.jsonl,/zhome/14/b/214266/Repos/ml-surrogates-for-power-systems/outputs/experiments/thesis_sm_avr_gov_benchmark_v1/default/qbc_deep_ensemble/b1024/ds04/telemetry/round_telemetry.csv,/zhome/14/b/214266/Repos/ml-surrogates-for-power-systems/outputs/experiments/thesis_sm_avr_gov_benchmark_v1/default/qbc_deep_ensemble/b1024/ds04/baseline/summary.json,3,921,8192,0.006871253872911136,0.0016880846734313444,0.08249865687823214,0.009891320907658522,/zhome/14/b/214266/Repos/ml-surrogates-for-power-systems/results/benchmark/experiments/thesis_sm_avr_gov_benchmark_v1/default/qbc_deep_ensemble/b1024/ds04/dataset_manifest.json
qbc_deep_ensemble_b1024_ds05,/zhome/14/b/214266/Repos/ml-surrogates-for-power-systems/outputs/experiments/thesis_sm_avr_gov_benchmark_v1/default/qbc_deep_ensemble/b1024/ds05,qbc_deep_ensemble,b1024,ds05,505,default,SM_AVR_GOV,/zhome/14/b/214266/Repos/ml-surrogates-for-power-systems/outputs/experiments/thesis_sm_avr_gov_benchmark_v1/default/qbc_deep_ensemble/b1024/ds05/data/SM_AVR_GOV/dataset_v1,pruned_after_run,/zhome/14/b/214266/Repos/ml-surrogates-for-power-systems/outputs/experiments/thesis_sm_avr_gov_benchmark_v1/default/qbc_deep_ensemble/b1024/ds05/qbc/history.jsonl,/zhome/14/b/214266/Repos/ml-surrogates-for-power-systems/outputs/experiments/thesis_sm_avr_gov_benchmark_v1/default/qbc_deep_ensemble/b1024/ds05/telemetry/round_telemetry.csv,/zhome/14/b/214266/Repos/ml-surrogates-for-power-systems/outputs/experiments/thesis_sm_avr_gov_benchmark_v1/default/qbc_deep_ensemble/b1024/ds05/baseline/summary.json,3,921,8192,0.0038450148422271013,0.00046148297568668204,0.06193570151233209,0.003670910051146658,/zhome/14/b/214266/Repos/ml-surrogates-for-power-systems/results/benchmark/experiments/thesis_sm_avr_gov_benchmark_v1/default/qbc_deep_ensemble/b1024/ds05/dataset_manifest.json
qbc_deep_ensemble_b4096_ds01,/zhome/14/b/214266/Repos/ml-surrogates-for-power-systems/outputs/experiments/thesis_sm_avr_gov_benchmark_v1/default/qbc_deep_ensemble/b4096/ds01,qbc_deep_ensemble,b4096,ds01,101,default,SM_AVR_GOV,/zhome/14/b/214266/Repos/ml-surrogates-for-power-systems/outputs/experiments/thesis_sm_avr_gov_benchmark_v1/default/qbc_deep_ensemble/b4096/ds01/data/SM_AVR_GOV/dataset_v1,pruned_after_run,/zhome/14/b/214266/Repos/ml-surrogates-for-power-systems/outputs/experiments/thesis_sm_avr_gov_benchmark_v1/default/qbc_deep_ensemble/b4096/ds01/qbc/history.jsonl,/zhome/14/b/214266/Repos/ml-surrogates-for-power-systems/outputs/experiments/thesis_sm_avr_gov_benchmark_v1/default/qbc_deep_ensemble/b4096/ds01/telemetry/round_telemetry.csv,/zhome/14/b/214266/Repos/ml-surrogates-for-power-systems/outputs/experiments/thesis_sm_avr_gov_benchmark_v1/default/qbc_deep_ensemble/b4096/ds01/baseline/summary.json,3,3686,8192,0.001085966747875015,0.0007995218888467906,0.031585358743225773,0.011510768497590378,/zhome/14/b/214266/Repos/ml-surrogates-for-power-systems/results/benchmark/experiments/thesis_sm_avr_gov_benchmark_v1/default/qbc_deep_ensemble/b4096/ds01/dataset_manifest.json
qbc_deep_ensemble_b4096_ds02,/zhome/14/b/214266/Repos/ml-surrogates-for-power-systems/outputs/experiments/thesis_sm_avr_gov_benchmark_v1/default/qbc_deep_ensemble/b4096/ds02,qbc_deep_ensemble,b4096,ds02,202,default,SM_AVR_GOV,/zhome/14/b/214266/Repos/ml-surrogates-for-power-systems/outputs/experiments/thesis_sm_avr_gov_benchmark_v1/default/qbc_deep_ensemble/b4096/ds02/data/SM_AVR_GOV/dataset_v1,pruned_after_run,/zhome/14/b/214266/Repos/ml-surrogates-for-power-systems/outputs/experiments/thesis_sm_avr_gov_benchmark_v1/default/qbc_deep_ensemble/b4096/ds02/qbc/history.jsonl,/zhome/14/b/214266/Repos/ml-surrogates-for-power-systems/outputs/experiments/thesis_sm_avr_gov_benchmark_v1/default/qbc_deep_ensemble/b4096/ds02/telemetry/round_telemetry.csv,/zhome/14/b/214266/Repos/ml-surrogates-for-power-systems/outputs/experiments/thesis_sm_avr_gov_benchmark_v1/default/qbc_deep_ensemble/b4096/ds02/baseline/summary.json,3,3686,8192,0.0008771355690745016,0.00012976393270509805,0.029559825160759657,0.0022424224200031945,/zhome/14/b/214266/Repos/ml-surrogates-for-power-systems/results/benchmark/experiments/thesis_sm_avr_gov_benchmark_v1/default/qbc_deep_ensemble/b4096/ds02/dataset_manifest.json
qbc_deep_ensemble_b4096_ds03,/zhome/14/b/214266/Repos/ml-surrogates-for-power-systems/outputs/experiments/thesis_sm_avr_gov_benchmark_v1/default/qbc_deep_ensemble/b4096/ds03,qbc_deep_ensemble,b4096,ds03,303,default,SM_AVR_GOV,/zhome/14/b/214266/Repos/ml-surrogates-for-power-systems/outputs/experiments/thesis_sm_avr_gov_benchmark_v1/default/qbc_deep_ensemble/b4096/ds03/data/SM_AVR_GOV/dataset_v1,pruned_after_run,/zhome/14/b/214266/Repos/ml-surrogates-for-power-systems/outputs/experiments/thesis_sm_avr_gov_benchmark_v1/default/qbc_deep_ensemble/b4096/ds03/qbc/history.jsonl,/zhome/14/b/214266/Repos/ml-surrogates-for-power-systems/outputs/experiments/thesis_sm_avr_gov_benchmark_v1/default/qbc_deep_ensemble/b4096/ds03/telemetry/round_telemetry.csv,/zhome/14/b/214266/Repos/ml-surrogates-for-power-systems/outputs/experiments/thesis_sm_avr_gov_benchmark_v1/default/qbc_deep_ensemble/b4096/ds03/baseline/summary.json,3,3686,8192,0.0012211108890672524,0.00018981070559238,0.0348749593749371,0.002696691768743586,/zhome/14/b/214266/Repos/ml-surrogates-for-power-systems/results/benchmark/experiments/thesis_sm_avr_gov_benchmark_v1/default/qbc_deep_ensemble/b4096/ds03/dataset_manifest.json
qbc_deep_ensemble_b4096_ds04,/zhome/14/b/214266/Repos/ml-surrogates-for-power-systems/outputs/experiments/thesis_sm_avr_gov_benchmark_v1/default/qbc_deep_ensemble/b4096/ds04,qbc_deep_ensemble,b4096,ds04,404,default,SM_AVR_GOV,/zhome/14/b/214266/Repos/ml-surrogates-for-power-systems/outputs/experiments/thesis_sm_avr_gov_benchmark_v1/default/qbc_deep_ensemble/b4096/ds04/data/SM_AVR_GOV/dataset_v1,pruned_after_run,/zhome/14/b/214266/Repos/ml-surrogates-for-power-systems/outputs/experiments/thesis_sm_avr_gov_benchmark_v1/default/qbc_deep_ensemble/b4096/ds04/qbc/history.jsonl,/zhome/14/b/214266/Repos/ml-surrogates-for-power-systems/outputs/experiments/thesis_sm_avr_gov_benchmark_v1/default/qbc_deep_ensemble/b4096/ds04/telemetry/round_telemetry.csv,/zhome/14/b/214266/Repos/ml-surrogates-for-power-systems/outputs/experiments/thesis_sm_avr_gov_benchmark_v1/default/qbc_deep_ensemble/b4096/ds04/baseline/summary.json,3,3686,8192,0.0008774732511180142,9.483795982453361e-05,0.029592559787178778,0.001621876857346383,/zhome/14/b/214266/Repos/ml-surrogates-for-power-systems/results/benchmark/experiments/thesis_sm_avr_gov_benchmark_v1/default/qbc_deep_ensemble/b4096/ds04/dataset_manifest.json
qbc_deep_ensemble_b4096_ds05,/zhome/14/b/214266/Repos/ml-surrogates-for-power-systems/outputs/experiments/thesis_sm_avr_gov_benchmark_v1/default/qbc_deep_ensemble/b4096/ds05,qbc_deep_ensemble,b4096,ds05,505,default,SM_AVR_GOV,/zhome/14/b/214266/Repos/ml-surrogates-for-power-systems/outputs/experiments/thesis_sm_avr_gov_benchmark_v1/default/qbc_deep_ensemble/b4096/ds05/data/SM_AVR_GOV/dataset_v1,pruned_after_run,/zhome/14/b/214266/Repos/ml-surrogates-for-power-systems/outputs/experiments/thesis_sm_avr_gov_benchmark_v1/default/qbc_deep_ensemble/b4096/ds05/qbc/history.jsonl,/zhome/14/b/214266/Repos/ml-surrogates-for-power-systems/outputs/experiments/thesis_sm_avr_gov_benchmark_v1/default/qbc_deep_ensemble/b4096/ds05/telemetry/round_telemetry.csv,/zhome/14/b/214266/Repos/ml-surrogates-for-power-systems/outputs/experiments/thesis_sm_avr_gov_benchmark_v1/default/qbc_deep_ensemble/b4096/ds05/baseline/summary.json,3,3686,8192,0.0018509435855473082,0.0008988501955234916,0.042195781428945305,0.010280536110630302,/zhome/14/b/214266/Repos/ml-surrogates-for-power-systems/results/benchmark/experiments/thesis_sm_avr_gov_benchmark_v1/default/qbc_deep_ensemble/b4096/ds05/dataset_manifest.json
qbc_deep_ensemble_b8192_ds01,/zhome/14/b/214266/Repos/ml-surrogates-for-power-systems/outputs/experiments/thesis_sm_avr_gov_benchmark_v1/default/qbc_deep_ensemble/b8192/ds01,qbc_deep_ensemble,b8192,ds01,101,default,SM_AVR_GOV,/zhome/14/b/214266/Repos/ml-surrogates-for-power-systems/outputs/experiments/thesis_sm_avr_gov_benchmark_v1/default/qbc_deep_ensemble/b8192/ds01/data/SM_AVR_GOV/dataset_v1,pruned_after_run,/zhome/14/b/214266/Repos/ml-surrogates-for-power-systems/outputs/experiments/thesis_sm_avr_gov_benchmark_v1/default/qbc_deep_ensemble/b8192/ds01/qbc/history.jsonl,/zhome/14/b/214266/Repos/ml-surrogates-for-power-systems/outputs/experiments/thesis_sm_avr_gov_benchmark_v1/default/qbc_deep_ensemble/b8192/ds01/telemetry/round_telemetry.csv,/zhome/14/b/214266/Repos/ml-surrogates-for-power-systems/outputs/experiments/thesis_sm_avr_gov_benchmark_v1/default/qbc_deep_ensemble/b8192/ds01/baseline/summary.json,3,7372,8192,0.000841424916870892,0.000280711253197716,0.02870488253789711,0.005116830369929459,/zhome/14/b/214266/Repos/ml-surrogates-for-power-systems/results/benchmark/experiments/thesis_sm_avr_gov_benchmark_v1/default/qbc_deep_ensemble/b8192/ds01/dataset_manifest.json
qbc_deep_ensemble_b8192_ds02,/zhome/14/b/214266/Repos/ml-surrogates-for-power-systems/outputs/experiments/thesis_sm_avr_gov_benchmark_v1/default/qbc_deep_ensemble/b8192/ds02,qbc_deep_ensemble,b8192,ds02,202,default,SM_AVR_GOV,/zhome/14/b/214266/Repos/ml-surrogates-for-power-systems/outputs/experiments/thesis_sm_avr_gov_benchmark_v1/default/qbc_deep_ensemble/b8192/ds02/data/SM_AVR_GOV/dataset_v1,pruned_after_run,/zhome/14/b/214266/Repos/ml-surrogates-for-power-systems/outputs/experiments/thesis_sm_avr_gov_benchmark_v1/default/qbc_deep_ensemble/b8192/ds02/qbc/history.jsonl,/zhome/14/b/214266/Repos/ml-surrogates-for-power-systems/outputs/experiments/thesis_sm_avr_gov_benchmark_v1/default/qbc_deep_ensemble/b8192/ds02/telemetry/round_telemetry.csv,/zhome/14/b/214266/Repos/ml-surrogates-for-power-systems/outputs/experiments/thesis_sm_avr_gov_benchmark_v1/default/qbc_deep_ensemble/b8192/ds02/baseline/summary.json,3,7372,8192,0.0009708196933691701,0.0006137185611614794,0.030055314332433778,0.010062139962336857,/zhome/14/b/214266/Repos/ml-surrogates-for-power-systems/results/benchmark/experiments/thesis_sm_avr_gov_benchmark_v1/default/qbc_deep_ensemble/b8192/ds02/dataset_manifest.json
qbc_deep_ensemble_b8192_ds03,/zhome/14/b/214266/Repos/ml-surrogates-for-power-systems/outputs/experiments/thesis_sm_avr_gov_benchmark_v1/default/qbc_deep_ensemble/b8192/ds03,qbc_deep_ensemble,b8192,ds03,303,default,SM_AVR_GOV,/zhome/14/b/214266/Repos/ml-surrogates-for-power-systems/outputs/experiments/thesis_sm_avr_gov_benchmark_v1/default/qbc_deep_ensemble/b8192/ds03/data/SM_AVR_GOV/dataset_v1,pruned_after_run,/zhome/14/b/214266/Repos/ml-surrogates-for-power-systems/outputs/experiments/thesis_sm_avr_gov_benchmark_v1/default/qbc_deep_ensemble/b8192/ds03/qbc/history.jsonl,/zhome/14/b/214266/Repos/ml-surrogates-for-power-systems/outputs/experiments/thesis_sm_avr_gov_benchmark_v1/default/qbc_deep_ensemble/b8192/ds03/telemetry/round_telemetry.csv,/zhome/14/b/214266/Repos/ml-surrogates-for-power-systems/outputs/experiments/thesis_sm_avr_gov_benchmark_v1/default/qbc_deep_ensemble/b8192/ds03/baseline/summary.json,3,7372,8192,0.0015595572379728158,0.0008196573902069297,0.03865940514496488,0.00987478848965474,/zhome/14/b/214266/Repos/ml-surrogates-for-power-systems/results/benchmark/experiments/thesis_sm_avr_gov_benchmark_v1/default/qbc_deep_ensemble/b8192/ds03/dataset_manifest.json
qbc_deep_ensemble_b8192_ds04,/zhome/14/b/214266/Repos/ml-surrogates-for-power-systems/outputs/experiments/thesis_sm_avr_gov_benchmark_v1/default/qbc_deep_ensemble/b8192/ds04,qbc_deep_ensemble,b8192,ds04,404,default,SM_AVR_GOV,/zhome/14/b/214266/Repos/ml-surrogates-for-power-systems/outputs/experiments/thesis_sm_avr_gov_benchmark_v1/default/qbc_deep_ensemble/b8192/ds04/data/SM_AVR_GOV/dataset_v1,pruned_after_run,/zhome/14/b/214266/Repos/ml-surrogates-for-power-systems/outputs/experiments/thesis_sm_avr_gov_benchmark_v1/default/qbc_deep_ensemble/b8192/ds04/qbc/history.jsonl,/zhome/14/b/214266/Repos/ml-surrogates-for-power-systems/outputs/experiments/thesis_sm_avr_gov_benchmark_v1/default/qbc_deep_ensemble/b8192/ds04/telemetry/round_telemetry.csv,/zhome/14/b/214266/Repos/ml-surrogates-for-power-systems/outputs/experiments/thesis_sm_avr_gov_benchmark_v1/default/qbc_deep_ensemble/b8192/ds04/baseline/summary.json,3,7372,8192,0.000997275928966701,0.00011243689643521803,0.03154539299614097,0.0018017115553223744,/zhome/14/b/214266/Repos/ml-surrogates-for-power-systems/results/benchmark/experiments/thesis_sm_avr_gov_benchmark_v1/default/qbc_deep_ensemble/b8192/ds04/dataset_manifest.json
qbc_deep_ensemble_b8192_ds05,/zhome/14/b/214266/Repos/ml-surrogates-for-power-systems/outputs/experiments/thesis_sm_avr_gov_benchmark_v1/default/qbc_deep_ensemble/b8192/ds05,qbc_deep_ensemble,b8192,ds05,505,default,SM_AVR_GOV,/zhome/14/b/214266/Repos/ml-surrogates-for-power-systems/outputs/experiments/thesis_sm_avr_gov_benchmark_v1/default/qbc_deep_ensemble/b8192/ds05/data/SM_AVR_GOV/dataset_v1,pruned_after_run,/zhome/14/b/214266/Repos/ml-surrogates-for-power-systems/outputs/experiments/thesis_sm_avr_gov_benchmark_v1/default/qbc_deep_ensemble/b8192/ds05/qbc/history.jsonl,/zhome/14/b/214266/Repos/ml-surrogates-for-power-systems/outputs/experiments/thesis_sm_avr_gov_benchmark_v1/default/qbc_deep_ensemble/b8192/ds05/telemetry/round_telemetry.csv,/zhome/14/b/214266/Repos/ml-surrogates-for-power-systems/outputs/experiments/thesis_sm_avr_gov_benchmark_v1/default/qbc_deep_ensemble/b8192/ds05/baseline/summary.json,3,7372,8192,0.0009463261424874266,0.00043971660235065144,0.030077194544630818,0.007907766196454287,/zhome/14/b/214266/Repos/ml-surrogates-for-power-systems/results/benchmark/experiments/thesis_sm_avr_gov_benchmark_v1/default/qbc_deep_ensemble/b8192/ds05/dataset_manifest.json
qbc_marker_hybrid_b1024_ds01,/zhome/14/b/214266/Repos/ml-surrogates-for-power-systems/outputs/experiments/thesis_sm_avr_gov_benchmark_v1/default/qbc_marker_hybrid/b1024/ds01,qbc_marker_hybrid,b1024,ds01,101,default,SM_AVR_GOV,/zhome/14/b/214266/Repos/ml-surrogates-for-power-systems/outputs/experiments/thesis_sm_avr_gov_benchmark_v1/default/qbc_marker_hybrid/b1024/ds01/data/SM_AVR_GOV/dataset_v1,pruned_after_run,/zhome/14/b/214266/Repos/ml-surrogates-for-power-systems/outputs/experiments/thesis_sm_avr_gov_benchmark_v1/default/qbc_marker_hybrid/b1024/ds01/qbc/history.jsonl,/zhome/14/b/214266/Repos/ml-surrogates-for-power-systems/outputs/experiments/thesis_sm_avr_gov_benchmark_v1/default/qbc_marker_hybrid/b1024/ds01/telemetry/round_telemetry.csv,/zhome/14/b/214266/Repos/ml-surrogates-for-power-systems/outputs/experiments/thesis_sm_avr_gov_benchmark_v1/default/qbc_marker_hybrid/b1024/ds01/baseline/summary.json,3,921,8192,0.009827413052941361,0.007965565435153171,0.0937006355615335,0.03964096268330359,/zhome/14/b/214266/Repos/ml-surrogates-for-power-systems/results/benchmark/experiments/thesis_sm_avr_gov_benchmark_v1/default/qbc_marker_hybrid/b1024/ds01/dataset_manifest.json
qbc_marker_hybrid_b1024_ds02,/zhome/14/b/214266/Repos/ml-surrogates-for-power-systems/outputs/experiments/thesis_sm_avr_gov_benchmark_v1/default/qbc_marker_hybrid/b1024/ds02,qbc_marker_hybrid,b1024,ds02,202,default,SM_AVR_GOV,/zhome/14/b/214266/Repos/ml-surrogates-for-power-systems/outputs/experiments/thesis_sm_avr_gov_benchmark_v1/default/qbc_marker_hybrid/b1024/ds02/data/SM_AVR_GOV/dataset_v1,pruned_after_run,/zhome/14/b/214266/Repos/ml-surrogates-for-power-systems/outputs/experiments/thesis_sm_avr_gov_benchmark_v1/default/qbc_marker_hybrid/b1024/ds02/qbc/history.jsonl,/zhome/14/b/214266/Repos/ml-surrogates-for-power-systems/outputs/experiments/thesis_sm_avr_gov_benchmark_v1/default/qbc_marker_hybrid/b1024/ds02/telemetry/round_telemetry.csv,/zhome/14/b/214266/Repos/ml-surrogates-for-power-systems/outputs/experiments/thesis_sm_avr_gov_benchmark_v1/default/qbc_marker_hybrid/b1024/ds02/baseline/summary.json,3,921,8192,0.0073108163972695666,0.0011746245010235325,0.08532289032454463,0.006799351138376713,/zhome/14/b/214266/Repos/ml-surrogates-for-power-systems/results/benchmark/experiments/thesis_sm_avr_gov_benchmark_v1/default/qbc_marker_hybrid/b1024/ds02/dataset_manifest.json
qbc_marker_hybrid_b1024_ds03,/zhome/14/b/214266/Repos/ml-surrogates-for-power-systems/outputs/experiments/thesis_sm_avr_gov_benchmark_v1/default/qbc_marker_hybrid/b1024/ds03,qbc_marker_hybrid,b1024,ds03,303,default,SM_AVR_GOV,/zhome/14/b/214266/Repos/ml-surrogates-for-power-systems/outputs/experiments/thesis_sm_avr_gov_benchmark_v1/default/qbc_marker_hybrid/b1024/ds03/data/SM_AVR_GOV/dataset_v1,pruned_after_run,/zhome/14/b/214266/Repos/ml-surrogates-for-power-systems/outputs/experiments/thesis_sm_avr_gov_benchmark_v1/default/qbc_marker_hybrid/b1024/ds03/qbc/history.jsonl,/zhome/14/b/214266/Repos/ml-surrogates-for-power-systems/outputs/experiments/thesis_sm_avr_gov_benchmark_v1/default/qbc_marker_hybrid/b1024/ds03/telemetry/round_telemetry.csv,/zhome/14/b/214266/Repos/ml-surrogates-for-power-systems/outputs/experiments/thesis_sm_avr_gov_benchmark_v1/default/qbc_marker_hybrid/b1024/ds03/baseline/summary.json,3,921,8192,0.005064678223182757,0.001119821430524279,0.07086642337787177,0.007996398640418055,/zhome/14/b/214266/Repos/ml-surrogates-for-power-systems/results/benchmark/experiments/thesis_sm_avr_gov_benchmark_v1/default/qbc_marker_hybrid/b1024/ds03/dataset_manifest.json
qbc_marker_hybrid_b1024_ds04,/zhome/14/b/214266/Repos/ml-surrogates-for-power-systems/outputs/experiments/thesis_sm_avr_gov_benchmark_v1/default/qbc_marker_hybrid/b1024/ds04,qbc_marker_hybrid,b1024,ds04,404,default,SM_AVR_GOV,/zhome/14/b/214266/Repos/ml-surrogates-for-power-systems/outputs/experiments/thesis_sm_avr_gov_benchmark_v1/default/qbc_marker_hybrid/b1024/ds04/data/SM_AVR_GOV/dataset_v1,pruned_after_run,/zhome/14/b/214266/Repos/ml-surrogates-for-power-systems/outputs/experiments/thesis_sm_avr_gov_benchmark_v1/default/qbc_marker_hybrid/b1024/ds04/qbc/history.jsonl,/zhome/14/b/214266/Repos/ml-surrogates-for-power-systems/outputs/experiments/thesis_sm_avr_gov_benchmark_v1/default/qbc_marker_hybrid/b1024/ds04/telemetry/round_telemetry.csv,/zhome/14/b/214266/Repos/ml-surrogates-for-power-systems/outputs/experiments/thesis_sm_avr_gov_benchmark_v1/default/qbc_marker_hybrid/b1024/ds04/baseline/summary.json,3,921,8192,0.005954476150994499,0.0032802759441544387,0.07537773556808959,0.020223988168323586,/zhome/14/b/214266/Repos/ml-surrogates-for-power-systems/results/benchmark/experiments/thesis_sm_avr_gov_benchmark_v1/default/qbc_marker_hybrid/b1024/ds04/dataset_manifest.json
qbc_marker_hybrid_b1024_ds05,/zhome/14/b/214266/Repos/ml-surrogates-for-power-systems/outputs/experiments/thesis_sm_avr_gov_benchmark_v1/default/qbc_marker_hybrid/b1024/ds05,qbc_marker_hybrid,b1024,ds05,505,default,SM_AVR_GOV,/zhome/14/b/214266/Repos/ml-surrogates-for-power-systems/outputs/experiments/thesis_sm_avr_gov_benchmark_v1/default/qbc_marker_hybrid/b1024/ds05/data/SM_AVR_GOV/dataset_v1,pruned_after_run,/zhome/14/b/214266/Repos/ml-surrogates-for-power-systems/outputs/experiments/thesis_sm_avr_gov_benchmark_v1/default/qbc_marker_hybrid/b1024/ds05/qbc/history.jsonl,/zhome/14/b/214266/Repos/ml-surrogates-for-power-systems/outputs/experiments/thesis_sm_avr_gov_benchmark_v1/default/qbc_marker_hybrid/b1024/ds05/telemetry/round_telemetry.csv,/zhome/14/b/214266/Repos/ml-surrogates-for-power-systems/outputs/experiments/thesis_sm_avr_gov_benchmark_v1/default/qbc_marker_hybrid/b1024/ds05/baseline/summary.json,3,921,8192,0.007764654389272134,0.0023646174581959385,0.08747942116341605,0.012961785883076355,/zhome/14/b/214266/Repos/ml-surrogates-for-power-systems/results/benchmark/experiments/thesis_sm_avr_gov_benchmark_v1/default/qbc_marker_hybrid/b1024/ds05/dataset_manifest.json
qbc_marker_hybrid_b4096_ds01,/zhome/14/b/214266/Repos/ml-surrogates-for-power-systems/outputs/experiments/thesis_sm_avr_gov_benchmark_v1/default/qbc_marker_hybrid/b4096/ds01,qbc_marker_hybrid,b4096,ds01,101,default,SM_AVR_GOV,/zhome/14/b/214266/Repos/ml-surrogates-for-power-systems/outputs/experiments/thesis_sm_avr_gov_benchmark_v1/default/qbc_marker_hybrid/b4096/ds01/data/SM_AVR_GOV/dataset_v1,pruned_after_run,/zhome/14/b/214266/Repos/ml-surrogates-for-power-systems/outputs/experiments/thesis_sm_avr_gov_benchmark_v1/default/qbc_marker_hybrid/b4096/ds01/qbc/history.jsonl,/zhome/14/b/214266/Repos/ml-surrogates-for-power-systems/outputs/experiments/thesis_sm_avr_gov_benchmark_v1/default/qbc_marker_hybrid/b4096/ds01/telemetry/round_telemetry.csv,/zhome/14/b/214266/Repos/ml-surrogates-for-power-systems/outputs/experiments/thesis_sm_avr_gov_benchmark_v1/default/qbc_marker_hybrid/b4096/ds01/baseline/summary.json,3,3686,8192,0.0013361113766829173,0.000697420016616486,0.03579313686759549,0.009079873060276786,/zhome/14/b/214266/Repos/ml-surrogates-for-power-systems/results/benchmark/experiments/thesis_sm_avr_gov_benchmark_v1/default/qbc_marker_hybrid/b4096/ds01/dataset_manifest.json
qbc_marker_hybrid_b4096_ds02,/zhome/14/b/214266/Repos/ml-surrogates-for-power-systems/outputs/experiments/thesis_sm_avr_gov_benchmark_v1/default/qbc_marker_hybrid/b4096/ds02,qbc_marker_hybrid,b4096,ds02,202,default,SM_AVR_GOV,/zhome/14/b/214266/Repos/ml-surrogates-for-power-systems/outputs/experiments/thesis_sm_avr_gov_benchmark_v1/default/qbc_marker_hybrid/b4096/ds02/data/SM_AVR_GOV/dataset_v1,pruned_after_run,/zhome/14/b/214266/Repos/ml-surrogates-for-power-systems/outputs/experiments/thesis_sm_avr_gov_benchmark_v1/default/qbc_marker_hybrid/b4096/ds02/qbc/history.jsonl,/zhome/14/b/214266/Repos/ml-surrogates-for-power-systems/outputs/experiments/thesis_sm_avr_gov_benchmark_v1/default/qbc_marker_hybrid/b4096/ds02/telemetry/round_telemetry.csv,/zhome/14/b/214266/Repos/ml-surrogates-for-power-systems/outputs/experiments/thesis_sm_avr_gov_benchmark_v1/default/qbc_marker_hybrid/b4096/ds02/baseline/summary.json,3,3686,8192,0.0007557803764939308,0.0002860188522024351,0.027187185399000863,0.004995597047543722,/zhome/14/b/214266/Repos/ml-surrogates-for-power-systems/results/benchmark/experiments/thesis_sm_avr_gov_benchmark_v1/default/qbc_marker_hybrid/b4096/ds02/dataset_manifest.json
qbc_marker_hybrid_b4096_ds03,/zhome/14/b/214266/Repos/ml-surrogates-for-power-systems/outputs/experiments/thesis_sm_avr_gov_benchmark_v1/default/qbc_marker_hybrid/b4096/ds03,qbc_marker_hybrid,b4096,ds03,303,default,SM_AVR_GOV,/zhome/14/b/214266/Repos/ml-surrogates-for-power-systems/outputs/experiments/thesis_sm_avr_gov_benchmark_v1/default/qbc_marker_hybrid/b4096/ds03/data/SM_AVR_GOV/dataset_v1,pruned_after_run,/zhome/14/b/214266/Repos/ml-surrogates-for-power-systems/outputs/experiments/thesis_sm_avr_gov_benchmark_v1/default/qbc_marker_hybrid/b4096/ds03/qbc/history.jsonl,/zhome/14/b/214266/Repos/ml-surrogates-for-power-systems/outputs/experiments/thesis_sm_avr_gov_benchmark_v1/default/qbc_marker_hybrid/b4096/ds03/telemetry/round_telemetry.csv,/zhome/14/b/214266/Repos/ml-surrogates-for-power-systems/outputs/experiments/thesis_sm_avr_gov_benchmark_v1/default/qbc_marker_hybrid/b4096/ds03/baseline/summary.json,3,3686,8192,0.0009611836285330355,0.0006718082543536028,0.029850590585603232,0.01025615938524733,/zhome/14/b/214266/Repos/ml-surrogates-for-power-systems/results/benchmark/experiments/thesis_sm_avr_gov_benchmark_v1/default/qbc_marker_hybrid/b4096/ds03/dataset_manifest.json
qbc_marker_hybrid_b4096_ds04,/zhome/14/b/214266/Repos/ml-surrogates-for-power-systems/outputs/experiments/thesis_sm_avr_gov_benchmark_v1/default/qbc_marker_hybrid/b4096/ds04,qbc_marker_hybrid,b4096,ds04,404,default,SM_AVR_GOV,/zhome/14/b/214266/Repos/ml-surrogates-for-power-systems/outputs/experiments/thesis_sm_avr_gov_benchmark_v1/default/qbc_marker_hybrid/b4096/ds04/data/SM_AVR_GOV/dataset_v1,pruned_after_run,/zhome/14/b/214266/Repos/ml-surrogates-for-power-systems/outputs/experiments/thesis_sm_avr_gov_benchmark_v1/default/qbc_marker_hybrid/b4096/ds04/qbc/history.jsonl,/zhome/14/b/214266/Repos/ml-surrogates-for-power-systems/outputs/experiments/thesis_sm_avr_gov_benchmark_v1/default/qbc_marker_hybrid/b4096/ds04/telemetry/round_telemetry.csv,/zhome/14/b/214266/Repos/ml-surrogates-for-power-systems/outputs/experiments/thesis_sm_avr_gov_benchmark_v1/default/qbc_marker_hybrid/b4096/ds04/baseline/summary.json,3,3686,8192,0.0009843513447170456,0.00011516569268705448,0.031337441043179835,0.0018639206993352412,/zhome/14/b/214266/Repos/ml-surrogates-for-power-systems/results/benchmark/experiments/thesis_sm_avr_gov_benchmark_v1/default/qbc_marker_hybrid/b4096/ds04/dataset_manifest.json
qbc_marker_hybrid_b4096_ds05,/zhome/14/b/214266/Repos/ml-surrogates-for-power-systems/outputs/experiments/thesis_sm_avr_gov_benchmark_v1/default/qbc_marker_hybrid/b4096/ds05,qbc_marker_hybrid,b4096,ds05,505,default,SM_AVR_GOV,/zhome/14/b/214266/Repos/ml-surrogates-for-power-systems/outputs/experiments/thesis_sm_avr_gov_benchmark_v1/default/qbc_marker_hybrid/b4096/ds05/data/SM_AVR_GOV/dataset_v1,pruned_after_run,/zhome/14/b/214266/Repos/ml-surrogates-for-power-systems/outputs/experiments/thesis_sm_avr_gov_benchmark_v1/default/qbc_marker_hybrid/b4096/ds05/qbc/history.jsonl,/zhome/14/b/214266/Repos/ml-surrogates-for-power-systems/outputs/experiments/thesis_sm_avr_gov_benchmark_v1/default/qbc_marker_hybrid/b4096/ds05/telemetry/round_telemetry.csv,/zhome/14/b/214266/Repos/ml-surrogates-for-power-systems/outputs/experiments/thesis_sm_avr_gov_benchmark_v1/default/qbc_marker_hybrid/b4096/ds05/baseline/summary.json,3,3686,8192,0.001121893369903167,0.00046619563492833314,0.0329474901693223,0.007384740494314319,/zhome/14/b/214266/Repos/ml-surrogates-for-power-systems/results/benchmark/experiments/thesis_sm_avr_gov_benchmark_v1/default/qbc_marker_hybrid/b4096/ds05/dataset_manifest.json
qbc_marker_hybrid_b8192_ds01,/zhome/14/b/214266/Repos/ml-surrogates-for-power-systems/outputs/experiments/thesis_sm_avr_gov_benchmark_v1/default/qbc_marker_hybrid/b8192/ds01,qbc_marker_hybrid,b8192,ds01,101,default,SM_AVR_GOV,/zhome/14/b/214266/Repos/ml-surrogates-for-power-systems/outputs/experiments/thesis_sm_avr_gov_benchmark_v1/default/qbc_marker_hybrid/b8192/ds01/data/SM_AVR_GOV/dataset_v1,pruned_after_run,/zhome/14/b/214266/Repos/ml-surrogates-for-power-systems/outputs/experiments/thesis_sm_avr_gov_benchmark_v1/default/qbc_marker_hybrid/b8192/ds01/qbc/history.jsonl,/zhome/14/b/214266/Repos/ml-surrogates-for-power-systems/outputs/experiments/thesis_sm_avr_gov_benchmark_v1/default/qbc_marker_hybrid/b8192/ds01/telemetry/round_telemetry.csv,/zhome/14/b/214266/Repos/ml-surrogates-for-power-systems/outputs/experiments/thesis_sm_avr_gov_benchmark_v1/default/qbc_marker_hybrid/b8192/ds01/baseline/summary.json,3,7372,8192,0.0013547238777391613,0.0005232011897447451,0.03632615041524206,0.007259615046443985,/zhome/14/b/214266/Repos/ml-surrogates-for-power-systems/results/benchmark/experiments/thesis_sm_avr_gov_benchmark_v1/default/qbc_marker_hybrid/b8192/ds01/dataset_manifest.json
qbc_marker_hybrid_b8192_ds02,/zhome/14/b/214266/Repos/ml-surrogates-for-power-systems/outputs/experiments/thesis_sm_avr_gov_benchmark_v1/default/qbc_marker_hybrid/b8192/ds02,qbc_marker_hybrid,b8192,ds02,202,default,SM_AVR_GOV,/zhome/14/b/214266/Repos/ml-surrogates-for-power-systems/outputs/experiments/thesis_sm_avr_gov_benchmark_v1/default/qbc_marker_hybrid/b8192/ds02/data/SM_AVR_GOV/dataset_v1,pruned_after_run,/zhome/14/b/214266/Repos/ml-surrogates-for-power-systems/outputs/experiments/thesis_sm_avr_gov_benchmark_v1/default/qbc_marker_hybrid/b8192/ds02/qbc/history.jsonl,/zhome/14/b/214266/Repos/ml-surrogates-for-power-systems/outputs/experiments/thesis_sm_avr_gov_benchmark_v1/default/qbc_marker_hybrid/b8192/ds02/telemetry/round_telemetry.csv,/zhome/14/b/214266/Repos/ml-surrogates-for-power-systems/outputs/experiments/thesis_sm_avr_gov_benchmark_v1/default/qbc_marker_hybrid/b8192/ds02/baseline/summary.json,3,7372,8192,0.0014062308861563604,0.0004030452344344769,0.03723485298003224,0.005449304044335982,/zhome/14/b/214266/Repos/ml-surrogates-for-power-systems/results/benchmark/experiments/thesis_sm_avr_gov_benchmark_v1/default/qbc_marker_hybrid/b8192/ds02/dataset_manifest.json
qbc_marker_hybrid_b8192_ds03,/zhome/14/b/214266/Repos/ml-surrogates-for-power-systems/outputs/experiments/thesis_sm_avr_gov_benchmark_v1/default/qbc_marker_hybrid/b8192/ds03,qbc_marker_hybrid,b8192,ds03,303,default,SM_AVR_GOV,/zhome/14/b/214266/Repos/ml-surrogates-for-power-systems/outputs/experiments/thesis_sm_avr_gov_benchmark_v1/default/qbc_marker_hybrid/b8192/ds03/data/SM_AVR_GOV/dataset_v1,pruned_after_run,/zhome/14/b/214266/Repos/ml-surrogates-for-power-systems/outputs/experiments/thesis_sm_avr_gov_benchmark_v1/default/qbc_marker_hybrid/b8192/ds03/qbc/history.jsonl,/zhome/14/b/214266/Repos/ml-surrogates-for-power-systems/outputs/experiments/thesis_sm_avr_gov_benchmark_v1/default/qbc_marker_hybrid/b8192/ds03/telemetry/round_telemetry.csv,/zhome/14/b/214266/Repos/ml-surrogates-for-power-systems/outputs/experiments/thesis_sm_avr_gov_benchmark_v1/default/qbc_marker_hybrid/b8192/ds03/baseline/summary.json,3,7372,8192,0.0013305772639190157,0.0005330548166650339,0.03599771758331194,0.00721889112445223,/zhome/14/b/214266/Repos/ml-surrogates-for-power-systems/results/benchmark/experiments/thesis_sm_avr_gov_benchmark_v1/default/qbc_marker_hybrid/b8192/ds03/dataset_manifest.json
qbc_marker_hybrid_b8192_ds04,/zhome/14/b/214266/Repos/ml-surrogates-for-power-systems/outputs/experiments/thesis_sm_avr_gov_benchmark_v1/default/qbc_marker_hybrid/b8192/ds04,qbc_marker_hybrid,b8192,ds04,404,default,SM_AVR_GOV,/zhome/14/b/214266/Repos/ml-surrogates-for-power-systems/outputs/experiments/thesis_sm_avr_gov_benchmark_v1/default/qbc_marker_hybrid/b8192/ds04/data/SM_AVR_GOV/dataset_v1,pruned_after_run,/zhome/14/b/214266/Repos/ml-surrogates-for-power-systems/outputs/experiments/thesis_sm_avr_gov_benchmark_v1/default/qbc_marker_hybrid/b8192/ds04/qbc/history.jsonl,/zhome/14/b/214266/Repos/ml-surrogates-for-power-systems/outputs/experiments/thesis_sm_avr_gov_benchmark_v1/default/qbc_marker_hybrid/b8192/ds04/telemetry/round_telemetry.csv,/zhome/14/b/214266/Repos/ml-surrogates-for-power-systems/outputs/experiments/thesis_sm_avr_gov_benchmark_v1/default/qbc_marker_hybrid/b8192/ds04/baseline/summary.json,3,7372,8192,0.0010577237699180841,0.0002896708475890049,0.03232339502415466,0.004402596511810555,/zhome/14/b/214266/Repos/ml-surrogates-for-power-systems/results/benchmark/experiments/thesis_sm_avr_gov_benchmark_v1/default/qbc_marker_hybrid/b8192/ds04/dataset_manifest.json
qbc_marker_hybrid_b8192_ds05,/zhome/14/b/214266/Repos/ml-surrogates-for-power-systems/outputs/experiments/thesis_sm_avr_gov_benchmark_v1/default/qbc_marker_hybrid/b8192/ds05,qbc_marker_hybrid,b8192,ds05,505,default,SM_AVR_GOV,/zhome/14/b/214266/Repos/ml-surrogates-for-power-systems/outputs/experiments/thesis_sm_avr_gov_benchmark_v1/default/qbc_marker_hybrid/b8192/ds05/data/SM_AVR_GOV/dataset_v1,pruned_after_run,/zhome/14/b/214266/Repos/ml-surrogates-for-power-systems/outputs/experiments/thesis_sm_avr_gov_benchmark_v1/default/qbc_marker_hybrid/b8192/ds05/qbc/history.jsonl,/zhome/14/b/214266/Repos/ml-surrogates-for-power-systems/outputs/experiments/thesis_sm_avr_gov_benchmark_v1/default/qbc_marker_hybrid/b8192/ds05/telemetry/round_telemetry.csv,/zhome/14/b/214266/Repos/ml-surrogates-for-power-systems/outputs/experiments/thesis_sm_avr_gov_benchmark_v1/default/qbc_marker_hybrid/b8192/ds05/baseline/summary.json,3,7372,8192,0.0012354641415489216,0.00045747274053238633,0.03474056485010939,0.006544917353672159,/zhome/14/b/214266/Repos/ml-surrogates-for-power-systems/results/benchmark/experiments/thesis_sm_avr_gov_benchmark_v1/default/qbc_marker_hybrid/b8192/ds05/dataset_manifest.json
