workflow_id,workflow_version,method,model_flag,preset,stage,stage_role,stage_root,cfg_id,row_idx,run_root,parent_cfg_id,dataset_seed,budget,experiment_id,status,return_code,completed,objective_metric,objective_direction,objective_value,final_eval_rmse,final_eval_mse,final_round_seconds,final_train_seconds,final_candidate_generation_seconds,final_candidate_simulation_seconds,final_acquisition_seconds,final_selected_simulation_seconds,final_eval_seconds,active.candidate_method,active.log_every,active.marker.greedy_score_weight,active.marker.include_anchor_state_markers,active.marker.k_density,active.marker.pca_explained_variance,active.marker.preselect_factor,active.marker.settling_fraction,active.marker.weights.diversity,active.marker.weights.sparsity,baseline_summary_mse_mean,baseline_summary_mse_std,baseline_summary_rmse_mean,baseline_summary_rmse_std,dataset_manifest_path,final_marker_diversity_weight,final_marker_pca_components,final_marker_sparsity_weight,final_max_score,final_mean_marker_diversity,final_mean_marker_sparsity,final_mean_score,final_mean_selected_to_train_distance,final_p90_marker_diversity,final_p90_marker_sparsity,final_p90_score,final_preselect_size,final_round_idx,final_selected_indices,final_selected_max_score,final_selected_mean_marker_diversity,final_selected_mean_marker_sparsity,final_selected_mean_score,final_selected_min_score,final_train_size,history_path,qbc_K,qbc_P,qbc_T,qbc_enable_logging,qbc_n0,qbc_n_test,run_manifest_path,stage1_overrides_raw,stage2_overrides_raw,stage3_overrides_raw
marker_directed_sm_avr_gov_v1,1,marker_directed,SM_AVR_GOV,default,refine,refinement_and_schedule_search,/zhome/14/b/214266/Repos/ml-surrogates-for-power-systems/outputs/hpo_workflows/marker_directed_sm_avr_gov_v1_20260320_145448/refine,cfg_00000_023b5b925c,0,/zhome/14/b/214266/Repos/ml-surrogates-for-power-systems/outputs/hpo_workflows/marker_directed_sm_avr_gov_v1_20260320_145448/refine/runs/cfg_00000_023b5b925c,,s01,b4096,thesis_marker_sm_avr_gov_hpo_refine,completed,0,True,final_eval_rmse,minimize,0.005565860971504831,0.005565860971504831,3.09788083541207e-05,81.16880387099809,74.64442513900576,0.0014816290058661252,4.200601512013236,2.2483519189991057,0.0,0.04004733101464808,lhs,5,0.7,true,10,0.9,3,0.05,0.8,0.2,,,,,/zhome/14/b/214266/Repos/ml-surrogates-for-power-systems/outputs/hpo_workflows/marker_directed_sm_avr_gov_v1_20260320_145448/refine/runs/cfg_00000_023b5b925c/dataset_manifest.json,0.8,3,0.2,0.9270854592323303,0.13461695555570125,0.28651739541684773,0.30989381670951843,0.21213222392739503,0.1897052269385832,0.31451541981414,0.441688597202301,384,30,"[267, 74, 1122, 950, 1221, 1825, 83, 700, 554, 1987, 1709, 644, 1973, 1591, 1675, 1472, 790, 1780, 412, 136, 679, 1494, 354, 1910, 452, 1200, 231, 489, 1819, 292, 193, 1968, 169, 230, 625, 401, 1219, 1847, 779, 1678, 175, 1274, 1930, 1864, 1218, 1785, 1951, 2005, 1871, 812, 1908, 470, 582, 1257, 538, 902, 1623, 1272, 552, 665, 1127, 823, 1085, 534, 1098, 1936, 1064, 1440, 1504, 1939, 1496, 589, 201, 1038, 535, 1015, 1529, 585, 1361, 1131, 104, 661, 355, 60, 1182, 2021, 1053, 1364, 1437, 576, 88, 1362, 488, 370, 695, 1378, 655, 443, 1683, 1903, 1401, 1693, 229, 1982, 1845, 1710, 226, 1721, 1056, 1583, 1730, 603, 1527, 1497, 423, 1604, 1530, 2034, 1387, 1568, 343, 1151, 1491, 1691, 1694, 1731, 1266, 1958]",0.9270854592323303,0.21213222392739503,0.3252946121464254,0.509436845779419,0.4017111361026764,3968,/zhome/14/b/214266/Repos/ml-surrogates-for-power-systems/outputs/hpo_workflows/marker_directed_sm_avr_gov_v1_20260320_145448/refine/runs/cfg_00000_023b5b925c/qbc/history.jsonl,128,2048,31,true,128,256,/zhome/14/b/214266/Repos/ml-surrogates-for-power-systems/outputs/hpo_workflows/marker_directed_sm_avr_gov_v1_20260320_145448/refine/runs/cfg_00000_023b5b925c/run_manifest.json,active.candidate_method=lhs;;active.log_every=5;;active.marker.greedy_score_weight=0.7;;active.marker.include_anchor_state_markers=true;;active.marker.k_density=10;;active.marker.pca_explained_variance=0.9;;active.marker.preselect_factor=3;;active.marker.settling_fraction=0.05;;active.marker.weights.diversity=0.8;;active.marker.weights.sparsity=0.2;;qbc_K=128;;qbc_P=2048;;qbc_T=31;;qbc_enable_logging=true;;qbc_n0=128;;qbc_n_test=256,,
marker_directed_sm_avr_gov_v1,1,marker_directed,SM_AVR_GOV,default,refine,refinement_and_schedule_search,/zhome/14/b/214266/Repos/ml-surrogates-for-power-systems/outputs/hpo_workflows/marker_directed_sm_avr_gov_v1_20260320_145448/refine,cfg_00001_6e3878056f,1,/zhome/14/b/214266/Repos/ml-surrogates-for-power-systems/outputs/hpo_workflows/marker_directed_sm_avr_gov_v1_20260320_145448/refine/runs/cfg_00001_6e3878056f,,s01,b4096,thesis_marker_sm_avr_gov_hpo_refine,completed,0,True,final_eval_rmse,minimize,0.006245233524523657,0.006245233524523657,3.900294177583419e-05,86.57194487997913,75.20633063101559,0.003555456001777202,8.373869726987323,2.916381499991985,0.0,0.03757396599394269,lhs,5,0.7,true,10,0.9,3,0.05,0.8,0.2,,,,,/zhome/14/b/214266/Repos/ml-surrogates-for-power-systems/outputs/hpo_workflows/marker_directed_sm_avr_gov_v1_20260320_145448/refine/runs/cfg_00001_6e3878056f/dataset_manifest.json,0.8,3,0.2,1.0,0.13681623554515354,0.2902896246582872,0.298834890127182,0.22362887600228537,0.191443585098644,0.31429803504348763,0.41841670870780945,384,30,"[3127, 30, 1909, 2372, 2465, 3140, 3182, 806, 896, 1511, 2860, 2242, 939, 3891, 2537, 1073, 631, 2173, 2790, 3073, 322, 482, 3431, 2381, 3443, 921, 3933, 2782, 3288, 49, 3342, 2194, 335, 304, 3550, 2992, 3456, 1787, 3414, 390, 1055, 2044, 1846, 1826, 1494, 555, 12, 1186, 853, 1318, 214, 786, 130, 455, 2280, 3398, 1091, 3302, 2630, 549, 1821, 883, 3658, 681, 1731, 3905, 3478, 1124, 3682, 4017, 510, 1370, 826, 2510, 2722, 331, 3521, 382, 57, 3081, 3890, 638, 2698, 926, 1948, 522, 895, 2735, 3034, 1018, 225, 1740, 1210, 3212, 1676, 3721, 1054, 1992, 348, 392, 3299, 513, 1454, 1853, 1298, 1312, 1556, 3517, 1213, 955, 4033, 1476, 624, 1870, 3994, 423, 3224, 1398, 1383, 2473, 1043, 1709, 449, 3102, 3606, 2086, 3314, 2472]",1.0,0.22362887600228537,0.33386529383764774,0.5040262341499329,0.42237144708633423,3968,/zhome/14/b/214266/Repos/ml-surrogates-for-power-systems/outputs/hpo_workflows/marker_directed_sm_avr_gov_v1_20260320_145448/refine/runs/cfg_00001_6e3878056f/qbc/history.jsonl,128,4096,31,true,128,256,/zhome/14/b/214266/Repos/ml-surrogates-for-power-systems/outputs/hpo_workflows/marker_directed_sm_avr_gov_v1_20260320_145448/refine/runs/cfg_00001_6e3878056f/run_manifest.json,active.candidate_method=lhs;;active.log_every=5;;active.marker.greedy_score_weight=0.7;;active.marker.include_anchor_state_markers=true;;active.marker.k_density=10;;active.marker.pca_explained_variance=0.9;;active.marker.preselect_factor=3;;active.marker.settling_fraction=0.05;;active.marker.weights.diversity=0.8;;active.marker.weights.sparsity=0.2;;qbc_K=128;;qbc_P=4096;;qbc_T=31;;qbc_enable_logging=true;;qbc_n0=128;;qbc_n_test=256,,
marker_directed_sm_avr_gov_v1,1,marker_directed,SM_AVR_GOV,default,refine,refinement_and_schedule_search,/zhome/14/b/214266/Repos/ml-surrogates-for-power-systems/outputs/hpo_workflows/marker_directed_sm_avr_gov_v1_20260320_145448/refine,cfg_00002_20bebec77e,2,/zhome/14/b/214266/Repos/ml-surrogates-for-power-systems/outputs/hpo_workflows/marker_directed_sm_avr_gov_v1_20260320_145448/refine/runs/cfg_00002_20bebec77e,,s01,b4096,thesis_marker_sm_avr_gov_hpo_refine,completed,0,True,final_eval_rmse,minimize,0.010467109449324512,0.010467109449324512,0.0001095603802241385,94.34071701901848,73.2808136959793,0.004642187006538734,16.706538650003495,4.275226427009329,0.0,0.03909063100581989,lhs,5,0.7,true,10,0.9,3,0.05,0.8,0.2,,,,,/zhome/14/b/214266/Repos/ml-surrogates-for-power-systems/outputs/hpo_workflows/marker_directed_sm_avr_gov_v1_20260320_145448/refine/runs/cfg_00002_20bebec77e/dataset_manifest.json,0.8,3,0.2,0.8974295854568481,0.13676321973667982,0.29103460568777895,0.364260733127594,0.22638654509313388,0.1895614400756158,0.3128041999495368,0.5021464228630066,384,30,"[6129, 6179, 7266, 757, 5106, 7570, 1579, 7304, 3685, 165, 1748, 5226, 488, 3772, 4972, 6810, 457, 1910, 5111, 5483, 765, 232, 6500, 5233, 4809, 7220, 3889, 6330, 4790, 6291, 4035, 3315, 3921, 1108, 7582, 2232, 5062, 7143, 2890, 3150, 5813, 3956, 1703, 3106, 7931, 8178, 273, 6750, 2971, 971, 2907, 3743, 538, 3582, 7480, 2591, 6366, 3781, 638, 6943, 5546, 7423, 7765, 6786, 3139, 1003, 7345, 6342, 1947, 1082, 2142, 4689, 6636, 5470, 2250, 2581, 5814, 4167, 4027, 4488, 2607, 5421, 801, 3145, 7227, 1071, 7742, 6694, 7112, 1543, 6224, 2541, 7415, 2032, 8146, 6099, 1548, 5856, 7876, 7970, 7406, 2514, 1886, 1959, 863, 3927, 5061, 1041, 5240, 640, 6166, 4263, 6080, 6143, 6401, 7096, 7880, 2962, 3, 3716, 1029, 5820, 5631, 869, 2117, 3116, 85, 98]",0.8974295854568481,0.22638654509313388,0.32292721521793444,0.6079158782958984,0.5413157939910889,3968,/zhome/14/b/214266/Repos/ml-surrogates-for-power-systems/outputs/hpo_workflows/marker_directed_sm_avr_gov_v1_20260320_145448/refine/runs/cfg_00002_20bebec77e/qbc/history.jsonl,128,8192,31,true,128,256,/zhome/14/b/214266/Repos/ml-surrogates-for-power-systems/outputs/hpo_workflows/marker_directed_sm_avr_gov_v1_20260320_145448/refine/runs/cfg_00002_20bebec77e/run_manifest.json,active.candidate_method=lhs;;active.log_every=5;;active.marker.greedy_score_weight=0.7;;active.marker.include_anchor_state_markers=true;;active.marker.k_density=10;;active.marker.pca_explained_variance=0.9;;active.marker.preselect_factor=3;;active.marker.settling_fraction=0.05;;active.marker.weights.diversity=0.8;;active.marker.weights.sparsity=0.2;;qbc_K=128;;qbc_P=8192;;qbc_T=31;;qbc_enable_logging=true;;qbc_n0=128;;qbc_n_test=256,,
marker_directed_sm_avr_gov_v1,1,marker_directed,SM_AVR_GOV,default,refine,refinement_and_schedule_search,/zhome/14/b/214266/Repos/ml-surrogates-for-power-systems/outputs/hpo_workflows/marker_directed_sm_avr_gov_v1_20260320_145448/refine,cfg_00003_9ab49a0bb1,3,/zhome/14/b/214266/Repos/ml-surrogates-for-power-systems/outputs/hpo_workflows/marker_directed_sm_avr_gov_v1_20260320_145448/refine/runs/cfg_00003_9ab49a0bb1,,s01,b4096,thesis_marker_sm_avr_gov_hpo_refine,completed,0,True,final_eval_rmse,minimize,0.007451239488077436,0.007451239488077436,5.552096990868449e-05,81.56957936901017,74.92908780102152,0.0012739209923893213,4.3070567329996265,2.257976057997439,0.0,0.04032364801969379,lhs,5,0.9,true,10,0.9,3,0.05,0.8,0.2,,,,,/zhome/14/b/214266/Repos/ml-surrogates-for-power-systems/outputs/hpo_workflows/marker_directed_sm_avr_gov_v1_20260320_145448/refine/runs/cfg_00003_9ab49a0bb1/dataset_manifest.json,0.8,3,0.2,0.9489767551422119,0.13644103309911743,0.28769819917794404,0.3371213376522064,0.21599147365574123,0.18888468561340035,0.31592150295503996,0.4663451313972473,384,30,"[267, 74, 1785, 554, 1825, 1221, 292, 1675, 2028, 1127, 2012, 1819, 1309, 908, 1848, 372, 655, 1780, 1098, 231, 1591, 1393, 476, 1784, 1544, 534, 23, 123, 136, 748, 1496, 870, 975, 1015, 851, 582, 1908, 1999, 1387, 1738, 1085, 1529, 805, 1293, 665, 1674, 1762, 1517, 1257, 486, 464, 225, 318, 1025, 1709, 1507, 1077, 445, 1790, 989, 1939, 1714, 2034, 1254, 212, 1107, 2009, 1601, 193, 1781, 1833, 1197, 3, 443, 915, 779, 297, 926, 579, 1688, 1713, 1219, 660, 1166, 1905, 1899, 710, 423, 874, 52, 463, 1043, 178, 356, 1649, 602, 1056, 315, 1857, 1457, 1613, 1494, 216, 1991, 2022, 775, 1272, 792, 589, 56, 1612, 1834, 1082, 16, 1192, 215, 968, 760, 1389, 570, 155, 1864, 1757, 535, 1548, 370, 1470, 807]",0.9489767551422119,0.21599147365574123,0.3276702937779796,0.548784613609314,0.43895164132118225,3968,/zhome/14/b/214266/Repos/ml-surrogates-for-power-systems/outputs/hpo_workflows/marker_directed_sm_avr_gov_v1_20260320_145448/refine/runs/cfg_00003_9ab49a0bb1/qbc/history.jsonl,128,2048,31,true,128,256,/zhome/14/b/214266/Repos/ml-surrogates-for-power-systems/outputs/hpo_workflows/marker_directed_sm_avr_gov_v1_20260320_145448/refine/runs/cfg_00003_9ab49a0bb1/run_manifest.json,active.candidate_method=lhs;;active.log_every=5;;active.marker.greedy_score_weight=0.9;;active.marker.include_anchor_state_markers=true;;active.marker.k_density=10;;active.marker.pca_explained_variance=0.9;;active.marker.preselect_factor=3;;active.marker.settling_fraction=0.05;;active.marker.weights.diversity=0.8;;active.marker.weights.sparsity=0.2;;qbc_K=128;;qbc_P=2048;;qbc_T=31;;qbc_enable_logging=true;;qbc_n0=128;;qbc_n_test=256,,
marker_directed_sm_avr_gov_v1,1,marker_directed,SM_AVR_GOV,default,refine,refinement_and_schedule_search,/zhome/14/b/214266/Repos/ml-surrogates-for-power-systems/outputs/hpo_workflows/marker_directed_sm_avr_gov_v1_20260320_145448/refine,cfg_00004_d83bf48648,4,/zhome/14/b/214266/Repos/ml-surrogates-for-power-systems/outputs/hpo_workflows/marker_directed_sm_avr_gov_v1_20260320_145448/refine/runs/cfg_00004_d83bf48648,,s01,b4096,thesis_marker_sm_avr_gov_hpo_refine,completed,0,True,final_eval_rmse,minimize,0.005837994424419458,0.005837994424419458,3.408217889955267e-05,87.73900662199594,75.96368493000045,0.003570900997146964,8.740763003996108,2.9579197890125215,0.0,0.03876902800402604,lhs,5,0.9,true,10,0.9,3,0.05,0.8,0.2,,,,,/zhome/14/b/214266/Repos/ml-surrogates-for-power-systems/outputs/hpo_workflows/marker_directed_sm_avr_gov_v1_20260320_145448/refine/runs/cfg_00004_d83bf48648/dataset_manifest.json,0.8,3,0.2,0.954146146774292,0.1369392952932686,0.2905733345746911,0.28426045179367065,0.22620148362086678,0.18943466421756505,0.31512743385623565,0.38527292013168335,384,30,"[2372, 1213, 3127, 1909, 97, 3182, 3140, 1434, 3721, 3314, 2735, 631, 1735, 3149, 1821, 4024, 2194, 3933, 1014, 2551, 2552, 996, 3274, 2860, 350, 815, 3450, 2381, 1073, 449, 1826, 3005, 642, 3376, 117, 50, 3288, 767, 30, 1437, 3545, 1244, 2630, 1682, 3135, 2869, 1054, 11, 1091, 2478, 3521, 3571, 3043, 2637, 1312, 895, 304, 2777, 2108, 2722, 1754, 2828, 2086, 3027, 3015, 397, 390, 3342, 1931, 2870, 3294, 3222, 3922, 2208, 1435, 3050, 2142, 1030, 993, 4093, 2189, 3658, 1787, 348, 2133, 441, 2783, 2790, 1063, 331, 307, 436, 624, 1476, 1178, 2237, 2590, 392, 2643, 939, 324, 3996, 105, 423, 1230, 3488, 3563, 1341, 2164, 1494, 1891, 597, 1948, 806, 916, 265, 26, 1493, 2536, 3443, 1047, 300, 864, 1418, 3705, 834, 3844, 1250]",0.954146146774292,0.22620148362086678,0.33704172763037754,0.470889151096344,0.39760375022888184,3968,/zhome/14/b/214266/Repos/ml-surrogates-for-power-systems/outputs/hpo_workflows/marker_directed_sm_avr_gov_v1_20260320_145448/refine/runs/cfg_00004_d83bf48648/qbc/history.jsonl,128,4096,31,true,128,256,/zhome/14/b/214266/Repos/ml-surrogates-for-power-systems/outputs/hpo_workflows/marker_directed_sm_avr_gov_v1_20260320_145448/refine/runs/cfg_00004_d83bf48648/run_manifest.json,active.candidate_method=lhs;;active.log_every=5;;active.marker.greedy_score_weight=0.9;;active.marker.include_anchor_state_markers=true;;active.marker.k_density=10;;active.marker.pca_explained_variance=0.9;;active.marker.preselect_factor=3;;active.marker.settling_fraction=0.05;;active.marker.weights.diversity=0.8;;active.marker.weights.sparsity=0.2;;qbc_K=128;;qbc_P=4096;;qbc_T=31;;qbc_enable_logging=true;;qbc_n0=128;;qbc_n_test=256,,
marker_directed_sm_avr_gov_v1,1,marker_directed,SM_AVR_GOV,default,refine,refinement_and_schedule_search,/zhome/14/b/214266/Repos/ml-surrogates-for-power-systems/outputs/hpo_workflows/marker_directed_sm_avr_gov_v1_20260320_145448/refine,cfg_00005_df609aa164,5,/zhome/14/b/214266/Repos/ml-surrogates-for-power-systems/outputs/hpo_workflows/marker_directed_sm_avr_gov_v1_20260320_145448/refine/runs/cfg_00005_df609aa164,,s01,b4096,thesis_marker_sm_avr_gov_hpo_refine,completed,0,True,final_eval_rmse,minimize,0.006909732335249579,0.006909732335249579,4.77444009447936e-05,99.10662869201042,77.40251831299975,0.0039393949846271425,17.315649682015646,4.309612181998091,0.0,0.038828037009807304,lhs,5,0.9,true,10,0.9,3,0.05,0.8,0.2,,,,,/zhome/14/b/214266/Repos/ml-surrogates-for-power-systems/outputs/hpo_workflows/marker_directed_sm_avr_gov_v1_20260320_145448/refine/runs/cfg_00005_df609aa164/dataset_manifest.json,0.8,3,0.2,0.9018959403038025,0.13688216663417752,0.29132198728808734,0.388681560754776,0.22912388249039956,0.18940853402326427,0.3136002292908632,0.5297498106956482,384,30,"[1071, 4576, 4790, 7351, 1674, 1963, 7345, 2841, 468, 820, 1910, 5180, 6976, 7863, 7304, 259, 506, 6136, 2088, 2350, 5970, 6690, 1066, 110, 6774, 1637, 1827, 6906, 3721, 6129, 825, 6696, 7227, 3132, 1783, 1013, 3474, 4159, 5019, 5968, 7912, 656, 3916, 675, 902, 7266, 5799, 5833, 4553, 344, 3691, 2556, 4212, 572, 6366, 3552, 7887, 4331, 7365, 6109, 21, 6834, 5233, 7060, 2894, 2098, 6179, 2120, 5337, 2204, 4073, 4583, 1198, 721, 6747, 8188, 5232, 2077, 6515, 1143, 2505, 7366, 108, 5400, 5596, 6006, 6202, 4808, 7463, 7669, 7516, 5432, 8040, 6106, 4921, 4930, 877, 6330, 2906, 6694, 8096, 4161, 3547, 4637, 6563, 3278, 6414, 5195, 5469, 4847, 7433, 4686, 4623, 6390, 2205, 4370, 1301, 7269, 1494, 1139, 5396, 7872, 1522, 5564, 1841, 2333, 5682, 2372]",0.9018959403038025,0.22912388249039956,0.32144368173464716,0.6459882855415344,0.5688108205795288,3968,/zhome/14/b/214266/Repos/ml-surrogates-for-power-systems/outputs/hpo_workflows/marker_directed_sm_avr_gov_v1_20260320_145448/refine/runs/cfg_00005_df609aa164/qbc/history.jsonl,128,8192,31,true,128,256,/zhome/14/b/214266/Repos/ml-surrogates-for-power-systems/outputs/hpo_workflows/marker_directed_sm_avr_gov_v1_20260320_145448/refine/runs/cfg_00005_df609aa164/run_manifest.json,active.candidate_method=lhs;;active.log_every=5;;active.marker.greedy_score_weight=0.9;;active.marker.include_anchor_state_markers=true;;active.marker.k_density=10;;active.marker.pca_explained_variance=0.9;;active.marker.preselect_factor=3;;active.marker.settling_fraction=0.05;;active.marker.weights.diversity=0.8;;active.marker.weights.sparsity=0.2;;qbc_K=128;;qbc_P=8192;;qbc_T=31;;qbc_enable_logging=true;;qbc_n0=128;;qbc_n_test=256,,
marker_directed_sm_avr_gov_v1,1,marker_directed,SM_AVR_GOV,default,refine,refinement_and_schedule_search,/zhome/14/b/214266/Repos/ml-surrogates-for-power-systems/outputs/hpo_workflows/marker_directed_sm_avr_gov_v1_20260320_145448/refine,cfg_00006_4c4d0a2e13,6,/zhome/14/b/214266/Repos/ml-surrogates-for-power-systems/outputs/hpo_workflows/marker_directed_sm_avr_gov_v1_20260320_145448/refine/runs/cfg_00006_4c4d0a2e13,,s01,b4096,thesis_marker_sm_avr_gov_hpo_refine,completed,0,True,final_eval_rmse,minimize,0.007590955220636657,0.007590955220636657,5.762260116171092e-05,80.49137774901465,73.88443577400176,0.0017911290051415563,4.260725027997978,2.2707281520124525,0.0,0.039293237001402304,lhs,5,0.7,true,20,0.9,3,0.05,0.8,0.2,,,,,/zhome/14/b/214266/Repos/ml-surrogates-for-power-systems/outputs/hpo_workflows/marker_directed_sm_avr_gov_v1_20260320_145448/refine/runs/cfg_00006_4c4d0a2e13/dataset_manifest.json,0.8,3,0.2,0.898536741733551,0.1351714092990946,0.36697058822213763,0.3490618169307709,0.2154563588438056,0.1925538966208643,0.39718949882684224,0.5004807114601135,384,30,"[267, 74, 443, 1626, 655, 1825, 1427, 292, 1987, 234, 104, 1275, 1591, 1675, 1043, 1587, 1780, 1746, 1184, 644, 1494, 1891, 114, 679, 1781, 483, 814, 1563, 625, 1955, 1413, 1025, 1052, 697, 457, 1629, 1127, 1511, 554, 1864, 868, 1369, 1576, 1908, 1182, 1709, 1004, 1274, 1098, 372, 1232, 1401, 1674, 1819, 1544, 504, 1085, 968, 7, 231, 30, 1254, 1379, 951, 1552, 1878, 1569, 486, 1257, 233, 1496, 1366, 647, 193, 589, 467, 1349, 2028, 535, 1077, 60, 808, 314, 161, 1690, 394, 1942, 761, 1504, 1165, 1452, 1364, 1477, 1317, 1855, 1929, 8, 1580, 1352, 1982, 1415, 1846, 175, 673, 1145, 1, 412, 933, 1437, 336, 931, 216, 712, 1928, 1137, 919, 1442, 567, 1932, 1344, 728, 510, 1053, 146, 136, 916, 1601, 1827]",0.898536741733551,0.2154563588438056,0.4040214116584272,0.5740251541137695,0.4577397406101227,3968,/zhome/14/b/214266/Repos/ml-surrogates-for-power-systems/outputs/hpo_workflows/marker_directed_sm_avr_gov_v1_20260320_145448/refine/runs/cfg_00006_4c4d0a2e13/qbc/history.jsonl,128,2048,31,true,128,256,/zhome/14/b/214266/Repos/ml-surrogates-for-power-systems/outputs/hpo_workflows/marker_directed_sm_avr_gov_v1_20260320_145448/refine/runs/cfg_00006_4c4d0a2e13/run_manifest.json,active.candidate_method=lhs;;active.log_every=5;;active.marker.greedy_score_weight=0.7;;active.marker.include_anchor_state_markers=true;;active.marker.k_density=20;;active.marker.pca_explained_variance=0.9;;active.marker.preselect_factor=3;;active.marker.settling_fraction=0.05;;active.marker.weights.diversity=0.8;;active.marker.weights.sparsity=0.2;;qbc_K=128;;qbc_P=2048;;qbc_T=31;;qbc_enable_logging=true;;qbc_n0=128;;qbc_n_test=256,,
marker_directed_sm_avr_gov_v1,1,marker_directed,SM_AVR_GOV,default,refine,refinement_and_schedule_search,/zhome/14/b/214266/Repos/ml-surrogates-for-power-systems/outputs/hpo_workflows/marker_directed_sm_avr_gov_v1_20260320_145448/refine,cfg_00007_abf98ee434,7,/zhome/14/b/214266/Repos/ml-surrogates-for-power-systems/outputs/hpo_workflows/marker_directed_sm_avr_gov_v1_20260320_145448/refine/runs/cfg_00007_abf98ee434,,s01,b4096,thesis_marker_sm_avr_gov_hpo_refine,completed,0,True,final_eval_rmse,minimize,0.007316859591349415,0.007316859591349415,5.353643427952193e-05,87.90689856398967,76.42429040098796,0.0033072869991883636,8.49910283900681,2.9087753890198655,0.0,0.03716151800472289,lhs,5,0.7,true,20,0.9,3,0.05,0.8,0.2,,,,,/zhome/14/b/214266/Repos/ml-surrogates-for-power-systems/outputs/hpo_workflows/marker_directed_sm_avr_gov_v1_20260320_145448/refine/runs/cfg_00007_abf98ee434/dataset_manifest.json,0.8,3,0.2,1.0,0.1372540329441341,0.3703773936631404,0.293332040309906,0.2217741845022991,0.18990301364937612,0.39661573180155263,0.4075321555137634,384,30,"[3127, 30, 3472, 2372, 303, 3182, 3248, 1234, 3890, 1948, 1254, 455, 2418, 1777, 3443, 847, 1073, 3853, 2722, 3357, 1138, 3933, 905, 3210, 506, 996, 1909, 2416, 2194, 4017, 144, 2689, 117, 2992, 1679, 495, 721, 705, 4014, 48, 1826, 2860, 1655, 167, 304, 780, 4029, 1081, 3695, 2579, 2697, 3448, 2933, 1339, 449, 1709, 2224, 57, 3274, 177, 1695, 2518, 1186, 3629, 3342, 11, 2473, 324, 362, 4071, 2796, 2529, 1042, 787, 4051, 3655, 939, 1855, 638, 2665, 350, 424, 2797, 3521, 2793, 3140, 3478, 1682, 2264, 1287, 1745, 2242, 3812, 2948, 178, 2161, 1173, 1967, 906, 2630, 1202, 2702, 4040, 3512, 2083, 2076, 4049, 441, 3621, 1213, 1137, 1569, 2660, 2143, 2945, 202, 1229, 3414, 2086, 1454, 897, 2015, 2533, 1633, 3824, 1298, 2336, 185]",1.0,0.2217741845022991,0.4190283626490625,0.494223415851593,0.41303953528404236,3968,/zhome/14/b/214266/Repos/ml-surrogates-for-power-systems/outputs/hpo_workflows/marker_directed_sm_avr_gov_v1_20260320_145448/refine/runs/cfg_00007_abf98ee434/qbc/history.jsonl,128,4096,31,true,128,256,/zhome/14/b/214266/Repos/ml-surrogates-for-power-systems/outputs/hpo_workflows/marker_directed_sm_avr_gov_v1_20260320_145448/refine/runs/cfg_00007_abf98ee434/run_manifest.json,active.candidate_method=lhs;;active.log_every=5;;active.marker.greedy_score_weight=0.7;;active.marker.include_anchor_state_markers=true;;active.marker.k_density=20;;active.marker.pca_explained_variance=0.9;;active.marker.preselect_factor=3;;active.marker.settling_fraction=0.05;;active.marker.weights.diversity=0.8;;active.marker.weights.sparsity=0.2;;qbc_K=128;;qbc_P=4096;;qbc_T=31;;qbc_enable_logging=true;;qbc_n0=128;;qbc_n_test=256,,
marker_directed_sm_avr_gov_v1,1,marker_directed,SM_AVR_GOV,default,refine,refinement_and_schedule_search,/zhome/14/b/214266/Repos/ml-surrogates-for-power-systems/outputs/hpo_workflows/marker_directed_sm_avr_gov_v1_20260320_145448/refine,cfg_00008_4c014a225c,8,/zhome/14/b/214266/Repos/ml-surrogates-for-power-systems/outputs/hpo_workflows/marker_directed_sm_avr_gov_v1_20260320_145448/refine/runs/cfg_00008_4c014a225c,,s01,b4096,thesis_marker_sm_avr_gov_hpo_refine,completed,0,True,final_eval_rmse,minimize,0.007291952725654016,0.007291952725654016,5.3172574553173035e-05,93.97804659599205,72.8018340440176,0.004448435996891931,16.8398073889839,4.2616226179816294,0.0,0.035334772983333096,lhs,5,0.7,true,20,0.9,3,0.05,0.8,0.2,,,,,/zhome/14/b/214266/Repos/ml-surrogates-for-power-systems/outputs/hpo_workflows/marker_directed_sm_avr_gov_v1_20260320_145448/refine/runs/cfg_00008_4c014a225c/dataset_manifest.json,0.8,3,0.2,0.8798530101776123,0.1364595483011214,0.3709177610452913,0.4023056924343109,0.22390289108237169,0.1878600337216965,0.39444309916543324,0.5602437853813171,384,30,"[6129, 468, 5659, 5111, 757, 2160, 1579, 656, 3685, 1748, 1808, 6305, 8161, 6507, 1853, 8019, 4790, 7304, 7500, 373, 2562, 952, 6482, 1569, 1961, 6357, 7716, 4774, 7220, 3218, 5079, 7931, 4876, 5062, 6291, 6403, 5539, 665, 2204, 7365, 7017, 5127, 65, 7423, 2269, 2522, 3926, 5932, 7887, 1073, 6366, 446, 6911, 3582, 877, 1029, 6330, 2118, 1910, 2032, 2907, 612, 4515, 1324, 820, 1494, 858, 6694, 7239, 3080, 1772, 4240, 881, 5102, 3414, 4305, 3293, 1818, 7873, 3079, 6145, 7112, 1894, 2865, 103, 3123, 5542, 5564, 1183, 5973, 4861, 3367, 5944, 5389, 2950, 2786, 7877, 2310, 2607, 598, 1601, 5880, 8001, 3201, 1829, 1580, 744, 5432, 6122, 8096, 5046, 2880, 2631, 1906, 1548, 7795, 4908, 7267, 4188, 317, 4148, 5608, 2569, 3931, 819, 7900, 2122, 3540]",0.8798530101776123,0.22390289108237169,0.4066955274896849,0.6844505071640015,0.607416570186615,3968,/zhome/14/b/214266/Repos/ml-surrogates-for-power-systems/outputs/hpo_workflows/marker_directed_sm_avr_gov_v1_20260320_145448/refine/runs/cfg_00008_4c014a225c/qbc/history.jsonl,128,8192,31,true,128,256,/zhome/14/b/214266/Repos/ml-surrogates-for-power-systems/outputs/hpo_workflows/marker_directed_sm_avr_gov_v1_20260320_145448/refine/runs/cfg_00008_4c014a225c/run_manifest.json,active.candidate_method=lhs;;active.log_every=5;;active.marker.greedy_score_weight=0.7;;active.marker.include_anchor_state_markers=true;;active.marker.k_density=20;;active.marker.pca_explained_variance=0.9;;active.marker.preselect_factor=3;;active.marker.settling_fraction=0.05;;active.marker.weights.diversity=0.8;;active.marker.weights.sparsity=0.2;;qbc_K=128;;qbc_P=8192;;qbc_T=31;;qbc_enable_logging=true;;qbc_n0=128;;qbc_n_test=256,,
marker_directed_sm_avr_gov_v1,1,marker_directed,SM_AVR_GOV,default,refine,refinement_and_schedule_search,/zhome/14/b/214266/Repos/ml-surrogates-for-power-systems/outputs/hpo_workflows/marker_directed_sm_avr_gov_v1_20260320_145448/refine,cfg_00009_da6ad76e32,9,/zhome/14/b/214266/Repos/ml-surrogates-for-power-systems/outputs/hpo_workflows/marker_directed_sm_avr_gov_v1_20260320_145448/refine/runs/cfg_00009_da6ad76e32,,s01,b4096,thesis_marker_sm_avr_gov_hpo_refine,completed,0,True,final_eval_rmse,minimize,0.010151670256109462,0.010151670256109462,0.00010305640898877755,80.69605336498353,74.20022636500653,0.0014741150080226362,4.181686097988859,2.238363419979578,0.0,0.0399641270050779,lhs,5,0.9,true,20,0.9,3,0.05,0.8,0.2,,,,,/zhome/14/b/214266/Repos/ml-surrogates-for-power-systems/outputs/hpo_workflows/marker_directed_sm_avr_gov_v1_20260320_145448/refine/runs/cfg_00009_da6ad76e32/dataset_manifest.json,0.8,3,0.2,0.909538209438324,0.13627608124393228,0.3675612047005702,0.31520795822143555,0.21764417113996654,0.18998434551777343,0.4006433636389372,0.44505009055137634,384,30,"[267, 74, 1543, 1825, 852, 554, 476, 292, 660, 355, 1127, 1675, 320, 1548, 1411, 1790, 814, 1738, 1780, 851, 104, 1274, 231, 1464, 2028, 1219, 1053, 3, 1496, 377, 1893, 60, 467, 823, 1257, 665, 688, 1333, 989, 655, 1085, 372, 318, 804, 589, 1674, 452, 226, 1847, 95, 442, 1709, 1494, 1785, 1046, 1908, 44, 193, 225, 1387, 1612, 1151, 880, 1601, 1332, 1733, 25, 1210, 56, 1529, 1569, 1819, 1909, 975, 1455, 534, 169, 571, 1918, 1189, 748, 443, 1932, 1848, 1335, 1452, 99, 1361, 1608, 1875, 1591, 1859, 367, 2034, 1981, 938, 1287, 1905, 1949, 1304, 159, 1693, 1243, 530, 1363, 1821, 792, 41, 1870, 1156, 1083, 1293, 710, 1043, 535, 1690, 803, 1192, 1198, 1040, 216, 2025, 1108, 289, 1614, 1050, 811, 1968]",0.909538209438324,0.21764417113996654,0.4105730491015759,0.5274503827095032,0.4219195544719696,3968,/zhome/14/b/214266/Repos/ml-surrogates-for-power-systems/outputs/hpo_workflows/marker_directed_sm_avr_gov_v1_20260320_145448/refine/runs/cfg_00009_da6ad76e32/qbc/history.jsonl,128,2048,31,true,128,256,/zhome/14/b/214266/Repos/ml-surrogates-for-power-systems/outputs/hpo_workflows/marker_directed_sm_avr_gov_v1_20260320_145448/refine/runs/cfg_00009_da6ad76e32/run_manifest.json,active.candidate_method=lhs;;active.log_every=5;;active.marker.greedy_score_weight=0.9;;active.marker.include_anchor_state_markers=true;;active.marker.k_density=20;;active.marker.pca_explained_variance=0.9;;active.marker.preselect_factor=3;;active.marker.settling_fraction=0.05;;active.marker.weights.diversity=0.8;;active.marker.weights.sparsity=0.2;;qbc_K=128;;qbc_P=2048;;qbc_T=31;;qbc_enable_logging=true;;qbc_n0=128;;qbc_n_test=256,,
marker_directed_sm_avr_gov_v1,1,marker_directed,SM_AVR_GOV,default,refine,refinement_and_schedule_search,/zhome/14/b/214266/Repos/ml-surrogates-for-power-systems/outputs/hpo_workflows/marker_directed_sm_avr_gov_v1_20260320_145448/refine,cfg_00010_32e560826f,10,/zhome/14/b/214266/Repos/ml-surrogates-for-power-systems/outputs/hpo_workflows/marker_directed_sm_avr_gov_v1_20260320_145448/refine/runs/cfg_00010_32e560826f,,s01,b4096,thesis_marker_sm_avr_gov_hpo_refine,completed,0,True,final_eval_rmse,minimize,0.006597945151852101,0.006597945151852101,4.353288022684865e-05,86.10775714801275,74.68078180099837,0.002101691992720589,8.442216194001958,2.910903642012272,0.0,0.037253630987834185,lhs,5,0.9,true,20,0.9,3,0.05,0.8,0.2,,,,,/zhome/14/b/214266/Repos/ml-surrogates-for-power-systems/outputs/hpo_workflows/marker_directed_sm_avr_gov_v1_20260320_145448/refine/runs/cfg_00010_32e560826f/dataset_manifest.json,0.8,3,0.2,1.0,0.13686689564415883,0.37168232176817784,0.3067505359649658,0.2230960442680859,0.1887189697111144,0.39871143092236794,0.4203537702560425,384,30,"[3127, 30, 1909, 2372, 3347, 3140, 179, 3182, 182, 1173, 2242, 939, 1014, 1254, 3048, 2194, 947, 4024, 2381, 76, 3109, 1787, 1725, 1302, 1424, 304, 3248, 2017, 1123, 1054, 1456, 1073, 3342, 2860, 1844, 329, 2674, 3219, 1437, 767, 441, 250, 3695, 2637, 397, 2865, 1569, 3043, 1213, 3521, 2483, 2189, 3005, 642, 1810, 3542, 3727, 3857, 1063, 443, 3125, 3357, 2086, 2172, 2869, 303, 2630, 1160, 1813, 3719, 625, 2631, 3135, 624, 3346, 1709, 2108, 627, 436, 1630, 555, 2722, 3566, 455, 3645, 2983, 1830, 1308, 3979, 47, 1434, 1530, 2783, 2476, 1931, 324, 1682, 2733, 2987, 1948, 392, 2177, 3050, 2133, 3238, 1970, 1826, 107, 1681, 2692, 655, 4035, 1251, 1863, 895, 4064, 729, 594, 3178, 1476, 631, 94, 929, 1891, 519, 3862, 1162, 1145]",1.0,0.2230960442680859,0.41924953222735145,0.5097616314888,0.4268123209476471,3968,/zhome/14/b/214266/Repos/ml-surrogates-for-power-systems/outputs/hpo_workflows/marker_directed_sm_avr_gov_v1_20260320_145448/refine/runs/cfg_00010_32e560826f/qbc/history.jsonl,128,4096,31,true,128,256,/zhome/14/b/214266/Repos/ml-surrogates-for-power-systems/outputs/hpo_workflows/marker_directed_sm_avr_gov_v1_20260320_145448/refine/runs/cfg_00010_32e560826f/run_manifest.json,active.candidate_method=lhs;;active.log_every=5;;active.marker.greedy_score_weight=0.9;;active.marker.include_anchor_state_markers=true;;active.marker.k_density=20;;active.marker.pca_explained_variance=0.9;;active.marker.preselect_factor=3;;active.marker.settling_fraction=0.05;;active.marker.weights.diversity=0.8;;active.marker.weights.sparsity=0.2;;qbc_K=128;;qbc_P=4096;;qbc_T=31;;qbc_enable_logging=true;;qbc_n0=128;;qbc_n_test=256,,
marker_directed_sm_avr_gov_v1,1,marker_directed,SM_AVR_GOV,default,refine,refinement_and_schedule_search,/zhome/14/b/214266/Repos/ml-surrogates-for-power-systems/outputs/hpo_workflows/marker_directed_sm_avr_gov_v1_20260320_145448/refine,cfg_00011_1ef13adb40,11,/zhome/14/b/214266/Repos/ml-surrogates-for-power-systems/outputs/hpo_workflows/marker_directed_sm_avr_gov_v1_20260320_145448/refine/runs/cfg_00011_1ef13adb40,,s01,b4096,thesis_marker_sm_avr_gov_hpo_refine,completed,0,True,final_eval_rmse,minimize,0.006697280671827151,0.006697280671827151,4.485356839722954e-05,95.82509848699556,74.59205225197366,0.004722990008303896,16.897165100002894,4.260148761008168,0.0,0.035729897004785016,lhs,5,0.9,true,20,0.9,3,0.05,0.8,0.2,,,,,/zhome/14/b/214266/Repos/ml-surrogates-for-power-systems/outputs/hpo_workflows/marker_directed_sm_avr_gov_v1_20260320_145448/refine/runs/cfg_00011_1ef13adb40/dataset_manifest.json,0.8,3,0.2,0.8545516729354858,0.1357503473795839,0.37051181220345925,0.36228376626968384,0.2267364900341747,0.1872913040253234,0.3945947569259896,0.5013457536697388,384,30,"[7345, 4576, 1910, 4808, 7351, 2279, 5467, 6179, 4790, 5062, 3956, 6129, 903, 3243, 2350, 259, 4240, 1066, 2069, 3135, 7586, 2063, 3826, 3521, 1071, 6634, 7293, 6239, 5111, 7907, 5900, 4861, 6906, 6000, 3774, 6761, 2950, 5350, 342, 5019, 4433, 656, 3099, 1876, 6366, 7096, 1323, 7623, 2264, 3547, 1808, 3773, 2894, 5300, 2906, 8130, 2204, 3582, 8149, 7442, 7366, 485, 1027, 4451, 1059, 76, 7812, 3245, 6124, 7266, 6353, 4583, 6241, 2556, 3008, 7411, 5892, 4185, 6330, 4501, 877, 358, 4849, 3474, 2032, 2903, 6694, 7227, 4027, 2873, 2487, 820, 1494, 2016, 5973, 5441, 1143, 1029, 5836, 3878, 3702, 7038, 1724, 5314, 8096, 5191, 6390, 6301, 5949, 5046, 2695, 970, 3935, 2547, 5909, 7818, 6335, 3208, 5379, 984, 736, 5355, 833, 5193, 6574, 6417, 7768, 5798]",0.8545516729354858,0.2267364900341747,0.40265139823604856,0.617267906665802,0.5504304766654968,3968,/zhome/14/b/214266/Repos/ml-surrogates-for-power-systems/outputs/hpo_workflows/marker_directed_sm_avr_gov_v1_20260320_145448/refine/runs/cfg_00011_1ef13adb40/qbc/history.jsonl,128,8192,31,true,128,256,/zhome/14/b/214266/Repos/ml-surrogates-for-power-systems/outputs/hpo_workflows/marker_directed_sm_avr_gov_v1_20260320_145448/refine/runs/cfg_00011_1ef13adb40/run_manifest.json,active.candidate_method=lhs;;active.log_every=5;;active.marker.greedy_score_weight=0.9;;active.marker.include_anchor_state_markers=true;;active.marker.k_density=20;;active.marker.pca_explained_variance=0.9;;active.marker.preselect_factor=3;;active.marker.settling_fraction=0.05;;active.marker.weights.diversity=0.8;;active.marker.weights.sparsity=0.2;;qbc_K=128;;qbc_P=8192;;qbc_T=31;;qbc_enable_logging=true;;qbc_n0=128;;qbc_n_test=256,,
marker_directed_sm_avr_gov_v1,1,marker_directed,SM_AVR_GOV,default,refine,refinement_and_schedule_search,/zhome/14/b/214266/Repos/ml-surrogates-for-power-systems/outputs/hpo_workflows/marker_directed_sm_avr_gov_v1_20260320_145448/refine,cfg_00012_0e2ee0cf10,12,/zhome/14/b/214266/Repos/ml-surrogates-for-power-systems/outputs/hpo_workflows/marker_directed_sm_avr_gov_v1_20260320_145448/refine/runs/cfg_00012_0e2ee0cf10,,s01,b4096,thesis_marker_sm_avr_gov_hpo_refine,completed,0,True,final_eval_rmse,minimize,0.006481246150735065,0.006481246150735065,4.200655166641809e-05,81.42729895500815,74.82923669801676,0.001849327003583312,4.263720396993449,2.2588677069870755,0.0,0.03962164800032042,lhs,5,0.7,true,10,0.95,3,0.05,0.8,0.2,,,,,/zhome/14/b/214266/Repos/ml-surrogates-for-power-systems/outputs/hpo_workflows/marker_directed_sm_avr_gov_v1_20260320_145448/refine/runs/cfg_00012_0e2ee0cf10/dataset_manifest.json,0.8,4,0.2,1.0,0.20179305031092273,0.39636653225914026,0.2685072422027588,0.31231367459727155,0.2792137736648394,0.44016983637792023,0.37413862347602844,384,30,"[267, 74, 443, 244, 660, 1494, 2021, 1821, 562, 504, 85, 1825, 476, 814, 528, 345, 1425, 2036, 633, 292, 1862, 737, 1127, 1759, 1053, 2034, 5, 1832, 1247, 554, 579, 1164, 256, 1582, 585, 1677, 171, 1401, 1780, 383, 1332, 1636, 1496, 150, 2028, 1218, 440, 859, 896, 17, 534, 136, 1563, 1044, 1293, 355, 1819, 248, 1085, 1108, 1402, 844, 25, 935, 216, 795, 1988, 957, 1709, 1375, 1730, 1404, 459, 964, 700, 1740, 1946, 655, 398, 104, 36, 1369, 428, 806, 1379, 233, 1464, 1168, 364, 1502, 1923, 1599, 597, 1833, 100, 1912, 274, 1633, 53, 1187, 1607, 982, 1781, 530, 1355, 981, 2008, 1543, 1728, 1272, 1270, 140, 707, 1166, 812, 148, 1123, 653, 1593, 60, 231, 1882, 218, 158, 1716, 675, 2027, 2002]",1.0,0.31231367459727155,0.4604808004984659,0.4347054362297058,0.34106218814849854,3968,/zhome/14/b/214266/Repos/ml-surrogates-for-power-systems/outputs/hpo_workflows/marker_directed_sm_avr_gov_v1_20260320_145448/refine/runs/cfg_00012_0e2ee0cf10/qbc/history.jsonl,128,2048,31,true,128,256,/zhome/14/b/214266/Repos/ml-surrogates-for-power-systems/outputs/hpo_workflows/marker_directed_sm_avr_gov_v1_20260320_145448/refine/runs/cfg_00012_0e2ee0cf10/run_manifest.json,active.candidate_method=lhs;;active.log_every=5;;active.marker.greedy_score_weight=0.7;;active.marker.include_anchor_state_markers=true;;active.marker.k_density=10;;active.marker.pca_explained_variance=0.95;;active.marker.preselect_factor=3;;active.marker.settling_fraction=0.05;;active.marker.weights.diversity=0.8;;active.marker.weights.sparsity=0.2;;qbc_K=128;;qbc_P=2048;;qbc_T=31;;qbc_enable_logging=true;;qbc_n0=128;;qbc_n_test=256,,
marker_directed_sm_avr_gov_v1,1,marker_directed,SM_AVR_GOV,default,refine,refinement_and_schedule_search,/zhome/14/b/214266/Repos/ml-surrogates-for-power-systems/outputs/hpo_workflows/marker_directed_sm_avr_gov_v1_20260320_145448/refine,cfg_00013_ec27e577ca,13,/zhome/14/b/214266/Repos/ml-surrogates-for-power-systems/outputs/hpo_workflows/marker_directed_sm_avr_gov_v1_20260320_145448/refine/runs/cfg_00013_ec27e577ca,,s01,b4096,thesis_marker_sm_avr_gov_hpo_refine,completed,0,True,final_eval_rmse,minimize,0.0060912542565278675,0.0060912542565278675,3.7103378417668864e-05,86.48768476801342,75.0838934390049,0.003192556992871687,8.408444021013565,2.921555384993553,0.0,0.036626296991016716,lhs,5,0.7,true,10,0.95,3,0.05,0.8,0.2,,,,,/zhome/14/b/214266/Repos/ml-surrogates-for-power-systems/outputs/hpo_workflows/marker_directed_sm_avr_gov_v1_20260320_145448/refine/runs/cfg_00013_ec27e577ca/dataset_manifest.json,0.8,4,0.2,0.9534372091293335,0.20600787764105277,0.4011275100310253,0.3649267852306366,0.32330709068212554,0.28061989079011895,0.4372236948047486,0.49629876017570496,384,30,"[30, 2229, 1909, 513, 2963, 3032, 3248, 1287, 3140, 1014, 3033, 2834, 3706, 2711, 2372, 642, 3539, 3389, 923, 3127, 1076, 3740, 949, 2567, 1985, 1786, 3443, 296, 109, 1492, 2290, 1244, 2873, 229, 408, 1670, 1009, 3356, 3746, 1246, 2959, 2742, 883, 3169, 3073, 2138, 2194, 1940, 3875, 3182, 3476, 2630, 3808, 3341, 2173, 3573, 1951, 1184, 3299, 1289, 3887, 2134, 3347, 3292, 203, 732, 1015, 2271, 3601, 3786, 3975, 2376, 1050, 3179, 350, 982, 2162, 3135, 2040, 655, 3050, 3981, 1489, 1849, 815, 847, 1, 1546, 1186, 2853, 2664, 3278, 2536, 3479, 1069, 2687, 58, 906, 2399, 3293, 1212, 1660, 1646, 47, 1500, 696, 1720, 1187, 481, 1332, 1896, 1814, 3016, 1427, 2721, 2412, 1306, 1673, 1018, 2076, 1213, 27, 4017, 443, 1736, 1550, 1155, 3655]",0.9534372091293335,0.32330709068212554,0.46375895647566917,0.5922260284423828,0.4994325041770935,3968,/zhome/14/b/214266/Repos/ml-surrogates-for-power-systems/outputs/hpo_workflows/marker_directed_sm_avr_gov_v1_20260320_145448/refine/runs/cfg_00013_ec27e577ca/qbc/history.jsonl,128,4096,31,true,128,256,/zhome/14/b/214266/Repos/ml-surrogates-for-power-systems/outputs/hpo_workflows/marker_directed_sm_avr_gov_v1_20260320_145448/refine/runs/cfg_00013_ec27e577ca/run_manifest.json,active.candidate_method=lhs;;active.log_every=5;;active.marker.greedy_score_weight=0.7;;active.marker.include_anchor_state_markers=true;;active.marker.k_density=10;;active.marker.pca_explained_variance=0.95;;active.marker.preselect_factor=3;;active.marker.settling_fraction=0.05;;active.marker.weights.diversity=0.8;;active.marker.weights.sparsity=0.2;;qbc_K=128;;qbc_P=4096;;qbc_T=31;;qbc_enable_logging=true;;qbc_n0=128;;qbc_n_test=256,,
marker_directed_sm_avr_gov_v1,1,marker_directed,SM_AVR_GOV,default,refine,refinement_and_schedule_search,/zhome/14/b/214266/Repos/ml-surrogates-for-power-systems/outputs/hpo_workflows/marker_directed_sm_avr_gov_v1_20260320_145448/refine,cfg_00014_e1d3d1f5ef,14,/zhome/14/b/214266/Repos/ml-surrogates-for-power-systems/outputs/hpo_workflows/marker_directed_sm_avr_gov_v1_20260320_145448/refine/runs/cfg_00014_e1d3d1f5ef,,s01,b4096,thesis_marker_sm_avr_gov_hpo_refine,completed,0,True,final_eval_rmse,minimize,0.014022732195776577,0.014022732195776577,0.000196637018234469,93.98295714697451,72.71471550199203,0.003852772992104292,16.884497018007096,4.312546145025408,0.0,0.03247777800424956,lhs,5,0.7,true,10,0.95,3,0.05,0.8,0.2,,,,,/zhome/14/b/214266/Repos/ml-surrogates-for-power-systems/outputs/hpo_workflows/marker_directed_sm_avr_gov_v1_20260320_145448/refine/runs/cfg_00014_e1d3d1f5ef/dataset_manifest.json,0.8,4,0.2,0.9698868989944458,0.2065538579609194,0.40388010570491883,0.40233832597732544,0.3326450409701689,0.2798390075158326,0.43737354952590124,0.5419016480445862,384,30,"[28, 2913, 3521, 6085, 3111, 5671, 7212, 2494, 3702, 1659, 3889, 4395, 7931, 3312, 1165, 7345, 2142, 6185, 1674, 2943, 2043, 4921, 4790, 2950, 4499, 4424, 4160, 6291, 3201, 1164, 3936, 5009, 552, 4076, 2472, 1323, 6249, 3851, 3931, 6650, 7178, 4710, 935, 1547, 3690, 4552, 1797, 3757, 3289, 6273, 1071, 6448, 3826, 2122, 2199, 7372, 1457, 3321, 2361, 1906, 1188, 6694, 5374, 5928, 4032, 1799, 3258, 3977, 4543, 3584, 6361, 2866, 4079, 142, 7489, 4979, 2709, 3600, 7304, 1910, 5150, 7490, 6908, 4308, 709, 2385, 2549, 793, 5905, 6194, 6344, 3464, 1029, 4080, 388, 2884, 5814, 2774, 4370, 1519, 1822, 6796, 340, 4809, 2306, 3532, 6113, 2463, 3227, 6073, 6054, 3075, 7263, 1222, 6483, 5352, 7812, 5228, 6000, 473, 4565, 1325, 5537, 6269, 3768, 403, 8190, 5432]",0.9698868989944458,0.3326450409701689,0.4568739114739254,0.6599147319793701,0.5805574059486389,3968,/zhome/14/b/214266/Repos/ml-surrogates-for-power-systems/outputs/hpo_workflows/marker_directed_sm_avr_gov_v1_20260320_145448/refine/runs/cfg_00014_e1d3d1f5ef/qbc/history.jsonl,128,8192,31,true,128,256,/zhome/14/b/214266/Repos/ml-surrogates-for-power-systems/outputs/hpo_workflows/marker_directed_sm_avr_gov_v1_20260320_145448/refine/runs/cfg_00014_e1d3d1f5ef/run_manifest.json,active.candidate_method=lhs;;active.log_every=5;;active.marker.greedy_score_weight=0.7;;active.marker.include_anchor_state_markers=true;;active.marker.k_density=10;;active.marker.pca_explained_variance=0.95;;active.marker.preselect_factor=3;;active.marker.settling_fraction=0.05;;active.marker.weights.diversity=0.8;;active.marker.weights.sparsity=0.2;;qbc_K=128;;qbc_P=8192;;qbc_T=31;;qbc_enable_logging=true;;qbc_n0=128;;qbc_n_test=256,,
marker_directed_sm_avr_gov_v1,1,marker_directed,SM_AVR_GOV,default,refine,refinement_and_schedule_search,/zhome/14/b/214266/Repos/ml-surrogates-for-power-systems/outputs/hpo_workflows/marker_directed_sm_avr_gov_v1_20260320_145448/refine,cfg_00015_97fbe8ad5f,15,/zhome/14/b/214266/Repos/ml-surrogates-for-power-systems/outputs/hpo_workflows/marker_directed_sm_avr_gov_v1_20260320_145448/refine/runs/cfg_00015_97fbe8ad5f,,s01,b4096,thesis_marker_sm_avr_gov_hpo_refine,completed,0,True,final_eval_rmse,minimize,0.006486832692183645,0.006486832692183645,4.2078998376382515e-05,81.90874112199526,75.33581879700068,0.0014582689909730107,4.245422036998207,2.251642504998017,0.0,0.040360218001296744,lhs,5,0.9,true,10,0.95,3,0.05,0.8,0.2,,,,,/zhome/14/b/214266/Repos/ml-surrogates-for-power-systems/outputs/hpo_workflows/marker_directed_sm_avr_gov_v1_20260320_145448/refine/runs/cfg_00015_97fbe8ad5f/dataset_manifest.json,0.8,4,0.2,1.0,0.20257994090503595,0.4000247205380267,0.29215580224990845,0.32093868382903,0.278113846681335,0.4402667427053153,0.40736767649650574,384,30,"[267, 74, 2021, 660, 1247, 554, 1401, 2036, 1825, 1832, 248, 85, 1548, 1053, 1411, 244, 292, 5, 1085, 606, 1360, 1946, 1425, 1833, 1636, 218, 1369, 407, 989, 1072, 889, 1275, 1626, 1119, 1351, 935, 809, 816, 679, 1208, 1288, 392, 1166, 1984, 171, 1857, 495, 1272, 1025, 1245, 289, 1821, 358, 504, 1464, 1845, 535, 806, 1493, 1181, 1270, 1193, 1477, 100, 1728, 1782, 1410, 1293, 136, 775, 13, 1911, 1988, 1675, 715, 2001, 233, 1152, 1387, 748, 2042, 501, 1494, 104, 212, 1819, 274, 443, 231, 690, 17, 1522, 1730, 738, 1591, 1882, 1468, 355, 948, 1667, 1631, 92, 718, 412, 1355, 1496, 781, 1781, 1982, 1099, 1649, 1225, 1012, 799, 1003, 597, 878, 707, 1499, 2002, 1903, 60, 57, 1511, 1528, 1735, 992, 83]",1.0,0.32093868382903,0.4633345080134217,0.496194988489151,0.38094907999038696,3968,/zhome/14/b/214266/Repos/ml-surrogates-for-power-systems/outputs/hpo_workflows/marker_directed_sm_avr_gov_v1_20260320_145448/refine/runs/cfg_00015_97fbe8ad5f/qbc/history.jsonl,128,2048,31,true,128,256,/zhome/14/b/214266/Repos/ml-surrogates-for-power-systems/outputs/hpo_workflows/marker_directed_sm_avr_gov_v1_20260320_145448/refine/runs/cfg_00015_97fbe8ad5f/run_manifest.json,active.candidate_method=lhs;;active.log_every=5;;active.marker.greedy_score_weight=0.9;;active.marker.include_anchor_state_markers=true;;active.marker.k_density=10;;active.marker.pca_explained_variance=0.95;;active.marker.preselect_factor=3;;active.marker.settling_fraction=0.05;;active.marker.weights.diversity=0.8;;active.marker.weights.sparsity=0.2;;qbc_K=128;;qbc_P=2048;;qbc_T=31;;qbc_enable_logging=true;;qbc_n0=128;;qbc_n_test=256,,
marker_directed_sm_avr_gov_v1,1,marker_directed,SM_AVR_GOV,default,refine,refinement_and_schedule_search,/zhome/14/b/214266/Repos/ml-surrogates-for-power-systems/outputs/hpo_workflows/marker_directed_sm_avr_gov_v1_20260320_145448/refine,cfg_00016_355452a032,16,/zhome/14/b/214266/Repos/ml-surrogates-for-power-systems/outputs/hpo_workflows/marker_directed_sm_avr_gov_v1_20260320_145448/refine/runs/cfg_00016_355452a032,,s01,b4096,thesis_marker_sm_avr_gov_hpo_refine,completed,0,True,final_eval_rmse,minimize,0.005833374078498237,0.005833374078498237,3.402825313969515e-05,85.57361894799396,74.21583087497856,0.002257740998174995,8.38128621398937,2.903824812005041,0.0,0.03639390302123502,lhs,5,0.9,true,10,0.95,3,0.05,0.8,0.2,,,,,/zhome/14/b/214266/Repos/ml-surrogates-for-power-systems/outputs/hpo_workflows/marker_directed_sm_avr_gov_v1_20260320_145448/refine/runs/cfg_00016_355452a032/dataset_manifest.json,0.8,4,0.2,0.9241135120391846,0.20745089711344378,0.4046235228871534,0.37340930104255676,0.329980518392748,0.28031677839656405,0.44173105770447185,0.5048879384994507,384,30,"[3127, 1213, 1909, 2711, 2372, 642, 975, 883, 3248, 3140, 3016, 58, 2567, 2860, 3004, 2237, 1681, 1069, 2630, 3839, 47, 939, 3443, 2280, 917, 1313, 3299, 2173, 1014, 2839, 1524, 1244, 3094, 3135, 1254, 3210, 1723, 2295, 1839, 958, 2336, 726, 67, 2811, 2102, 3033, 3194, 1826, 3356, 3367, 135, 513, 3138, 2721, 2172, 1687, 3182, 96, 1506, 1182, 1870, 109, 3981, 3429, 3073, 548, 3573, 2233, 3517, 2665, 2536, 1489, 1249, 100, 1571, 2194, 178, 3048, 423, 4046, 1061, 710, 3143, 1248, 1663, 655, 2495, 1298, 1300, 914, 33, 2873, 2399, 3627, 2626, 3244, 847, 670, 1332, 4087, 231, 3691, 3201, 1640, 2759, 2790, 2056, 842, 937, 3844, 2086, 475, 1054, 1425, 3238, 2459, 1055, 2929, 222, 3534, 541, 1558, 1184, 901, 3015, 266, 1434, 3947]",0.9241135120391846,0.329980518392748,0.46808457895530475,0.6177946329116821,0.5099344253540039,3968,/zhome/14/b/214266/Repos/ml-surrogates-for-power-systems/outputs/hpo_workflows/marker_directed_sm_avr_gov_v1_20260320_145448/refine/runs/cfg_00016_355452a032/qbc/history.jsonl,128,4096,31,true,128,256,/zhome/14/b/214266/Repos/ml-surrogates-for-power-systems/outputs/hpo_workflows/marker_directed_sm_avr_gov_v1_20260320_145448/refine/runs/cfg_00016_355452a032/run_manifest.json,active.candidate_method=lhs;;active.log_every=5;;active.marker.greedy_score_weight=0.9;;active.marker.include_anchor_state_markers=true;;active.marker.k_density=10;;active.marker.pca_explained_variance=0.95;;active.marker.preselect_factor=3;;active.marker.settling_fraction=0.05;;active.marker.weights.diversity=0.8;;active.marker.weights.sparsity=0.2;;qbc_K=128;;qbc_P=4096;;qbc_T=31;;qbc_enable_logging=true;;qbc_n0=128;;qbc_n_test=256,,
marker_directed_sm_avr_gov_v1,1,marker_directed,SM_AVR_GOV,default,refine,refinement_and_schedule_search,/zhome/14/b/214266/Repos/ml-surrogates-for-power-systems/outputs/hpo_workflows/marker_directed_sm_avr_gov_v1_20260320_145448/refine,cfg_00017_206bc0c998,17,/zhome/14/b/214266/Repos/ml-surrogates-for-power-systems/outputs/hpo_workflows/marker_directed_sm_avr_gov_v1_20260320_145448/refine/runs/cfg_00017_206bc0c998,,s01,b4096,thesis_marker_sm_avr_gov_hpo_refine,completed,0,True,final_eval_rmse,minimize,0.007538417550928673,0.007538417550928673,5.682773917214945e-05,94.89565581901115,73.8681138289976,0.005123259004903957,16.678130963991862,4.273207630991237,0.0,0.03650574598577805,lhs,5,0.9,true,10,0.95,3,0.05,0.8,0.2,,,,,/zhome/14/b/214266/Repos/ml-surrogates-for-power-systems/outputs/hpo_workflows/marker_directed_sm_avr_gov_v1_20260320_145448/refine/runs/cfg_00017_206bc0c998/dataset_manifest.json,0.8,4,0.2,0.9547362923622131,0.207442340704305,0.4054805731781246,0.41533148288726807,0.33378862021508376,0.28012924465822375,0.43890234791115396,0.5515654683113098,384,30,"[28, 479, 1029, 6085, 4627, 5659, 606, 690, 2950, 1963, 5928, 2361, 8173, 6185, 1410, 3454, 5786, 1519, 3936, 4790, 7345, 7793, 3691, 8010, 150, 820, 6249, 935, 7041, 2594, 6291, 6009, 1910, 5315, 288, 5560, 7330, 4316, 3232, 7304, 3770, 5326, 7116, 5599, 4591, 3132, 3927, 8163, 6297, 6849, 2919, 1272, 5744, 6316, 4704, 7000, 3826, 7500, 6225, 2522, 1903, 773, 2350, 4611, 266, 4779, 2289, 6389, 2799, 3613, 6773, 5117, 1674, 6943, 1071, 6522, 1532, 2656, 2744, 7042, 798, 4069, 6632, 2122, 6691, 2974, 5356, 6447, 3725, 7112, 7060, 1254, 7582, 567, 3718, 4854, 3035, 7963, 317, 6043, 3011, 7998, 1340, 4921, 1302, 5918, 6415, 6896, 178, 845, 125, 5968, 3775, 3028, 6019, 2600, 5563, 629, 3552, 461, 6563, 2236, 4420, 7062, 1659, 402, 3080, 6996]",0.9547362923622131,0.33378862021508376,0.4547635311955168,0.6693024635314941,0.6023572683334351,3968,/zhome/14/b/214266/Repos/ml-surrogates-for-power-systems/outputs/hpo_workflows/marker_directed_sm_avr_gov_v1_20260320_145448/refine/runs/cfg_00017_206bc0c998/qbc/history.jsonl,128,8192,31,true,128,256,/zhome/14/b/214266/Repos/ml-surrogates-for-power-systems/outputs/hpo_workflows/marker_directed_sm_avr_gov_v1_20260320_145448/refine/runs/cfg_00017_206bc0c998/run_manifest.json,active.candidate_method=lhs;;active.log_every=5;;active.marker.greedy_score_weight=0.9;;active.marker.include_anchor_state_markers=true;;active.marker.k_density=10;;active.marker.pca_explained_variance=0.95;;active.marker.preselect_factor=3;;active.marker.settling_fraction=0.05;;active.marker.weights.diversity=0.8;;active.marker.weights.sparsity=0.2;;qbc_K=128;;qbc_P=8192;;qbc_T=31;;qbc_enable_logging=true;;qbc_n0=128;;qbc_n_test=256,,
marker_directed_sm_avr_gov_v1,1,marker_directed,SM_AVR_GOV,default,refine,refinement_and_schedule_search,/zhome/14/b/214266/Repos/ml-surrogates-for-power-systems/outputs/hpo_workflows/marker_directed_sm_avr_gov_v1_20260320_145448/refine,cfg_00018_7d05bc2dda,18,/zhome/14/b/214266/Repos/ml-surrogates-for-power-systems/outputs/hpo_workflows/marker_directed_sm_avr_gov_v1_20260320_145448/refine/runs/cfg_00018_7d05bc2dda,,s01,b4096,thesis_marker_sm_avr_gov_hpo_refine,completed,0,True,final_eval_rmse,minimize,0.0065566626097732705,0.0065566626097732705,4.298982457839884e-05,81.1743499719887,74.59224666800583,0.0022079559857957065,4.2427457429876085,2.263155877997633,0.0,0.04036435499438085,lhs,5,0.7,true,20,0.95,3,0.05,0.8,0.2,,,,,/zhome/14/b/214266/Repos/ml-surrogates-for-power-systems/outputs/hpo_workflows/marker_directed_sm_avr_gov_v1_20260320_145448/refine/runs/cfg_00018_7d05bc2dda/dataset_manifest.json,0.8,4,0.2,0.9593702554702759,0.20008552649616937,0.49077541631617927,0.2835063338279724,0.3068108071134413,0.2754668463606591,0.5353552339693944,0.4031257927417755,384,30,"[267, 74, 1785, 1404, 448, 1494, 1427, 806, 504, 1247, 85, 171, 2021, 1530, 1443, 2036, 2034, 1780, 1825, 1401, 1232, 233, 342, 1085, 126, 1527, 289, 1832, 1218, 1631, 1535, 256, 885, 2002, 476, 1741, 1369, 1543, 44, 205, 1636, 1536, 392, 1272, 773, 566, 989, 1619, 443, 245, 1356, 244, 534, 795, 1301, 400, 1833, 1411, 658, 356, 67, 554, 1425, 1605, 68, 1496, 1988, 1709, 1453, 1053, 1819, 248, 703, 104, 355, 1730, 1454, 410, 679, 1293, 158, 676, 882, 655, 1158, 1351, 1039, 231, 1474, 1932, 25, 501, 288, 5, 444, 915, 1599, 1387, 956, 1859, 607, 1607, 156, 1355, 1410, 1332, 321, 508, 372, 1270, 878, 579, 1653, 2042, 200, 60, 1455, 1245, 1847, 2014, 418, 1563, 669, 1257, 1341, 1495, 1974, 1463]",0.9593702554702759,0.3068108071134413,0.5539351500163379,0.4663067162036896,0.3647158145904541,3968,/zhome/14/b/214266/Repos/ml-surrogates-for-power-systems/outputs/hpo_workflows/marker_directed_sm_avr_gov_v1_20260320_145448/refine/runs/cfg_00018_7d05bc2dda/qbc/history.jsonl,128,2048,31,true,128,256,/zhome/14/b/214266/Repos/ml-surrogates-for-power-systems/outputs/hpo_workflows/marker_directed_sm_avr_gov_v1_20260320_145448/refine/runs/cfg_00018_7d05bc2dda/run_manifest.json,active.candidate_method=lhs;;active.log_every=5;;active.marker.greedy_score_weight=0.7;;active.marker.include_anchor_state_markers=true;;active.marker.k_density=20;;active.marker.pca_explained_variance=0.95;;active.marker.preselect_factor=3;;active.marker.settling_fraction=0.05;;active.marker.weights.diversity=0.8;;active.marker.weights.sparsity=0.2;;qbc_K=128;;qbc_P=2048;;qbc_T=31;;qbc_enable_logging=true;;qbc_n0=128;;qbc_n_test=256,,
marker_directed_sm_avr_gov_v1,1,marker_directed,SM_AVR_GOV,default,refine,refinement_and_schedule_search,/zhome/14/b/214266/Repos/ml-surrogates-for-power-systems/outputs/hpo_workflows/marker_directed_sm_avr_gov_v1_20260320_145448/refine,cfg_00019_42a2d3e476,19,/zhome/14/b/214266/Repos/ml-surrogates-for-power-systems/outputs/hpo_workflows/marker_directed_sm_avr_gov_v1_20260320_145448/refine/runs/cfg_00019_42a2d3e476,,s01,b4096,thesis_marker_sm_avr_gov_hpo_refine,completed,0,True,final_eval_rmse,minimize,0.0067624569004773715,0.0067624569004773715,4.573082333081402e-05,84.87453257999732,73.4836508439912,0.0031959530024323612,8.389985540998168,2.9282236049766652,0.0,0.03573793001123704,lhs,5,0.7,true,20,0.95,3,0.05,0.8,0.2,,,,,/zhome/14/b/214266/Repos/ml-surrogates-for-power-systems/outputs/hpo_workflows/marker_directed_sm_avr_gov_v1_20260320_145448/refine/runs/cfg_00019_42a2d3e476/dataset_manifest.json,0.8,4,0.2,0.965259313583374,0.20528817147183726,0.49787150491366683,0.3818874955177307,0.32463867050077955,0.2808004082161149,0.540357736467524,0.5288795232772827,384,30,"[3127, 30, 1909, 2372, 1493, 1584, 3140, 1241, 1708, 4014, 797, 1802, 1928, 2711, 1622, 642, 2778, 340, 2536, 2122, 3349, 3073, 2584, 2102, 1339, 2107, 2455, 3443, 3662, 2056, 3958, 47, 3299, 441, 3399, 887, 2196, 3488, 2842, 499, 1170, 2602, 2138, 883, 58, 2194, 2530, 3654, 2390, 906, 513, 277, 1826, 1298, 3356, 2874, 914, 3891, 3844, 1186, 1492, 2172, 3981, 3050, 3311, 2225, 644, 2834, 3135, 2630, 3716, 1947, 1407, 2237, 2280, 2867, 566, 1598, 408, 2812, 1739, 853, 248, 127, 1851, 3213, 3560, 3293, 3016, 1182, 182, 1322, 938, 2906, 48, 937, 3503, 2071, 1486, 4033, 3918, 975, 2002, 1064, 831, 3871, 1383, 4017, 2415, 1962, 3174, 3790, 2670, 2036, 511, 325, 1083, 67, 1736, 1940, 3169, 3558, 1608, 2081, 2046, 1015, 2326, 1425]",0.965259313583374,0.32463867050077955,0.5513906569623632,0.6287835836410522,0.5356727242469788,3968,/zhome/14/b/214266/Repos/ml-surrogates-for-power-systems/outputs/hpo_workflows/marker_directed_sm_avr_gov_v1_20260320_145448/refine/runs/cfg_00019_42a2d3e476/qbc/history.jsonl,128,4096,31,true,128,256,/zhome/14/b/214266/Repos/ml-surrogates-for-power-systems/outputs/hpo_workflows/marker_directed_sm_avr_gov_v1_20260320_145448/refine/runs/cfg_00019_42a2d3e476/run_manifest.json,active.candidate_method=lhs;;active.log_every=5;;active.marker.greedy_score_weight=0.7;;active.marker.include_anchor_state_markers=true;;active.marker.k_density=20;;active.marker.pca_explained_variance=0.95;;active.marker.preselect_factor=3;;active.marker.settling_fraction=0.05;;active.marker.weights.diversity=0.8;;active.marker.weights.sparsity=0.2;;qbc_K=128;;qbc_P=4096;;qbc_T=31;;qbc_enable_logging=true;;qbc_n0=128;;qbc_n_test=256,,
marker_directed_sm_avr_gov_v1,1,marker_directed,SM_AVR_GOV,default,refine,refinement_and_schedule_search,/zhome/14/b/214266/Repos/ml-surrogates-for-power-systems/outputs/hpo_workflows/marker_directed_sm_avr_gov_v1_20260320_145448/refine,cfg_00020_19c0f2f74e,20,/zhome/14/b/214266/Repos/ml-surrogates-for-power-systems/outputs/hpo_workflows/marker_directed_sm_avr_gov_v1_20260320_145448/refine/runs/cfg_00020_19c0f2f74e,,s01,b4096,thesis_marker_sm_avr_gov_hpo_refine,completed,0,True,final_eval_rmse,minimize,0.006529969820247402,0.006529969820247402,4.264050585334189e-05,95.10922420400311,74.03521679301048,0.003412050980841741,16.706375078996643,4.293361338990508,0.0,0.035401851986534894,lhs,5,0.7,true,20,0.95,3,0.05,0.8,0.2,,,,,/zhome/14/b/214266/Repos/ml-surrogates-for-power-systems/outputs/hpo_workflows/marker_directed_sm_avr_gov_v1_20260320_145448/refine/runs/cfg_00020_19c0f2f74e/dataset_manifest.json,0.8,4,0.2,0.9310656189918518,0.20371543540226733,0.4981434353190083,0.3832840323448181,0.33271634096235525,0.2769202333800854,0.5385835613113524,0.5232170224189758,384,30,"[28, 479, 380, 6085, 1267, 7582, 4543, 1137, 4027, 2983, 935, 4774, 4160, 3437, 1165, 7931, 4961, 5136, 7355, 2043, 7267, 4035, 6827, 4997, 7212, 2350, 7345, 839, 3756, 3483, 482, 1866, 781, 6291, 5432, 4790, 2431, 2125, 1659, 7832, 520, 2617, 3936, 2361, 2334, 8156, 1569, 1071, 7227, 4928, 8173, 7717, 6694, 7372, 2836, 7955, 3385, 3755, 8096, 6874, 5928, 7220, 564, 2122, 2866, 6361, 3552, 4921, 1340, 4715, 2069, 7938, 1210, 7304, 5296, 6346, 2628, 2205, 6136, 1917, 6628, 4032, 6908, 2053, 146, 252, 2847, 3289, 2677, 7998, 7929, 5447, 6707, 1681, 1197, 6040, 6730, 6632, 1910, 607, 5799, 2142, 6755, 7442, 4953, 5431, 6000, 1519, 5083, 2580, 1302, 2031, 2905, 4261, 5264, 5259, 2470, 4095, 5421, 5327, 2586, 1524, 4074, 758, 4518, 1843, 6940, 7543]",0.9310656189918518,0.33271634096235525,0.5476029874756075,0.6437806487083435,0.5633597373962402,3968,/zhome/14/b/214266/Repos/ml-surrogates-for-power-systems/outputs/hpo_workflows/marker_directed_sm_avr_gov_v1_20260320_145448/refine/runs/cfg_00020_19c0f2f74e/qbc/history.jsonl,128,8192,31,true,128,256,/zhome/14/b/214266/Repos/ml-surrogates-for-power-systems/outputs/hpo_workflows/marker_directed_sm_avr_gov_v1_20260320_145448/refine/runs/cfg_00020_19c0f2f74e/run_manifest.json,active.candidate_method=lhs;;active.log_every=5;;active.marker.greedy_score_weight=0.7;;active.marker.include_anchor_state_markers=true;;active.marker.k_density=20;;active.marker.pca_explained_variance=0.95;;active.marker.preselect_factor=3;;active.marker.settling_fraction=0.05;;active.marker.weights.diversity=0.8;;active.marker.weights.sparsity=0.2;;qbc_K=128;;qbc_P=8192;;qbc_T=31;;qbc_enable_logging=true;;qbc_n0=128;;qbc_n_test=256,,
marker_directed_sm_avr_gov_v1,1,marker_directed,SM_AVR_GOV,default,refine,refinement_and_schedule_search,/zhome/14/b/214266/Repos/ml-surrogates-for-power-systems/outputs/hpo_workflows/marker_directed_sm_avr_gov_v1_20260320_145448/refine,cfg_00021_c86e9d1751,21,/zhome/14/b/214266/Repos/ml-surrogates-for-power-systems/outputs/hpo_workflows/marker_directed_sm_avr_gov_v1_20260320_145448/refine/runs/cfg_00021_c86e9d1751,,s01,b4096,thesis_marker_sm_avr_gov_hpo_refine,completed,0,True,final_eval_rmse,minimize,0.006304503384306504,0.006304503384306504,3.974676292273216e-05,80.56656364700757,74.00580326199997,0.002200634975451976,4.229605349013582,2.258657869999297,0.0,0.03640689700841904,lhs,5,0.9,true,20,0.95,3,0.05,0.8,0.2,,,,,/zhome/14/b/214266/Repos/ml-surrogates-for-power-systems/outputs/hpo_workflows/marker_directed_sm_avr_gov_v1_20260320_145448/refine/runs/cfg_00021_c86e9d1751/dataset_manifest.json,0.8,4,0.2,0.9590982794761658,0.20222178737936886,0.49488040772303254,0.28561949729919434,0.31917896288973313,0.2783838157623379,0.5417438027763309,0.40070971846580505,384,30,"[267, 74, 2021, 660, 1247, 1543, 1218, 1847, 2036, 700, 476, 1425, 1053, 244, 1401, 1477, 1085, 1127, 85, 43, 1636, 1411, 358, 5, 814, 1152, 1072, 675, 233, 1591, 606, 1499, 530, 1825, 489, 816, 1946, 935, 1832, 1232, 1464, 248, 1631, 1166, 1351, 799, 283, 1272, 392, 1848, 809, 212, 36, 1369, 806, 523, 1164, 1531, 1962, 2031, 1225, 1882, 852, 1181, 1410, 1494, 1800, 1903, 104, 633, 1270, 1728, 1193, 1675, 851, 2005, 1597, 2042, 1099, 336, 1821, 1012, 1190, 1833, 1387, 110, 1819, 681, 1649, 1493, 535, 1568, 231, 840, 504, 1749, 1353, 1623, 2002, 919, 950, 388, 1740, 412, 1496, 168, 1537, 1541, 425, 1781, 1355, 1244, 355, 1730, 1288, 1003, 1044, 367, 182, 1984, 41, 1982, 534, 1709, 366, 554, 1241, 60]",0.9590982794761658,0.31917896288973313,0.5550621586026365,0.4801884591579437,0.3740123212337494,3968,/zhome/14/b/214266/Repos/ml-surrogates-for-power-systems/outputs/hpo_workflows/marker_directed_sm_avr_gov_v1_20260320_145448/refine/runs/cfg_00021_c86e9d1751/qbc/history.jsonl,128,2048,31,true,128,256,/zhome/14/b/214266/Repos/ml-surrogates-for-power-systems/outputs/hpo_workflows/marker_directed_sm_avr_gov_v1_20260320_145448/refine/runs/cfg_00021_c86e9d1751/run_manifest.json,active.candidate_method=lhs;;active.log_every=5;;active.marker.greedy_score_weight=0.9;;active.marker.include_anchor_state_markers=true;;active.marker.k_density=20;;active.marker.pca_explained_variance=0.95;;active.marker.preselect_factor=3;;active.marker.settling_fraction=0.05;;active.marker.weights.diversity=0.8;;active.marker.weights.sparsity=0.2;;qbc_K=128;;qbc_P=2048;;qbc_T=31;;qbc_enable_logging=true;;qbc_n0=128;;qbc_n_test=256,,
marker_directed_sm_avr_gov_v1,1,marker_directed,SM_AVR_GOV,default,refine,refinement_and_schedule_search,/zhome/14/b/214266/Repos/ml-surrogates-for-power-systems/outputs/hpo_workflows/marker_directed_sm_avr_gov_v1_20260320_145448/refine,cfg_00022_f6c18ee5d4,22,/zhome/14/b/214266/Repos/ml-surrogates-for-power-systems/outputs/hpo_workflows/marker_directed_sm_avr_gov_v1_20260320_145448/refine/runs/cfg_00022_f6c18ee5d4,,s01,b4096,thesis_marker_sm_avr_gov_hpo_refine,completed,0,True,final_eval_rmse,minimize,0.008370375516400184,0.008370375516400184,7.006318628555164e-05,86.68329615399125,75.15465842801495,0.002116813004249707,8.509895171999233,2.94522043899633,0.0,0.0375518299988471,lhs,5,0.9,true,20,0.95,3,0.05,0.8,0.2,,,,,/zhome/14/b/214266/Repos/ml-surrogates-for-power-systems/outputs/hpo_workflows/marker_directed_sm_avr_gov_v1_20260320_145448/refine/runs/cfg_00022_f6c18ee5d4/dataset_manifest.json,0.8,4,0.2,0.9638538956642151,0.20626922344600507,0.5017175502529883,0.38909122347831726,0.32901131930321265,0.27873930159098403,0.5438819473522367,0.5249967575073242,384,30,"[3127, 1213, 1909, 2372, 2711, 642, 2102, 883, 3706, 3140, 3004, 277, 3839, 2908, 2860, 58, 2237, 2412, 3443, 2513, 3016, 2280, 3573, 1014, 939, 1745, 3517, 3182, 3709, 3248, 3356, 1091, 3299, 1010, 1043, 2630, 4013, 2620, 2295, 4088, 3033, 2112, 2122, 3194, 1826, 726, 2489, 27, 513, 371, 324, 1413, 3549, 1405, 2721, 2842, 864, 1054, 2530, 3325, 1298, 3266, 3752, 2139, 2427, 1235, 1619, 1780, 1184, 2086, 3367, 3372, 1069, 2194, 2396, 3694, 1489, 2208, 1143, 3073, 3784, 1810, 617, 1080, 2788, 2418, 423, 2583, 4085, 2495, 4046, 3844, 917, 3235, 3981, 689, 793, 3398, 3135, 3210, 1948, 3687, 4034, 2095, 956, 3772, 1055, 3929, 2062, 2643, 2379, 857, 2705, 3919, 2118, 1720, 3019, 2787, 1125, 975, 41, 1731, 2570, 3060, 1425, 937, 1300, 906]",0.9638538956642151,0.32901131930321265,0.566687478167258,0.6420313715934753,0.5305191874504089,3968,/zhome/14/b/214266/Repos/ml-surrogates-for-power-systems/outputs/hpo_workflows/marker_directed_sm_avr_gov_v1_20260320_145448/refine/runs/cfg_00022_f6c18ee5d4/qbc/history.jsonl,128,4096,31,true,128,256,/zhome/14/b/214266/Repos/ml-surrogates-for-power-systems/outputs/hpo_workflows/marker_directed_sm_avr_gov_v1_20260320_145448/refine/runs/cfg_00022_f6c18ee5d4/run_manifest.json,active.candidate_method=lhs;;active.log_every=5;;active.marker.greedy_score_weight=0.9;;active.marker.include_anchor_state_markers=true;;active.marker.k_density=20;;active.marker.pca_explained_variance=0.95;;active.marker.preselect_factor=3;;active.marker.settling_fraction=0.05;;active.marker.weights.diversity=0.8;;active.marker.weights.sparsity=0.2;;qbc_K=128;;qbc_P=4096;;qbc_T=31;;qbc_enable_logging=true;;qbc_n0=128;;qbc_n_test=256,,
marker_directed_sm_avr_gov_v1,1,marker_directed,SM_AVR_GOV,default,refine,refinement_and_schedule_search,/zhome/14/b/214266/Repos/ml-surrogates-for-power-systems/outputs/hpo_workflows/marker_directed_sm_avr_gov_v1_20260320_145448/refine,cfg_00023_a17c670a32,23,/zhome/14/b/214266/Repos/ml-surrogates-for-power-systems/outputs/hpo_workflows/marker_directed_sm_avr_gov_v1_20260320_145448/refine/runs/cfg_00023_a17c670a32,,s01,b4096,thesis_marker_sm_avr_gov_hpo_refine,completed,0,True,final_eval_rmse,minimize,0.0059652983328734015,0.0059652983328734015,3.5584784200182185e-05,95.76793410201208,74.50999815200339,0.004879286978393793,16.908310913015157,4.274505629000487,0.0,0.03509053299785592,lhs,5,0.9,true,20,0.95,3,0.05,0.8,0.2,,,,,/zhome/14/b/214266/Repos/ml-surrogates-for-power-systems/outputs/hpo_workflows/marker_directed_sm_avr_gov_v1_20260320_145448/refine/runs/cfg_00023_a17c670a32/dataset_manifest.json,0.8,4,0.2,0.938543438911438,0.20546340358847565,0.501634301538477,0.38654670119285583,0.33394737299753163,0.27873449932648287,0.5433532102291319,0.5259304642677307,384,30,"[28, 479, 1494, 6085, 1797, 5928, 690, 3284, 2905, 1165, 3192, 3218, 2919, 2674, 266, 5624, 7345, 6291, 820, 4505, 2348, 5374, 1694, 6249, 5593, 7304, 3240, 3074, 7998, 7666, 1910, 6867, 4611, 1522, 6185, 6000, 6316, 1547, 4715, 1029, 4791, 6148, 3132, 3691, 3770, 4015, 3640, 1341, 1640, 3483, 6019, 7529, 5375, 4704, 352, 1827, 3702, 5767, 5009, 3653, 766, 6829, 4589, 3909, 481, 1966, 4290, 4790, 3251, 2902, 3635, 7489, 6512, 8163, 1674, 7500, 6751, 2064, 1071, 3908, 6389, 2903, 7582, 288, 2846, 2937, 2176, 2659, 2974, 7893, 4488, 1626, 2086, 6574, 6617, 935, 7679, 2017, 7605, 1684, 4779, 8173, 2368, 1325, 6823, 1601, 4120, 116, 45, 7793, 1659, 7616, 267, 6043, 8050, 2594, 4510, 7180, 1600, 340, 7186, 468, 5388, 648, 6534, 1594, 5817, 2923]",0.938543438911438,0.33394737299753163,0.5493681896453396,0.6448825001716614,0.5786890983581543,3968,/zhome/14/b/214266/Repos/ml-surrogates-for-power-systems/outputs/hpo_workflows/marker_directed_sm_avr_gov_v1_20260320_145448/refine/runs/cfg_00023_a17c670a32/qbc/history.jsonl,128,8192,31,true,128,256,/zhome/14/b/214266/Repos/ml-surrogates-for-power-systems/outputs/hpo_workflows/marker_directed_sm_avr_gov_v1_20260320_145448/refine/runs/cfg_00023_a17c670a32/run_manifest.json,active.candidate_method=lhs;;active.log_every=5;;active.marker.greedy_score_weight=0.9;;active.marker.include_anchor_state_markers=true;;active.marker.k_density=20;;active.marker.pca_explained_variance=0.95;;active.marker.preselect_factor=3;;active.marker.settling_fraction=0.05;;active.marker.weights.diversity=0.8;;active.marker.weights.sparsity=0.2;;qbc_K=128;;qbc_P=8192;;qbc_T=31;;qbc_enable_logging=true;;qbc_n0=128;;qbc_n_test=256,,
marker_directed_sm_avr_gov_v1,1,marker_directed,SM_AVR_GOV,default,refine,refinement_and_schedule_search,/zhome/14/b/214266/Repos/ml-surrogates-for-power-systems/outputs/hpo_workflows/marker_directed_sm_avr_gov_v1_20260320_145448/refine,cfg_00024_ed763aa4a0,24,/zhome/14/b/214266/Repos/ml-surrogates-for-power-systems/outputs/hpo_workflows/marker_directed_sm_avr_gov_v1_20260320_145448/refine/runs/cfg_00024_ed763aa4a0,,s01,b4096,thesis_marker_sm_avr_gov_hpo_refine,completed,0,True,final_eval_rmse,minimize,0.008148456776393627,0.008148456776393627,6.639734783675522e-05,81.39039012798457,74.84968342600041,0.001548265980090946,4.210555312980432,2.254429489985341,0.0,0.04033547002472915,lhs,5,0.7,true,10,0.9,3,0.05,0.6,0.4,,,,,/zhome/14/b/214266/Repos/ml-surrogates-for-power-systems/outputs/hpo_workflows/marker_directed_sm_avr_gov_v1_20260320_145448/refine/runs/cfg_00024_ed763aa4a0/dataset_manifest.json,0.6,3,0.4,0.921440601348877,0.13643558338486766,0.288892304623499,0.3289935290813446,0.2091337780283741,0.19361218142256617,0.3130424552114108,0.45915818214416504,384,30,"[74, 1674, 443, 1494, 1591, 1499, 1825, 292, 697, 1127, 1860, 814, 554, 1790, 1387, 104, 1540, 1043, 483, 1675, 908, 989, 660, 1056, 1053, 489, 1228, 1968, 25, 1806, 226, 1419, 1401, 1388, 668, 821, 671, 267, 1744, 43, 1496, 2009, 610, 816, 879, 675, 1548, 1709, 231, 355, 710, 957, 13, 1988, 1200, 1570, 139, 2031, 709, 877, 674, 299, 959, 1870, 1063, 1257, 1464, 1785, 988, 372, 1530, 80, 912, 659, 1738, 956, 1145, 1084, 464, 735, 1324, 179, 181, 1543, 244, 736, 656, 60, 1908, 159, 1740, 1726, 773, 1015, 803, 1855, 1755, 126, 1491, 1369, 1327, 1332, 1601, 1653, 1166, 1245, 199, 475, 412, 8, 1987, 606, 1506, 1437, 1394, 1795, 840, 136, 445, 1197, 823, 289, 664, 748, 1819, 1198, 148, 1232]",0.921440601348877,0.2091337780283741,0.3272190943472485,0.5323078632354736,0.4185161590576172,3968,/zhome/14/b/214266/Repos/ml-surrogates-for-power-systems/outputs/hpo_workflows/marker_directed_sm_avr_gov_v1_20260320_145448/refine/runs/cfg_00024_ed763aa4a0/qbc/history.jsonl,128,2048,31,true,128,256,/zhome/14/b/214266/Repos/ml-surrogates-for-power-systems/outputs/hpo_workflows/marker_directed_sm_avr_gov_v1_20260320_145448/refine/runs/cfg_00024_ed763aa4a0/run_manifest.json,active.candidate_method=lhs;;active.log_every=5;;active.marker.greedy_score_weight=0.7;;active.marker.include_anchor_state_markers=true;;active.marker.k_density=10;;active.marker.pca_explained_variance=0.9;;active.marker.preselect_factor=3;;active.marker.settling_fraction=0.05;;active.marker.weights.diversity=0.6;;active.marker.weights.sparsity=0.4;;qbc_K=128;;qbc_P=2048;;qbc_T=31;;qbc_enable_logging=true;;qbc_n0=128;;qbc_n_test=256,,
marker_directed_sm_avr_gov_v1,1,marker_directed,SM_AVR_GOV,default,refine,refinement_and_schedule_search,/zhome/14/b/214266/Repos/ml-surrogates-for-power-systems/outputs/hpo_workflows/marker_directed_sm_avr_gov_v1_20260320_145448/refine,cfg_00025_c8caa3df03,25,/zhome/14/b/214266/Repos/ml-surrogates-for-power-systems/outputs/hpo_workflows/marker_directed_sm_avr_gov_v1_20260320_145448/refine/runs/cfg_00025_c8caa3df03,,s01,b4096,thesis_marker_sm_avr_gov_hpo_refine,completed,0,True,final_eval_rmse,minimize,0.006062191304908608,0.006062191304908608,3.675016341730952e-05,86.84336863298086,75.22614279401023,0.002979112003231421,8.571933514002012,2.9714052229828667,0.0,0.03689929700340144,lhs,5,0.7,true,10,0.9,3,0.05,0.6,0.4,,,,,/zhome/14/b/214266/Repos/ml-surrogates-for-power-systems/outputs/hpo_workflows/marker_directed_sm_avr_gov_v1_20260320_145448/refine/runs/cfg_00025_c8caa3df03/dataset_manifest.json,0.6,3,0.4,1.0,0.13823803578695454,0.29200680594411993,0.26915422081947327,0.2171939636805218,0.19346412089383677,0.31321697163574214,0.36916959285736084,384,30,"[3127, 30, 1909, 2372, 3347, 3140, 551, 3248, 3890, 606, 883, 609, 3521, 2838, 2630, 1073, 57, 1777, 3073, 996, 3545, 2299, 3194, 324, 3724, 905, 3367, 2194, 510, 627, 218, 960, 755, 2790, 1424, 50, 1283, 1632, 864, 1787, 1679, 3875, 1797, 2722, 1204, 3695, 638, 3771, 3050, 3997, 3187, 3800, 1105, 2860, 1042, 1707, 2709, 1655, 826, 3342, 3300, 436, 1213, 2118, 12, 624, 2199, 1487, 178, 1014, 576, 2332, 994, 296, 2517, 1529, 821, 4040, 3590, 1929, 1413, 1439, 265, 442, 97, 1111, 1389, 3655, 1682, 1437, 350, 304, 1826, 1865, 3522, 3864, 1339, 3933, 199, 1054, 1055, 1966, 3203, 2280, 67, 82, 3490, 392, 3008, 2561, 503, 711, 3274, 661, 582, 2086, 377, 2385, 3236, 2869, 2140, 2036, 2955, 840, 642, 742, 1731, 2964]",1.0,0.2171939636805218,0.3374121914550007,0.4553675651550293,0.37296101450920105,3968,/zhome/14/b/214266/Repos/ml-surrogates-for-power-systems/outputs/hpo_workflows/marker_directed_sm_avr_gov_v1_20260320_145448/refine/runs/cfg_00025_c8caa3df03/qbc/history.jsonl,128,4096,31,true,128,256,/zhome/14/b/214266/Repos/ml-surrogates-for-power-systems/outputs/hpo_workflows/marker_directed_sm_avr_gov_v1_20260320_145448/refine/runs/cfg_00025_c8caa3df03/run_manifest.json,active.candidate_method=lhs;;active.log_every=5;;active.marker.greedy_score_weight=0.7;;active.marker.include_anchor_state_markers=true;;active.marker.k_density=10;;active.marker.pca_explained_variance=0.9;;active.marker.preselect_factor=3;;active.marker.settling_fraction=0.05;;active.marker.weights.diversity=0.6;;active.marker.weights.sparsity=0.4;;qbc_K=128;;qbc_P=4096;;qbc_T=31;;qbc_enable_logging=true;;qbc_n0=128;;qbc_n_test=256,,
marker_directed_sm_avr_gov_v1,1,marker_directed,SM_AVR_GOV,default,refine,refinement_and_schedule_search,/zhome/14/b/214266/Repos/ml-surrogates-for-power-systems/outputs/hpo_workflows/marker_directed_sm_avr_gov_v1_20260320_145448/refine,cfg_00026_f93c016941,26,/zhome/14/b/214266/Repos/ml-surrogates-for-power-systems/outputs/hpo_workflows/marker_directed_sm_avr_gov_v1_20260320_145448/refine/runs/cfg_00026_f93c016941,,s01,b4096,thesis_marker_sm_avr_gov_hpo_refine,completed,0,True,final_eval_rmse,minimize,0.007511128018256516,0.007511128018256516,5.641704410663806e-05,95.2606647759967,74.17023728898494,0.003691179008455947,16.731132564978907,4.283613371982938,0.0,0.03749998501734808,lhs,5,0.7,true,10,0.9,3,0.05,0.6,0.4,,,,,/zhome/14/b/214266/Repos/ml-surrogates-for-power-systems/outputs/hpo_workflows/marker_directed_sm_avr_gov_v1_20260320_145448/refine/runs/cfg_00026_f93c016941/dataset_manifest.json,0.6,3,0.4,0.8283724188804626,0.13824795030007123,0.2933654121721011,0.354070246219635,0.22048492980535644,0.19119568390388358,0.31215754380905597,0.4806036651134491,384,30,"[5659, 488, 4886, 6307, 911, 797, 6129, 1910, 5136, 6694, 7112, 2964, 3532, 1541, 6305, 5062, 1165, 7304, 2350, 6166, 8096, 5019, 7812, 5060, 4936, 6330, 3150, 535, 675, 436, 4251, 5951, 1340, 244, 6943, 6268, 7267, 7299, 142, 3062, 2609, 330, 5767, 2116, 4705, 2696, 2552, 6390, 5088, 315, 7876, 3123, 4998, 5291, 78, 6750, 1148, 4790, 2175, 6041, 4261, 3597, 3582, 8106, 5029, 4397, 7100, 8067, 5102, 3307, 1071, 781, 12, 466, 4850, 6473, 3029, 3878, 429, 4442, 426, 6018, 5833, 7742, 5244, 2882, 7930, 7356, 3160, 2204, 7395, 4996, 1587, 6085, 8165, 6521, 4511, 4849, 201, 3080, 3927, 4133, 6735, 6180, 8053, 7587, 8175, 2360, 1827, 7519, 7297, 6774, 2764, 1619, 7931, 2142, 5127, 7913, 5997, 3868, 1349, 5319, 6985, 7335, 6391, 1184, 5021, 4403]",0.8283724188804626,0.22048492980535644,0.3238265968226697,0.5794639587402344,0.5147128701210022,3968,/zhome/14/b/214266/Repos/ml-surrogates-for-power-systems/outputs/hpo_workflows/marker_directed_sm_avr_gov_v1_20260320_145448/refine/runs/cfg_00026_f93c016941/qbc/history.jsonl,128,8192,31,true,128,256,/zhome/14/b/214266/Repos/ml-surrogates-for-power-systems/outputs/hpo_workflows/marker_directed_sm_avr_gov_v1_20260320_145448/refine/runs/cfg_00026_f93c016941/run_manifest.json,active.candidate_method=lhs;;active.log_every=5;;active.marker.greedy_score_weight=0.7;;active.marker.include_anchor_state_markers=true;;active.marker.k_density=10;;active.marker.pca_explained_variance=0.9;;active.marker.preselect_factor=3;;active.marker.settling_fraction=0.05;;active.marker.weights.diversity=0.6;;active.marker.weights.sparsity=0.4;;qbc_K=128;;qbc_P=8192;;qbc_T=31;;qbc_enable_logging=true;;qbc_n0=128;;qbc_n_test=256,,
marker_directed_sm_avr_gov_v1,1,marker_directed,SM_AVR_GOV,default,refine,refinement_and_schedule_search,/zhome/14/b/214266/Repos/ml-surrogates-for-power-systems/outputs/hpo_workflows/marker_directed_sm_avr_gov_v1_20260320_145448/refine,cfg_00027_0dbaf88216,27,/zhome/14/b/214266/Repos/ml-surrogates-for-power-systems/outputs/hpo_workflows/marker_directed_sm_avr_gov_v1_20260320_145448/refine/runs/cfg_00027_0dbaf88216,,s01,b4096,thesis_marker_sm_avr_gov_hpo_refine,completed,0,True,final_eval_rmse,minimize,0.007326405665618416,0.007326405665618416,5.367621997720562e-05,79.72446470399154,73.19449076699675,0.002214978012489155,4.210170801001368,2.2448850119835697,0.0,0.038761346018873155,lhs,5,0.9,true,10,0.9,3,0.05,0.6,0.4,,,,,/zhome/14/b/214266/Repos/ml-surrogates-for-power-systems/outputs/hpo_workflows/marker_directed_sm_avr_gov_v1_20260320_145448/refine/runs/cfg_00027_0dbaf88216/dataset_manifest.json,0.6,3,0.4,0.9001516103744507,0.13740258501729757,0.2904414926899687,0.31254446506500244,0.21220392455091755,0.19181987463953418,0.3135866658974033,0.4184812903404236,384,30,"[267, 74, 1825, 1675, 1221, 534, 1494, 489, 660, 1387, 231, 814, 2042, 1709, 1780, 1973, 655, 1819, 1053, 36, 355, 1127, 1043, 839, 1411, 1548, 193, 1546, 1496, 2028, 790, 432, 1806, 2034, 292, 244, 823, 2024, 1272, 1674, 1847, 658, 851, 657, 1569, 25, 1332, 554, 542, 1910, 1781, 779, 136, 1872, 1459, 1257, 1077, 467, 2005, 440, 1993, 633, 1833, 989, 1200, 1811, 1785, 360, 352, 498, 552, 282, 1685, 223, 1464, 535, 1575, 640, 410, 1988, 262, 184, 1529, 225, 1184, 1848, 806, 236, 1968, 920, 289, 862, 1710, 1859, 899, 104, 1401, 891, 1625, 946, 1530, 579, 1908, 1816, 656, 95, 1025, 1939, 1834, 1990, 878, 468, 1958, 196, 661, 1527, 1736, 1453, 586, 1254, 1491, 1991, 525, 497, 1040, 281, 1987, 645]",0.9001516103744507,0.21220392455091755,0.32770110802777724,0.49482524394989014,0.400714635848999,3968,/zhome/14/b/214266/Repos/ml-surrogates-for-power-systems/outputs/hpo_workflows/marker_directed_sm_avr_gov_v1_20260320_145448/refine/runs/cfg_00027_0dbaf88216/qbc/history.jsonl,128,2048,31,true,128,256,/zhome/14/b/214266/Repos/ml-surrogates-for-power-systems/outputs/hpo_workflows/marker_directed_sm_avr_gov_v1_20260320_145448/refine/runs/cfg_00027_0dbaf88216/run_manifest.json,active.candidate_method=lhs;;active.log_every=5;;active.marker.greedy_score_weight=0.9;;active.marker.include_anchor_state_markers=true;;active.marker.k_density=10;;active.marker.pca_explained_variance=0.9;;active.marker.preselect_factor=3;;active.marker.settling_fraction=0.05;;active.marker.weights.diversity=0.6;;active.marker.weights.sparsity=0.4;;qbc_K=128;;qbc_P=2048;;qbc_T=31;;qbc_enable_logging=true;;qbc_n0=128;;qbc_n_test=256,,
marker_directed_sm_avr_gov_v1,1,marker_directed,SM_AVR_GOV,default,refine,refinement_and_schedule_search,/zhome/14/b/214266/Repos/ml-surrogates-for-power-systems/outputs/hpo_workflows/marker_directed_sm_avr_gov_v1_20260320_145448/refine,cfg_00028_a361f51009,28,/zhome/14/b/214266/Repos/ml-surrogates-for-power-systems/outputs/hpo_workflows/marker_directed_sm_avr_gov_v1_20260320_145448/refine/runs/cfg_00028_a361f51009,,s01,b4096,thesis_marker_sm_avr_gov_hpo_refine,completed,0,True,final_eval_rmse,minimize,0.006393761785678038,0.006393761785678038,4.088018977199681e-05,85.92627073198673,74.44668449100573,0.0022625279962085187,8.488846747990465,2.916908789979061,0.0,0.03767653100658208,lhs,5,0.9,true,10,0.9,3,0.05,0.6,0.4,,,,,/zhome/14/b/214266/Repos/ml-surrogates-for-power-systems/outputs/hpo_workflows/marker_directed_sm_avr_gov_v1_20260320_145448/refine/runs/cfg_00028_a361f51009/dataset_manifest.json,0.6,3,0.4,0.9729281067848206,0.13941453178464924,0.29295561691336686,0.2941358685493469,0.22463850298552956,0.19201456368063644,0.31289377052905176,0.3788110911846161,384,30,"[2372, 30, 3127, 1909, 3140, 960, 3182, 3248, 391, 2860, 1079, 1014, 939, 1217, 2790, 2194, 1213, 1073, 1008, 324, 3709, 767, 2280, 1826, 2911, 2785, 455, 2416, 304, 3316, 3627, 2017, 1054, 3695, 3604, 2140, 3933, 3187, 896, 2236, 1434, 1679, 2238, 3342, 3073, 3043, 956, 4024, 3124, 797, 996, 2237, 2697, 2731, 2086, 1363, 883, 887, 2878, 3249, 3997, 3668, 1860, 2913, 3566, 642, 2739, 1885, 982, 3050, 2452, 3135, 1174, 1911, 2722, 582, 4059, 100, 1948, 3274, 3700, 947, 3943, 3060, 392, 390, 1030, 3033, 436, 1310, 3399, 2630, 2692, 1544, 2161, 3472, 3011, 3490, 446, 721, 2162, 597, 1865, 2394, 2138, 1511, 3682, 566, 1708, 1124, 3006, 153, 214, 1931, 624, 506, 2504, 743, 3222, 3040, 1740, 3996, 1158, 2793, 3493, 2303, 1891, 1075]",0.9729281067848206,0.22463850298552956,0.3364798472760141,0.4633154273033142,0.3825075626373291,3968,/zhome/14/b/214266/Repos/ml-surrogates-for-power-systems/outputs/hpo_workflows/marker_directed_sm_avr_gov_v1_20260320_145448/refine/runs/cfg_00028_a361f51009/qbc/history.jsonl,128,4096,31,true,128,256,/zhome/14/b/214266/Repos/ml-surrogates-for-power-systems/outputs/hpo_workflows/marker_directed_sm_avr_gov_v1_20260320_145448/refine/runs/cfg_00028_a361f51009/run_manifest.json,active.candidate_method=lhs;;active.log_every=5;;active.marker.greedy_score_weight=0.9;;active.marker.include_anchor_state_markers=true;;active.marker.k_density=10;;active.marker.pca_explained_variance=0.9;;active.marker.preselect_factor=3;;active.marker.settling_fraction=0.05;;active.marker.weights.diversity=0.6;;active.marker.weights.sparsity=0.4;;qbc_K=128;;qbc_P=4096;;qbc_T=31;;qbc_enable_logging=true;;qbc_n0=128;;qbc_n_test=256,,
marker_directed_sm_avr_gov_v1,1,marker_directed,SM_AVR_GOV,default,refine,refinement_and_schedule_search,/zhome/14/b/214266/Repos/ml-surrogates-for-power-systems/outputs/hpo_workflows/marker_directed_sm_avr_gov_v1_20260320_145448/refine,cfg_00029_445c5dbb16,29,/zhome/14/b/214266/Repos/ml-surrogates-for-power-systems/outputs/hpo_workflows/marker_directed_sm_avr_gov_v1_20260320_145448/refine/runs/cfg_00029_445c5dbb16,,s01,b4096,thesis_marker_sm_avr_gov_hpo_refine,completed,0,True,final_eval_rmse,minimize,0.006050617345858143,0.006050617345858143,3.6609970265999436e-05,94.82708213798469,73.61326754800393,0.005170979013200849,16.863952659012284,4.279780450015096,0.0,0.030407062004087493,lhs,5,0.9,true,10,0.9,3,0.05,0.6,0.4,,,,,/zhome/14/b/214266/Repos/ml-surrogates-for-power-systems/outputs/hpo_workflows/marker_directed_sm_avr_gov_v1_20260320_145448/refine/runs/cfg_00029_445c5dbb16/dataset_manifest.json,0.6,3,0.4,0.8529264330863953,0.1373320357659913,0.2920882507783562,0.42320066690444946,0.22464981089137342,0.19030649361970503,0.31272700822302774,0.5365726947784424,384,30,"[4790, 7304, 4576, 5880, 6189, 5062, 6657, 1689, 6129, 1910, 3150, 3123, 675, 7345, 4705, 5125, 7266, 5642, 7604, 4370, 5396, 5970, 1419, 2416, 569, 2608, 3218, 6761, 4745, 6330, 2350, 5188, 356, 5569, 65, 2204, 1076, 5833, 7877, 7173, 3208, 2268, 1612, 6878, 656, 1047, 5019, 5020, 7931, 5357, 6390, 4805, 797, 237, 2950, 4145, 5102, 1569, 5214, 1170, 6237, 2440, 2341, 3046, 593, 5466, 7768, 881, 7060, 877, 2129, 2310, 6389, 7264, 4176, 2793, 4366, 5682, 4312, 6083, 820, 2334, 6759, 1953, 5283, 4353, 6268, 6887, 7407, 1601, 6171, 3991, 8096, 6447, 922, 2996, 6691, 7252, 1866, 7876, 6519, 5319, 528, 6694, 7902, 1046, 4335, 7586, 5291, 2016, 4797, 4321, 6557, 1382, 4730, 4316, 7162, 5232, 1724, 2894, 6391, 3927, 4069, 1488, 3183, 7036, 4595, 1560]",0.8529264330863953,0.22464981089137342,0.32201215886175094,0.6283954381942749,0.5706949234008789,3968,/zhome/14/b/214266/Repos/ml-surrogates-for-power-systems/outputs/hpo_workflows/marker_directed_sm_avr_gov_v1_20260320_145448/refine/runs/cfg_00029_445c5dbb16/qbc/history.jsonl,128,8192,31,true,128,256,/zhome/14/b/214266/Repos/ml-surrogates-for-power-systems/outputs/hpo_workflows/marker_directed_sm_avr_gov_v1_20260320_145448/refine/runs/cfg_00029_445c5dbb16/run_manifest.json,active.candidate_method=lhs;;active.log_every=5;;active.marker.greedy_score_weight=0.9;;active.marker.include_anchor_state_markers=true;;active.marker.k_density=10;;active.marker.pca_explained_variance=0.9;;active.marker.preselect_factor=3;;active.marker.settling_fraction=0.05;;active.marker.weights.diversity=0.6;;active.marker.weights.sparsity=0.4;;qbc_K=128;;qbc_P=8192;;qbc_T=31;;qbc_enable_logging=true;;qbc_n0=128;;qbc_n_test=256,,
marker_directed_sm_avr_gov_v1,1,marker_directed,SM_AVR_GOV,default,refine,refinement_and_schedule_search,/zhome/14/b/214266/Repos/ml-surrogates-for-power-systems/outputs/hpo_workflows/marker_directed_sm_avr_gov_v1_20260320_145448/refine,cfg_00030_14acabafd9,30,/zhome/14/b/214266/Repos/ml-surrogates-for-power-systems/outputs/hpo_workflows/marker_directed_sm_avr_gov_v1_20260320_145448/refine/runs/cfg_00030_14acabafd9,,s01,b4096,thesis_marker_sm_avr_gov_hpo_refine,completed,0,True,final_eval_rmse,minimize,0.006352354394913683,0.006352354394913683,4.0352406358579174e-05,80.63575618900359,74.10309657899779,0.002196197980083525,4.212409795989515,2.2431430100114085,0.0,0.041065052995691076,lhs,5,0.7,true,20,0.9,3,0.05,0.6,0.4,,,,,/zhome/14/b/214266/Repos/ml-surrogates-for-power-systems/outputs/hpo_workflows/marker_directed_sm_avr_gov_v1_20260320_145448/refine/runs/cfg_00030_14acabafd9/dataset_manifest.json,0.6,3,0.4,0.8366045951843262,0.1360384786508691,0.36813869698606605,0.24659928679466248,0.20677312012790383,0.19247469981120416,0.3957594098287299,0.34625089168548584,384,30,"[267, 74, 443, 956, 1494, 1825, 697, 2012, 1756, 1987, 67, 159, 1939, 292, 1591, 1043, 950, 957, 1990, 1675, 1841, 554, 566, 4, 1387, 1709, 86, 1064, 177, 1077, 83, 1512, 1908, 289, 1221, 301, 364, 23, 1806, 958, 712, 773, 1607, 199, 286, 1958, 1781, 1790, 104, 1411, 1053, 381, 407, 1981, 1218, 799, 1662, 880, 1774, 1795, 231, 975, 1702, 7, 1083, 1674, 1552, 113, 2028, 1933, 372, 1496, 176, 1254, 1857, 935, 1166, 803, 225, 655, 1529, 1016, 1895, 436, 675, 606, 1127, 846, 1293, 2011, 216, 1369, 1819, 919, 487, 1272, 1759, 126, 979, 1757, 467, 489, 516, 355, 978, 482, 871, 1906, 1343, 60, 1200, 477, 1661, 99, 784, 1502, 121, 677, 587, 1960, 169, 766, 1847, 656, 110, 483, 1665, 472]",0.8366045951843262,0.20677312012790383,0.4057654221279956,0.40109148621559143,0.3161332607269287,3968,/zhome/14/b/214266/Repos/ml-surrogates-for-power-systems/outputs/hpo_workflows/marker_directed_sm_avr_gov_v1_20260320_145448/refine/runs/cfg_00030_14acabafd9/qbc/history.jsonl,128,2048,31,true,128,256,/zhome/14/b/214266/Repos/ml-surrogates-for-power-systems/outputs/hpo_workflows/marker_directed_sm_avr_gov_v1_20260320_145448/refine/runs/cfg_00030_14acabafd9/run_manifest.json,active.candidate_method=lhs;;active.log_every=5;;active.marker.greedy_score_weight=0.7;;active.marker.include_anchor_state_markers=true;;active.marker.k_density=20;;active.marker.pca_explained_variance=0.9;;active.marker.preselect_factor=3;;active.marker.settling_fraction=0.05;;active.marker.weights.diversity=0.6;;active.marker.weights.sparsity=0.4;;qbc_K=128;;qbc_P=2048;;qbc_T=31;;qbc_enable_logging=true;;qbc_n0=128;;qbc_n_test=256,,
marker_directed_sm_avr_gov_v1,1,marker_directed,SM_AVR_GOV,default,refine,refinement_and_schedule_search,/zhome/14/b/214266/Repos/ml-surrogates-for-power-systems/outputs/hpo_workflows/marker_directed_sm_avr_gov_v1_20260320_145448/refine,cfg_00031_3ccc636d76,31,/zhome/14/b/214266/Repos/ml-surrogates-for-power-systems/outputs/hpo_workflows/marker_directed_sm_avr_gov_v1_20260320_145448/refine/runs/cfg_00031_3ccc636d76,,s01,b4096,thesis_marker_sm_avr_gov_hpo_refine,completed,0,True,final_eval_rmse,minimize,0.006641203610986209,0.006641203610986209,4.410558540257625e-05,86.89045167498989,75.35707894500229,0.0020844110113102943,8.524472142016748,2.9335923949838616,0.0,0.03924445601296611,lhs,5,0.7,true,20,0.9,3,0.05,0.6,0.4,,,,,/zhome/14/b/214266/Repos/ml-surrogates-for-power-systems/outputs/hpo_workflows/marker_directed_sm_avr_gov_v1_20260320_145448/refine/runs/cfg_00031_3ccc636d76/dataset_manifest.json,0.6,3,0.4,0.9358363151550293,0.13788810176760502,0.373728844491644,0.23486328125,0.2178220335987493,0.19282863358302163,0.3950222769554076,0.31957390904426575,384,30,"[3127, 30, 1909, 2372, 2963, 3182, 3248, 3140, 391, 3465, 3997, 3668, 1014, 939, 324, 2536, 1827, 3073, 3194, 4021, 484, 1292, 423, 2866, 1254, 2827, 1956, 2194, 3342, 1793, 57, 3570, 278, 2003, 3538, 1339, 1772, 1054, 3933, 3488, 446, 3875, 3695, 1530, 864, 505, 2318, 499, 3219, 2974, 3793, 1679, 2860, 985, 350, 3347, 2408, 1745, 1298, 2911, 4017, 3927, 2891, 1378, 475, 1400, 676, 436, 3943, 3658, 3487, 1213, 3586, 1137, 778, 1162, 2590, 513, 326, 1740, 883, 1865, 3398, 236, 314, 3169, 1783, 3545, 3724, 3229, 2178, 906, 1826, 1556, 3284, 945, 3443, 2036, 3549, 2517, 2502, 2790, 4059, 982, 3582, 1124, 1013, 2002, 570, 1042, 3013, 411, 2277, 2086, 1143, 304, 3677, 2870, 3075, 2561, 1073, 750, 2124, 244, 3490, 1614, 143, 3905]",0.9358363151550293,0.2178220335987493,0.41764832572873933,0.3933311104774475,0.32474419474601746,3968,/zhome/14/b/214266/Repos/ml-surrogates-for-power-systems/outputs/hpo_workflows/marker_directed_sm_avr_gov_v1_20260320_145448/refine/runs/cfg_00031_3ccc636d76/qbc/history.jsonl,128,4096,31,true,128,256,/zhome/14/b/214266/Repos/ml-surrogates-for-power-systems/outputs/hpo_workflows/marker_directed_sm_avr_gov_v1_20260320_145448/refine/runs/cfg_00031_3ccc636d76/run_manifest.json,active.candidate_method=lhs;;active.log_every=5;;active.marker.greedy_score_weight=0.7;;active.marker.include_anchor_state_markers=true;;active.marker.k_density=20;;active.marker.pca_explained_variance=0.9;;active.marker.preselect_factor=3;;active.marker.settling_fraction=0.05;;active.marker.weights.diversity=0.6;;active.marker.weights.sparsity=0.4;;qbc_K=128;;qbc_P=4096;;qbc_T=31;;qbc_enable_logging=true;;qbc_n0=128;;qbc_n_test=256,,
marker_directed_sm_avr_gov_v1,1,marker_directed,SM_AVR_GOV,default,refine,refinement_and_schedule_search,/zhome/14/b/214266/Repos/ml-surrogates-for-power-systems/outputs/hpo_workflows/marker_directed_sm_avr_gov_v1_20260320_145448/refine,cfg_00032_727533879e,32,/zhome/14/b/214266/Repos/ml-surrogates-for-power-systems/outputs/hpo_workflows/marker_directed_sm_avr_gov_v1_20260320_145448/refine/runs/cfg_00032_727533879e,,s01,b4096,thesis_marker_sm_avr_gov_hpo_refine,completed,0,True,final_eval_rmse,minimize,0.007026176093404385,0.007026176093404385,4.936715049552731e-05,94.66632032601046,73.32148767399485,0.005401148984674364,17.007500676001655,4.266466721019242,0.0,0.029998721001902595,lhs,5,0.7,true,20,0.9,3,0.05,0.6,0.4,,,,,/zhome/14/b/214266/Repos/ml-surrogates-for-power-systems/outputs/hpo_workflows/marker_directed_sm_avr_gov_v1_20260320_145448/refine/runs/cfg_00032_727533879e/dataset_manifest.json,0.6,3,0.4,0.8100153207778931,0.1380412947950177,0.37344936238256116,0.3165709376335144,0.2206774627844187,0.19175539767754995,0.3920778989314924,0.4347621202468872,384,30,"[1910, 820, 6307, 5388, 5659, 6363, 6268, 6750, 2088, 6145, 165, 2982, 4042, 1724, 6129, 1197, 7354, 7304, 2097, 5951, 2821, 1808, 7297, 6330, 4921, 7364, 5267, 7435, 4064, 8096, 1216, 4058, 1391, 1251, 6694, 3218, 6166, 7267, 7345, 3446, 4384, 2626, 6707, 6281, 2116, 375, 1295, 2213, 6539, 7973, 3008, 3552, 2786, 526, 5127, 1060, 3503, 4790, 4631, 7109, 1071, 6647, 1420, 824, 800, 1521, 5582, 7673, 3582, 7907, 5274, 1919, 6517, 5168, 1938, 1825, 7642, 3490, 3745, 5734, 7365, 5556, 2605, 5057, 5020, 2204, 5061, 5833, 1966, 6551, 6401, 7328, 6591, 5978, 5363, 2347, 4895, 3495, 2264, 4579, 5002, 5019, 2730, 2539, 5102, 7427, 4520, 7832, 3028, 7060, 2142, 5798, 1548, 4552, 4878, 5792, 638, 8185, 2307, 5108, 4754, 7955, 656, 744, 1160, 4453, 1827, 4035]",0.8100153207778931,0.2206774627844187,0.4028212400164209,0.5238571166992188,0.47060006856918335,3968,/zhome/14/b/214266/Repos/ml-surrogates-for-power-systems/outputs/hpo_workflows/marker_directed_sm_avr_gov_v1_20260320_145448/refine/runs/cfg_00032_727533879e/qbc/history.jsonl,128,8192,31,true,128,256,/zhome/14/b/214266/Repos/ml-surrogates-for-power-systems/outputs/hpo_workflows/marker_directed_sm_avr_gov_v1_20260320_145448/refine/runs/cfg_00032_727533879e/run_manifest.json,active.candidate_method=lhs;;active.log_every=5;;active.marker.greedy_score_weight=0.7;;active.marker.include_anchor_state_markers=true;;active.marker.k_density=20;;active.marker.pca_explained_variance=0.9;;active.marker.preselect_factor=3;;active.marker.settling_fraction=0.05;;active.marker.weights.diversity=0.6;;active.marker.weights.sparsity=0.4;;qbc_K=128;;qbc_P=8192;;qbc_T=31;;qbc_enable_logging=true;;qbc_n0=128;;qbc_n_test=256,,
marker_directed_sm_avr_gov_v1,1,marker_directed,SM_AVR_GOV,default,refine,refinement_and_schedule_search,/zhome/14/b/214266/Repos/ml-surrogates-for-power-systems/outputs/hpo_workflows/marker_directed_sm_avr_gov_v1_20260320_145448/refine,cfg_00033_e5891fb30c,33,/zhome/14/b/214266/Repos/ml-surrogates-for-power-systems/outputs/hpo_workflows/marker_directed_sm_avr_gov_v1_20260320_145448/refine/runs/cfg_00033_e5891fb30c,,s01,b4096,thesis_marker_sm_avr_gov_hpo_refine,completed,0,True,final_eval_rmse,minimize,0.012075150486253215,0.012075150486253215,0.00014580925926566124,82.1755944119941,75.57528379900032,0.0022265780135057867,4.2734018490009475,2.2517974200018216,0.0,0.039042869000695646,lhs,5,0.9,true,20,0.9,3,0.05,0.6,0.4,,,,,/zhome/14/b/214266/Repos/ml-surrogates-for-power-systems/outputs/hpo_workflows/marker_directed_sm_avr_gov_v1_20260320_145448/refine/runs/cfg_00033_e5891fb30c/dataset_manifest.json,0.6,3,0.4,0.8681741952896118,0.13779086391885859,0.36954387623371593,0.294933944940567,0.21733036465171424,0.19013338261578888,0.3957434384657496,0.3999316096305847,384,30,"[74, 267, 1825, 1675, 542, 67, 1388, 2012, 1387, 1411, 1494, 292, 231, 345, 1780, 660, 1274, 655, 1819, 244, 1053, 140, 1221, 2042, 1568, 1257, 1973, 1601, 1738, 289, 226, 1496, 1486, 1517, 268, 1834, 7, 2028, 60, 355, 1982, 2022, 1806, 1709, 1529, 1543, 1930, 564, 1126, 1219, 1661, 1043, 139, 957, 1905, 1910, 633, 989, 91, 1127, 467, 436, 908, 647, 1215, 1576, 2034, 1932, 1781, 1850, 443, 1649, 1875, 136, 1790, 946, 1442, 1833, 464, 1965, 1984, 1659, 894, 783, 736, 270, 534, 723, 1987, 1569, 44, 886, 656, 193, 183, 255, 912, 1988, 1993, 216, 482, 552, 104, 1843, 1275, 535, 774, 1668, 1726, 281, 582, 487, 940, 56, 1555, 554, 1951, 1565, 1383, 31, 95, 1331, 931, 746, 1550, 1785, 806, 159]",0.8681741952896118,0.21733036465171424,0.4056230848172005,0.47860318422317505,0.37429529428482056,3968,/zhome/14/b/214266/Repos/ml-surrogates-for-power-systems/outputs/hpo_workflows/marker_directed_sm_avr_gov_v1_20260320_145448/refine/runs/cfg_00033_e5891fb30c/qbc/history.jsonl,128,2048,31,true,128,256,/zhome/14/b/214266/Repos/ml-surrogates-for-power-systems/outputs/hpo_workflows/marker_directed_sm_avr_gov_v1_20260320_145448/refine/runs/cfg_00033_e5891fb30c/run_manifest.json,active.candidate_method=lhs;;active.log_every=5;;active.marker.greedy_score_weight=0.9;;active.marker.include_anchor_state_markers=true;;active.marker.k_density=20;;active.marker.pca_explained_variance=0.9;;active.marker.preselect_factor=3;;active.marker.settling_fraction=0.05;;active.marker.weights.diversity=0.6;;active.marker.weights.sparsity=0.4;;qbc_K=128;;qbc_P=2048;;qbc_T=31;;qbc_enable_logging=true;;qbc_n0=128;;qbc_n_test=256,,
marker_directed_sm_avr_gov_v1,1,marker_directed,SM_AVR_GOV,default,refine,refinement_and_schedule_search,/zhome/14/b/214266/Repos/ml-surrogates-for-power-systems/outputs/hpo_workflows/marker_directed_sm_avr_gov_v1_20260320_145448/refine,cfg_00034_6e372e59ec,34,/zhome/14/b/214266/Repos/ml-surrogates-for-power-systems/outputs/hpo_workflows/marker_directed_sm_avr_gov_v1_20260320_145448/refine/runs/cfg_00034_6e372e59ec,,s01,b4096,thesis_marker_sm_avr_gov_hpo_refine,completed,0,True,final_eval_rmse,minimize,0.012013126742408273,0.012013126742408273,0.00014431521412916481,84.98229557400919,73.59003230900271,0.0031901879992801696,8.395939217996784,2.921406017994741,0.0,0.03784852899843827,lhs,5,0.9,true,20,0.9,3,0.05,0.6,0.4,,,,,/zhome/14/b/214266/Repos/ml-surrogates-for-power-systems/outputs/hpo_workflows/marker_directed_sm_avr_gov_v1_20260320_145448/refine/runs/cfg_00034_6e372e59ec/dataset_manifest.json,0.6,3,0.4,1.0,0.1379276290678014,0.3729643242696541,0.2810269892215729,0.21916949774222994,0.19073936732660002,0.3943833427555268,0.37430375814437866,384,30,"[3127, 30, 2372, 1909, 3140, 1091, 3248, 3182, 1679, 3857, 939, 1014, 324, 11, 2194, 3807, 631, 1073, 1213, 334, 2790, 1617, 943, 2101, 1826, 248, 2722, 1960, 392, 3695, 923, 3633, 1937, 1662, 1302, 2860, 3604, 455, 3043, 2797, 16, 1494, 3855, 4008, 3342, 2926, 3933, 1434, 2237, 1115, 1424, 2138, 2086, 4095, 2108, 2630, 861, 1676, 3910, 3668, 3958, 3656, 1793, 57, 182, 2637, 545, 435, 710, 2570, 178, 2869, 2036, 3443, 1138, 883, 2199, 117, 280, 624, 1294, 887, 2855, 3648, 2783, 1948, 3808, 2894, 655, 3490, 3352, 1176, 1023, 3052, 436, 3073, 2828, 3472, 1865, 1160, 2750, 2680, 3291, 3662, 3984, 1560, 134, 860, 3590, 3582, 4040, 1511, 546, 1287, 2961, 3753, 1965, 3966, 82, 583, 4021, 1258, 1524, 1277, 2017, 1507, 304, 777]",1.0,0.21916949774222994,0.4168938915330742,0.45747292041778564,0.3808373212814331,3968,/zhome/14/b/214266/Repos/ml-surrogates-for-power-systems/outputs/hpo_workflows/marker_directed_sm_avr_gov_v1_20260320_145448/refine/runs/cfg_00034_6e372e59ec/qbc/history.jsonl,128,4096,31,true,128,256,/zhome/14/b/214266/Repos/ml-surrogates-for-power-systems/outputs/hpo_workflows/marker_directed_sm_avr_gov_v1_20260320_145448/refine/runs/cfg_00034_6e372e59ec/run_manifest.json,active.candidate_method=lhs;;active.log_every=5;;active.marker.greedy_score_weight=0.9;;active.marker.include_anchor_state_markers=true;;active.marker.k_density=20;;active.marker.pca_explained_variance=0.9;;active.marker.preselect_factor=3;;active.marker.settling_fraction=0.05;;active.marker.weights.diversity=0.6;;active.marker.weights.sparsity=0.4;;qbc_K=128;;qbc_P=4096;;qbc_T=31;;qbc_enable_logging=true;;qbc_n0=128;;qbc_n_test=256,,
marker_directed_sm_avr_gov_v1,1,marker_directed,SM_AVR_GOV,default,refine,refinement_and_schedule_search,/zhome/14/b/214266/Repos/ml-surrogates-for-power-systems/outputs/hpo_workflows/marker_directed_sm_avr_gov_v1_20260320_145448/refine,cfg_00035_c7a35466c0,35,/zhome/14/b/214266/Repos/ml-surrogates-for-power-systems/outputs/hpo_workflows/marker_directed_sm_avr_gov_v1_20260320_145448/refine/runs/cfg_00035_c7a35466c0,,s01,b4096,thesis_marker_sm_avr_gov_hpo_refine,completed,0,True,final_eval_rmse,minimize,0.006794316648987385,0.006794316648987385,4.6162738726707175e-05,95.05123586897389,73.8692506920197,0.005128299002535641,16.83527916300227,4.274915538000641,0.0,0.031855033012107015,lhs,5,0.9,true,20,0.9,3,0.05,0.6,0.4,,,,,/zhome/14/b/214266/Repos/ml-surrogates-for-power-systems/outputs/hpo_workflows/marker_directed_sm_avr_gov_v1_20260320_145448/refine/runs/cfg_00035_c7a35466c0/dataset_manifest.json,0.6,3,0.4,0.8407189846038818,0.13814800551188217,0.37229201290491465,0.3486901521682739,0.222579803369555,0.19119708040844355,0.39263996202789386,0.45607098937034607,384,30,"[6129, 7304, 4790, 4027, 3757, 7500, 4576, 7266, 6307, 2239, 1910, 6507, 629, 4182, 1165, 903, 3991, 5379, 2962, 7343, 1963, 554, 5111, 3691, 528, 2646, 6403, 7124, 2204, 6557, 5210, 6330, 1071, 2681, 3568, 7876, 6609, 5951, 6750, 2907, 7537, 5076, 4501, 899, 4069, 5900, 7625, 7927, 1826, 1966, 7060, 2350, 165, 3208, 8040, 8190, 1655, 7345, 4996, 7931, 1827, 1494, 2602, 4631, 4628, 7504, 7389, 1597, 8178, 5500, 5009, 2361, 1419, 1958, 7480, 8096, 838, 2737, 1546, 538, 5948, 7485, 6888, 3547, 6238, 4881, 6358, 4570, 5972, 1948, 3077, 4597, 7406, 1612, 3096, 3841, 4414, 824, 2569, 881, 3397, 1866, 2734, 3061, 2514, 2229, 2820, 1355, 2457, 3558, 468, 2283, 2906, 7850, 1820, 5319, 5920, 7227, 6694, 7470, 6384, 870, 6564, 2591, 845, 3857, 1808, 6251]",0.8407189846038818,0.222579803369555,0.41115914967668155,0.5499100685119629,0.4892200231552124,3968,/zhome/14/b/214266/Repos/ml-surrogates-for-power-systems/outputs/hpo_workflows/marker_directed_sm_avr_gov_v1_20260320_145448/refine/runs/cfg_00035_c7a35466c0/qbc/history.jsonl,128,8192,31,true,128,256,/zhome/14/b/214266/Repos/ml-surrogates-for-power-systems/outputs/hpo_workflows/marker_directed_sm_avr_gov_v1_20260320_145448/refine/runs/cfg_00035_c7a35466c0/run_manifest.json,active.candidate_method=lhs;;active.log_every=5;;active.marker.greedy_score_weight=0.9;;active.marker.include_anchor_state_markers=true;;active.marker.k_density=20;;active.marker.pca_explained_variance=0.9;;active.marker.preselect_factor=3;;active.marker.settling_fraction=0.05;;active.marker.weights.diversity=0.6;;active.marker.weights.sparsity=0.4;;qbc_K=128;;qbc_P=8192;;qbc_T=31;;qbc_enable_logging=true;;qbc_n0=128;;qbc_n_test=256,,
marker_directed_sm_avr_gov_v1,1,marker_directed,SM_AVR_GOV,default,refine,refinement_and_schedule_search,/zhome/14/b/214266/Repos/ml-surrogates-for-power-systems/outputs/hpo_workflows/marker_directed_sm_avr_gov_v1_20260320_145448/refine,cfg_00036_1581767006,36,/zhome/14/b/214266/Repos/ml-surrogates-for-power-systems/outputs/hpo_workflows/marker_directed_sm_avr_gov_v1_20260320_145448/refine/runs/cfg_00036_1581767006,,s01,b4096,thesis_marker_sm_avr_gov_hpo_refine,completed,0,True,final_eval_rmse,minimize,0.006624053197242302,0.006624053197242302,4.3878080759895965e-05,80.04423812197638,73.53837287702481,0.002214211010141298,4.184662620013114,2.2464175439963583,0.0,0.038788484991528094,lhs,5,0.7,true,10,0.95,3,0.05,0.6,0.4,,,,,/zhome/14/b/214266/Repos/ml-surrogates-for-power-systems/outputs/hpo_workflows/marker_directed_sm_avr_gov_v1_20260320_145448/refine/runs/cfg_00036_1581767006/dataset_manifest.json,0.6,4,0.4,1.0,0.20246194232844456,0.39868091120829197,0.2774534821510315,0.30806464005266415,0.2790550342033393,0.4349234129222963,0.3791870176792145,384,30,"[267, 74, 443, 2021, 1247, 660, 748, 1821, 1825, 504, 1655, 700, 2036, 1425, 476, 814, 1025, 292, 440, 1431, 621, 1351, 2034, 1099, 32, 5, 229, 1730, 518, 248, 1494, 1946, 1780, 67, 412, 1401, 2042, 1757, 489, 1502, 289, 244, 1187, 1986, 1299, 1674, 1218, 1636, 1707, 1672, 315, 606, 121, 1832, 1675, 1543, 1988, 286, 1387, 1785, 1460, 1536, 1819, 136, 1085, 2022, 199, 687, 46, 1929, 1911, 1459, 1400, 676, 407, 728, 984, 988, 1355, 1569, 310, 104, 1963, 1943, 1392, 100, 1447, 1331, 392, 1528, 1728, 1053, 1530, 646, 1148, 1404, 777, 231, 355, 23, 85, 811, 1081, 147, 806, 1455, 844, 1738, 859, 1411, 1315, 171, 956, 1244, 1939, 44, 473, 431, 60, 463, 1830, 1257, 1987, 1565, 2028, 819, 334, 1441]",1.0,0.30806464005266415,0.4546734718796682,0.4460061490535736,0.34356772899627686,3968,/zhome/14/b/214266/Repos/ml-surrogates-for-power-systems/outputs/hpo_workflows/marker_directed_sm_avr_gov_v1_20260320_145448/refine/runs/cfg_00036_1581767006/qbc/history.jsonl,128,2048,31,true,128,256,/zhome/14/b/214266/Repos/ml-surrogates-for-power-systems/outputs/hpo_workflows/marker_directed_sm_avr_gov_v1_20260320_145448/refine/runs/cfg_00036_1581767006/run_manifest.json,active.candidate_method=lhs;;active.log_every=5;;active.marker.greedy_score_weight=0.7;;active.marker.include_anchor_state_markers=true;;active.marker.k_density=10;;active.marker.pca_explained_variance=0.95;;active.marker.preselect_factor=3;;active.marker.settling_fraction=0.05;;active.marker.weights.diversity=0.6;;active.marker.weights.sparsity=0.4;;qbc_K=128;;qbc_P=2048;;qbc_T=31;;qbc_enable_logging=true;;qbc_n0=128;;qbc_n_test=256,,
marker_directed_sm_avr_gov_v1,1,marker_directed,SM_AVR_GOV,default,refine,refinement_and_schedule_search,/zhome/14/b/214266/Repos/ml-surrogates-for-power-systems/outputs/hpo_workflows/marker_directed_sm_avr_gov_v1_20260320_145448/refine,cfg_00037_1cbba5c284,37,/zhome/14/b/214266/Repos/ml-surrogates-for-power-systems/outputs/hpo_workflows/marker_directed_sm_avr_gov_v1_20260320_145448/refine/runs/cfg_00037_1cbba5c284,,s01,b4096,thesis_marker_sm_avr_gov_hpo_refine,completed,0,True,final_eval_rmse,minimize,0.008266223645626939,0.008266223645626939,6.833045335952193e-05,86.9645579289936,75.2939479460183,0.0029132579802535474,8.650034983002115,2.9467090549878776,0.0,0.0370164810155984,lhs,5,0.7,true,10,0.95,3,0.05,0.6,0.4,,,,,/zhome/14/b/214266/Repos/ml-surrogates-for-power-systems/outputs/hpo_workflows/marker_directed_sm_avr_gov_v1_20260320_145448/refine/runs/cfg_00037_1cbba5c284/dataset_manifest.json,0.6,4,0.4,0.9209862947463989,0.20905975884040878,0.4048267248668148,0.3379601240158081,0.32132595303988243,0.28490554259294265,0.4371082507958225,0.44523167610168457,384,30,"[3127, 30, 1909, 2372, 1492, 3248, 3182, 423, 1830, 883, 2564, 642, 2584, 317, 2495, 2711, 3429, 58, 2645, 780, 86, 2983, 47, 938, 3443, 350, 2199, 1, 2565, 3933, 1073, 2630, 1799, 2271, 87, 2280, 975, 3996, 90, 1322, 885, 1069, 1826, 3891, 1740, 4033, 2301, 3709, 2842, 3880, 1002, 3134, 2194, 2746, 1155, 3706, 1434, 3016, 1206, 3588, 1302, 230, 1015, 3045, 2508, 2870, 1313, 1150, 1187, 985, 4016, 3695, 2689, 2081, 2881, 1660, 1786, 3356, 4017, 3332, 1503, 12, 475, 1797, 340, 847, 1731, 1179, 2489, 2358, 2889, 2112, 67, 1896, 1018, 1309, 1008, 1800, 2892, 3020, 1186, 714, 2536, 1259, 1010, 2884, 325, 1213, 182, 3178, 3174, 3299, 3063, 1254, 3334, 303, 2264, 2987, 2102, 1460, 536, 3525, 2557, 1246, 225, 4047, 513, 100]",0.9209862947463989,0.32132595303988243,0.46247893017881264,0.5463230609893799,0.44999879598617554,3968,/zhome/14/b/214266/Repos/ml-surrogates-for-power-systems/outputs/hpo_workflows/marker_directed_sm_avr_gov_v1_20260320_145448/refine/runs/cfg_00037_1cbba5c284/qbc/history.jsonl,128,4096,31,true,128,256,/zhome/14/b/214266/Repos/ml-surrogates-for-power-systems/outputs/hpo_workflows/marker_directed_sm_avr_gov_v1_20260320_145448/refine/runs/cfg_00037_1cbba5c284/run_manifest.json,active.candidate_method=lhs;;active.log_every=5;;active.marker.greedy_score_weight=0.7;;active.marker.include_anchor_state_markers=true;;active.marker.k_density=10;;active.marker.pca_explained_variance=0.95;;active.marker.preselect_factor=3;;active.marker.settling_fraction=0.05;;active.marker.weights.diversity=0.6;;active.marker.weights.sparsity=0.4;;qbc_K=128;;qbc_P=4096;;qbc_T=31;;qbc_enable_logging=true;;qbc_n0=128;;qbc_n_test=256,,
marker_directed_sm_avr_gov_v1,1,marker_directed,SM_AVR_GOV,default,refine,refinement_and_schedule_search,/zhome/14/b/214266/Repos/ml-surrogates-for-power-systems/outputs/hpo_workflows/marker_directed_sm_avr_gov_v1_20260320_145448/refine,cfg_00038_6b1744a79b,38,/zhome/14/b/214266/Repos/ml-surrogates-for-power-systems/outputs/hpo_workflows/marker_directed_sm_avr_gov_v1_20260320_145448/refine/runs/cfg_00038_6b1744a79b,,s01,b4096,thesis_marker_sm_avr_gov_hpo_refine,completed,0,True,final_eval_rmse,minimize,0.009952484852968863,0.009952484852968863,9.905195474857464e-05,94.8414674460073,73.62280604901025,0.003631458996096626,16.854942888981896,4.287393910984974,0.0,0.03731294799945317,lhs,5,0.7,true,10,0.95,3,0.05,0.6,0.4,,,,,/zhome/14/b/214266/Repos/ml-surrogates-for-power-systems/outputs/hpo_workflows/marker_directed_sm_avr_gov_v1_20260320_145448/refine/runs/cfg_00038_6b1744a79b/dataset_manifest.json,0.6,4,0.4,0.9949183464050293,0.20955413197707684,0.4062520952473125,0.35896480083465576,0.320308202611726,0.28465351846379294,0.43518169877005314,0.4753032326698303,384,30,"[28, 5608, 1494, 6085, 5671, 5659, 3291, 8151, 7212, 7582, 6307, 3080, 557, 2885, 4290, 3070, 7931, 4790, 4160, 6867, 1165, 3914, 3889, 2943, 2064, 1667, 7985, 5350, 468, 2036, 6462, 477, 1951, 6043, 6249, 2646, 3936, 3289, 7345, 4477, 3464, 2568, 7027, 446, 4666, 6019, 6185, 7625, 1910, 6916, 7793, 7605, 6291, 4774, 6694, 3532, 1797, 6454, 5230, 2361, 1030, 6721, 6531, 6129, 817, 3779, 8100, 3927, 1675, 5928, 4958, 7483, 2122, 5709, 5102, 3702, 1659, 6203, 5062, 4261, 979, 2702, 4921, 820, 3437, 1730, 6549, 5466, 8041, 7304, 2059, 7328, 4263, 2736, 2579, 3441, 7096, 1502, 1071, 1486, 552, 7998, 1197, 1799, 7430, 5459, 1684, 7798, 4027, 7227, 1850, 8086, 4002, 1808, 5241, 538, 6416, 709, 403, 4384, 8031, 2851, 1547, 6092, 3010, 2923, 4441, 1171]",0.9949183464050293,0.320308202611726,0.4572250516501497,0.5759518146514893,0.5104219913482666,3968,/zhome/14/b/214266/Repos/ml-surrogates-for-power-systems/outputs/hpo_workflows/marker_directed_sm_avr_gov_v1_20260320_145448/refine/runs/cfg_00038_6b1744a79b/qbc/history.jsonl,128,8192,31,true,128,256,/zhome/14/b/214266/Repos/ml-surrogates-for-power-systems/outputs/hpo_workflows/marker_directed_sm_avr_gov_v1_20260320_145448/refine/runs/cfg_00038_6b1744a79b/run_manifest.json,active.candidate_method=lhs;;active.log_every=5;;active.marker.greedy_score_weight=0.7;;active.marker.include_anchor_state_markers=true;;active.marker.k_density=10;;active.marker.pca_explained_variance=0.95;;active.marker.preselect_factor=3;;active.marker.settling_fraction=0.05;;active.marker.weights.diversity=0.6;;active.marker.weights.sparsity=0.4;;qbc_K=128;;qbc_P=8192;;qbc_T=31;;qbc_enable_logging=true;;qbc_n0=128;;qbc_n_test=256,,
marker_directed_sm_avr_gov_v1,1,marker_directed,SM_AVR_GOV,default,refine,refinement_and_schedule_search,/zhome/14/b/214266/Repos/ml-surrogates-for-power-systems/outputs/hpo_workflows/marker_directed_sm_avr_gov_v1_20260320_145448/refine,cfg_00039_d417d727d4,39,/zhome/14/b/214266/Repos/ml-surrogates-for-power-systems/outputs/hpo_workflows/marker_directed_sm_avr_gov_v1_20260320_145448/refine/runs/cfg_00039_d417d727d4,,s01,b4096,thesis_marker_sm_avr_gov_hpo_refine,completed,0,True,final_eval_rmse,minimize,0.005439704798452704,0.005439704798452704,2.9590388294309378e-05,79.3539731859928,72.86797895599739,0.0022244579740799963,4.158321361988783,2.2546273289772216,0.0,0.03711917597684078,lhs,5,0.9,true,10,0.95,3,0.05,0.6,0.4,,,,,/zhome/14/b/214266/Repos/ml-surrogates-for-power-systems/outputs/hpo_workflows/marker_directed_sm_avr_gov_v1_20260320_145448/refine/runs/cfg_00039_d417d727d4/dataset_manifest.json,0.6,4,0.4,1.0,0.2058142295829692,0.4010110475196921,0.23621916770935059,0.3091579923896607,0.28149141632701413,0.4355706521856725,0.318816602230072,384,30,"[267, 74, 2021, 1825, 1247, 1496, 2036, 1401, 1228, 248, 85, 1780, 1832, 244, 753, 5, 1387, 660, 233, 1127, 1425, 606, 1636, 1411, 358, 535, 1882, 292, 1351, 814, 989, 1834, 1025, 1869, 1085, 1675, 1272, 1946, 1016, 806, 2010, 1166, 1187, 443, 392, 1053, 2009, 504, 67, 1355, 2042, 412, 1591, 1245, 718, 1464, 495, 171, 816, 461, 1494, 44, 1511, 679, 1413, 1020, 289, 158, 1728, 748, 1038, 676, 1274, 1493, 1730, 104, 364, 1569, 1819, 2034, 367, 211, 231, 811, 2002, 1847, 518, 2005, 476, 136, 707, 1218, 92, 88, 1499, 255, 1047, 1543, 956, 1833, 1939, 483, 578, 1412, 1740, 1641, 60, 240, 810, 440, 982, 844, 1353, 96, 1455, 1876, 809, 849, 701, 1181, 2014, 1404, 986, 388, 1807, 1671, 1674, 840]",1.0,0.3091579923896607,0.46601627731961776,0.3957892060279846,0.30353879928588867,3968,/zhome/14/b/214266/Repos/ml-surrogates-for-power-systems/outputs/hpo_workflows/marker_directed_sm_avr_gov_v1_20260320_145448/refine/runs/cfg_00039_d417d727d4/qbc/history.jsonl,128,2048,31,true,128,256,/zhome/14/b/214266/Repos/ml-surrogates-for-power-systems/outputs/hpo_workflows/marker_directed_sm_avr_gov_v1_20260320_145448/refine/runs/cfg_00039_d417d727d4/run_manifest.json,active.candidate_method=lhs;;active.log_every=5;;active.marker.greedy_score_weight=0.9;;active.marker.include_anchor_state_markers=true;;active.marker.k_density=10;;active.marker.pca_explained_variance=0.95;;active.marker.preselect_factor=3;;active.marker.settling_fraction=0.05;;active.marker.weights.diversity=0.6;;active.marker.weights.sparsity=0.4;;qbc_K=128;;qbc_P=2048;;qbc_T=31;;qbc_enable_logging=true;;qbc_n0=128;;qbc_n_test=256,,
marker_directed_sm_avr_gov_v1,1,marker_directed,SM_AVR_GOV,default,refine,refinement_and_schedule_search,/zhome/14/b/214266/Repos/ml-surrogates-for-power-systems/outputs/hpo_workflows/marker_directed_sm_avr_gov_v1_20260320_145448/refine,cfg_00040_c19b90dd01,40,/zhome/14/b/214266/Repos/ml-surrogates-for-power-systems/outputs/hpo_workflows/marker_directed_sm_avr_gov_v1_20260320_145448/refine/runs/cfg_00040_c19b90dd01,,s01,b4096,thesis_marker_sm_avr_gov_hpo_refine,completed,0,True,final_eval_rmse,minimize,0.011048522382595452,0.011048522382595452,0.00012206984683871269,86.93821650501923,75.525480634009,0.0025388289941474795,8.419025483017322,2.9193340549827553,0.0,0.03806099499342963,lhs,5,0.9,true,10,0.95,3,0.05,0.6,0.4,,,,,/zhome/14/b/214266/Repos/ml-surrogates-for-power-systems/outputs/hpo_workflows/marker_directed_sm_avr_gov_v1_20260320_145448/refine/runs/cfg_00040_c19b90dd01/dataset_manifest.json,0.6,4,0.4,0.9737668037414551,0.2106353081597545,0.4077799201891168,0.37710052728652954,0.31839031705946913,0.2835618871796971,0.437865085540573,0.48863258957862854,384,30,"[3127, 1213, 1909, 2372, 2711, 642, 883, 1584, 3248, 3140, 1043, 423, 4035, 3426, 2721, 1847, 3356, 2725, 3028, 3016, 1091, 1055, 2199, 2095, 3573, 17, 780, 2495, 2630, 3429, 3228, 2194, 3192, 1787, 3981, 671, 2567, 3135, 3706, 58, 2894, 3014, 1927, 1273, 2689, 513, 793, 1826, 726, 1069, 1786, 3389, 1014, 3443, 1492, 67, 2530, 1079, 2746, 2029, 2207, 174, 1010, 1863, 1244, 30, 1743, 2122, 1143, 2925, 887, 47, 368, 895, 1835, 292, 2003, 1050, 96, 755, 454, 730, 3299, 4054, 3919, 3266, 906, 2253, 2208, 1178, 379, 2846, 1054, 641, 2076, 2688, 882, 2056, 26, 1675, 278, 1933, 1322, 2418, 113, 164, 2811, 2086, 2062, 3707, 1901, 126, 1073, 3015, 3216, 1187, 2333, 644, 1015, 3740, 2449, 3383, 3166, 2927, 1261, 401, 3306, 670]",0.9737668037414551,0.31839031705946913,0.46198724799669655,0.5880065560340881,0.4924028515815735,3968,/zhome/14/b/214266/Repos/ml-surrogates-for-power-systems/outputs/hpo_workflows/marker_directed_sm_avr_gov_v1_20260320_145448/refine/runs/cfg_00040_c19b90dd01/qbc/history.jsonl,128,4096,31,true,128,256,/zhome/14/b/214266/Repos/ml-surrogates-for-power-systems/outputs/hpo_workflows/marker_directed_sm_avr_gov_v1_20260320_145448/refine/runs/cfg_00040_c19b90dd01/run_manifest.json,active.candidate_method=lhs;;active.log_every=5;;active.marker.greedy_score_weight=0.9;;active.marker.include_anchor_state_markers=true;;active.marker.k_density=10;;active.marker.pca_explained_variance=0.95;;active.marker.preselect_factor=3;;active.marker.settling_fraction=0.05;;active.marker.weights.diversity=0.6;;active.marker.weights.sparsity=0.4;;qbc_K=128;;qbc_P=4096;;qbc_T=31;;qbc_enable_logging=true;;qbc_n0=128;;qbc_n_test=256,,
marker_directed_sm_avr_gov_v1,1,marker_directed,SM_AVR_GOV,default,refine,refinement_and_schedule_search,/zhome/14/b/214266/Repos/ml-surrogates-for-power-systems/outputs/hpo_workflows/marker_directed_sm_avr_gov_v1_20260320_145448/refine,cfg_00041_d0800c1c57,41,/zhome/14/b/214266/Repos/ml-surrogates-for-power-systems/outputs/hpo_workflows/marker_directed_sm_avr_gov_v1_20260320_145448/refine/runs/cfg_00041_d0800c1c57,,s01,b4096,thesis_marker_sm_avr_gov_hpo_refine,completed,0,True,final_eval_rmse,minimize,0.00899689374924568,0.00899689374924568,8.0944097135216e-05,95.06269906199304,73.98783733800519,0.00508679001359269,16.743090274976566,4.253749247000087,0.0,0.03805463301250711,lhs,5,0.9,true,10,0.95,3,0.05,0.6,0.4,,,,,/zhome/14/b/214266/Repos/ml-surrogates-for-power-systems/outputs/hpo_workflows/marker_directed_sm_avr_gov_v1_20260320_145448/refine/runs/cfg_00041_d0800c1c57/dataset_manifest.json,0.6,4,0.4,0.9745602607727051,0.2085650501678895,0.4061705746592654,0.4254378080368042,0.33173237809351674,0.2835845010712302,0.43709920977307315,0.5293734073638916,384,30,"[28, 7582, 380, 6085, 7574, 7055, 479, 3889, 2902, 2773, 6609, 688, 2744, 1165, 7345, 4790, 6823, 197, 6185, 3552, 6291, 7088, 2094, 1159, 5593, 6249, 3314, 1910, 607, 3119, 128, 5102, 3936, 6006, 3989, 4589, 1502, 7873, 5833, 877, 3562, 5840, 2006, 7758, 1469, 4715, 2423, 3477, 845, 7304, 6632, 2361, 1415, 4069, 6495, 4596, 2072, 8116, 7742, 773, 6836, 5528, 1071, 3908, 5928, 1385, 7896, 7180, 2122, 2897, 7500, 4921, 7091, 7267, 8109, 5671, 2545, 6694, 6589, 6140, 6864, 4334, 6019, 98, 198, 4622, 2541, 6531, 2142, 3577, 2580, 1283, 3782, 7791, 5433, 2775, 1600, 7274, 6614, 194, 2616, 5525, 6507, 5267, 7395, 39, 3841, 1659, 7060, 1941, 5040, 7442, 638, 8096, 2212, 1185, 3798, 5678, 582, 1783, 4290, 4611, 3772, 7314, 4238, 1226, 2218, 2125]",0.9745602607727051,0.33173237809351674,0.45951879762547815,0.6285806894302368,0.5585331320762634,3968,/zhome/14/b/214266/Repos/ml-surrogates-for-power-systems/outputs/hpo_workflows/marker_directed_sm_avr_gov_v1_20260320_145448/refine/runs/cfg_00041_d0800c1c57/qbc/history.jsonl,128,8192,31,true,128,256,/zhome/14/b/214266/Repos/ml-surrogates-for-power-systems/outputs/hpo_workflows/marker_directed_sm_avr_gov_v1_20260320_145448/refine/runs/cfg_00041_d0800c1c57/run_manifest.json,active.candidate_method=lhs;;active.log_every=5;;active.marker.greedy_score_weight=0.9;;active.marker.include_anchor_state_markers=true;;active.marker.k_density=10;;active.marker.pca_explained_variance=0.95;;active.marker.preselect_factor=3;;active.marker.settling_fraction=0.05;;active.marker.weights.diversity=0.6;;active.marker.weights.sparsity=0.4;;qbc_K=128;;qbc_P=8192;;qbc_T=31;;qbc_enable_logging=true;;qbc_n0=128;;qbc_n_test=256,,
marker_directed_sm_avr_gov_v1,1,marker_directed,SM_AVR_GOV,default,refine,refinement_and_schedule_search,/zhome/14/b/214266/Repos/ml-surrogates-for-power-systems/outputs/hpo_workflows/marker_directed_sm_avr_gov_v1_20260320_145448/refine,cfg_00042_1fd9277643,42,/zhome/14/b/214266/Repos/ml-surrogates-for-power-systems/outputs/hpo_workflows/marker_directed_sm_avr_gov_v1_20260320_145448/refine/runs/cfg_00042_1fd9277643,,s01,b4096,thesis_marker_sm_avr_gov_hpo_refine,completed,0,True,final_eval_rmse,minimize,0.006259931288850228,0.006259931288850228,3.9186739741126075e-05,81.07076112300274,74.48447497899178,0.0019885069923475385,4.2521617099992,2.2591391259920783,0.0,0.03916328100604005,lhs,5,0.7,true,20,0.95,3,0.05,0.6,0.4,,,,,/zhome/14/b/214266/Repos/ml-surrogates-for-power-systems/outputs/hpo_workflows/marker_directed_sm_avr_gov_v1_20260320_145448/refine/runs/cfg_00042_1fd9277643/dataset_manifest.json,0.6,4,0.4,0.9275975227355957,0.1997518115034603,0.4946659895739842,0.2570539712905884,0.3006230663344498,0.27828966735450605,0.5326359473279367,0.35433200001716614,384,30,"[267, 74, 443, 244, 1494, 660, 700, 2021, 1821, 1825, 85, 1425, 504, 2036, 476, 1714, 57, 1591, 292, 489, 233, 1997, 1025, 5, 579, 2034, 1247, 184, 248, 1464, 1502, 32, 44, 1218, 342, 1675, 1401, 554, 1757, 283, 1496, 1164, 289, 1780, 1636, 366, 1984, 1770, 316, 1832, 286, 1123, 1730, 1369, 968, 410, 1349, 48, 1946, 148, 1387, 1274, 1968, 1108, 1708, 730, 1254, 1918, 1085, 1158, 851, 104, 1460, 1272, 1875, 1393, 473, 1819, 1709, 67, 1351, 1355, 1331, 1055, 935, 1727, 606, 965, 655, 2010, 1232, 501, 358, 364, 300, 1543, 1933, 589, 1939, 906, 356, 431, 1411, 1607, 1530, 135, 870, 2031, 1805, 1426, 158, 1603, 137, 464, 392, 676, 919, 1086, 809, 564, 787, 1341, 1507, 1270, 1674, 436, 1993, 1641]",0.9275975227355957,0.3006230663344498,0.5502423356094064,0.4135667383670807,0.3189939856529236,3968,/zhome/14/b/214266/Repos/ml-surrogates-for-power-systems/outputs/hpo_workflows/marker_directed_sm_avr_gov_v1_20260320_145448/refine/runs/cfg_00042_1fd9277643/qbc/history.jsonl,128,2048,31,true,128,256,/zhome/14/b/214266/Repos/ml-surrogates-for-power-systems/outputs/hpo_workflows/marker_directed_sm_avr_gov_v1_20260320_145448/refine/runs/cfg_00042_1fd9277643/run_manifest.json,active.candidate_method=lhs;;active.log_every=5;;active.marker.greedy_score_weight=0.7;;active.marker.include_anchor_state_markers=true;;active.marker.k_density=20;;active.marker.pca_explained_variance=0.95;;active.marker.preselect_factor=3;;active.marker.settling_fraction=0.05;;active.marker.weights.diversity=0.6;;active.marker.weights.sparsity=0.4;;qbc_K=128;;qbc_P=2048;;qbc_T=31;;qbc_enable_logging=true;;qbc_n0=128;;qbc_n_test=256,,
marker_directed_sm_avr_gov_v1,1,marker_directed,SM_AVR_GOV,default,refine,refinement_and_schedule_search,/zhome/14/b/214266/Repos/ml-surrogates-for-power-systems/outputs/hpo_workflows/marker_directed_sm_avr_gov_v1_20260320_145448/refine,cfg_00043_f938643dcd,43,/zhome/14/b/214266/Repos/ml-surrogates-for-power-systems/outputs/hpo_workflows/marker_directed_sm_avr_gov_v1_20260320_145448/refine/runs/cfg_00043_f938643dcd,,s01,b4096,thesis_marker_sm_avr_gov_hpo_refine,completed,0,True,final_eval_rmse,minimize,0.006805939504862949,0.006805939504862949,4.632081254385412e-05,84.9511143680138,73.60061939799925,0.003259591991081834,8.363740064989543,2.9119180440029595,0.0,0.03787071802071296,lhs,5,0.7,true,20,0.95,3,0.05,0.6,0.4,,,,,/zhome/14/b/214266/Repos/ml-surrogates-for-power-systems/outputs/hpo_workflows/marker_directed_sm_avr_gov_v1_20260320_145448/refine/runs/cfg_00043_f938643dcd/dataset_manifest.json,0.6,4,0.4,0.9729806184768677,0.20833033459304576,0.5000383724002097,0.33137574791908264,0.31708747254469793,0.2850939395669322,0.533585890311506,0.4501389265060425,384,30,"[3127, 30, 1909, 2372, 1291, 1584, 3248, 3140, 883, 2834, 2633, 2711, 3443, 3398, 47, 2124, 27, 1091, 2630, 3706, 887, 3740, 17, 642, 3558, 2620, 3247, 2102, 2219, 2665, 1731, 513, 2194, 1826, 3891, 58, 2056, 3228, 1015, 2138, 2066, 277, 644, 568, 3013, 629, 2280, 1233, 985, 1320, 1494, 1619, 1302, 1010, 2047, 1, 222, 3981, 3125, 1054, 3299, 1594, 350, 1053, 2860, 3334, 445, 1186, 3645, 3815, 1313, 780, 2452, 3655, 143, 2689, 2631, 3316, 1740, 2963, 1180, 1075, 1706, 60, 3019, 1528, 1492, 1489, 2112, 3259, 3016, 2332, 3203, 2787, 3996, 3521, 1234, 853, 1687, 2081, 3985, 1214, 689, 1088, 3033, 2683, 1155, 1531, 3429, 2405, 1069, 126, 2196, 3479, 1079, 881, 2474, 164, 2404, 1332, 2086, 281, 2687, 178, 1187, 3601, 97, 2495]",0.9729806184768677,0.31708747254469793,0.5599931980341717,0.5439616441726685,0.45727184414863586,3968,/zhome/14/b/214266/Repos/ml-surrogates-for-power-systems/outputs/hpo_workflows/marker_directed_sm_avr_gov_v1_20260320_145448/refine/runs/cfg_00043_f938643dcd/qbc/history.jsonl,128,4096,31,true,128,256,/zhome/14/b/214266/Repos/ml-surrogates-for-power-systems/outputs/hpo_workflows/marker_directed_sm_avr_gov_v1_20260320_145448/refine/runs/cfg_00043_f938643dcd/run_manifest.json,active.candidate_method=lhs;;active.log_every=5;;active.marker.greedy_score_weight=0.7;;active.marker.include_anchor_state_markers=true;;active.marker.k_density=20;;active.marker.pca_explained_variance=0.95;;active.marker.preselect_factor=3;;active.marker.settling_fraction=0.05;;active.marker.weights.diversity=0.6;;active.marker.weights.sparsity=0.4;;qbc_K=128;;qbc_P=4096;;qbc_T=31;;qbc_enable_logging=true;;qbc_n0=128;;qbc_n_test=256,,
marker_directed_sm_avr_gov_v1,1,marker_directed,SM_AVR_GOV,default,refine,refinement_and_schedule_search,/zhome/14/b/214266/Repos/ml-surrogates-for-power-systems/outputs/hpo_workflows/marker_directed_sm_avr_gov_v1_20260320_145448/refine,cfg_00044_316ef485af,44,/zhome/14/b/214266/Repos/ml-surrogates-for-power-systems/outputs/hpo_workflows/marker_directed_sm_avr_gov_v1_20260320_145448/refine/runs/cfg_00044_316ef485af,,s01,b4096,thesis_marker_sm_avr_gov_hpo_refine,completed,0,True,final_eval_rmse,minimize,0.006481902287204665,0.006481902287204665,4.201505726086907e-05,94.01634697199916,72.83701258897781,0.005394856998464093,16.83315600999049,4.271301658009179,0.0,0.03481236399966292,lhs,5,0.7,true,20,0.95,3,0.05,0.6,0.4,,,,,/zhome/14/b/214266/Repos/ml-surrogates-for-power-systems/outputs/hpo_workflows/marker_directed_sm_avr_gov_v1_20260320_145448/refine/runs/cfg_00044_316ef485af/dataset_manifest.json,0.6,4,0.4,0.8361905813217163,0.20782366977348293,0.5021350342576532,0.30848178267478943,0.3274025640143397,0.2841319148891243,0.5329950316130246,0.40987297892570496,384,30,"[28, 757, 5111, 6307, 6085, 2739, 5659, 3770, 6694, 4543, 3219, 557, 2507, 1341, 4919, 1165, 6823, 3552, 1907, 7582, 4790, 3358, 7345, 7931, 7055, 1856, 126, 562, 6507, 468, 3226, 2515, 1909, 6081, 7669, 3119, 6584, 6043, 380, 7210, 1953, 5905, 3936, 4921, 7475, 2003, 6185, 657, 2637, 1910, 4909, 6253, 2204, 4032, 340, 7355, 8185, 1222, 8020, 1552, 935, 2361, 6291, 2619, 7227, 7793, 1029, 4565, 1368, 1187, 6041, 3166, 7372, 4758, 2122, 1283, 6843, 7304, 1459, 2142, 793, 3813, 3831, 537, 6316, 2350, 6664, 1667, 5241, 889, 25, 2669, 1131, 6361, 5438, 1941, 6006, 5928, 2006, 6660, 2742, 4161, 5229, 936, 1302, 3077, 266, 7212, 6129, 5539, 1071, 3695, 4925, 4642, 656, 4988, 6872, 6539, 3464, 4855, 1659, 7000, 7351, 6233, 1808, 3772, 800, 5737]",0.8361905813217163,0.3274025640143397,0.5513875627494762,0.507804274559021,0.44097134470939636,3968,/zhome/14/b/214266/Repos/ml-surrogates-for-power-systems/outputs/hpo_workflows/marker_directed_sm_avr_gov_v1_20260320_145448/refine/runs/cfg_00044_316ef485af/qbc/history.jsonl,128,8192,31,true,128,256,/zhome/14/b/214266/Repos/ml-surrogates-for-power-systems/outputs/hpo_workflows/marker_directed_sm_avr_gov_v1_20260320_145448/refine/runs/cfg_00044_316ef485af/run_manifest.json,active.candidate_method=lhs;;active.log_every=5;;active.marker.greedy_score_weight=0.7;;active.marker.include_anchor_state_markers=true;;active.marker.k_density=20;;active.marker.pca_explained_variance=0.95;;active.marker.preselect_factor=3;;active.marker.settling_fraction=0.05;;active.marker.weights.diversity=0.6;;active.marker.weights.sparsity=0.4;;qbc_K=128;;qbc_P=8192;;qbc_T=31;;qbc_enable_logging=true;;qbc_n0=128;;qbc_n_test=256,,
marker_directed_sm_avr_gov_v1,1,marker_directed,SM_AVR_GOV,default,refine,refinement_and_schedule_search,/zhome/14/b/214266/Repos/ml-surrogates-for-power-systems/outputs/hpo_workflows/marker_directed_sm_avr_gov_v1_20260320_145448/refine,cfg_00045_e2dd0cf614,45,/zhome/14/b/214266/Repos/ml-surrogates-for-power-systems/outputs/hpo_workflows/marker_directed_sm_avr_gov_v1_20260320_145448/refine/runs/cfg_00045_e2dd0cf614,,s01,b4096,thesis_marker_sm_avr_gov_hpo_refine,completed,0,True,final_eval_rmse,minimize,0.01159693441613161,0.01159693441613161,0.00013448888785205781,79.88834632199723,73.38745215500239,0.0021671279973816127,4.174337957985699,2.251068536977982,0.0,0.03875179999158718,lhs,5,0.9,true,20,0.95,3,0.05,0.6,0.4,,,,,/zhome/14/b/214266/Repos/ml-surrogates-for-power-systems/outputs/hpo_workflows/marker_directed_sm_avr_gov_v1_20260320_145448/refine/runs/cfg_00045_e2dd0cf614/dataset_manifest.json,0.6,4,0.4,0.9364479184150696,0.20375675596231912,0.4961663844142602,0.2557958960533142,0.3044881193715594,0.27886057410958903,0.5357044130379502,0.34906116127967834,384,30,"[267, 74, 2021, 1825, 1247, 1496, 2036, 1401, 42, 248, 1832, 5, 1387, 1984, 1425, 1411, 753, 489, 1494, 1636, 244, 518, 1857, 233, 1025, 85, 292, 504, 289, 814, 1369, 700, 889, 1502, 158, 495, 1085, 989, 809, 1675, 2002, 1232, 765, 1275, 1355, 1351, 806, 1464, 1946, 171, 1166, 104, 589, 1218, 1943, 1531, 2042, 535, 902, 1728, 743, 2040, 1108, 437, 1181, 1511, 1673, 1882, 1671, 1274, 1325, 1730, 1803, 1908, 443, 1833, 1785, 1270, 1493, 812, 1055, 1819, 1158, 1911, 355, 476, 501, 1781, 440, 1210, 727, 1674, 675, 366, 1830, 388, 231, 92, 2014, 676, 2034, 1653, 2009, 1499, 1164, 1404, 412, 1807, 1962, 1662, 530, 1709, 1735, 1543, 554, 1114, 1413, 483, 1780, 200, 1099, 130, 407, 60, 1126, 633, 1599, 1455]",0.9364479184150696,0.3044881193715594,0.5578895467609576,0.4184669554233551,0.3281879425048828,3968,/zhome/14/b/214266/Repos/ml-surrogates-for-power-systems/outputs/hpo_workflows/marker_directed_sm_avr_gov_v1_20260320_145448/refine/runs/cfg_00045_e2dd0cf614/qbc/history.jsonl,128,2048,31,true,128,256,/zhome/14/b/214266/Repos/ml-surrogates-for-power-systems/outputs/hpo_workflows/marker_directed_sm_avr_gov_v1_20260320_145448/refine/runs/cfg_00045_e2dd0cf614/run_manifest.json,active.candidate_method=lhs;;active.log_every=5;;active.marker.greedy_score_weight=0.9;;active.marker.include_anchor_state_markers=true;;active.marker.k_density=20;;active.marker.pca_explained_variance=0.95;;active.marker.preselect_factor=3;;active.marker.settling_fraction=0.05;;active.marker.weights.diversity=0.6;;active.marker.weights.sparsity=0.4;;qbc_K=128;;qbc_P=2048;;qbc_T=31;;qbc_enable_logging=true;;qbc_n0=128;;qbc_n_test=256,,
marker_directed_sm_avr_gov_v1,1,marker_directed,SM_AVR_GOV,default,refine,refinement_and_schedule_search,/zhome/14/b/214266/Repos/ml-surrogates-for-power-systems/outputs/hpo_workflows/marker_directed_sm_avr_gov_v1_20260320_145448/refine,cfg_00046_831e8a2a84,46,/zhome/14/b/214266/Repos/ml-surrogates-for-power-systems/outputs/hpo_workflows/marker_directed_sm_avr_gov_v1_20260320_145448/refine/runs/cfg_00046_831e8a2a84,,s01,b4096,thesis_marker_sm_avr_gov_hpo_refine,completed,0,True,final_eval_rmse,minimize,0.006784898079099277,0.006784898079099277,4.603484194376506e-05,86.22899880900513,74.78015004898771,0.002122909005265683,8.440325003990438,2.9347616309823934,0.0,0.03756727901054546,lhs,5,0.9,true,20,0.95,3,0.05,0.6,0.4,,,,,/zhome/14/b/214266/Repos/ml-surrogates-for-power-systems/outputs/hpo_workflows/marker_directed_sm_avr_gov_v1_20260320_145448/refine/runs/cfg_00046_831e8a2a84/dataset_manifest.json,0.6,4,0.4,0.9446097612380981,0.20948325662106032,0.501710339340009,0.3642503321170807,0.3237091226386957,0.28502446160582434,0.5383046610205872,0.4675489068031311,384,30,"[3127, 1213, 1909, 2372, 2711, 642, 883, 1584, 423, 3248, 47, 3140, 3706, 4033, 58, 2594, 3194, 796, 887, 2237, 3356, 535, 513, 3655, 2199, 3228, 3443, 1494, 2495, 2194, 2689, 925, 780, 1091, 90, 3244, 3573, 3700, 1826, 2567, 3896, 1492, 143, 3282, 3709, 3125, 97, 617, 2056, 3191, 2299, 1558, 726, 1298, 2963, 3033, 2630, 3429, 3357, 153, 64, 239, 3485, 2122, 1014, 3019, 2138, 3299, 1086, 3247, 1506, 2417, 1043, 2842, 2143, 2513, 1622, 1269, 30, 67, 3311, 3953, 3274, 2785, 1331, 676, 2086, 3169, 1753, 1948, 2860, 1663, 1302, 964, 4034, 2537, 199, 975, 1254, 2399, 3334, 2118, 1161, 1603, 96, 2423, 1875, 1088, 2352, 1570, 3020, 3284, 1858, 1055, 3182, 2434, 2095, 2641, 4092, 1276, 145, 339, 491, 100, 1230, 2327, 3601, 3016]",0.9446097612380981,0.3237091226386957,0.560348123799196,0.5648175477981567,0.473466694355011,3968,/zhome/14/b/214266/Repos/ml-surrogates-for-power-systems/outputs/hpo_workflows/marker_directed_sm_avr_gov_v1_20260320_145448/refine/runs/cfg_00046_831e8a2a84/qbc/history.jsonl,128,4096,31,true,128,256,/zhome/14/b/214266/Repos/ml-surrogates-for-power-systems/outputs/hpo_workflows/marker_directed_sm_avr_gov_v1_20260320_145448/refine/runs/cfg_00046_831e8a2a84/run_manifest.json,active.candidate_method=lhs;;active.log_every=5;;active.marker.greedy_score_weight=0.9;;active.marker.include_anchor_state_markers=true;;active.marker.k_density=20;;active.marker.pca_explained_variance=0.95;;active.marker.preselect_factor=3;;active.marker.settling_fraction=0.05;;active.marker.weights.diversity=0.6;;active.marker.weights.sparsity=0.4;;qbc_K=128;;qbc_P=4096;;qbc_T=31;;qbc_enable_logging=true;;qbc_n0=128;;qbc_n_test=256,,
marker_directed_sm_avr_gov_v1,1,marker_directed,SM_AVR_GOV,default,refine,refinement_and_schedule_search,/zhome/14/b/214266/Repos/ml-surrogates-for-power-systems/outputs/hpo_workflows/marker_directed_sm_avr_gov_v1_20260320_145448/refine,cfg_00047_942e877de4,47,/zhome/14/b/214266/Repos/ml-surrogates-for-power-systems/outputs/hpo_workflows/marker_directed_sm_avr_gov_v1_20260320_145448/refine/runs/cfg_00047_942e877de4,,s01,b4096,thesis_marker_sm_avr_gov_hpo_refine,completed,0,True,final_eval_rmse,minimize,0.005757790500304133,0.005757790500304133,3.315215144539252e-05,94.4662291619752,73.52047475197469,0.005135954997967929,16.61845596501371,4.2509982739866246,0.0,0.03703641702304594,lhs,5,0.9,true,20,0.95,3,0.05,0.6,0.4,,,,,/zhome/14/b/214266/Repos/ml-surrogates-for-power-systems/outputs/hpo_workflows/marker_directed_sm_avr_gov_v1_20260320_145448/refine/runs/cfg_00047_942e877de4/dataset_manifest.json,0.6,4,0.4,0.8567448854446411,0.2080050201405983,0.501158120702109,0.3674162030220032,0.3308231196578397,0.28294552877492185,0.5381746962243633,0.4710947275161743,384,30,"[28, 7582, 6085, 5546, 6307, 5928, 3240, 5659, 5671, 6129, 1165, 3557, 6609, 4691, 7236, 6546, 1674, 6185, 7345, 7267, 509, 2950, 2905, 6291, 7998, 6730, 4790, 1910, 5433, 3748, 5443, 1684, 5009, 3473, 4570, 5137, 7304, 151, 3709, 3385, 7356, 4921, 4069, 6836, 4758, 2210, 4171, 5760, 5130, 5150, 7500, 1810, 4704, 6361, 4027, 3289, 6692, 5865, 8173, 6316, 4032, 2398, 1071, 4627, 5018, 3702, 589, 6249, 7888, 72, 499, 1663, 5062, 6823, 2199, 4861, 7080, 3139, 4764, 4277, 4290, 403, 87, 4316, 7395, 4339, 200, 3936, 2545, 5136, 4129, 3250, 4984, 1341, 6751, 3908, 8175, 5127, 7027, 1185, 7651, 6026, 629, 1659, 1519, 3690, 4543, 130, 675, 2101, 1610, 851, 4266, 2836, 7222, 2043, 4372, 1385, 6043, 466, 6614, 1601, 6241, 6421, 5644, 4776, 6694, 3310]",0.8567448854446411,0.3308231196578397,0.5502910697983865,0.5659745931625366,0.5014597177505493,3968,/zhome/14/b/214266/Repos/ml-surrogates-for-power-systems/outputs/hpo_workflows/marker_directed_sm_avr_gov_v1_20260320_145448/refine/runs/cfg_00047_942e877de4/qbc/history.jsonl,128,8192,31,true,128,256,/zhome/14/b/214266/Repos/ml-surrogates-for-power-systems/outputs/hpo_workflows/marker_directed_sm_avr_gov_v1_20260320_145448/refine/runs/cfg_00047_942e877de4/run_manifest.json,active.candidate_method=lhs;;active.log_every=5;;active.marker.greedy_score_weight=0.9;;active.marker.include_anchor_state_markers=true;;active.marker.k_density=20;;active.marker.pca_explained_variance=0.95;;active.marker.preselect_factor=3;;active.marker.settling_fraction=0.05;;active.marker.weights.diversity=0.6;;active.marker.weights.sparsity=0.4;;qbc_K=128;;qbc_P=8192;;qbc_T=31;;qbc_enable_logging=true;;qbc_n0=128;;qbc_n_test=256,,
marker_directed_sm_avr_gov_v1,1,marker_directed,SM_AVR_GOV,default,refine,refinement_and_schedule_search,/zhome/14/b/214266/Repos/ml-surrogates-for-power-systems/outputs/hpo_workflows/marker_directed_sm_avr_gov_v1_20260320_145448/refine,cfg_00048_84188f800c,48,/zhome/14/b/214266/Repos/ml-surrogates-for-power-systems/outputs/hpo_workflows/marker_directed_sm_avr_gov_v1_20260320_145448/refine/runs/cfg_00048_84188f800c,,s02,b4096,thesis_marker_sm_avr_gov_hpo_refine,completed,0,True,final_eval_rmse,minimize,0.009738316575024348,0.009738316575024348,9.483480971539393e-05,81.09262380798464,74.53328537702328,0.0014963920111767948,4.23121680499753,2.2522027310042176,0.0,0.04071639699395746,lhs,5,0.7,true,10,0.9,3,0.05,0.8,0.2,,,,,/zhome/14/b/214266/Repos/ml-surrogates-for-power-systems/outputs/hpo_workflows/marker_directed_sm_avr_gov_v1_20260320_145448/refine/runs/cfg_00048_84188f800c/dataset_manifest.json,0.8,3,0.2,0.974582314491272,0.1344032958410249,0.2863624994878744,0.3261626958847046,0.207786044292208,0.18902589748890625,0.3147577427021434,0.4683612287044525,384,30,"[923, 1687, 1815, 244, 1841, 1194, 409, 1713, 1735, 636, 126, 436, 328, 106, 1976, 1940, 1310, 280, 1762, 2038, 1407, 1691, 664, 2031, 1193, 1572, 1834, 519, 234, 1488, 1750, 1008, 1077, 1280, 1264, 1783, 2030, 1164, 855, 668, 834, 1472, 323, 518, 231, 477, 93, 515, 1206, 253, 1757, 248, 698, 1535, 168, 474, 1533, 437, 356, 600, 609, 1661, 791, 1072, 2039, 1287, 527, 528, 690, 408, 198, 672, 170, 1799, 838, 267, 1430, 421, 104, 1935, 1875, 951, 1637, 1030, 1702, 1432, 6, 1282, 1761, 1850, 38, 90, 853, 56, 431, 189, 266, 818, 1565, 1770, 74, 677, 1009, 167, 579, 1744, 630, 1154, 1104, 218, 821, 1798, 1614, 1707, 606, 1175, 1891, 542, 1869, 1311, 1014, 1759, 880, 1185, 1500, 1237, 1144, 1097]",0.974582314491272,0.207786044292208,0.3274264058965021,0.5341005325317383,0.42906689643859863,3968,/zhome/14/b/214266/Repos/ml-surrogates-for-power-systems/outputs/hpo_workflows/marker_directed_sm_avr_gov_v1_20260320_145448/refine/runs/cfg_00048_84188f800c/qbc/history.jsonl,128,2048,31,true,128,256,/zhome/14/b/214266/Repos/ml-surrogates-for-power-systems/outputs/hpo_workflows/marker_directed_sm_avr_gov_v1_20260320_145448/refine/runs/cfg_00048_84188f800c/run_manifest.json,active.candidate_method=lhs;;active.log_every=5;;active.marker.greedy_score_weight=0.7;;active.marker.include_anchor_state_markers=true;;active.marker.k_density=10;;active.marker.pca_explained_variance=0.9;;active.marker.preselect_factor=3;;active.marker.settling_fraction=0.05;;active.marker.weights.diversity=0.8;;active.marker.weights.sparsity=0.2;;qbc_K=128;;qbc_P=2048;;qbc_T=31;;qbc_enable_logging=true;;qbc_n0=128;;qbc_n_test=256,,
marker_directed_sm_avr_gov_v1,1,marker_directed,SM_AVR_GOV,default,refine,refinement_and_schedule_search,/zhome/14/b/214266/Repos/ml-surrogates-for-power-systems/outputs/hpo_workflows/marker_directed_sm_avr_gov_v1_20260320_145448/refine,cfg_00049_35d3d82f86,49,/zhome/14/b/214266/Repos/ml-surrogates-for-power-systems/outputs/hpo_workflows/marker_directed_sm_avr_gov_v1_20260320_145448/refine/runs/cfg_00049_35d3d82f86,,s02,b4096,thesis_marker_sm_avr_gov_hpo_refine,completed,0,True,final_eval_rmse,minimize,0.0076303524369660865,0.0076303524369660865,5.82222783123143e-05,86.16538513600244,74.63606756200898,0.002420862001599744,8.527129040972795,2.9282183350005653,0.0,0.03753550900728442,lhs,5,0.7,true,10,0.9,3,0.05,0.8,0.2,,,,,/zhome/14/b/214266/Repos/ml-surrogates-for-power-systems/outputs/hpo_workflows/marker_directed_sm_avr_gov_v1_20260320_145448/refine/runs/cfg_00049_35d3d82f86/dataset_manifest.json,0.8,3,0.2,1.0,0.13332787739025223,0.28796684317232946,0.27188828587532043,0.2210949695355754,0.18991017682947775,0.31203598539330846,0.3851461112499237,384,30,"[3221, 2000, 3631, 399, 561, 1822, 169, 2397, 3529, 1617, 147, 1374, 3213, 2836, 3961, 3680, 1415, 1597, 2822, 1016, 2251, 1891, 1856, 1795, 4038, 3812, 3728, 3197, 3995, 1931, 3308, 1145, 1057, 2966, 2030, 2637, 3970, 973, 1633, 124, 3650, 645, 358, 391, 2042, 955, 736, 3987, 2717, 849, 1966, 2376, 2720, 3840, 3741, 3508, 332, 481, 1163, 285, 2955, 1210, 4026, 1032, 853, 173, 60, 2313, 529, 3679, 3114, 2694, 2222, 2218, 2628, 2559, 1113, 848, 1023, 2384, 2551, 2331, 3059, 3408, 941, 2777, 2086, 1312, 3668, 557, 422, 3350, 3201, 2014, 553, 3962, 3632, 3592, 3872, 164, 2061, 747, 2599, 1809, 563, 2977, 1951, 489, 2733, 1549, 237, 1317, 3057, 3306, 2764, 372, 3156, 1026, 1911, 1165, 3397, 469, 1551, 2281, 1828, 3318, 320, 523]",1.0,0.2210949695355754,0.3307580020912153,0.462373286485672,0.38852638006210327,3968,/zhome/14/b/214266/Repos/ml-surrogates-for-power-systems/outputs/hpo_workflows/marker_directed_sm_avr_gov_v1_20260320_145448/refine/runs/cfg_00049_35d3d82f86/qbc/history.jsonl,128,4096,31,true,128,256,/zhome/14/b/214266/Repos/ml-surrogates-for-power-systems/outputs/hpo_workflows/marker_directed_sm_avr_gov_v1_20260320_145448/refine/runs/cfg_00049_35d3d82f86/run_manifest.json,active.candidate_method=lhs;;active.log_every=5;;active.marker.greedy_score_weight=0.7;;active.marker.include_anchor_state_markers=true;;active.marker.k_density=10;;active.marker.pca_explained_variance=0.9;;active.marker.preselect_factor=3;;active.marker.settling_fraction=0.05;;active.marker.weights.diversity=0.8;;active.marker.weights.sparsity=0.2;;qbc_K=128;;qbc_P=4096;;qbc_T=31;;qbc_enable_logging=true;;qbc_n0=128;;qbc_n_test=256,,
marker_directed_sm_avr_gov_v1,1,marker_directed,SM_AVR_GOV,default,refine,refinement_and_schedule_search,/zhome/14/b/214266/Repos/ml-surrogates-for-power-systems/outputs/hpo_workflows/marker_directed_sm_avr_gov_v1_20260320_145448/refine,cfg_00050_6bea723dc2,50,/zhome/14/b/214266/Repos/ml-surrogates-for-power-systems/outputs/hpo_workflows/marker_directed_sm_avr_gov_v1_20260320_145448/refine/runs/cfg_00050_6bea723dc2,,s02,b4096,thesis_marker_sm_avr_gov_hpo_refine,completed,0,True,final_eval_rmse,minimize,0.007069241311862413,0.007069241311862413,4.9974172725342214e-05,94.36140558199259,73.31057375698583,0.004948222020175308,16.710715783003252,4.262768212996889,0.0,0.03732048600795679,lhs,5,0.7,true,10,0.9,3,0.05,0.8,0.2,,,,,/zhome/14/b/214266/Repos/ml-surrogates-for-power-systems/outputs/hpo_workflows/marker_directed_sm_avr_gov_v1_20260320_145448/refine/runs/cfg_00050_6bea723dc2/dataset_manifest.json,0.8,3,0.2,0.9416357278823853,0.13505633390719174,0.29102672467602075,0.38658225536346436,0.2257213565236679,0.18792541906865712,0.315162716656068,0.5192131400108337,384,30,"[8045, 2320, 5736, 926, 294, 262, 5009, 4216, 6440, 4770, 2977, 902, 3608, 2609, 4428, 6058, 7144, 5079, 7892, 7649, 4543, 816, 8042, 563, 4030, 5340, 4804, 179, 6043, 2806, 3890, 7992, 2670, 3781, 7170, 5707, 5406, 6985, 1029, 7774, 5568, 2714, 5478, 4890, 7828, 7981, 1686, 2499, 8162, 2043, 7531, 3208, 3124, 484, 8141, 4871, 6228, 5821, 7515, 3229, 1482, 7198, 2802, 105, 4426, 6768, 298, 3225, 3954, 5738, 1838, 2188, 4788, 1969, 4958, 5811, 2378, 7243, 6828, 1492, 4765, 5697, 7009, 450, 46, 2740, 2382, 148, 4985, 5495, 5631, 2848, 7866, 4516, 1425, 5575, 6629, 3460, 7068, 1862, 7697, 8163, 1739, 7433, 4339, 839, 2220, 855, 7176, 4077, 6917, 314, 7026, 3505, 5116, 5307, 2160, 7370, 6802, 3290, 6563, 2122, 3144, 2636, 6322, 5039, 6167, 6353]",0.9416357278823853,0.2257213565236679,0.33039785305935654,0.6257631778717041,0.5557425022125244,3968,/zhome/14/b/214266/Repos/ml-surrogates-for-power-systems/outputs/hpo_workflows/marker_directed_sm_avr_gov_v1_20260320_145448/refine/runs/cfg_00050_6bea723dc2/qbc/history.jsonl,128,8192,31,true,128,256,/zhome/14/b/214266/Repos/ml-surrogates-for-power-systems/outputs/hpo_workflows/marker_directed_sm_avr_gov_v1_20260320_145448/refine/runs/cfg_00050_6bea723dc2/run_manifest.json,active.candidate_method=lhs;;active.log_every=5;;active.marker.greedy_score_weight=0.7;;active.marker.include_anchor_state_markers=true;;active.marker.k_density=10;;active.marker.pca_explained_variance=0.9;;active.marker.preselect_factor=3;;active.marker.settling_fraction=0.05;;active.marker.weights.diversity=0.8;;active.marker.weights.sparsity=0.2;;qbc_K=128;;qbc_P=8192;;qbc_T=31;;qbc_enable_logging=true;;qbc_n0=128;;qbc_n_test=256,,
marker_directed_sm_avr_gov_v1,1,marker_directed,SM_AVR_GOV,default,refine,refinement_and_schedule_search,/zhome/14/b/214266/Repos/ml-surrogates-for-power-systems/outputs/hpo_workflows/marker_directed_sm_avr_gov_v1_20260320_145448/refine,cfg_00051_7ed3a0612c,51,/zhome/14/b/214266/Repos/ml-surrogates-for-power-systems/outputs/hpo_workflows/marker_directed_sm_avr_gov_v1_20260320_145448/refine/runs/cfg_00051_7ed3a0612c,,s02,b4096,thesis_marker_sm_avr_gov_hpo_refine,completed,0,True,final_eval_rmse,minimize,0.007082376898220553,0.007082376898220553,5.016006252844818e-05,81.22490429901518,74.6868005010183,0.0018547789950389415,4.222636841994245,2.239108474983368,0.0,0.04066990202409215,lhs,5,0.9,true,10,0.9,3,0.05,0.8,0.2,,,,,/zhome/14/b/214266/Repos/ml-surrogates-for-power-systems/outputs/hpo_workflows/marker_directed_sm_avr_gov_v1_20260320_145448/refine/runs/cfg_00051_7ed3a0612c/dataset_manifest.json,0.8,3,0.2,0.9702818989753723,0.1352540070353221,0.2875845656045424,0.34634488821029663,0.21728777762156767,0.18810249644776628,0.31542402129073277,0.4817938208580017,384,30,"[923, 409, 248, 1213, 1194, 1546, 1616, 126, 2031, 1815, 1975, 2038, 1472, 664, 84, 569, 834, 234, 1242, 1193, 1310, 1652, 1572, 855, 356, 1590, 24, 1852, 1008, 527, 515, 721, 1961, 329, 323, 1904, 1940, 651, 292, 1856, 60, 477, 487, 192, 519, 328, 495, 838, 609, 1648, 1783, 1110, 677, 1723, 464, 23, 685, 1032, 130, 791, 1637, 420, 1352, 1125, 1154, 1206, 1918, 1220, 1385, 1230, 853, 1041, 598, 636, 1798, 1237, 951, 1418, 866, 301, 1311, 1857, 1391, 775, 1128, 518, 1665, 940, 1936, 316, 1162, 442, 1530, 1533, 1568, 1492, 474, 2001, 11, 1963, 748, 1891, 274, 792, 141, 1541, 1799, 835, 602, 459, 1661, 1159, 307, 1413, 1124, 253, 1045, 104, 698, 710, 1938, 228, 497, 189, 252, 35, 200, 1057]",0.9702818989753723,0.21728777762156767,0.33152969890962275,0.5713552832603455,0.46765217185020447,3968,/zhome/14/b/214266/Repos/ml-surrogates-for-power-systems/outputs/hpo_workflows/marker_directed_sm_avr_gov_v1_20260320_145448/refine/runs/cfg_00051_7ed3a0612c/qbc/history.jsonl,128,2048,31,true,128,256,/zhome/14/b/214266/Repos/ml-surrogates-for-power-systems/outputs/hpo_workflows/marker_directed_sm_avr_gov_v1_20260320_145448/refine/runs/cfg_00051_7ed3a0612c/run_manifest.json,active.candidate_method=lhs;;active.log_every=5;;active.marker.greedy_score_weight=0.9;;active.marker.include_anchor_state_markers=true;;active.marker.k_density=10;;active.marker.pca_explained_variance=0.9;;active.marker.preselect_factor=3;;active.marker.settling_fraction=0.05;;active.marker.weights.diversity=0.8;;active.marker.weights.sparsity=0.2;;qbc_K=128;;qbc_P=2048;;qbc_T=31;;qbc_enable_logging=true;;qbc_n0=128;;qbc_n_test=256,,
marker_directed_sm_avr_gov_v1,1,marker_directed,SM_AVR_GOV,default,refine,refinement_and_schedule_search,/zhome/14/b/214266/Repos/ml-surrogates-for-power-systems/outputs/hpo_workflows/marker_directed_sm_avr_gov_v1_20260320_145448/refine,cfg_00052_5bea1ecf33,52,/zhome/14/b/214266/Repos/ml-surrogates-for-power-systems/outputs/hpo_workflows/marker_directed_sm_avr_gov_v1_20260320_145448/refine/runs/cfg_00052_5bea1ecf33,,s02,b4096,thesis_marker_sm_avr_gov_hpo_refine,completed,0,True,final_eval_rmse,minimize,0.006190865834159014,0.006190865834159014,3.8326819776557386e-05,84.99200615298469,73.62698358198395,0.0031793550006113946,8.38583414099412,2.906121695996262,0.0,0.03600878402357921,lhs,5,0.9,true,10,0.9,3,0.05,0.8,0.2,,,,,/zhome/14/b/214266/Repos/ml-surrogates-for-power-systems/outputs/hpo_workflows/marker_directed_sm_avr_gov_v1_20260320_145448/refine/runs/cfg_00052_5bea1ecf33/dataset_manifest.json,0.8,3,0.2,1.0,0.13629363453239107,0.28896859569767913,0.2780938148498535,0.22899735018755057,0.19049341681734502,0.31236579729399117,0.38659507036209106,384,30,"[3221, 169, 1415, 3277, 2000, 3529, 2043, 3059, 272, 1639, 592, 863, 1597, 2822, 3895, 1303, 2540, 3259, 1542, 3995, 688, 3973, 220, 999, 1966, 2606, 794, 1495, 3680, 1822, 2320, 3944, 124, 2146, 1155, 2652, 3546, 2583, 1434, 167, 1926, 1119, 1853, 2240, 2605, 2559, 2313, 330, 849, 380, 3650, 3323, 2499, 1277, 3577, 1815, 3513, 2163, 3679, 2892, 2991, 3893, 529, 2340, 638, 2038, 2966, 102, 219, 1078, 563, 2831, 2110, 2821, 3157, 1506, 249, 950, 2935, 3814, 3957, 3909, 3494, 3112, 1396, 622, 3173, 3329, 3297, 585, 3311, 3232, 2218, 352, 2723, 2727, 827, 3178, 3039, 173, 3999, 3781, 358, 806, 2078, 1551, 3275, 841, 3305, 2599, 1738, 16, 1794, 1026, 1027, 2372, 216, 4026, 411, 2878, 2412, 1632, 3551, 2363, 1287, 1756, 722, 1610]",1.0,0.22899735018755057,0.3311007095171492,0.4753221273422241,0.3919237554073334,3968,/zhome/14/b/214266/Repos/ml-surrogates-for-power-systems/outputs/hpo_workflows/marker_directed_sm_avr_gov_v1_20260320_145448/refine/runs/cfg_00052_5bea1ecf33/qbc/history.jsonl,128,4096,31,true,128,256,/zhome/14/b/214266/Repos/ml-surrogates-for-power-systems/outputs/hpo_workflows/marker_directed_sm_avr_gov_v1_20260320_145448/refine/runs/cfg_00052_5bea1ecf33/run_manifest.json,active.candidate_method=lhs;;active.log_every=5;;active.marker.greedy_score_weight=0.9;;active.marker.include_anchor_state_markers=true;;active.marker.k_density=10;;active.marker.pca_explained_variance=0.9;;active.marker.preselect_factor=3;;active.marker.settling_fraction=0.05;;active.marker.weights.diversity=0.8;;active.marker.weights.sparsity=0.2;;qbc_K=128;;qbc_P=4096;;qbc_T=31;;qbc_enable_logging=true;;qbc_n0=128;;qbc_n_test=256,,
marker_directed_sm_avr_gov_v1,1,marker_directed,SM_AVR_GOV,default,refine,refinement_and_schedule_search,/zhome/14/b/214266/Repos/ml-surrogates-for-power-systems/outputs/hpo_workflows/marker_directed_sm_avr_gov_v1_20260320_145448/refine,cfg_00053_a5abf3fcd2,53,/zhome/14/b/214266/Repos/ml-surrogates-for-power-systems/outputs/hpo_workflows/marker_directed_sm_avr_gov_v1_20260320_145448/refine/runs/cfg_00053_a5abf3fcd2,,s02,b4096,thesis_marker_sm_avr_gov_hpo_refine,completed,0,True,final_eval_rmse,minimize,0.006138693642774906,0.006138693642774906,3.7683559639845043e-05,94.51515540899709,73.41282671198132,0.005185046000406146,16.75190739799291,4.27887142097461,0.0,0.03112573697580956,lhs,5,0.9,true,10,0.9,3,0.05,0.8,0.2,,,,,/zhome/14/b/214266/Repos/ml-surrogates-for-power-systems/outputs/hpo_workflows/marker_directed_sm_avr_gov_v1_20260320_145448/refine/runs/cfg_00053_a5abf3fcd2/dataset_manifest.json,0.8,3,0.2,0.9385226368904114,0.1372879710985417,0.29176124498912426,0.41432803869247437,0.231931369400538,0.18855104035051742,0.31382677512632945,0.5506631731987,384,30,"[8045, 6994, 1492, 294, 2499, 2977, 3729, 6326, 5422, 6043, 957, 6058, 6035, 5340, 6159, 2320, 563, 5288, 1401, 5871, 7878, 7804, 5736, 3515, 484, 5845, 6172, 1384, 3910, 4688, 3290, 676, 902, 7144, 2207, 2909, 5384, 6626, 2127, 712, 6451, 3513, 4148, 1220, 4610, 5134, 1032, 6452, 6978, 7060, 744, 6916, 7673, 5109, 2277, 6345, 3992, 1159, 7249, 2501, 4101, 1846, 1709, 6848, 3197, 580, 2265, 4991, 6007, 3436, 3363, 3124, 4922, 2848, 6615, 1500, 6629, 1375, 6878, 1372, 7903, 5575, 7828, 1245, 4548, 846, 6823, 3617, 2714, 5568, 3746, 4868, 5136, 298, 1995, 5695, 2182, 1507, 5758, 1351, 1690, 2008, 4653, 3129, 7110, 1983, 4386, 3491, 3247, 7968, 8017, 1954, 262, 1075, 6191, 2012, 1092, 1421, 6422, 5616, 2194, 7370, 5721, 3824, 2881, 4071, 8184, 3760]",0.9385226368904114,0.231931369400538,0.3316741144842015,0.6769191026687622,0.5992326736450195,3968,/zhome/14/b/214266/Repos/ml-surrogates-for-power-systems/outputs/hpo_workflows/marker_directed_sm_avr_gov_v1_20260320_145448/refine/runs/cfg_00053_a5abf3fcd2/qbc/history.jsonl,128,8192,31,true,128,256,/zhome/14/b/214266/Repos/ml-surrogates-for-power-systems/outputs/hpo_workflows/marker_directed_sm_avr_gov_v1_20260320_145448/refine/runs/cfg_00053_a5abf3fcd2/run_manifest.json,active.candidate_method=lhs;;active.log_every=5;;active.marker.greedy_score_weight=0.9;;active.marker.include_anchor_state_markers=true;;active.marker.k_density=10;;active.marker.pca_explained_variance=0.9;;active.marker.preselect_factor=3;;active.marker.settling_fraction=0.05;;active.marker.weights.diversity=0.8;;active.marker.weights.sparsity=0.2;;qbc_K=128;;qbc_P=8192;;qbc_T=31;;qbc_enable_logging=true;;qbc_n0=128;;qbc_n_test=256,,
marker_directed_sm_avr_gov_v1,1,marker_directed,SM_AVR_GOV,default,refine,refinement_and_schedule_search,/zhome/14/b/214266/Repos/ml-surrogates-for-power-systems/outputs/hpo_workflows/marker_directed_sm_avr_gov_v1_20260320_145448/refine,cfg_00054_1c662ab8d8,54,/zhome/14/b/214266/Repos/ml-surrogates-for-power-systems/outputs/hpo_workflows/marker_directed_sm_avr_gov_v1_20260320_145448/refine/runs/cfg_00054_1c662ab8d8,,s02,b4096,thesis_marker_sm_avr_gov_hpo_refine,completed,0,True,final_eval_rmse,minimize,0.007489164270458368,0.007489164270458368,5.608758146991022e-05,80.50495304900687,74.0002462460252,0.002182863012421876,4.1860252150218,2.24202621699078,0.0,0.04047508799703792,lhs,5,0.7,true,20,0.9,3,0.05,0.8,0.2,,,,,/zhome/14/b/214266/Repos/ml-surrogates-for-power-systems/outputs/hpo_workflows/marker_directed_sm_avr_gov_v1_20260320_145448/refine/runs/cfg_00054_1c662ab8d8/dataset_manifest.json,0.8,3,0.2,0.9497622847557068,0.13478321217220676,0.367326465532358,0.3237757086753845,0.20964696657315746,0.1888946743322657,0.3984039028997636,0.45635801553726196,384,30,"[923, 1143, 1815, 784, 1841, 1194, 409, 1713, 1735, 1434, 126, 200, 1975, 523, 1433, 280, 664, 1775, 1568, 1242, 1193, 2038, 1940, 378, 1976, 820, 838, 1661, 1718, 613, 329, 677, 1472, 1144, 253, 88, 855, 328, 1799, 1163, 382, 323, 30, 1008, 518, 510, 234, 229, 1665, 1213, 1890, 947, 1866, 1836, 477, 1546, 218, 946, 1310, 1264, 248, 1770, 980, 356, 581, 515, 791, 74, 1110, 1829, 527, 1033, 909, 1395, 1565, 792, 1072, 143, 375, 806, 1295, 343, 1422, 316, 1689, 779, 644, 1935, 1637, 442, 853, 540, 1988, 408, 1918, 519, 1056, 1742, 240, 1545, 438, 609, 118, 1148, 1385, 1387, 1798, 1154, 972, 137, 1443, 1891, 803, 1244, 533, 104, 1051, 1133, 558, 983, 1319, 244, 278, 1556, 403, 1913, 1206, 2023]",0.9497622847557068,0.20964696657315746,0.41504447317915655,0.5326387882232666,0.4161123037338257,3968,/zhome/14/b/214266/Repos/ml-surrogates-for-power-systems/outputs/hpo_workflows/marker_directed_sm_avr_gov_v1_20260320_145448/refine/runs/cfg_00054_1c662ab8d8/qbc/history.jsonl,128,2048,31,true,128,256,/zhome/14/b/214266/Repos/ml-surrogates-for-power-systems/outputs/hpo_workflows/marker_directed_sm_avr_gov_v1_20260320_145448/refine/runs/cfg_00054_1c662ab8d8/run_manifest.json,active.candidate_method=lhs;;active.log_every=5;;active.marker.greedy_score_weight=0.7;;active.marker.include_anchor_state_markers=true;;active.marker.k_density=20;;active.marker.pca_explained_variance=0.9;;active.marker.preselect_factor=3;;active.marker.settling_fraction=0.05;;active.marker.weights.diversity=0.8;;active.marker.weights.sparsity=0.2;;qbc_K=128;;qbc_P=2048;;qbc_T=31;;qbc_enable_logging=true;;qbc_n0=128;;qbc_n_test=256,,
marker_directed_sm_avr_gov_v1,1,marker_directed,SM_AVR_GOV,default,refine,refinement_and_schedule_search,/zhome/14/b/214266/Repos/ml-surrogates-for-power-systems/outputs/hpo_workflows/marker_directed_sm_avr_gov_v1_20260320_145448/refine,cfg_00055_088933e9a5,55,/zhome/14/b/214266/Repos/ml-surrogates-for-power-systems/outputs/hpo_workflows/marker_directed_sm_avr_gov_v1_20260320_145448/refine/runs/cfg_00055_088933e9a5,,s02,b4096,thesis_marker_sm_avr_gov_hpo_refine,completed,0,True,final_eval_rmse,minimize,0.0072600411481192175,0.0072600411481192175,5.27081974723842e-05,85.84055967497989,74.28830992497387,0.003241530997911468,8.563098573999014,2.9138242400076706,0.0,0.03815204100101255,lhs,5,0.7,true,20,0.9,3,0.05,0.8,0.2,,,,,/zhome/14/b/214266/Repos/ml-surrogates-for-power-systems/outputs/hpo_workflows/marker_directed_sm_avr_gov_v1_20260320_145448/refine/runs/cfg_00055_088933e9a5/dataset_manifest.json,0.8,3,0.2,1.0,0.1342539438321131,0.36803929420482584,0.2525912821292877,0.22167895328265408,0.18824366849064378,0.39542439446142497,0.3605521619319916,384,30,"[3221, 2000, 2988, 3213, 3499, 1834, 169, 3508, 1415, 3059, 108, 1369, 915, 3346, 4061, 3250, 2723, 1597, 2822, 285, 2043, 2025, 177, 1372, 2606, 1822, 1931, 973, 3995, 1731, 399, 622, 2778, 118, 468, 3891, 653, 3650, 1835, 2789, 3895, 3754, 2966, 2859, 1661, 3361, 1131, 2042, 1161, 495, 849, 1310, 3726, 1119, 883, 556, 489, 2733, 2559, 1223, 124, 1083, 2755, 2620, 2714, 2355, 2313, 243, 2222, 1517, 3353, 3558, 216, 2849, 3551, 2991, 2412, 2571, 1137, 1880, 634, 1610, 3416, 2540, 3306, 3580, 3197, 3645, 2218, 283, 3507, 596, 106, 4038, 3840, 796, 2163, 2111, 1026, 2464, 3058, 4029, 187, 1986, 1317, 2040, 1588, 3915, 871, 2230, 2397, 2599, 2628, 1479, 959, 1349, 1966, 3783, 1707, 433, 2403, 2503, 1980, 890, 71, 1023, 3050, 3907]",1.0,0.22167895328265408,0.4174042738500807,0.4424198269844055,0.3643893003463745,3968,/zhome/14/b/214266/Repos/ml-surrogates-for-power-systems/outputs/hpo_workflows/marker_directed_sm_avr_gov_v1_20260320_145448/refine/runs/cfg_00055_088933e9a5/qbc/history.jsonl,128,4096,31,true,128,256,/zhome/14/b/214266/Repos/ml-surrogates-for-power-systems/outputs/hpo_workflows/marker_directed_sm_avr_gov_v1_20260320_145448/refine/runs/cfg_00055_088933e9a5/run_manifest.json,active.candidate_method=lhs;;active.log_every=5;;active.marker.greedy_score_weight=0.7;;active.marker.include_anchor_state_markers=true;;active.marker.k_density=20;;active.marker.pca_explained_variance=0.9;;active.marker.preselect_factor=3;;active.marker.settling_fraction=0.05;;active.marker.weights.diversity=0.8;;active.marker.weights.sparsity=0.2;;qbc_K=128;;qbc_P=4096;;qbc_T=31;;qbc_enable_logging=true;;qbc_n0=128;;qbc_n_test=256,,
marker_directed_sm_avr_gov_v1,1,marker_directed,SM_AVR_GOV,default,refine,refinement_and_schedule_search,/zhome/14/b/214266/Repos/ml-surrogates-for-power-systems/outputs/hpo_workflows/marker_directed_sm_avr_gov_v1_20260320_145448/refine,cfg_00056_b930ab2ac3,56,/zhome/14/b/214266/Repos/ml-surrogates-for-power-systems/outputs/hpo_workflows/marker_directed_sm_avr_gov_v1_20260320_145448/refine/runs/cfg_00056_b930ab2ac3,,s02,b4096,thesis_marker_sm_avr_gov_hpo_refine,completed,0,True,final_eval_rmse,minimize,0.01061621168003864,0.01061621168003864,0.00011270395043538883,95.24785197997699,74.13884075998794,0.005238695011939853,16.76777565901284,4.265736304019811,0.0,0.03543320301105268,lhs,5,0.7,true,20,0.9,3,0.05,0.8,0.2,,,,,/zhome/14/b/214266/Repos/ml-surrogates-for-power-systems/outputs/hpo_workflows/marker_directed_sm_avr_gov_v1_20260320_145448/refine/runs/cfg_00056_b930ab2ac3/dataset_manifest.json,0.8,3,0.2,0.8901410698890686,0.13594150647877412,0.37093364012802577,0.3557971119880676,0.2266425743306532,0.18854875626307652,0.39509366355513165,0.4960245192050934,384,30,"[8045, 2320, 5736, 3841, 294, 6228, 3729, 1375, 2058, 2621, 6058, 2977, 1492, 8141, 3851, 7834, 2279, 563, 1124, 6571, 7144, 7521, 6043, 3124, 6035, 7828, 5489, 1248, 4594, 5107, 4613, 2596, 1004, 5040, 1838, 5256, 3374, 1072, 7979, 4173, 6433, 268, 2714, 280, 2745, 12, 1451, 484, 3903, 1054, 6474, 6774, 2663, 861, 3561, 7921, 7074, 2569, 5409, 540, 11, 99, 4116, 3336, 1194, 4077, 6168, 2855, 6172, 4685, 7890, 5891, 1588, 1680, 7816, 538, 6481, 1229, 7210, 603, 5697, 3129, 2222, 386, 2883, 2255, 6402, 5595, 1814, 770, 7160, 5575, 7014, 1066, 290, 3087, 3117, 936, 4364, 5797, 3963, 7194, 3208, 6536, 454, 2366, 156, 6164, 3952, 3571, 6728, 3824, 8158, 3067, 574, 7749, 2531, 4566, 690, 4543, 6159, 744, 7171, 1351, 6828, 5228, 4071, 4674]",0.8901410698890686,0.2266425743306532,0.41088350637544563,0.6138219833374023,0.5352909564971924,3968,/zhome/14/b/214266/Repos/ml-surrogates-for-power-systems/outputs/hpo_workflows/marker_directed_sm_avr_gov_v1_20260320_145448/refine/runs/cfg_00056_b930ab2ac3/qbc/history.jsonl,128,8192,31,true,128,256,/zhome/14/b/214266/Repos/ml-surrogates-for-power-systems/outputs/hpo_workflows/marker_directed_sm_avr_gov_v1_20260320_145448/refine/runs/cfg_00056_b930ab2ac3/run_manifest.json,active.candidate_method=lhs;;active.log_every=5;;active.marker.greedy_score_weight=0.7;;active.marker.include_anchor_state_markers=true;;active.marker.k_density=20;;active.marker.pca_explained_variance=0.9;;active.marker.preselect_factor=3;;active.marker.settling_fraction=0.05;;active.marker.weights.diversity=0.8;;active.marker.weights.sparsity=0.2;;qbc_K=128;;qbc_P=8192;;qbc_T=31;;qbc_enable_logging=true;;qbc_n0=128;;qbc_n_test=256,,
marker_directed_sm_avr_gov_v1,1,marker_directed,SM_AVR_GOV,default,refine,refinement_and_schedule_search,/zhome/14/b/214266/Repos/ml-surrogates-for-power-systems/outputs/hpo_workflows/marker_directed_sm_avr_gov_v1_20260320_145448/refine,cfg_00057_55bb841620,57,/zhome/14/b/214266/Repos/ml-surrogates-for-power-systems/outputs/hpo_workflows/marker_directed_sm_avr_gov_v1_20260320_145448/refine/runs/cfg_00057_55bb841620,,s02,b4096,thesis_marker_sm_avr_gov_hpo_refine,completed,0,True,final_eval_rmse,minimize,0.006549544986167161,0.006549544986167161,4.289653952582739e-05,80.21647733901045,73.75109100199188,0.0017066369764506817,4.1504215100139845,2.240347999992082,0.0,0.03810456700739451,lhs,5,0.9,true,20,0.9,3,0.05,0.8,0.2,,,,,/zhome/14/b/214266/Repos/ml-surrogates-for-power-systems/outputs/hpo_workflows/marker_directed_sm_avr_gov_v1_20260320_145448/refine/runs/cfg_00057_55bb841620/dataset_manifest.json,0.8,3,0.2,0.9518836736679077,0.13463174354699012,0.3673347475079689,0.33786875009536743,0.216116127744634,0.1882360092909555,0.39868647301107396,0.4667630195617676,384,30,"[923, 409, 248, 60, 1194, 1735, 1322, 126, 1616, 1193, 1225, 2038, 1975, 664, 1472, 569, 519, 84, 1572, 234, 168, 855, 1940, 1213, 1783, 1471, 1206, 1665, 792, 651, 356, 515, 323, 980, 477, 1815, 1935, 1707, 1904, 1162, 189, 192, 328, 853, 1434, 1648, 1095, 23, 329, 101, 358, 791, 644, 301, 677, 1857, 956, 598, 274, 224, 896, 1661, 1154, 1637, 1381, 1798, 2001, 1418, 602, 947, 820, 670, 1492, 1880, 1982, 636, 246, 691, 1609, 438, 518, 1043, 28, 527, 635, 5, 1145, 495, 1713, 867, 1097, 1844, 292, 87, 1530, 1678, 1891, 307, 155, 984, 813, 573, 2037, 1122, 1528, 1279, 1936, 258, 1716, 1799, 632, 1790, 606, 186, 1895, 452, 2034, 459, 2023, 1774, 558, 104, 710, 610, 1463, 1882, 342, 1811]",0.9518836736679077,0.216116127744634,0.41301922451244877,0.5574500560760498,0.4564352035522461,3968,/zhome/14/b/214266/Repos/ml-surrogates-for-power-systems/outputs/hpo_workflows/marker_directed_sm_avr_gov_v1_20260320_145448/refine/runs/cfg_00057_55bb841620/qbc/history.jsonl,128,2048,31,true,128,256,/zhome/14/b/214266/Repos/ml-surrogates-for-power-systems/outputs/hpo_workflows/marker_directed_sm_avr_gov_v1_20260320_145448/refine/runs/cfg_00057_55bb841620/run_manifest.json,active.candidate_method=lhs;;active.log_every=5;;active.marker.greedy_score_weight=0.9;;active.marker.include_anchor_state_markers=true;;active.marker.k_density=20;;active.marker.pca_explained_variance=0.9;;active.marker.preselect_factor=3;;active.marker.settling_fraction=0.05;;active.marker.weights.diversity=0.8;;active.marker.weights.sparsity=0.2;;qbc_K=128;;qbc_P=2048;;qbc_T=31;;qbc_enable_logging=true;;qbc_n0=128;;qbc_n_test=256,,
marker_directed_sm_avr_gov_v1,1,marker_directed,SM_AVR_GOV,default,refine,refinement_and_schedule_search,/zhome/14/b/214266/Repos/ml-surrogates-for-power-systems/outputs/hpo_workflows/marker_directed_sm_avr_gov_v1_20260320_145448/refine,cfg_00058_3a59b3f698,58,/zhome/14/b/214266/Repos/ml-surrogates-for-power-systems/outputs/hpo_workflows/marker_directed_sm_avr_gov_v1_20260320_145448/refine/runs/cfg_00058_3a59b3f698,,s02,b4096,thesis_marker_sm_avr_gov_hpo_refine,completed,0,True,final_eval_rmse,minimize,0.007050166888397268,0.007050166888397268,4.9704853154253215e-05,86.35423898600857,74.89692984201247,0.0031789339846000075,8.449632576986915,2.9335913399991114,0.0,0.03685231599956751,lhs,5,0.9,true,20,0.9,3,0.05,0.8,0.2,,,,,/zhome/14/b/214266/Repos/ml-surrogates-for-power-systems/outputs/hpo_workflows/marker_directed_sm_avr_gov_v1_20260320_145448/refine/runs/cfg_00058_3a59b3f698/dataset_manifest.json,0.8,3,0.2,1.0,0.13497596927899638,0.3686563260170276,0.26498663425445557,0.22814280746793433,0.19026078352744763,0.39599341253739617,0.37445712089538574,384,30,"[3221, 169, 124, 1415, 2000, 2078, 3275, 3277, 1639, 2540, 999, 711, 2599, 3039, 1597, 2822, 1931, 2499, 272, 3995, 167, 220, 3944, 3592, 3529, 3669, 3650, 592, 3680, 2529, 2340, 1738, 419, 3259, 387, 3272, 3393, 1767, 1853, 2768, 2559, 2218, 3845, 849, 2025, 1795, 2778, 2313, 1799, 2043, 1610, 2940, 1447, 3298, 3917, 1119, 2583, 3072, 3805, 1963, 3840, 3768, 1155, 1209, 821, 4007, 251, 2163, 2966, 638, 495, 493, 3891, 1822, 2849, 2038, 3909, 4061, 1027, 1855, 3580, 3024, 2922, 1966, 100, 1125, 1409, 634, 2158, 3059, 840, 3494, 3349, 1443, 3888, 653, 1551, 3628, 1620, 16, 2108, 3157, 284, 469, 1074, 3551, 884, 2515, 2177, 3268, 1055, 2124, 955, 2024, 2434, 3693, 2973, 12, 2620, 664, 499, 3128, 2053, 544, 980, 216, 2827, 1678]",1.0,0.22814280746793433,0.41323620033780145,0.46124956011772156,0.3831738233566284,3968,/zhome/14/b/214266/Repos/ml-surrogates-for-power-systems/outputs/hpo_workflows/marker_directed_sm_avr_gov_v1_20260320_145448/refine/runs/cfg_00058_3a59b3f698/qbc/history.jsonl,128,4096,31,true,128,256,/zhome/14/b/214266/Repos/ml-surrogates-for-power-systems/outputs/hpo_workflows/marker_directed_sm_avr_gov_v1_20260320_145448/refine/runs/cfg_00058_3a59b3f698/run_manifest.json,active.candidate_method=lhs;;active.log_every=5;;active.marker.greedy_score_weight=0.9;;active.marker.include_anchor_state_markers=true;;active.marker.k_density=20;;active.marker.pca_explained_variance=0.9;;active.marker.preselect_factor=3;;active.marker.settling_fraction=0.05;;active.marker.weights.diversity=0.8;;active.marker.weights.sparsity=0.2;;qbc_K=128;;qbc_P=4096;;qbc_T=31;;qbc_enable_logging=true;;qbc_n0=128;;qbc_n_test=256,,
marker_directed_sm_avr_gov_v1,1,marker_directed,SM_AVR_GOV,default,refine,refinement_and_schedule_search,/zhome/14/b/214266/Repos/ml-surrogates-for-power-systems/outputs/hpo_workflows/marker_directed_sm_avr_gov_v1_20260320_145448/refine,cfg_00059_24f14dbe9a,59,/zhome/14/b/214266/Repos/ml-surrogates-for-power-systems/outputs/hpo_workflows/marker_directed_sm_avr_gov_v1_20260320_145448/refine/runs/cfg_00059_24f14dbe9a,,s02,b4096,thesis_marker_sm_avr_gov_hpo_refine,completed,0,True,final_eval_rmse,minimize,0.006267683430533277,0.006267683430533277,3.928385558538139e-05,94.8228580050054,73.49115411899402,0.005103096016682684,16.983173880988033,4.273843967996072,0.0,0.03474659798666835,lhs,5,0.9,true,20,0.9,3,0.05,0.8,0.2,,,,,/zhome/14/b/214266/Repos/ml-surrogates-for-power-systems/outputs/hpo_workflows/marker_directed_sm_avr_gov_v1_20260320_145448/refine/runs/cfg_00059_24f14dbe9a/dataset_manifest.json,0.8,3,0.2,0.9114325046539307,0.1368857176008196,0.3720346586992801,0.3901935815811157,0.23554472810900484,0.1893098470529712,0.39684049879907135,0.5292637348175049,384,30,"[8045, 6994, 3085, 294, 6007, 2320, 5009, 2977, 3729, 6035, 455, 6058, 2059, 6043, 563, 7454, 7823, 6693, 1838, 5736, 7198, 6768, 5193, 535, 4594, 8162, 1482, 2609, 484, 4940, 3781, 8151, 1698, 7834, 5012, 7756, 1444, 5845, 2173, 3910, 2157, 1170, 5718, 6474, 2248, 3513, 1492, 1401, 7416, 5442, 1384, 4220, 855, 2596, 3746, 1175, 5468, 3847, 6172, 6188, 5553, 6728, 1507, 5926, 6842, 8069, 470, 495, 4641, 6159, 1741, 6228, 6723, 712, 1361, 4731, 386, 5575, 5341, 5598, 3986, 1022, 1378, 1690, 446, 5568, 6378, 2134, 5180, 861, 744, 7495, 3617, 2531, 399, 3111, 7479, 1262, 2076, 2122, 4271, 2714, 1194, 3430, 6816, 6387, 3442, 1236, 1814, 2182, 7170, 6245, 7956, 188, 1351, 645, 494, 2081, 3838, 4077, 4071, 147, 5169, 903, 5532, 3652, 1124, 4090]",0.9114325046539307,0.23554472810900484,0.4218301005127967,0.6676111817359924,0.5769619345664978,3968,/zhome/14/b/214266/Repos/ml-surrogates-for-power-systems/outputs/hpo_workflows/marker_directed_sm_avr_gov_v1_20260320_145448/refine/runs/cfg_00059_24f14dbe9a/qbc/history.jsonl,128,8192,31,true,128,256,/zhome/14/b/214266/Repos/ml-surrogates-for-power-systems/outputs/hpo_workflows/marker_directed_sm_avr_gov_v1_20260320_145448/refine/runs/cfg_00059_24f14dbe9a/run_manifest.json,active.candidate_method=lhs;;active.log_every=5;;active.marker.greedy_score_weight=0.9;;active.marker.include_anchor_state_markers=true;;active.marker.k_density=20;;active.marker.pca_explained_variance=0.9;;active.marker.preselect_factor=3;;active.marker.settling_fraction=0.05;;active.marker.weights.diversity=0.8;;active.marker.weights.sparsity=0.2;;qbc_K=128;;qbc_P=8192;;qbc_T=31;;qbc_enable_logging=true;;qbc_n0=128;;qbc_n_test=256,,
marker_directed_sm_avr_gov_v1,1,marker_directed,SM_AVR_GOV,default,refine,refinement_and_schedule_search,/zhome/14/b/214266/Repos/ml-surrogates-for-power-systems/outputs/hpo_workflows/marker_directed_sm_avr_gov_v1_20260320_145448/refine,cfg_00060_2a767331f3,60,/zhome/14/b/214266/Repos/ml-surrogates-for-power-systems/outputs/hpo_workflows/marker_directed_sm_avr_gov_v1_20260320_145448/refine/runs/cfg_00060_2a767331f3,,s02,b4096,thesis_marker_sm_avr_gov_hpo_refine,completed,0,True,final_eval_rmse,minimize,0.007830885026775291,0.007830885026775291,6.132276030257344e-05,81.07398283298244,74.4638207530079,0.001566133025335148,4.279902079986641,2.254296983999666,0.0,0.040428270993288606,lhs,5,0.7,true,10,0.95,3,0.05,0.8,0.2,,,,,/zhome/14/b/214266/Repos/ml-surrogates-for-power-systems/outputs/hpo_workflows/marker_directed_sm_avr_gov_v1_20260320_145448/refine/runs/cfg_00060_2a767331f3/dataset_manifest.json,0.8,4,0.2,0.9130170941352844,0.2009857601665594,0.3954521703906637,0.3453545570373535,0.3051836257654892,0.27586078891565224,0.4344831992770819,0.4781992435455322,384,30,"[126, 31, 1678, 1598, 1194, 1590, 328, 409, 1874, 1940, 923, 1856, 1546, 1665, 546, 1530, 680, 664, 253, 1635, 2029, 264, 1149, 1531, 1056, 515, 667, 533, 1799, 404, 569, 411, 626, 1388, 928, 801, 1713, 1291, 2032, 41, 946, 33, 1805, 244, 640, 1166, 1325, 1298, 2038, 192, 480, 1977, 1156, 231, 1434, 477, 634, 657, 1721, 855, 298, 1426, 1545, 1627, 56, 1046, 1558, 637, 1704, 756, 916, 1881, 835, 1295, 1750, 29, 772, 629, 1860, 255, 323, 1310, 1280, 1057, 431, 1586, 1643, 258, 198, 1297, 1962, 977, 168, 280, 1104, 354, 234, 1954, 656, 467, 1408, 1058, 1783, 356, 316, 21, 1965, 1012, 1162, 540, 165, 317, 1975, 1204, 813, 1701, 820, 1363, 1931, 1405, 523, 405, 583, 1483, 512, 1942, 1072, 791]",0.9130170941352844,0.3051836257654892,0.4605772265497672,0.5457955598831177,0.4379831552505493,3968,/zhome/14/b/214266/Repos/ml-surrogates-for-power-systems/outputs/hpo_workflows/marker_directed_sm_avr_gov_v1_20260320_145448/refine/runs/cfg_00060_2a767331f3/qbc/history.jsonl,128,2048,31,true,128,256,/zhome/14/b/214266/Repos/ml-surrogates-for-power-systems/outputs/hpo_workflows/marker_directed_sm_avr_gov_v1_20260320_145448/refine/runs/cfg_00060_2a767331f3/run_manifest.json,active.candidate_method=lhs;;active.log_every=5;;active.marker.greedy_score_weight=0.7;;active.marker.include_anchor_state_markers=true;;active.marker.k_density=10;;active.marker.pca_explained_variance=0.95;;active.marker.preselect_factor=3;;active.marker.settling_fraction=0.05;;active.marker.weights.diversity=0.8;;active.marker.weights.sparsity=0.2;;qbc_K=128;;qbc_P=2048;;qbc_T=31;;qbc_enable_logging=true;;qbc_n0=128;;qbc_n_test=256,,
marker_directed_sm_avr_gov_v1,1,marker_directed,SM_AVR_GOV,default,refine,refinement_and_schedule_search,/zhome/14/b/214266/Repos/ml-surrogates-for-power-systems/outputs/hpo_workflows/marker_directed_sm_avr_gov_v1_20260320_145448/refine,cfg_00061_afd9ac6fd0,61,/zhome/14/b/214266/Repos/ml-surrogates-for-power-systems/outputs/hpo_workflows/marker_directed_sm_avr_gov_v1_20260320_145448/refine/runs/cfg_00061_afd9ac6fd0,,s02,b4096,thesis_marker_sm_avr_gov_hpo_refine,completed,0,True,final_eval_rmse,minimize,0.006420159864011099,0.006420159864011099,4.1218452679459006e-05,85.3385539430019,73.90602236799896,0.002391707996139303,8.433978804998333,2.925428093993105,0.0,0.03676860098494217,lhs,5,0.7,true,10,0.95,3,0.05,0.8,0.2,,,,,/zhome/14/b/214266/Repos/ml-surrogates-for-power-systems/outputs/hpo_workflows/marker_directed_sm_avr_gov_v1_20260320_145448/refine/runs/cfg_00061_afd9ac6fd0/dataset_manifest.json,0.8,4,0.2,0.9556118845939636,0.20509914073535435,0.3992360961324386,0.24743637442588806,0.3209687734082998,0.28090461487839735,0.43587329227501637,0.3406740427017212,384,30,"[169, 3221, 3590, 3731, 246, 108, 3275, 332, 2000, 381, 1040, 119, 3508, 2251, 3047, 999, 217, 220, 2835, 124, 2323, 2988, 822, 2376, 3307, 3942, 1597, 2733, 1444, 3428, 973, 2442, 1355, 2070, 2338, 3133, 849, 470, 1119, 26, 4055, 2574, 815, 1046, 2584, 2573, 1415, 3277, 2154, 1729, 2878, 774, 3891, 863, 3107, 1835, 1191, 616, 1472, 422, 3334, 1283, 1731, 741, 1799, 1, 2043, 1490, 3061, 778, 3774, 147, 2453, 469, 2128, 1834, 1837, 120, 3630, 1908, 3554, 285, 840, 1575, 535, 3411, 1765, 3149, 4073, 3842, 877, 2540, 1264, 1501, 260, 1866, 651, 3360, 187, 3232, 1673, 2482, 515, 3888, 3957, 3883, 1387, 1439, 2630, 137, 428, 3195, 3455, 953, 3282, 1235, 514, 2218, 1167, 3562, 1155, 8, 1236, 2451, 883, 211, 173, 3050]",0.9556118845939636,0.3209687734082998,0.4611043331188539,0.4018157720565796,0.3434116840362549,3968,/zhome/14/b/214266/Repos/ml-surrogates-for-power-systems/outputs/hpo_workflows/marker_directed_sm_avr_gov_v1_20260320_145448/refine/runs/cfg_00061_afd9ac6fd0/qbc/history.jsonl,128,4096,31,true,128,256,/zhome/14/b/214266/Repos/ml-surrogates-for-power-systems/outputs/hpo_workflows/marker_directed_sm_avr_gov_v1_20260320_145448/refine/runs/cfg_00061_afd9ac6fd0/run_manifest.json,active.candidate_method=lhs;;active.log_every=5;;active.marker.greedy_score_weight=0.7;;active.marker.include_anchor_state_markers=true;;active.marker.k_density=10;;active.marker.pca_explained_variance=0.95;;active.marker.preselect_factor=3;;active.marker.settling_fraction=0.05;;active.marker.weights.diversity=0.8;;active.marker.weights.sparsity=0.2;;qbc_K=128;;qbc_P=4096;;qbc_T=31;;qbc_enable_logging=true;;qbc_n0=128;;qbc_n_test=256,,
marker_directed_sm_avr_gov_v1,1,marker_directed,SM_AVR_GOV,default,refine,refinement_and_schedule_search,/zhome/14/b/214266/Repos/ml-surrogates-for-power-systems/outputs/hpo_workflows/marker_directed_sm_avr_gov_v1_20260320_145448/refine,cfg_00062_5fe7b10e76,62,/zhome/14/b/214266/Repos/ml-surrogates-for-power-systems/outputs/hpo_workflows/marker_directed_sm_avr_gov_v1_20260320_145448/refine/runs/cfg_00062_5fe7b10e76,,s02,b4096,thesis_marker_sm_avr_gov_hpo_refine,completed,0,True,final_eval_rmse,minimize,0.0065222354740858525,0.0065222354740858525,4.2539555579423904e-05,94.45050545502454,73.31912683998235,0.005184465990168974,16.785655090992805,4.269035384990275,0.0,0.036837185005424544,lhs,5,0.7,true,10,0.95,3,0.05,0.8,0.2,,,,,/zhome/14/b/214266/Repos/ml-surrogates-for-power-systems/outputs/hpo_workflows/marker_directed_sm_avr_gov_v1_20260320_145448/refine/runs/cfg_00062_5fe7b10e76/dataset_manifest.json,0.8,4,0.2,0.9080284237861633,0.2079316309800966,0.40628038536195615,0.4019917845726013,0.3325505389477013,0.28179330248809825,0.44068912463639676,0.5413468480110168,384,30,"[6099, 1926, 902, 404, 742, 169, 294, 6325, 1351, 5736, 991, 6621, 3238, 7544, 2621, 973, 2557, 8111, 1937, 1190, 8042, 6524, 2977, 1632, 7025, 4603, 1866, 5666, 653, 6106, 6823, 6986, 4306, 4444, 4958, 2971, 5926, 1056, 4048, 2677, 3490, 6598, 2502, 3987, 2311, 5321, 7215, 2989, 3939, 4940, 4063, 5371, 4338, 554, 1497, 2127, 1516, 8045, 3110, 3862, 5009, 5416, 5678, 5576, 1401, 7467, 548, 7968, 4538, 4966, 6177, 2009, 4451, 4040, 7519, 3481, 3491, 5031, 5384, 4886, 301, 855, 3895, 7674, 5583, 1529, 676, 6784, 8180, 6228, 3085, 1698, 6105, 247, 5884, 3352, 3513, 7890, 4010, 6984, 4436, 1282, 2076, 1175, 273, 7243, 3109, 6451, 2096, 5427, 2005, 2180, 910, 4611, 14, 6256, 7827, 5917, 1915, 6058, 6936, 7083, 5453, 2420, 7725, 6880, 1669, 5722]",0.9080284237861633,0.3325505389477013,0.4624787537717234,0.6598195433616638,0.580588161945343,3968,/zhome/14/b/214266/Repos/ml-surrogates-for-power-systems/outputs/hpo_workflows/marker_directed_sm_avr_gov_v1_20260320_145448/refine/runs/cfg_00062_5fe7b10e76/qbc/history.jsonl,128,8192,31,true,128,256,/zhome/14/b/214266/Repos/ml-surrogates-for-power-systems/outputs/hpo_workflows/marker_directed_sm_avr_gov_v1_20260320_145448/refine/runs/cfg_00062_5fe7b10e76/run_manifest.json,active.candidate_method=lhs;;active.log_every=5;;active.marker.greedy_score_weight=0.7;;active.marker.include_anchor_state_markers=true;;active.marker.k_density=10;;active.marker.pca_explained_variance=0.95;;active.marker.preselect_factor=3;;active.marker.settling_fraction=0.05;;active.marker.weights.diversity=0.8;;active.marker.weights.sparsity=0.2;;qbc_K=128;;qbc_P=8192;;qbc_T=31;;qbc_enable_logging=true;;qbc_n0=128;;qbc_n_test=256,,
marker_directed_sm_avr_gov_v1,1,marker_directed,SM_AVR_GOV,default,refine,refinement_and_schedule_search,/zhome/14/b/214266/Repos/ml-surrogates-for-power-systems/outputs/hpo_workflows/marker_directed_sm_avr_gov_v1_20260320_145448/refine,cfg_00063_823dc2d8ae,63,/zhome/14/b/214266/Repos/ml-surrogates-for-power-systems/outputs/hpo_workflows/marker_directed_sm_avr_gov_v1_20260320_145448/refine/runs/cfg_00063_823dc2d8ae,,s02,b4096,thesis_marker_sm_avr_gov_hpo_refine,completed,0,True,final_eval_rmse,minimize,0.007799609873341622,0.007799609873341622,6.083391417632811e-05,80.3439020899823,73.87770326100872,0.001667281991103664,4.1516311499872245,2.242337349016452,0.0,0.03655937302391976,lhs,5,0.9,true,10,0.95,3,0.05,0.8,0.2,,,,,/zhome/14/b/214266/Repos/ml-surrogates-for-power-systems/outputs/hpo_workflows/marker_directed_sm_avr_gov_v1_20260320_145448/refine/runs/cfg_00063_823dc2d8ae/dataset_manifest.json,0.8,4,0.2,0.9195917844772339,0.20085359259500873,0.3974752737331415,0.334330677986145,0.31228739388485527,0.27459739395590615,0.43623034876564687,0.4657360911369324,384,30,"[126, 409, 1874, 328, 1678, 1194, 664, 937, 561, 680, 253, 1531, 1940, 1799, 923, 1871, 1975, 232, 1426, 1213, 1469, 554, 862, 640, 1693, 1891, 688, 1364, 903, 165, 1557, 419, 533, 969, 427, 1713, 1533, 2038, 1162, 1530, 1388, 626, 617, 583, 474, 90, 1144, 431, 88, 1766, 1472, 606, 1856, 703, 954, 629, 1987, 371, 1665, 1214, 1580, 855, 1346, 758, 1130, 582, 1881, 928, 1166, 656, 1156, 1329, 2032, 1405, 1721, 1297, 1931, 1537, 995, 1243, 82, 1270, 16, 411, 1267, 91, 872, 1363, 198, 751, 719, 1711, 356, 820, 314, 777, 323, 166, 33, 990, 1172, 569, 518, 318, 741, 1725, 116, 1034, 1579, 1282, 681, 288, 1455, 1146, 1391, 1682, 1483, 56, 1211, 698, 196, 264, 1622, 890, 685, 1503, 1312, 728]",0.9195917844772339,0.31228739388485527,0.4584181377724045,0.5504321455955505,0.44366973638534546,3968,/zhome/14/b/214266/Repos/ml-surrogates-for-power-systems/outputs/hpo_workflows/marker_directed_sm_avr_gov_v1_20260320_145448/refine/runs/cfg_00063_823dc2d8ae/qbc/history.jsonl,128,2048,31,true,128,256,/zhome/14/b/214266/Repos/ml-surrogates-for-power-systems/outputs/hpo_workflows/marker_directed_sm_avr_gov_v1_20260320_145448/refine/runs/cfg_00063_823dc2d8ae/run_manifest.json,active.candidate_method=lhs;;active.log_every=5;;active.marker.greedy_score_weight=0.9;;active.marker.include_anchor_state_markers=true;;active.marker.k_density=10;;active.marker.pca_explained_variance=0.95;;active.marker.preselect_factor=3;;active.marker.settling_fraction=0.05;;active.marker.weights.diversity=0.8;;active.marker.weights.sparsity=0.2;;qbc_K=128;;qbc_P=2048;;qbc_T=31;;qbc_enable_logging=true;;qbc_n0=128;;qbc_n_test=256,,
marker_directed_sm_avr_gov_v1,1,marker_directed,SM_AVR_GOV,default,refine,refinement_and_schedule_search,/zhome/14/b/214266/Repos/ml-surrogates-for-power-systems/outputs/hpo_workflows/marker_directed_sm_avr_gov_v1_20260320_145448/refine,cfg_00064_c45079cbe0,64,/zhome/14/b/214266/Repos/ml-surrogates-for-power-systems/outputs/hpo_workflows/marker_directed_sm_avr_gov_v1_20260320_145448/refine/runs/cfg_00064_c45079cbe0,,s02,b4096,thesis_marker_sm_avr_gov_hpo_refine,completed,0,True,final_eval_rmse,minimize,0.006629357240667107,0.006629357240667107,4.39483774243854e-05,86.57671919799759,74.9254241400049,0.0031649199954699725,8.646743562014308,2.9302352069935296,0.0,0.03733085800195113,lhs,5,0.9,true,10,0.95,3,0.05,0.8,0.2,,,,,/zhome/14/b/214266/Repos/ml-surrogates-for-power-systems/outputs/hpo_workflows/marker_directed_sm_avr_gov_v1_20260320_145448/refine/runs/cfg_00064_c45079cbe0/dataset_manifest.json,0.8,4,0.2,0.9736932516098022,0.20585803299324834,0.40066119868837846,0.24435894191265106,0.3272715923168092,0.27757832225228407,0.43826357300992824,0.33398526906967163,384,30,"[169, 3221, 1553, 2000, 815, 1822, 108, 956, 1155, 1834, 2222, 50, 1853, 2988, 849, 3213, 1439, 467, 1931, 1837, 1518, 2876, 2665, 4038, 2338, 2313, 3393, 223, 1060, 3522, 25, 1415, 2022, 3149, 1563, 2670, 3921, 2838, 1795, 1603, 2078, 124, 2218, 31, 2132, 2627, 2434, 2573, 3874, 1597, 1714, 3995, 269, 3630, 387, 2211, 220, 494, 2943, 840, 3360, 1800, 3061, 246, 594, 2244, 2437, 1385, 717, 3931, 1124, 2162, 3406, 2559, 1523, 1283, 1678, 1736, 211, 428, 1228, 2700, 2529, 1873, 1490, 1505, 367, 2750, 1119, 2376, 740, 3272, 3854, 181, 2786, 3513, 2409, 2981, 822, 3050, 616, 3232, 2074, 1198, 1613, 949, 2776, 1147, 926, 256, 2163, 2318, 2574, 2540, 3893, 3477, 381, 3111, 336, 3408, 1380, 1916, 2148, 1440, 2356, 1, 2696, 1671]",0.9736932516098022,0.3272715923168092,0.46266938037286354,0.4071510434150696,0.3396722972393036,3968,/zhome/14/b/214266/Repos/ml-surrogates-for-power-systems/outputs/hpo_workflows/marker_directed_sm_avr_gov_v1_20260320_145448/refine/runs/cfg_00064_c45079cbe0/qbc/history.jsonl,128,4096,31,true,128,256,/zhome/14/b/214266/Repos/ml-surrogates-for-power-systems/outputs/hpo_workflows/marker_directed_sm_avr_gov_v1_20260320_145448/refine/runs/cfg_00064_c45079cbe0/run_manifest.json,active.candidate_method=lhs;;active.log_every=5;;active.marker.greedy_score_weight=0.9;;active.marker.include_anchor_state_markers=true;;active.marker.k_density=10;;active.marker.pca_explained_variance=0.95;;active.marker.preselect_factor=3;;active.marker.settling_fraction=0.05;;active.marker.weights.diversity=0.8;;active.marker.weights.sparsity=0.2;;qbc_K=128;;qbc_P=4096;;qbc_T=31;;qbc_enable_logging=true;;qbc_n0=128;;qbc_n_test=256,,
marker_directed_sm_avr_gov_v1,1,marker_directed,SM_AVR_GOV,default,refine,refinement_and_schedule_search,/zhome/14/b/214266/Repos/ml-surrogates-for-power-systems/outputs/hpo_workflows/marker_directed_sm_avr_gov_v1_20260320_145448/refine,cfg_00065_25c663b610,65,/zhome/14/b/214266/Repos/ml-surrogates-for-power-systems/outputs/hpo_workflows/marker_directed_sm_avr_gov_v1_20260320_145448/refine/runs/cfg_00065_25c663b610,,s02,b4096,thesis_marker_sm_avr_gov_hpo_refine,completed,0,True,final_eval_rmse,minimize,0.012437212472443886,0.012437212472443886,0.00015468425408471376,95.08992297301302,73.63427725998918,0.00486204499611631,17.12034546097857,4.263033305003773,0.0,0.03323376001208089,lhs,5,0.9,true,10,0.95,3,0.05,0.8,0.2,,,,,/zhome/14/b/214266/Repos/ml-surrogates-for-power-systems/outputs/hpo_workflows/marker_directed_sm_avr_gov_v1_20260320_145448/refine/runs/cfg_00065_25c663b610/dataset_manifest.json,0.8,4,0.2,0.9161280393600464,0.20885756487322976,0.4072010431479418,0.47600865364074707,0.33566746935163855,0.2821427888455319,0.4413953167883849,0.6283589005470276,384,30,"[2621, 5371, 5736, 7627, 1625, 991, 4099, 2977, 1056, 4633, 2052, 3684, 4992, 7208, 2635, 8025, 3513, 902, 1351, 2963, 169, 630, 3000, 5236, 6524, 2559, 7471, 5357, 7142, 1194, 8045, 6607, 6168, 3551, 5080, 5917, 6930, 6994, 6160, 3591, 5571, 7275, 7385, 2661, 116, 6547, 6767, 7841, 5416, 1926, 5873, 491, 7227, 6481, 3110, 1607, 1769, 135, 1497, 2515, 4990, 5409, 7374, 2265, 2009, 1024, 5273, 7890, 4181, 5454, 1532, 2160, 7823, 6120, 6742, 6405, 5997, 1151, 6058, 3434, 3922, 3894, 1724, 2883, 784, 4553, 240, 663, 666, 5528, 2434, 6458, 6206, 7129, 4794, 5728, 6986, 3169, 7706, 7610, 6007, 3895, 6652, 5009, 6256, 6252, 4116, 5405, 7889, 2588, 167, 6347, 2064, 4741, 5729, 5991, 5501, 40, 5251, 3004, 3242, 2725, 4979, 6513, 676, 788, 1282, 987]",0.9161280393600464,0.33566746935163855,0.4603612285533688,0.753630518913269,0.6708362698554993,3968,/zhome/14/b/214266/Repos/ml-surrogates-for-power-systems/outputs/hpo_workflows/marker_directed_sm_avr_gov_v1_20260320_145448/refine/runs/cfg_00065_25c663b610/qbc/history.jsonl,128,8192,31,true,128,256,/zhome/14/b/214266/Repos/ml-surrogates-for-power-systems/outputs/hpo_workflows/marker_directed_sm_avr_gov_v1_20260320_145448/refine/runs/cfg_00065_25c663b610/run_manifest.json,active.candidate_method=lhs;;active.log_every=5;;active.marker.greedy_score_weight=0.9;;active.marker.include_anchor_state_markers=true;;active.marker.k_density=10;;active.marker.pca_explained_variance=0.95;;active.marker.preselect_factor=3;;active.marker.settling_fraction=0.05;;active.marker.weights.diversity=0.8;;active.marker.weights.sparsity=0.2;;qbc_K=128;;qbc_P=8192;;qbc_T=31;;qbc_enable_logging=true;;qbc_n0=128;;qbc_n_test=256,,
marker_directed_sm_avr_gov_v1,1,marker_directed,SM_AVR_GOV,default,refine,refinement_and_schedule_search,/zhome/14/b/214266/Repos/ml-surrogates-for-power-systems/outputs/hpo_workflows/marker_directed_sm_avr_gov_v1_20260320_145448/refine,cfg_00066_4d05970b3d,66,/zhome/14/b/214266/Repos/ml-surrogates-for-power-systems/outputs/hpo_workflows/marker_directed_sm_avr_gov_v1_20260320_145448/refine/runs/cfg_00066_4d05970b3d,,s02,b4096,thesis_marker_sm_avr_gov_hpo_refine,completed,0,True,final_eval_rmse,minimize,0.019230118583483675,0.019230118583483675,0.0003697974607348442,81.82218108401867,75.24757125799078,0.0018121960165444762,4.2534231809841,2.2450904519937467,0.0,0.04045769298681989,lhs,5,0.7,true,20,0.95,3,0.05,0.8,0.2,,,,,/zhome/14/b/214266/Repos/ml-surrogates-for-power-systems/outputs/hpo_workflows/marker_directed_sm_avr_gov_v1_20260320_145448/refine/runs/cfg_00066_4d05970b3d/dataset_manifest.json,0.8,4,0.2,0.9302098751068115,0.2025004154332771,0.4935676509654651,0.34957095980644226,0.3054948495605885,0.2759035296776953,0.5394952957984072,0.47521671652793884,384,30,"[126, 1143, 1433, 626, 1799, 1874, 1940, 1156, 1678, 923, 1194, 314, 583, 1530, 1244, 661, 1242, 1612, 428, 664, 1956, 808, 431, 848, 2029, 1276, 280, 1145, 111, 1531, 928, 680, 554, 2032, 1766, 657, 2038, 128, 1404, 298, 328, 740, 282, 1225, 1856, 1331, 409, 189, 57, 855, 1975, 1936, 295, 198, 703, 307, 130, 110, 852, 1587, 1809, 1472, 1184, 678, 1682, 916, 896, 1599, 787, 772, 640, 1396, 60, 168, 323, 791, 1627, 80, 523, 1601, 462, 688, 1162, 1426, 1165, 1046, 1948, 995, 977, 219, 861, 1195, 225, 1422, 1455, 656, 629, 1665, 1878, 1056, 356, 1255, 218, 1204, 393, 1112, 635, 1889, 1713, 1, 374, 1295, 1783, 926, 634, 33, 1469, 411, 1971, 477, 1652, 647, 751, 682, 1120, 1388, 1166, 1514]",0.9302098751068115,0.3054948495605885,0.5583401830440938,0.5423146486282349,0.4378523528575897,3968,/zhome/14/b/214266/Repos/ml-surrogates-for-power-systems/outputs/hpo_workflows/marker_directed_sm_avr_gov_v1_20260320_145448/refine/runs/cfg_00066_4d05970b3d/qbc/history.jsonl,128,2048,31,true,128,256,/zhome/14/b/214266/Repos/ml-surrogates-for-power-systems/outputs/hpo_workflows/marker_directed_sm_avr_gov_v1_20260320_145448/refine/runs/cfg_00066_4d05970b3d/run_manifest.json,active.candidate_method=lhs;;active.log_every=5;;active.marker.greedy_score_weight=0.7;;active.marker.include_anchor_state_markers=true;;active.marker.k_density=20;;active.marker.pca_explained_variance=0.95;;active.marker.preselect_factor=3;;active.marker.settling_fraction=0.05;;active.marker.weights.diversity=0.8;;active.marker.weights.sparsity=0.2;;qbc_K=128;;qbc_P=2048;;qbc_T=31;;qbc_enable_logging=true;;qbc_n0=128;;qbc_n_test=256,,
marker_directed_sm_avr_gov_v1,1,marker_directed,SM_AVR_GOV,default,refine,refinement_and_schedule_search,/zhome/14/b/214266/Repos/ml-surrogates-for-power-systems/outputs/hpo_workflows/marker_directed_sm_avr_gov_v1_20260320_145448/refine,cfg_00067_b301bd4082,67,/zhome/14/b/214266/Repos/ml-surrogates-for-power-systems/outputs/hpo_workflows/marker_directed_sm_avr_gov_v1_20260320_145448/refine/runs/cfg_00067_b301bd4082,,s02,b4096,thesis_marker_sm_avr_gov_hpo_refine,completed,0,True,final_eval_rmse,minimize,0.009925608811795657,0.009925608811795657,9.851771028479561e-05,85.82149739799206,74.27781059101108,0.0025917460152413696,8.541133917984553,2.928794117993675,0.0,0.03700776700861752,lhs,5,0.7,true,20,0.95,3,0.05,0.8,0.2,,,,,/zhome/14/b/214266/Repos/ml-surrogates-for-power-systems/outputs/hpo_workflows/marker_directed_sm_avr_gov_v1_20260320_145448/refine/runs/cfg_00067_b301bd4082/dataset_manifest.json,0.8,4,0.2,0.9428672790527344,0.20314803569604178,0.49620407637527253,0.24313220381736755,0.31639703508208367,0.2788633312519525,0.5399988350383973,0.3354111909866333,384,30,"[169, 3221, 2458, 3059, 1941, 1415, 108, 332, 1155, 2000, 3213, 585, 2827, 3761, 3895, 945, 697, 444, 2406, 2776, 2835, 1894, 1355, 4038, 3474, 2442, 3318, 2733, 1597, 3640, 2994, 450, 2257, 2169, 2492, 1455, 246, 1936, 849, 163, 837, 2376, 3561, 3222, 1119, 220, 1, 2559, 2097, 2129, 815, 2480, 1835, 3133, 1026, 1345, 3339, 3047, 1735, 3805, 2502, 3502, 96, 3735, 504, 3995, 288, 481, 928, 285, 1837, 2147, 1545, 2146, 915, 825, 2340, 1834, 1430, 3935, 124, 3034, 2110, 1925, 1267, 1952, 3592, 1822, 2584, 679, 3874, 1313, 428, 674, 3319, 1552, 3602, 2717, 2680, 3232, 251, 1509, 2468, 153, 1658, 3149, 464, 3420, 2911, 937, 2479, 1386, 2328, 3652, 1108, 2043, 1931, 1439, 1027, 664, 3134, 1068, 50, 2719, 903, 999, 2749, 1795]",0.9428672790527344,0.31639703508208367,0.5563814617741671,0.3914427161216736,0.3385254144668579,3968,/zhome/14/b/214266/Repos/ml-surrogates-for-power-systems/outputs/hpo_workflows/marker_directed_sm_avr_gov_v1_20260320_145448/refine/runs/cfg_00067_b301bd4082/qbc/history.jsonl,128,4096,31,true,128,256,/zhome/14/b/214266/Repos/ml-surrogates-for-power-systems/outputs/hpo_workflows/marker_directed_sm_avr_gov_v1_20260320_145448/refine/runs/cfg_00067_b301bd4082/run_manifest.json,active.candidate_method=lhs;;active.log_every=5;;active.marker.greedy_score_weight=0.7;;active.marker.include_anchor_state_markers=true;;active.marker.k_density=20;;active.marker.pca_explained_variance=0.95;;active.marker.preselect_factor=3;;active.marker.settling_fraction=0.05;;active.marker.weights.diversity=0.8;;active.marker.weights.sparsity=0.2;;qbc_K=128;;qbc_P=4096;;qbc_T=31;;qbc_enable_logging=true;;qbc_n0=128;;qbc_n_test=256,,
marker_directed_sm_avr_gov_v1,1,marker_directed,SM_AVR_GOV,default,refine,refinement_and_schedule_search,/zhome/14/b/214266/Repos/ml-surrogates-for-power-systems/outputs/hpo_workflows/marker_directed_sm_avr_gov_v1_20260320_145448/refine,cfg_00068_68bbdef0be,68,/zhome/14/b/214266/Repos/ml-surrogates-for-power-systems/outputs/hpo_workflows/marker_directed_sm_avr_gov_v1_20260320_145448/refine/runs/cfg_00068_68bbdef0be,,s02,b4096,thesis_marker_sm_avr_gov_hpo_refine,completed,0,True,final_eval_rmse,minimize,0.005941370172601906,0.005941370172601906,3.5299879527883604e-05,95.932871469995,74.87608802897739,0.005225641012657434,16.71778569900198,4.264371705998201,0.0,0.03383064400986768,lhs,5,0.7,true,20,0.95,3,0.05,0.8,0.2,,,,,/zhome/14/b/214266/Repos/ml-surrogates-for-power-systems/outputs/hpo_workflows/marker_directed_sm_avr_gov_v1_20260320_145448/refine/runs/cfg_00068_68bbdef0be/dataset_manifest.json,0.8,4,0.2,0.888068437576294,0.20631141739548797,0.5014639834289341,0.37753966450691223,0.3287599503072909,0.28039850309481135,0.5417294516003991,0.5135752558708191,384,30,"[6099, 169, 1497, 5371, 902, 1356, 294, 44, 887, 7083, 5736, 991, 1866, 2990, 2621, 7544, 4577, 5377, 4094, 6058, 4569, 4216, 855, 2977, 6524, 1937, 4712, 7611, 5321, 6986, 7672, 3954, 8111, 4519, 1693, 3925, 2661, 3085, 1056, 5926, 6728, 4480, 5637, 6395, 3895, 152, 5540, 2630, 6131, 7454, 5708, 4871, 463, 1217, 3483, 5039, 5416, 5009, 3197, 3231, 2420, 988, 4154, 4082, 3491, 1968, 3214, 7991, 8045, 4755, 7683, 6168, 4661, 3481, 5944, 6899, 4986, 7433, 4143, 5136, 1194, 7674, 78, 957, 5548, 5096, 3806, 6105, 3345, 4201, 2888, 5413, 1351, 5436, 1947, 1463, 5620, 4376, 3148, 6271, 7890, 7160, 6613, 1619, 3513, 5576, 7420, 3788, 3755, 5357, 7467, 2306, 607, 413, 7345, 514, 1815, 2609, 7936, 4890, 861, 14, 4303, 2009, 7836, 7889, 2910, 7976]",0.888068437576294,0.3287599503072909,0.5641601976438926,0.6221271753311157,0.5510626435279846,3968,/zhome/14/b/214266/Repos/ml-surrogates-for-power-systems/outputs/hpo_workflows/marker_directed_sm_avr_gov_v1_20260320_145448/refine/runs/cfg_00068_68bbdef0be/qbc/history.jsonl,128,8192,31,true,128,256,/zhome/14/b/214266/Repos/ml-surrogates-for-power-systems/outputs/hpo_workflows/marker_directed_sm_avr_gov_v1_20260320_145448/refine/runs/cfg_00068_68bbdef0be/run_manifest.json,active.candidate_method=lhs;;active.log_every=5;;active.marker.greedy_score_weight=0.7;;active.marker.include_anchor_state_markers=true;;active.marker.k_density=20;;active.marker.pca_explained_variance=0.95;;active.marker.preselect_factor=3;;active.marker.settling_fraction=0.05;;active.marker.weights.diversity=0.8;;active.marker.weights.sparsity=0.2;;qbc_K=128;;qbc_P=8192;;qbc_T=31;;qbc_enable_logging=true;;qbc_n0=128;;qbc_n_test=256,,
marker_directed_sm_avr_gov_v1,1,marker_directed,SM_AVR_GOV,default,refine,refinement_and_schedule_search,/zhome/14/b/214266/Repos/ml-surrogates-for-power-systems/outputs/hpo_workflows/marker_directed_sm_avr_gov_v1_20260320_145448/refine,cfg_00069_ec45b33f44,69,/zhome/14/b/214266/Repos/ml-surrogates-for-power-systems/outputs/hpo_workflows/marker_directed_sm_avr_gov_v1_20260320_145448/refine/runs/cfg_00069_ec45b33f44,,s02,b4096,thesis_marker_sm_avr_gov_hpo_refine,completed,0,True,final_eval_rmse,minimize,0.006559466788096311,0.006559466788096311,4.3026604544138536e-05,81.4975606460066,74.9471495070029,0.0013697239919565618,4.2249249649757985,2.2507674360240344,0.0,0.03954705398064107,lhs,5,0.9,true,20,0.95,3,0.05,0.8,0.2,,,,,/zhome/14/b/214266/Repos/ml-surrogates-for-power-systems/outputs/hpo_workflows/marker_directed_sm_avr_gov_v1_20260320_145448/refine/runs/cfg_00069_ec45b33f44/dataset_manifest.json,0.8,4,0.2,0.9271376132965088,0.20014329440875142,0.4955689906628651,0.325359970331192,0.31232323974983334,0.27498908461263194,0.5453181955402063,0.4598716199398041,384,30,"[126, 561, 1678, 1874, 328, 664, 409, 937, 1194, 680, 253, 1388, 1940, 1531, 1799, 923, 685, 232, 1112, 165, 1557, 1693, 1891, 1546, 629, 419, 1469, 1242, 640, 110, 1162, 777, 533, 903, 582, 626, 1533, 1030, 1530, 706, 747, 293, 657, 1845, 1665, 431, 1766, 2038, 855, 1156, 606, 1325, 1472, 1244, 1923, 1888, 1966, 719, 280, 1537, 1881, 1372, 1022, 1866, 1296, 1972, 1225, 758, 872, 88, 116, 353, 1130, 440, 82, 1214, 1426, 1405, 411, 1856, 16, 93, 90, 1297, 862, 569, 751, 323, 2032, 1721, 356, 198, 1869, 1270, 819, 1975, 979, 1254, 1346, 890, 1783, 698, 518, 196, 744, 1512, 1529, 360, 1422, 977, 33, 1072, 1701, 277, 656, 860, 456, 218, 554, 1682, 537, 1711, 829, 1455, 996, 389, 354, 1397]",0.9271376132965088,0.31232323974983334,0.5534302617594062,0.5378886461257935,0.43653228878974915,3968,/zhome/14/b/214266/Repos/ml-surrogates-for-power-systems/outputs/hpo_workflows/marker_directed_sm_avr_gov_v1_20260320_145448/refine/runs/cfg_00069_ec45b33f44/qbc/history.jsonl,128,2048,31,true,128,256,/zhome/14/b/214266/Repos/ml-surrogates-for-power-systems/outputs/hpo_workflows/marker_directed_sm_avr_gov_v1_20260320_145448/refine/runs/cfg_00069_ec45b33f44/run_manifest.json,active.candidate_method=lhs;;active.log_every=5;;active.marker.greedy_score_weight=0.9;;active.marker.include_anchor_state_markers=true;;active.marker.k_density=20;;active.marker.pca_explained_variance=0.95;;active.marker.preselect_factor=3;;active.marker.settling_fraction=0.05;;active.marker.weights.diversity=0.8;;active.marker.weights.sparsity=0.2;;qbc_K=128;;qbc_P=2048;;qbc_T=31;;qbc_enable_logging=true;;qbc_n0=128;;qbc_n_test=256,,
marker_directed_sm_avr_gov_v1,1,marker_directed,SM_AVR_GOV,default,refine,refinement_and_schedule_search,/zhome/14/b/214266/Repos/ml-surrogates-for-power-systems/outputs/hpo_workflows/marker_directed_sm_avr_gov_v1_20260320_145448/refine,cfg_00070_42c58b741a,70,/zhome/14/b/214266/Repos/ml-surrogates-for-power-systems/outputs/hpo_workflows/marker_directed_sm_avr_gov_v1_20260320_145448/refine/runs/cfg_00070_42c58b741a,,s02,b4096,thesis_marker_sm_avr_gov_hpo_refine,completed,0,True,final_eval_rmse,minimize,0.006955962392839912,0.006955962392839912,4.838541281060316e-05,84.5887201630103,73.12035631400067,0.0031774780072737485,8.463238365977304,2.9307972219830845,0.0,0.0374371400102973,lhs,5,0.9,true,20,0.95,3,0.05,0.8,0.2,,,,,/zhome/14/b/214266/Repos/ml-surrogates-for-power-systems/outputs/hpo_workflows/marker_directed_sm_avr_gov_v1_20260320_145448/refine/runs/cfg_00070_42c58b741a/dataset_manifest.json,0.8,4,0.2,0.9451711773872375,0.20509724787923533,0.4971499400523596,0.24928618967533112,0.3296537677116266,0.2780851941800118,0.5411941694507818,0.3363516926765442,384,30,"[169, 3221, 1822, 1834, 2000, 124, 343, 108, 1155, 1501, 1035, 332, 2988, 3895, 1795, 3731, 2680, 1931, 849, 1161, 3408, 1488, 1518, 596, 2776, 718, 1346, 2313, 513, 223, 3882, 2676, 1439, 1175, 3393, 2470, 2218, 2376, 2584, 2084, 3571, 561, 3190, 815, 2627, 2079, 2169, 3181, 1765, 895, 1597, 2434, 863, 2894, 2154, 2670, 1415, 3518, 3946, 2471, 3061, 2401, 1994, 1837, 246, 2964, 2146, 2065, 1934, 3164, 3149, 1228, 2503, 2559, 2665, 2074, 3450, 2700, 1610, 3272, 1736, 1030, 2816, 3554, 1714, 1015, 2632, 1100, 3360, 3585, 390, 428, 211, 1903, 2662, 285, 1873, 2026, 1286, 3475, 2129, 36, 3854, 2413, 2820, 2228, 1725, 2132, 1119, 2892, 1490, 2102, 2599, 2106, 3111, 2318, 1961, 2981, 3891, 3232, 1, 1627, 2573, 2881, 3735, 3223, 3615, 4071]",0.9451711773872375,0.3296537677116266,0.5567481802637099,0.4112406373023987,0.3401578664779663,3968,/zhome/14/b/214266/Repos/ml-surrogates-for-power-systems/outputs/hpo_workflows/marker_directed_sm_avr_gov_v1_20260320_145448/refine/runs/cfg_00070_42c58b741a/qbc/history.jsonl,128,4096,31,true,128,256,/zhome/14/b/214266/Repos/ml-surrogates-for-power-systems/outputs/hpo_workflows/marker_directed_sm_avr_gov_v1_20260320_145448/refine/runs/cfg_00070_42c58b741a/run_manifest.json,active.candidate_method=lhs;;active.log_every=5;;active.marker.greedy_score_weight=0.9;;active.marker.include_anchor_state_markers=true;;active.marker.k_density=20;;active.marker.pca_explained_variance=0.95;;active.marker.preselect_factor=3;;active.marker.settling_fraction=0.05;;active.marker.weights.diversity=0.8;;active.marker.weights.sparsity=0.2;;qbc_K=128;;qbc_P=4096;;qbc_T=31;;qbc_enable_logging=true;;qbc_n0=128;;qbc_n_test=256,,
marker_directed_sm_avr_gov_v1,1,marker_directed,SM_AVR_GOV,default,refine,refinement_and_schedule_search,/zhome/14/b/214266/Repos/ml-surrogates-for-power-systems/outputs/hpo_workflows/marker_directed_sm_avr_gov_v1_20260320_145448/refine,cfg_00071_2e91a3fd87,71,/zhome/14/b/214266/Repos/ml-surrogates-for-power-systems/outputs/hpo_workflows/marker_directed_sm_avr_gov_v1_20260320_145448/refine/runs/cfg_00071_2e91a3fd87,,s02,b4096,thesis_marker_sm_avr_gov_hpo_refine,completed,0,True,final_eval_rmse,minimize,0.006922761210450503,0.006922761210450503,4.792462277691811e-05,94.96330350000062,73.85395126399817,0.005245157022727653,16.771205039985944,4.270099246001337,0.0,0.02832871800637804,lhs,5,0.9,true,20,0.95,3,0.05,0.8,0.2,,,,,/zhome/14/b/214266/Repos/ml-surrogates-for-power-systems/outputs/hpo_workflows/marker_directed_sm_avr_gov_v1_20260320_145448/refine/runs/cfg_00071_2e91a3fd87/dataset_manifest.json,0.8,4,0.2,0.8926585912704468,0.2083543476595081,0.5043539284171117,0.3924751281738281,0.33713863745532313,0.28286105766457054,0.5460063426535624,0.5309814810752869,384,30,"[6099, 5736, 2715, 5371, 7627, 2931, 2621, 126, 5565, 991, 7674, 887, 6485, 6395, 2977, 6058, 4143, 902, 7873, 6985, 1056, 4116, 6524, 6742, 7272, 4487, 6994, 7142, 4440, 4201, 3513, 6168, 8045, 3959, 6607, 3975, 4597, 6767, 4419, 2365, 1926, 663, 2728, 4853, 987, 1217, 2459, 777, 7969, 212, 2566, 6986, 1024, 1803, 7068, 7133, 6310, 3434, 5343, 2955, 6640, 7025, 6127, 2265, 5868, 1625, 5637, 7532, 3551, 6833, 5917, 4611, 2177, 7135, 2160, 3622, 308, 1022, 2200, 169, 6495, 2941, 3317, 1194, 7851, 3992, 5202, 5339, 1042, 7971, 5710, 14, 5416, 719, 5481, 7129, 180, 6009, 4958, 3063, 3938, 1518, 3057, 5383, 3757, 3052, 2748, 4594, 5146, 5009, 712, 7866, 1201, 3490, 5931, 563, 40, 5332, 4424, 6414, 7890, 5823, 4302, 5528, 2598, 3032, 4069, 1363]",0.8926585912704468,0.33713863745532313,0.5621657577694107,0.6496223211288452,0.5699024796485901,3968,/zhome/14/b/214266/Repos/ml-surrogates-for-power-systems/outputs/hpo_workflows/marker_directed_sm_avr_gov_v1_20260320_145448/refine/runs/cfg_00071_2e91a3fd87/qbc/history.jsonl,128,8192,31,true,128,256,/zhome/14/b/214266/Repos/ml-surrogates-for-power-systems/outputs/hpo_workflows/marker_directed_sm_avr_gov_v1_20260320_145448/refine/runs/cfg_00071_2e91a3fd87/run_manifest.json,active.candidate_method=lhs;;active.log_every=5;;active.marker.greedy_score_weight=0.9;;active.marker.include_anchor_state_markers=true;;active.marker.k_density=20;;active.marker.pca_explained_variance=0.95;;active.marker.preselect_factor=3;;active.marker.settling_fraction=0.05;;active.marker.weights.diversity=0.8;;active.marker.weights.sparsity=0.2;;qbc_K=128;;qbc_P=8192;;qbc_T=31;;qbc_enable_logging=true;;qbc_n0=128;;qbc_n_test=256,,
marker_directed_sm_avr_gov_v1,1,marker_directed,SM_AVR_GOV,default,refine,refinement_and_schedule_search,/zhome/14/b/214266/Repos/ml-surrogates-for-power-systems/outputs/hpo_workflows/marker_directed_sm_avr_gov_v1_20260320_145448/refine,cfg_00072_0ec3715a40,72,/zhome/14/b/214266/Repos/ml-surrogates-for-power-systems/outputs/hpo_workflows/marker_directed_sm_avr_gov_v1_20260320_145448/refine/runs/cfg_00072_0ec3715a40,,s02,b4096,thesis_marker_sm_avr_gov_hpo_refine,completed,0,True,final_eval_rmse,minimize,0.00621604773119628,0.00621604773119628,3.863924939651042e-05,81.09491941399756,74.59849178799777,0.001443577988538891,4.180678495002212,2.241095193021465,0.0,0.03958108101505786,lhs,5,0.7,true,10,0.9,3,0.05,0.6,0.4,,,,,/zhome/14/b/214266/Repos/ml-surrogates-for-power-systems/outputs/hpo_workflows/marker_directed_sm_avr_gov_v1_20260320_145448/refine/runs/cfg_00072_0ec3715a40/dataset_manifest.json,0.6,3,0.4,1.0,0.13539129484678025,0.28917376547001084,0.30407610535621643,0.20335732654029134,0.19151529007992324,0.31407119642110837,0.42789795994758606,384,30,"[923, 31, 1572, 109, 1799, 1213, 1735, 409, 1976, 126, 1194, 1865, 1637, 1940, 1594, 1975, 397, 1546, 2038, 111, 280, 1282, 378, 664, 602, 200, 1801, 677, 1471, 189, 405, 149, 685, 796, 1959, 253, 234, 1612, 855, 168, 356, 1721, 323, 1577, 576, 651, 139, 498, 1533, 1839, 477, 820, 2005, 1744, 1181, 47, 2031, 1765, 954, 1407, 218, 960, 946, 1815, 1935, 1110, 791, 1320, 1678, 588, 1565, 519, 558, 1057, 1798, 1996, 1193, 1463, 1370, 634, 170, 1014, 1517, 1391, 431, 419, 248, 74, 320, 699, 632, 834, 679, 1702, 629, 527, 56, 915, 688, 1071, 835, 292, 328, 192, 474, 174, 631, 637, 807, 781, 896, 1124, 515, 1133, 93, 438, 132, 926, 167, 1962, 525, 1264, 1661, 1085, 1652, 1639, 504, 89]",1.0,0.20335732654029134,0.33442230886913,0.5013641715049744,0.38674402236938477,3968,/zhome/14/b/214266/Repos/ml-surrogates-for-power-systems/outputs/hpo_workflows/marker_directed_sm_avr_gov_v1_20260320_145448/refine/runs/cfg_00072_0ec3715a40/qbc/history.jsonl,128,2048,31,true,128,256,/zhome/14/b/214266/Repos/ml-surrogates-for-power-systems/outputs/hpo_workflows/marker_directed_sm_avr_gov_v1_20260320_145448/refine/runs/cfg_00072_0ec3715a40/run_manifest.json,active.candidate_method=lhs;;active.log_every=5;;active.marker.greedy_score_weight=0.7;;active.marker.include_anchor_state_markers=true;;active.marker.k_density=10;;active.marker.pca_explained_variance=0.9;;active.marker.preselect_factor=3;;active.marker.settling_fraction=0.05;;active.marker.weights.diversity=0.6;;active.marker.weights.sparsity=0.4;;qbc_K=128;;qbc_P=2048;;qbc_T=31;;qbc_enable_logging=true;;qbc_n0=128;;qbc_n_test=256,,
marker_directed_sm_avr_gov_v1,1,marker_directed,SM_AVR_GOV,default,refine,refinement_and_schedule_search,/zhome/14/b/214266/Repos/ml-surrogates-for-power-systems/outputs/hpo_workflows/marker_directed_sm_avr_gov_v1_20260320_145448/refine,cfg_00073_33c9e58f7a,73,/zhome/14/b/214266/Repos/ml-surrogates-for-power-systems/outputs/hpo_workflows/marker_directed_sm_avr_gov_v1_20260320_145448/refine/runs/cfg_00073_33c9e58f7a,,s02,b4096,thesis_marker_sm_avr_gov_hpo_refine,completed,0,True,final_eval_rmse,minimize,0.0065649188836797686,0.0065649188836797686,4.309815994929522e-05,85.30404235600145,73.89643042400712,0.002297341008670628,8.41396047899616,2.9211949160089716,0.0,0.03636569299851544,lhs,5,0.7,true,10,0.9,3,0.05,0.6,0.4,,,,,/zhome/14/b/214266/Repos/ml-surrogates-for-power-systems/outputs/hpo_workflows/marker_directed_sm_avr_gov_v1_20260320_145448/refine/runs/cfg_00073_33c9e58f7a/dataset_manifest.json,0.6,3,0.4,1.0,0.13496725789773806,0.2897306041730121,0.22891542315483093,0.21647726167352255,0.1896754221592058,0.3116556497528241,0.316403865814209,384,30,"[3221, 2000, 2470, 973, 3213, 2599, 169, 3762, 1360, 124, 2222, 2771, 875, 2532, 1988, 2721, 1597, 2733, 2822, 1415, 303, 762, 3197, 3995, 3297, 2859, 102, 3393, 2845, 3289, 2605, 1834, 3272, 2070, 3783, 3650, 3416, 1795, 3781, 4038, 1931, 1155, 3100, 1159, 2540, 220, 3961, 849, 3508, 3153, 1161, 1751, 2438, 3973, 906, 387, 2836, 3592, 1260, 2727, 2313, 3725, 2275, 1822, 2920, 3569, 2559, 528, 3031, 50, 3851, 2628, 2377, 469, 216, 883, 2931, 979, 1781, 3588, 495, 3445, 1374, 118, 3741, 1175, 1119, 557, 1026, 1809, 2338, 2529, 1369, 1924, 3892, 1623, 1033, 521, 3353, 2261, 2163, 555, 3408, 1556, 3210, 2653, 1317, 179, 1966, 1281, 1807, 2251, 2688, 3344, 112, 1794, 1711, 1952, 3500, 3607, 296, 3915, 1608, 2118, 736, 2817, 49, 3608]",1.0,0.21647726167352255,0.33214198375025605,0.3877040147781372,0.32005858421325684,3968,/zhome/14/b/214266/Repos/ml-surrogates-for-power-systems/outputs/hpo_workflows/marker_directed_sm_avr_gov_v1_20260320_145448/refine/runs/cfg_00073_33c9e58f7a/qbc/history.jsonl,128,4096,31,true,128,256,/zhome/14/b/214266/Repos/ml-surrogates-for-power-systems/outputs/hpo_workflows/marker_directed_sm_avr_gov_v1_20260320_145448/refine/runs/cfg_00073_33c9e58f7a/run_manifest.json,active.candidate_method=lhs;;active.log_every=5;;active.marker.greedy_score_weight=0.7;;active.marker.include_anchor_state_markers=true;;active.marker.k_density=10;;active.marker.pca_explained_variance=0.9;;active.marker.preselect_factor=3;;active.marker.settling_fraction=0.05;;active.marker.weights.diversity=0.6;;active.marker.weights.sparsity=0.4;;qbc_K=128;;qbc_P=4096;;qbc_T=31;;qbc_enable_logging=true;;qbc_n0=128;;qbc_n_test=256,,
marker_directed_sm_avr_gov_v1,1,marker_directed,SM_AVR_GOV,default,refine,refinement_and_schedule_search,/zhome/14/b/214266/Repos/ml-surrogates-for-power-systems/outputs/hpo_workflows/marker_directed_sm_avr_gov_v1_20260320_145448/refine,cfg_00074_858306a2c9,74,/zhome/14/b/214266/Repos/ml-surrogates-for-power-systems/outputs/hpo_workflows/marker_directed_sm_avr_gov_v1_20260320_145448/refine/runs/cfg_00074_858306a2c9,,s02,b4096,thesis_marker_sm_avr_gov_hpo_refine,completed,0,True,final_eval_rmse,minimize,0.0061821453366220575,0.0061821453366220575,3.821892096311785e-05,94.16727169399383,73.00175717001548,0.003319939016364515,16.83010290301172,4.259290399990277,0.0,0.03841435199137777,lhs,5,0.7,true,10,0.9,3,0.05,0.6,0.4,,,,,/zhome/14/b/214266/Repos/ml-surrogates-for-power-systems/outputs/hpo_workflows/marker_directed_sm_avr_gov_v1_20260320_145448/refine/runs/cfg_00074_858306a2c9/dataset_manifest.json,0.6,3,0.4,0.8424792885780334,0.13811941620313234,0.2942832481814491,0.32126539945602417,0.22365944078009625,0.19188182665376627,0.3125183495298873,0.4357852637767792,384,30,"[8045, 2320, 5250, 2445, 294, 7879, 5009, 2596, 4071, 2883, 2977, 6043, 5736, 1928, 5288, 2202, 7640, 6876, 978, 4597, 3729, 7249, 4072, 6345, 4077, 37, 6265, 3336, 4950, 6843, 3004, 5547, 7830, 3781, 3376, 7176, 2415, 2594, 563, 4513, 2042, 6035, 6254, 6728, 5080, 4552, 1350, 6204, 7216, 2714, 4871, 5866, 6474, 5258, 2609, 1232, 2416, 5230, 928, 2689, 7690, 6220, 2423, 1698, 5340, 2578, 5180, 2194, 448, 7823, 4803, 4591, 837, 6009, 1591, 6007, 1275, 4045, 426, 6058, 3056, 7987, 5514, 80, 5315, 6370, 7674, 8051, 6, 3603, 1278, 4569, 4182, 347, 6229, 6270, 484, 3783, 1351, 5926, 1827, 3848, 5440, 3618, 7170, 6967, 4656, 7454, 5575, 4276, 3063, 2044, 7765, 3345, 4919, 7858, 3954, 5478, 1401, 2280, 129, 876, 6856, 1838, 3000, 7162, 7706, 5333]",0.8424792885780334,0.22365944078009625,0.33085992913666395,0.5387934446334839,0.46770861744880676,3968,/zhome/14/b/214266/Repos/ml-surrogates-for-power-systems/outputs/hpo_workflows/marker_directed_sm_avr_gov_v1_20260320_145448/refine/runs/cfg_00074_858306a2c9/qbc/history.jsonl,128,8192,31,true,128,256,/zhome/14/b/214266/Repos/ml-surrogates-for-power-systems/outputs/hpo_workflows/marker_directed_sm_avr_gov_v1_20260320_145448/refine/runs/cfg_00074_858306a2c9/run_manifest.json,active.candidate_method=lhs;;active.log_every=5;;active.marker.greedy_score_weight=0.7;;active.marker.include_anchor_state_markers=true;;active.marker.k_density=10;;active.marker.pca_explained_variance=0.9;;active.marker.preselect_factor=3;;active.marker.settling_fraction=0.05;;active.marker.weights.diversity=0.6;;active.marker.weights.sparsity=0.4;;qbc_K=128;;qbc_P=8192;;qbc_T=31;;qbc_enable_logging=true;;qbc_n0=128;;qbc_n_test=256,,
marker_directed_sm_avr_gov_v1,1,marker_directed,SM_AVR_GOV,default,refine,refinement_and_schedule_search,/zhome/14/b/214266/Repos/ml-surrogates-for-power-systems/outputs/hpo_workflows/marker_directed_sm_avr_gov_v1_20260320_145448/refine,cfg_00075_9c9dc31e89,75,/zhome/14/b/214266/Repos/ml-surrogates-for-power-systems/outputs/hpo_workflows/marker_directed_sm_avr_gov_v1_20260320_145448/refine/runs/cfg_00075_9c9dc31e89,,s02,b4096,thesis_marker_sm_avr_gov_hpo_refine,completed,0,True,final_eval_rmse,minimize,0.007604276077613088,0.007604276077613088,5.7825014664558694e-05,81.26702610499342,74.74565954899299,0.001441975007764995,4.201127406995511,2.2462300680053886,0.0,0.038885823014425114,lhs,5,0.9,true,10,0.9,3,0.05,0.6,0.4,,,,,/zhome/14/b/214266/Repos/ml-surrogates-for-power-systems/outputs/hpo_workflows/marker_directed_sm_avr_gov_v1_20260320_145448/refine/runs/cfg_00075_9c9dc31e89/dataset_manifest.json,0.6,3,0.4,0.9915031790733337,0.13684903600501885,0.2913577690945527,0.30965253710746765,0.20371355895902066,0.19064761025021226,0.3131868754707519,0.42017918825149536,384,30,"[923, 409, 1598, 1194, 1590, 126, 1616, 1975, 168, 1546, 519, 1940, 356, 2038, 1472, 248, 1665, 234, 1652, 1637, 664, 569, 855, 1008, 1110, 149, 1798, 323, 495, 1213, 328, 535, 6, 253, 1783, 1799, 378, 1343, 1702, 292, 155, 74, 60, 438, 1865, 1391, 629, 1543, 466, 834, 508, 1434, 189, 927, 769, 2031, 2023, 613, 1713, 668, 1317, 602, 951, 592, 677, 1125, 791, 1193, 527, 1126, 477, 518, 1914, 768, 1014, 1410, 427, 1661, 792, 524, 1815, 312, 1857, 218, 853, 1405, 1156, 404, 1094, 623, 198, 977, 954, 1653, 1448, 850, 459, 830, 515, 49, 412, 342, 1045, 90, 1320, 1238, 1728, 1154, 1146, 1609, 421, 170, 1816, 1030, 1678, 1860, 236, 1711, 1430, 636, 1256, 926, 1471, 885, 1770, 1693, 946, 1297]",0.9915031790733337,0.20371355895902066,0.33654171402558597,0.5076254606246948,0.3918663263320923,3968,/zhome/14/b/214266/Repos/ml-surrogates-for-power-systems/outputs/hpo_workflows/marker_directed_sm_avr_gov_v1_20260320_145448/refine/runs/cfg_00075_9c9dc31e89/qbc/history.jsonl,128,2048,31,true,128,256,/zhome/14/b/214266/Repos/ml-surrogates-for-power-systems/outputs/hpo_workflows/marker_directed_sm_avr_gov_v1_20260320_145448/refine/runs/cfg_00075_9c9dc31e89/run_manifest.json,active.candidate_method=lhs;;active.log_every=5;;active.marker.greedy_score_weight=0.9;;active.marker.include_anchor_state_markers=true;;active.marker.k_density=10;;active.marker.pca_explained_variance=0.9;;active.marker.preselect_factor=3;;active.marker.settling_fraction=0.05;;active.marker.weights.diversity=0.6;;active.marker.weights.sparsity=0.4;;qbc_K=128;;qbc_P=2048;;qbc_T=31;;qbc_enable_logging=true;;qbc_n0=128;;qbc_n_test=256,,
marker_directed_sm_avr_gov_v1,1,marker_directed,SM_AVR_GOV,default,refine,refinement_and_schedule_search,/zhome/14/b/214266/Repos/ml-surrogates-for-power-systems/outputs/hpo_workflows/marker_directed_sm_avr_gov_v1_20260320_145448/refine,cfg_00076_ebf190f0d4,76,/zhome/14/b/214266/Repos/ml-surrogates-for-power-systems/outputs/hpo_workflows/marker_directed_sm_avr_gov_v1_20260320_145448/refine/runs/cfg_00076_ebf190f0d4,,s02,b4096,thesis_marker_sm_avr_gov_hpo_refine,completed,0,True,final_eval_rmse,minimize,0.010394563576050602,0.010394563576050602,0.00010804695193655789,84.34747948401491,73.049626780994,0.0028506290109362453,8.325609273015289,2.8982285980018787,0.0,0.037413393991300836,lhs,5,0.9,true,10,0.9,3,0.05,0.6,0.4,,,,,/zhome/14/b/214266/Repos/ml-surrogates-for-power-systems/outputs/hpo_workflows/marker_directed_sm_avr_gov_v1_20260320_145448/refine/runs/cfg_00076_ebf190f0d4/dataset_manifest.json,0.6,3,0.4,1.0,0.13600083694812437,0.2907489387318445,0.2506701350212097,0.22289549934144298,0.18926691818552654,0.3118681615926525,0.33519038558006287,384,30,"[3221, 169, 1415, 1952, 2000, 124, 1191, 2599, 2836, 3213, 220, 1822, 1597, 3944, 3967, 2222, 2251, 945, 2606, 3995, 3974, 199, 16, 3680, 2559, 3650, 973, 2340, 1795, 591, 1388, 2376, 1119, 849, 815, 3272, 2733, 3031, 3197, 2313, 2628, 3875, 2966, 2907, 1175, 2859, 1303, 3687, 2670, 118, 911, 638, 2329, 1495, 827, 2940, 495, 2910, 3691, 276, 3762, 2420, 3921, 2003, 2943, 4029, 1756, 2778, 2106, 3157, 1399, 903, 1610, 2453, 2163, 3314, 1966, 251, 704, 3585, 2540, 350, 2804, 617, 3586, 1894, 2257, 1867, 1136, 2529, 1853, 1931, 3259, 2065, 3803, 596, 979, 3318, 49, 1809, 3526, 1023, 500, 2298, 387, 2212, 3840, 3341, 3851, 2583, 1240, 2470, 1926, 17, 835, 1026, 1662, 1779, 3398, 2692, 1041, 1721, 1794, 3367, 3072, 3059, 2061, 2901]",1.0,0.22289549934144298,0.33199066787056997,0.4128190577030182,0.34067296981811523,3968,/zhome/14/b/214266/Repos/ml-surrogates-for-power-systems/outputs/hpo_workflows/marker_directed_sm_avr_gov_v1_20260320_145448/refine/runs/cfg_00076_ebf190f0d4/qbc/history.jsonl,128,4096,31,true,128,256,/zhome/14/b/214266/Repos/ml-surrogates-for-power-systems/outputs/hpo_workflows/marker_directed_sm_avr_gov_v1_20260320_145448/refine/runs/cfg_00076_ebf190f0d4/run_manifest.json,active.candidate_method=lhs;;active.log_every=5;;active.marker.greedy_score_weight=0.9;;active.marker.include_anchor_state_markers=true;;active.marker.k_density=10;;active.marker.pca_explained_variance=0.9;;active.marker.preselect_factor=3;;active.marker.settling_fraction=0.05;;active.marker.weights.diversity=0.6;;active.marker.weights.sparsity=0.4;;qbc_K=128;;qbc_P=4096;;qbc_T=31;;qbc_enable_logging=true;;qbc_n0=128;;qbc_n_test=256,,
marker_directed_sm_avr_gov_v1,1,marker_directed,SM_AVR_GOV,default,refine,refinement_and_schedule_search,/zhome/14/b/214266/Repos/ml-surrogates-for-power-systems/outputs/hpo_workflows/marker_directed_sm_avr_gov_v1_20260320_145448/refine,cfg_00077_b073727c9d,77,/zhome/14/b/214266/Repos/ml-surrogates-for-power-systems/outputs/hpo_workflows/marker_directed_sm_avr_gov_v1_20260320_145448/refine/runs/cfg_00077_b073727c9d,,s02,b4096,thesis_marker_sm_avr_gov_hpo_refine,completed,0,True,final_eval_rmse,minimize,0.012983513661576622,0.012983513661576622,0.00016857162700034678,94.63520335400244,73.64629308800795,0.005225205008173361,16.67009885798325,4.2429833649948705,0.0,0.03673333799815737,lhs,5,0.9,true,10,0.9,3,0.05,0.6,0.4,,,,,/zhome/14/b/214266/Repos/ml-surrogates-for-power-systems/outputs/hpo_workflows/marker_directed_sm_avr_gov_v1_20260320_145448/refine/runs/cfg_00077_b073727c9d/dataset_manifest.json,0.6,3,0.4,0.8880429267883301,0.13883751308970066,0.29371420925219593,0.3802996873855591,0.225352812934683,0.1916751064620234,0.31261602110036363,0.49147793650627136,384,30,"[8045, 5736, 294, 1476, 2811, 2977, 6058, 6921, 6007, 2320, 3363, 4243, 6043, 2499, 8151, 563, 2194, 6474, 484, 712, 1099, 1492, 3847, 5400, 5926, 2202, 6266, 4465, 1028, 3296, 3910, 1401, 1708, 4594, 354, 3197, 7454, 1384, 2103, 3247, 2380, 5130, 1780, 2909, 1602, 4553, 2220, 1351, 2837, 3617, 2848, 3838, 8042, 6876, 86, 6009, 4926, 2742, 5536, 3074, 3783, 6124, 4206, 2689, 273, 3781, 1278, 495, 4024, 6629, 4071, 470, 4853, 889, 3746, 6227, 104, 4167, 2165, 992, 5136, 4077, 6381, 799, 4654, 3513, 3492, 5810, 7265, 2725, 1345, 6159, 2261, 2714, 7756, 7176, 3085, 7828, 6181, 432, 211, 5571, 6127, 5137, 3126, 5066, 6396, 7801, 3114, 2993, 2560, 1680, 5304, 697, 7923, 7420, 861, 7543, 3549, 5024, 6317, 5568, 2609, 841, 5575, 5707, 1270, 2488]",0.8880429267883301,0.225352812934683,0.3350352709718052,0.5955385565757751,0.5232203602790833,3968,/zhome/14/b/214266/Repos/ml-surrogates-for-power-systems/outputs/hpo_workflows/marker_directed_sm_avr_gov_v1_20260320_145448/refine/runs/cfg_00077_b073727c9d/qbc/history.jsonl,128,8192,31,true,128,256,/zhome/14/b/214266/Repos/ml-surrogates-for-power-systems/outputs/hpo_workflows/marker_directed_sm_avr_gov_v1_20260320_145448/refine/runs/cfg_00077_b073727c9d/run_manifest.json,active.candidate_method=lhs;;active.log_every=5;;active.marker.greedy_score_weight=0.9;;active.marker.include_anchor_state_markers=true;;active.marker.k_density=10;;active.marker.pca_explained_variance=0.9;;active.marker.preselect_factor=3;;active.marker.settling_fraction=0.05;;active.marker.weights.diversity=0.6;;active.marker.weights.sparsity=0.4;;qbc_K=128;;qbc_P=8192;;qbc_T=31;;qbc_enable_logging=true;;qbc_n0=128;;qbc_n_test=256,,
marker_directed_sm_avr_gov_v1,1,marker_directed,SM_AVR_GOV,default,refine,refinement_and_schedule_search,/zhome/14/b/214266/Repos/ml-surrogates-for-power-systems/outputs/hpo_workflows/marker_directed_sm_avr_gov_v1_20260320_145448/refine,cfg_00078_a5f468cc09,78,/zhome/14/b/214266/Repos/ml-surrogates-for-power-systems/outputs/hpo_workflows/marker_directed_sm_avr_gov_v1_20260320_145448/refine/runs/cfg_00078_a5f468cc09,,s02,b4096,thesis_marker_sm_avr_gov_hpo_refine,completed,0,True,final_eval_rmse,minimize,0.006586862743982283,0.006586862743982283,4.338676080806181e-05,79.16333179999492,72.65126512100687,0.00249013100983575,4.195848825009307,2.241389998991508,0.0,0.038565933995414525,lhs,5,0.7,true,20,0.9,3,0.05,0.6,0.4,,,,,/zhome/14/b/214266/Repos/ml-surrogates-for-power-systems/outputs/hpo_workflows/marker_directed_sm_avr_gov_v1_20260320_145448/refine/runs/cfg_00078_a5f468cc09/dataset_manifest.json,0.6,3,0.4,0.9108569622039795,0.135919049686698,0.37128471528307405,0.2948693633079529,0.2000570718558093,0.19206687057700988,0.3953132976921104,0.4062272906303406,384,30,"[923, 1721, 109, 1213, 1929, 1194, 248, 126, 149, 1865, 629, 1604, 820, 1433, 1728, 1815, 282, 1940, 280, 831, 664, 1124, 1844, 2038, 192, 1242, 1902, 519, 1718, 200, 850, 602, 189, 855, 1637, 761, 1203, 307, 234, 578, 356, 1932, 710, 1110, 1546, 601, 323, 1134, 378, 1320, 1533, 409, 1917, 626, 559, 1, 1661, 2015, 1799, 1652, 1766, 1195, 1742, 218, 1798, 1431, 791, 434, 181, 53, 685, 677, 1794, 1280, 527, 1193, 896, 585, 77, 1586, 1639, 1805, 224, 245, 1163, 1464, 1119, 1472, 1813, 1125, 1515, 2037, 158, 637, 984, 1077, 1321, 1236, 1259, 926, 928, 1511, 2031, 474, 700, 228, 1441, 908, 1975, 415, 1542, 2023, 328, 83, 168, 1947, 1244, 343, 1226, 386, 525, 438, 826, 68, 853, 43, 1260, 632]",0.9108569622039795,0.2000570718558093,0.41824228949994374,0.4689832329750061,0.370635449886322,3968,/zhome/14/b/214266/Repos/ml-surrogates-for-power-systems/outputs/hpo_workflows/marker_directed_sm_avr_gov_v1_20260320_145448/refine/runs/cfg_00078_a5f468cc09/qbc/history.jsonl,128,2048,31,true,128,256,/zhome/14/b/214266/Repos/ml-surrogates-for-power-systems/outputs/hpo_workflows/marker_directed_sm_avr_gov_v1_20260320_145448/refine/runs/cfg_00078_a5f468cc09/run_manifest.json,active.candidate_method=lhs;;active.log_every=5;;active.marker.greedy_score_weight=0.7;;active.marker.include_anchor_state_markers=true;;active.marker.k_density=20;;active.marker.pca_explained_variance=0.9;;active.marker.preselect_factor=3;;active.marker.settling_fraction=0.05;;active.marker.weights.diversity=0.6;;active.marker.weights.sparsity=0.4;;qbc_K=128;;qbc_P=2048;;qbc_T=31;;qbc_enable_logging=true;;qbc_n0=128;;qbc_n_test=256,,
marker_directed_sm_avr_gov_v1,1,marker_directed,SM_AVR_GOV,default,refine,refinement_and_schedule_search,/zhome/14/b/214266/Repos/ml-surrogates-for-power-systems/outputs/hpo_workflows/marker_directed_sm_avr_gov_v1_20260320_145448/refine,cfg_00079_6945291176,79,/zhome/14/b/214266/Repos/ml-surrogates-for-power-systems/outputs/hpo_workflows/marker_directed_sm_avr_gov_v1_20260320_145448/refine/runs/cfg_00079_6945291176,,s02,b4096,thesis_marker_sm_avr_gov_hpo_refine,completed,0,True,final_eval_rmse,minimize,0.015976682644441277,0.015976682644441277,0.00025525438832119107,86.44649578200188,74.83141363298637,0.002077312004985288,8.603499261982506,2.937544024985982,0.0,0.0380916360008996,lhs,5,0.7,true,20,0.9,3,0.05,0.6,0.4,,,,,/zhome/14/b/214266/Repos/ml-surrogates-for-power-systems/outputs/hpo_workflows/marker_directed_sm_avr_gov_v1_20260320_145448/refine/runs/cfg_00079_6945291176/dataset_manifest.json,0.6,3,0.4,0.9979285001754761,0.13680703726531518,0.37098621859981257,0.22127196192741394,0.21360479551367784,0.1909123990278298,0.39165865167070746,0.30971759557724,384,30,"[3221, 2000, 563, 3316, 1415, 2599, 169, 2836, 1370, 529, 3706, 3944, 2251, 3059, 1374, 333, 1300, 2384, 2222, 1597, 418, 1389, 3197, 1931, 220, 4038, 2118, 39, 2989, 3970, 118, 1026, 3272, 3650, 3551, 3323, 1624, 493, 636, 2181, 3393, 3812, 2559, 77, 3085, 3499, 216, 1795, 237, 2470, 2717, 638, 3280, 1506, 849, 2628, 124, 1966, 2453, 358, 2195, 1536, 755, 1023, 1091, 2313, 2809, 2600, 1352, 606, 1822, 2669, 3025, 1236, 2966, 3183, 2535, 2771, 1119, 2479, 1718, 2714, 1219, 3735, 2792, 3417, 1776, 819, 1251, 535, 1723, 57, 1951, 2247, 2940, 706, 3467, 3353, 206, 3127, 939, 549, 372, 762, 3701, 3507, 825, 2646, 2458, 2540, 1810, 1212, 3219, 2880, 3325, 120, 3781, 3800, 779, 1391, 2655, 532, 1131, 1911, 3104, 210, 1066, 736]",0.9979285001754761,0.21360479551367784,0.4113795592890449,0.3721051514148712,0.31216421723365784,3968,/zhome/14/b/214266/Repos/ml-surrogates-for-power-systems/outputs/hpo_workflows/marker_directed_sm_avr_gov_v1_20260320_145448/refine/runs/cfg_00079_6945291176/qbc/history.jsonl,128,4096,31,true,128,256,/zhome/14/b/214266/Repos/ml-surrogates-for-power-systems/outputs/hpo_workflows/marker_directed_sm_avr_gov_v1_20260320_145448/refine/runs/cfg_00079_6945291176/run_manifest.json,active.candidate_method=lhs;;active.log_every=5;;active.marker.greedy_score_weight=0.7;;active.marker.include_anchor_state_markers=true;;active.marker.k_density=20;;active.marker.pca_explained_variance=0.9;;active.marker.preselect_factor=3;;active.marker.settling_fraction=0.05;;active.marker.weights.diversity=0.6;;active.marker.weights.sparsity=0.4;;qbc_K=128;;qbc_P=4096;;qbc_T=31;;qbc_enable_logging=true;;qbc_n0=128;;qbc_n_test=256,,
marker_directed_sm_avr_gov_v1,1,marker_directed,SM_AVR_GOV,default,refine,refinement_and_schedule_search,/zhome/14/b/214266/Repos/ml-surrogates-for-power-systems/outputs/hpo_workflows/marker_directed_sm_avr_gov_v1_20260320_145448/refine,cfg_00080_6dbdf12692,80,/zhome/14/b/214266/Repos/ml-surrogates-for-power-systems/outputs/hpo_workflows/marker_directed_sm_avr_gov_v1_20260320_145448/refine/runs/cfg_00080_6dbdf12692,,s02,b4096,thesis_marker_sm_avr_gov_hpo_refine,completed,0,True,final_eval_rmse,minimize,0.008481042371411982,0.008481042371411982,7.192807970568538e-05,96.27898983299383,74.77687721999246,0.0038727840001229197,17.110197957983473,4.316483049973613,0.0,0.03649490300449543,lhs,5,0.7,true,20,0.9,3,0.05,0.6,0.4,,,,,/zhome/14/b/214266/Repos/ml-surrogates-for-power-systems/outputs/hpo_workflows/marker_directed_sm_avr_gov_v1_20260320_145448/refine/runs/cfg_00080_6dbdf12692/dataset_manifest.json,0.6,3,0.4,0.9463623762130737,0.13808300675779675,0.3742179750098662,0.28229957818984985,0.22626894331439562,0.19176465851624347,0.39327243500640274,0.3857707679271698,384,30,"[6058, 5736, 3208, 5452, 6731, 2977, 1249, 170, 294, 6043, 8045, 1926, 1181, 2621, 1995, 7134, 5250, 563, 2669, 6375, 6228, 7074, 2596, 6345, 4056, 3798, 7756, 7923, 6808, 3781, 5547, 2119, 5453, 164, 3547, 3261, 1384, 2729, 37, 5607, 2670, 7198, 3112, 5568, 7288, 8069, 4491, 6985, 1194, 3051, 5212, 4918, 5866, 1538, 6191, 6649, 607, 4890, 2076, 3074, 5193, 504, 6784, 1028, 1375, 1030, 2202, 5612, 7981, 5009, 3784, 4109, 3167, 1814, 2811, 1518, 5634, 431, 406, 4132, 35, 7674, 1363, 6130, 4072, 1391, 5000, 8042, 3515, 4164, 7879, 5575, 7169, 7382, 574, 4077, 1, 5228, 5759, 4429, 6347, 4923, 484, 7160, 2569, 1232, 3842, 3494, 1682, 2509, 7448, 3050, 2357, 7170, 4619, 5315, 3665, 5458, 4702, 3652, 1351, 5159, 6642, 6620, 4659, 5288, 5321, 1349]",0.9463623762130737,0.22626894331439562,0.41229793179056473,0.4833720624446869,0.41711196303367615,3968,/zhome/14/b/214266/Repos/ml-surrogates-for-power-systems/outputs/hpo_workflows/marker_directed_sm_avr_gov_v1_20260320_145448/refine/runs/cfg_00080_6dbdf12692/qbc/history.jsonl,128,8192,31,true,128,256,/zhome/14/b/214266/Repos/ml-surrogates-for-power-systems/outputs/hpo_workflows/marker_directed_sm_avr_gov_v1_20260320_145448/refine/runs/cfg_00080_6dbdf12692/run_manifest.json,active.candidate_method=lhs;;active.log_every=5;;active.marker.greedy_score_weight=0.7;;active.marker.include_anchor_state_markers=true;;active.marker.k_density=20;;active.marker.pca_explained_variance=0.9;;active.marker.preselect_factor=3;;active.marker.settling_fraction=0.05;;active.marker.weights.diversity=0.6;;active.marker.weights.sparsity=0.4;;qbc_K=128;;qbc_P=8192;;qbc_T=31;;qbc_enable_logging=true;;qbc_n0=128;;qbc_n_test=256,,
marker_directed_sm_avr_gov_v1,1,marker_directed,SM_AVR_GOV,default,refine,refinement_and_schedule_search,/zhome/14/b/214266/Repos/ml-surrogates-for-power-systems/outputs/hpo_workflows/marker_directed_sm_avr_gov_v1_20260320_145448/refine,cfg_00081_5934fd92d0,81,/zhome/14/b/214266/Repos/ml-surrogates-for-power-systems/outputs/hpo_workflows/marker_directed_sm_avr_gov_v1_20260320_145448/refine/runs/cfg_00081_5934fd92d0,,s02,b4096,thesis_marker_sm_avr_gov_hpo_refine,completed,0,True,final_eval_rmse,minimize,0.016109662119143327,0.016109662119143327,0.00025952121359296143,80.50508029901539,74.03976295000757,0.0022185849957168102,4.157173455983866,2.2330831740109716,0.0,0.03914269100641832,lhs,5,0.9,true,20,0.9,3,0.05,0.6,0.4,,,,,/zhome/14/b/214266/Repos/ml-surrogates-for-power-systems/outputs/hpo_workflows/marker_directed_sm_avr_gov_v1_20260320_145448/refine/runs/cfg_00081_5934fd92d0/dataset_manifest.json,0.6,3,0.4,0.907024621963501,0.13574596327440022,0.3719617631187924,0.290802538394928,0.2034224951615399,0.19051587812688525,0.39453758432483066,0.39935848116874695,384,30,"[923, 218, 409, 1194, 126, 1616, 1637, 248, 519, 2038, 664, 404, 1940, 356, 234, 819, 855, 1798, 1295, 1472, 1783, 1975, 1898, 323, 378, 245, 677, 168, 1815, 328, 1213, 253, 579, 880, 442, 1799, 307, 1324, 928, 791, 510, 1488, 1685, 946, 1110, 189, 602, 1964, 1735, 1533, 2036, 1119, 1865, 246, 225, 370, 329, 1433, 1270, 583, 1405, 1045, 578, 495, 646, 951, 2023, 1797, 1564, 149, 60, 527, 130, 1311, 1630, 477, 558, 626, 104, 1193, 853, 1844, 1661, 518, 683, 258, 1381, 1074, 961, 1410, 980, 110, 726, 1528, 1948, 515, 956, 30, 280, 313, 635, 1836, 1648, 292, 1297, 1646, 384, 312, 1260, 239, 1154, 27, 894, 1540, 343, 817, 842, 1274, 2015, 1763, 668, 681, 40, 926, 1707, 1909, 408, 1283]",0.907024621963501,0.2034224951615399,0.41823000701963053,0.4728996455669403,0.367358922958374,3968,/zhome/14/b/214266/Repos/ml-surrogates-for-power-systems/outputs/hpo_workflows/marker_directed_sm_avr_gov_v1_20260320_145448/refine/runs/cfg_00081_5934fd92d0/qbc/history.jsonl,128,2048,31,true,128,256,/zhome/14/b/214266/Repos/ml-surrogates-for-power-systems/outputs/hpo_workflows/marker_directed_sm_avr_gov_v1_20260320_145448/refine/runs/cfg_00081_5934fd92d0/run_manifest.json,active.candidate_method=lhs;;active.log_every=5;;active.marker.greedy_score_weight=0.9;;active.marker.include_anchor_state_markers=true;;active.marker.k_density=20;;active.marker.pca_explained_variance=0.9;;active.marker.preselect_factor=3;;active.marker.settling_fraction=0.05;;active.marker.weights.diversity=0.6;;active.marker.weights.sparsity=0.4;;qbc_K=128;;qbc_P=2048;;qbc_T=31;;qbc_enable_logging=true;;qbc_n0=128;;qbc_n_test=256,,
marker_directed_sm_avr_gov_v1,1,marker_directed,SM_AVR_GOV,default,refine,refinement_and_schedule_search,/zhome/14/b/214266/Repos/ml-surrogates-for-power-systems/outputs/hpo_workflows/marker_directed_sm_avr_gov_v1_20260320_145448/refine,cfg_00082_1d8d408138,82,/zhome/14/b/214266/Repos/ml-surrogates-for-power-systems/outputs/hpo_workflows/marker_directed_sm_avr_gov_v1_20260320_145448/refine/runs/cfg_00082_1d8d408138,,s02,b4096,thesis_marker_sm_avr_gov_hpo_refine,completed,0,True,final_eval_rmse,minimize,0.007931777572658978,0.007931777572658978,6.291309546213597e-05,86.016336462053,74.55806423799368,0.00315658503677696,8.4488731919555,2.9346778399776667,0.0,0.037679506989661604,lhs,5,0.9,true,20,0.9,3,0.05,0.6,0.4,,,,,/zhome/14/b/214266/Repos/ml-surrogates-for-power-systems/outputs/hpo_workflows/marker_directed_sm_avr_gov_v1_20260320_145448/refine/runs/cfg_00082_1d8d408138/dataset_manifest.json,0.6,3,0.4,0.9972313642501831,0.13626195777105599,0.3707726193437117,0.23973163962364197,0.21801133425892044,0.18996712761368653,0.3931005058338425,0.3255539834499359,384,30,"[3221, 169, 2988, 1415, 2000, 532, 118, 3275, 3680, 124, 2583, 1597, 1931, 2222, 1746, 2499, 3259, 2606, 2540, 3213, 2529, 3650, 2559, 2599, 1119, 1804, 2340, 2376, 1926, 3461, 2547, 821, 2557, 849, 3526, 2966, 2746, 3507, 3128, 3031, 2777, 2778, 2313, 1046, 638, 3569, 2628, 3895, 284, 3933, 3173, 3944, 1303, 583, 2818, 3644, 418, 2881, 4038, 2563, 2043, 2086, 1701, 3805, 1398, 173, 848, 2038, 1966, 2501, 617, 1610, 2836, 2714, 3885, 2339, 372, 3164, 716, 2801, 1277, 3398, 1822, 3157, 827, 1928, 596, 1810, 806, 3511, 2158, 3551, 57, 1853, 1124, 3916, 611, 1661, 2170, 1265, 1483, 303, 1698, 1131, 3783, 2693, 125, 312, 2175, 1443, 1023, 2817, 1748, 2804, 815, 1326, 2940, 2641, 1236, 2816, 119, 1809, 1388, 3197, 770, 2180, 2910, 1738]",0.9972313642501831,0.21801133425892044,0.41387770251731726,0.4007188081741333,0.3349147439002991,3968,/zhome/14/b/214266/Repos/ml-surrogates-for-power-systems/outputs/hpo_workflows/marker_directed_sm_avr_gov_v1_20260320_145448/refine/runs/cfg_00082_1d8d408138/qbc/history.jsonl,128,4096,31,true,128,256,/zhome/14/b/214266/Repos/ml-surrogates-for-power-systems/outputs/hpo_workflows/marker_directed_sm_avr_gov_v1_20260320_145448/refine/runs/cfg_00082_1d8d408138/run_manifest.json,active.candidate_method=lhs;;active.log_every=5;;active.marker.greedy_score_weight=0.9;;active.marker.include_anchor_state_markers=true;;active.marker.k_density=20;;active.marker.pca_explained_variance=0.9;;active.marker.preselect_factor=3;;active.marker.settling_fraction=0.05;;active.marker.weights.diversity=0.6;;active.marker.weights.sparsity=0.4;;qbc_K=128;;qbc_P=4096;;qbc_T=31;;qbc_enable_logging=true;;qbc_n0=128;;qbc_n_test=256,,
marker_directed_sm_avr_gov_v1,1,marker_directed,SM_AVR_GOV,default,refine,refinement_and_schedule_search,/zhome/14/b/214266/Repos/ml-surrogates-for-power-systems/outputs/hpo_workflows/marker_directed_sm_avr_gov_v1_20260320_145448/refine,cfg_00083_b0efd3c83f,83,/zhome/14/b/214266/Repos/ml-surrogates-for-power-systems/outputs/hpo_workflows/marker_directed_sm_avr_gov_v1_20260320_145448/refine/runs/cfg_00083_b0efd3c83f,,s02,b4096,thesis_marker_sm_avr_gov_hpo_refine,completed,0,True,final_eval_rmse,minimize,0.006118244638125518,0.006118244638125518,3.743291745195165e-05,95.86227526201401,74.68679807998706,0.005178361956495792,16.813527465972584,4.28851034399122,0.0,0.032546318019740283,lhs,5,0.9,true,20,0.9,3,0.05,0.6,0.4,,,,,/zhome/14/b/214266/Repos/ml-surrogates-for-power-systems/outputs/hpo_workflows/marker_directed_sm_avr_gov_v1_20260320_145448/refine/runs/cfg_00083_b0efd3c83f/dataset_manifest.json,0.6,3,0.4,0.9607102274894714,0.13971010094217445,0.37437414681994374,0.3203849196434021,0.2256407465460575,0.19261602634229918,0.3935038913211882,0.4201808571815491,384,30,"[6058, 5736, 6768, 2977, 294, 3729, 6043, 882, 7465, 8045, 1181, 563, 2320, 2621, 3781, 3668, 4804, 2202, 4601, 5009, 2499, 484, 2059, 712, 6615, 3617, 5250, 5193, 5530, 5346, 5634, 7923, 1384, 5384, 6880, 3910, 6786, 892, 6843, 887, 7646, 2838, 3221, 6728, 1351, 3317, 6009, 5626, 7685, 1382, 7627, 5568, 2266, 4508, 2855, 3247, 3737, 8085, 7879, 5548, 697, 470, 6326, 6307, 1838, 5758, 6629, 3969, 21, 7797, 6034, 6255, 7170, 6018, 2008, 5169, 431, 2065, 861, 5152, 2092, 1899, 7074, 2601, 1593, 4510, 4121, 4548, 6977, 5315, 1603, 152, 6278, 2512, 2010, 2757, 2963, 1741, 7019, 5453, 3865, 2714, 4451, 5439, 3296, 4276, 7752, 831, 5575, 6817, 5134, 6610, 3290, 1009, 7110, 3513, 3925, 6735, 2276, 2103, 4353, 1179, 3933, 6213, 7621, 6266, 6449, 7194]",0.9607102274894714,0.2256407465460575,0.4176570814778028,0.5165964365005493,0.44973498582839966,3968,/zhome/14/b/214266/Repos/ml-surrogates-for-power-systems/outputs/hpo_workflows/marker_directed_sm_avr_gov_v1_20260320_145448/refine/runs/cfg_00083_b0efd3c83f/qbc/history.jsonl,128,8192,31,true,128,256,/zhome/14/b/214266/Repos/ml-surrogates-for-power-systems/outputs/hpo_workflows/marker_directed_sm_avr_gov_v1_20260320_145448/refine/runs/cfg_00083_b0efd3c83f/run_manifest.json,active.candidate_method=lhs;;active.log_every=5;;active.marker.greedy_score_weight=0.9;;active.marker.include_anchor_state_markers=true;;active.marker.k_density=20;;active.marker.pca_explained_variance=0.9;;active.marker.preselect_factor=3;;active.marker.settling_fraction=0.05;;active.marker.weights.diversity=0.6;;active.marker.weights.sparsity=0.4;;qbc_K=128;;qbc_P=8192;;qbc_T=31;;qbc_enable_logging=true;;qbc_n0=128;;qbc_n_test=256,,
marker_directed_sm_avr_gov_v1,1,marker_directed,SM_AVR_GOV,default,refine,refinement_and_schedule_search,/zhome/14/b/214266/Repos/ml-surrogates-for-power-systems/outputs/hpo_workflows/marker_directed_sm_avr_gov_v1_20260320_145448/refine,cfg_00084_cdf9c0f095,84,/zhome/14/b/214266/Repos/ml-surrogates-for-power-systems/outputs/hpo_workflows/marker_directed_sm_avr_gov_v1_20260320_145448/refine/runs/cfg_00084_cdf9c0f095,,s02,b4096,thesis_marker_sm_avr_gov_hpo_refine,completed,0,True,final_eval_rmse,minimize,0.006592844012323716,0.006592844012323716,4.346559217083268e-05,79.71900900901528,73.2525478869793,0.0014804190141148865,4.144716745999176,2.246908423025161,0.0,0.0395957879954949,lhs,5,0.7,true,10,0.95,3,0.05,0.6,0.4,,,,,/zhome/14/b/214266/Repos/ml-surrogates-for-power-systems/outputs/hpo_workflows/marker_directed_sm_avr_gov_v1_20260320_145448/refine/runs/cfg_00084_cdf9c0f095/dataset_manifest.json,0.6,4,0.4,0.849769115447998,0.2035429716576645,0.3986860165220695,0.3305709958076477,0.3025890990332887,0.2841580954205348,0.4352337762532873,0.45508164167404175,384,30,"[664, 1455, 1470, 937, 1194, 1874, 1940, 328, 248, 1124, 1665, 821, 1546, 1821, 21, 1815, 1728, 126, 680, 427, 889, 1531, 234, 1678, 923, 1056, 990, 80, 1701, 219, 1871, 751, 1586, 569, 411, 507, 1693, 820, 1799, 640, 477, 298, 2038, 1145, 688, 626, 1519, 1798, 378, 1766, 128, 916, 1195, 519, 37, 1426, 280, 129, 2004, 60, 602, 1156, 1472, 1133, 1652, 57, 874, 409, 1697, 1110, 499, 1407, 1717, 356, 1488, 323, 1856, 16, 1574, 1761, 1162, 1975, 936, 861, 1144, 625, 1457, 872, 2031, 1572, 24, 1999, 1952, 1382, 218, 1783, 1962, 896, 1841, 537, 2032, 1283, 1297, 405, 1637, 431, 1364, 1641, 353, 339, 244, 189, 1410, 523, 304, 474, 1700, 2013, 980, 527, 1556, 1715, 1942, 554, 586, 1911, 1892, 266]",0.849769115447998,0.3025890990332887,0.4604394995671255,0.521891713142395,0.415758341550827,3968,/zhome/14/b/214266/Repos/ml-surrogates-for-power-systems/outputs/hpo_workflows/marker_directed_sm_avr_gov_v1_20260320_145448/refine/runs/cfg_00084_cdf9c0f095/qbc/history.jsonl,128,2048,31,true,128,256,/zhome/14/b/214266/Repos/ml-surrogates-for-power-systems/outputs/hpo_workflows/marker_directed_sm_avr_gov_v1_20260320_145448/refine/runs/cfg_00084_cdf9c0f095/run_manifest.json,active.candidate_method=lhs;;active.log_every=5;;active.marker.greedy_score_weight=0.7;;active.marker.include_anchor_state_markers=true;;active.marker.k_density=10;;active.marker.pca_explained_variance=0.95;;active.marker.preselect_factor=3;;active.marker.settling_fraction=0.05;;active.marker.weights.diversity=0.6;;active.marker.weights.sparsity=0.4;;qbc_K=128;;qbc_P=2048;;qbc_T=31;;qbc_enable_logging=true;;qbc_n0=128;;qbc_n_test=256,,
marker_directed_sm_avr_gov_v1,1,marker_directed,SM_AVR_GOV,default,refine,refinement_and_schedule_search,/zhome/14/b/214266/Repos/ml-surrogates-for-power-systems/outputs/hpo_workflows/marker_directed_sm_avr_gov_v1_20260320_145448/refine,cfg_00085_ada6123646,85,/zhome/14/b/214266/Repos/ml-surrogates-for-power-systems/outputs/hpo_workflows/marker_directed_sm_avr_gov_v1_20260320_145448/refine/runs/cfg_00085_ada6123646,,s02,b4096,thesis_marker_sm_avr_gov_hpo_refine,completed,0,True,final_eval_rmse,minimize,0.009558442415556279,0.009558442415556279,9.136382141150534e-05,86.43713576497976,74.98907569301082,0.0032152639469131827,8.449886948044877,2.923757688025944,0.0,0.03724849701393396,lhs,5,0.7,true,10,0.95,3,0.05,0.6,0.4,,,,,/zhome/14/b/214266/Repos/ml-surrogates-for-power-systems/outputs/hpo_workflows/marker_directed_sm_avr_gov_v1_20260320_145448/refine/runs/cfg_00085_ada6123646/dataset_manifest.json,0.6,4,0.4,0.9145221710205078,0.20690393698124215,0.40148216372687723,0.2146272510290146,0.31570593010094766,0.2815263118210455,0.4336195101187108,0.28909730911254883,384,30,"[169, 3221, 1624, 999, 1040, 3848, 108, 1155, 2591, 2000, 2574, 140, 1822, 2251, 3508, 3823, 1488, 2731, 1434, 1676, 1309, 124, 1046, 1597, 1255, 1415, 1312, 3385, 877, 1303, 3308, 1202, 1263, 3805, 93, 840, 2876, 1264, 849, 1579, 2086, 3650, 2657, 2453, 428, 4038, 52, 1966, 980, 1228, 2696, 1439, 2573, 2540, 863, 3197, 732, 3359, 2274, 1688, 604, 788, 674, 1444, 2670, 2128, 2313, 3450, 1765, 1552, 1795, 1837, 2584, 2226, 1834, 717, 2801, 3735, 3529, 815, 285, 1112, 1472, 3407, 2529, 1703, 973, 2694, 2500, 2436, 1752, 2257, 1010, 903, 3995, 823, 3061, 2037, 187, 1119, 786, 664, 3408, 3882, 2422, 3393, 3513, 50, 1800, 1, 3169, 1146, 778, 4031, 2298, 2855, 2708, 246, 2374, 1603, 3409, 3608, 2975, 2565, 3232, 3050, 377, 3205]",0.9145221710205078,0.31570593010094766,0.4578107183319089,0.34421223402023315,0.29179325699806213,3968,/zhome/14/b/214266/Repos/ml-surrogates-for-power-systems/outputs/hpo_workflows/marker_directed_sm_avr_gov_v1_20260320_145448/refine/runs/cfg_00085_ada6123646/qbc/history.jsonl,128,4096,31,true,128,256,/zhome/14/b/214266/Repos/ml-surrogates-for-power-systems/outputs/hpo_workflows/marker_directed_sm_avr_gov_v1_20260320_145448/refine/runs/cfg_00085_ada6123646/run_manifest.json,active.candidate_method=lhs;;active.log_every=5;;active.marker.greedy_score_weight=0.7;;active.marker.include_anchor_state_markers=true;;active.marker.k_density=10;;active.marker.pca_explained_variance=0.95;;active.marker.preselect_factor=3;;active.marker.settling_fraction=0.05;;active.marker.weights.diversity=0.6;;active.marker.weights.sparsity=0.4;;qbc_K=128;;qbc_P=4096;;qbc_T=31;;qbc_enable_logging=true;;qbc_n0=128;;qbc_n_test=256,,
marker_directed_sm_avr_gov_v1,1,marker_directed,SM_AVR_GOV,default,refine,refinement_and_schedule_search,/zhome/14/b/214266/Repos/ml-surrogates-for-power-systems/outputs/hpo_workflows/marker_directed_sm_avr_gov_v1_20260320_145448/refine,cfg_00086_cc34ced193,86,/zhome/14/b/214266/Repos/ml-surrogates-for-power-systems/outputs/hpo_workflows/marker_directed_sm_avr_gov_v1_20260320_145448/refine/runs/cfg_00086_cc34ced193,,s02,b4096,thesis_marker_sm_avr_gov_hpo_refine,completed,0,True,final_eval_rmse,minimize,0.007438061029848115,0.007438061029848115,5.5324751883745193e-05,94.22918283898616,73.25468310399447,0.005196210055146366,16.634564575972036,4.2666458950261585,0.0,0.03278975700959563,lhs,5,0.7,true,10,0.95,3,0.05,0.6,0.4,,,,,/zhome/14/b/214266/Repos/ml-surrogates-for-power-systems/outputs/hpo_workflows/marker_directed_sm_avr_gov_v1_20260320_145448/refine/runs/cfg_00086_cc34ced193/dataset_manifest.json,0.6,4,0.4,0.8514838218688965,0.21058580821637105,0.4084690940644157,0.3587180972099304,0.3250058476904477,0.2854677457233677,0.4376312903092798,0.4703417122364044,384,30,"[5371, 294, 5736, 3097, 4246, 1263, 2977, 1351, 3336, 6041, 3418, 2059, 3238, 1292, 6524, 6986, 8045, 2499, 4116, 6678, 7142, 1291, 1497, 6254, 6105, 6009, 6767, 4611, 7889, 6122, 991, 1625, 5571, 4015, 4261, 6168, 3895, 5706, 5637, 3120, 3434, 3017, 2670, 6076, 4006, 4479, 5478, 8003, 4979, 7272, 7981, 3376, 4958, 2505, 404, 6348, 273, 433, 2202, 7627, 2443, 2044, 95, 5416, 2213, 5031, 4376, 3197, 6659, 7231, 301, 6380, 4995, 4131, 1375, 1915, 4023, 2566, 6629, 290, 3131, 6301, 1339, 7674, 2881, 5917, 3676, 7938, 1547, 8114, 1298, 7732, 1492, 6970, 7133, 3513, 5721, 5339, 5583, 7326, 5427, 3067, 1282, 2909, 2109, 1724, 4465, 652, 5811, 6043, 3481, 3758, 2588, 3164, 5136, 4538, 1491, 5156, 3514, 3129, 4247, 1545, 4228, 2009, 5991, 3618, 6688, 7611]",0.8514838218688965,0.3250058476904477,0.46674625004384923,0.5796289443969727,0.5055752396583557,3968,/zhome/14/b/214266/Repos/ml-surrogates-for-power-systems/outputs/hpo_workflows/marker_directed_sm_avr_gov_v1_20260320_145448/refine/runs/cfg_00086_cc34ced193/qbc/history.jsonl,128,8192,31,true,128,256,/zhome/14/b/214266/Repos/ml-surrogates-for-power-systems/outputs/hpo_workflows/marker_directed_sm_avr_gov_v1_20260320_145448/refine/runs/cfg_00086_cc34ced193/run_manifest.json,active.candidate_method=lhs;;active.log_every=5;;active.marker.greedy_score_weight=0.7;;active.marker.include_anchor_state_markers=true;;active.marker.k_density=10;;active.marker.pca_explained_variance=0.95;;active.marker.preselect_factor=3;;active.marker.settling_fraction=0.05;;active.marker.weights.diversity=0.6;;active.marker.weights.sparsity=0.4;;qbc_K=128;;qbc_P=8192;;qbc_T=31;;qbc_enable_logging=true;;qbc_n0=128;;qbc_n_test=256,,
marker_directed_sm_avr_gov_v1,1,marker_directed,SM_AVR_GOV,default,refine,refinement_and_schedule_search,/zhome/14/b/214266/Repos/ml-surrogates-for-power-systems/outputs/hpo_workflows/marker_directed_sm_avr_gov_v1_20260320_145448/refine,cfg_00087_65d429ccf5,87,/zhome/14/b/214266/Repos/ml-surrogates-for-power-systems/outputs/hpo_workflows/marker_directed_sm_avr_gov_v1_20260320_145448/refine/runs/cfg_00087_65d429ccf5,,s02,b4096,thesis_marker_sm_avr_gov_hpo_refine,completed,0,True,final_eval_rmse,minimize,0.00674209647606544,0.00674209647606544,4.545586489257403e-05,80.6677517319913,74.13122150098206,0.002272975048981607,4.204831704031676,2.2549106189981103,0.0,0.04067954997299239,lhs,5,0.9,true,10,0.95,3,0.05,0.6,0.4,,,,,/zhome/14/b/214266/Repos/ml-surrogates-for-power-systems/outputs/hpo_workflows/marker_directed_sm_avr_gov_v1_20260320_145448/refine/runs/cfg_00087_65d429ccf5/dataset_manifest.json,0.6,4,0.4,0.8625057339668274,0.20576599097856646,0.40103422533669203,0.339074969291687,0.306238908489762,0.2815989359561124,0.43482594155681253,0.45670101046562195,384,30,"[664, 1162, 1678, 1874, 1194, 1940, 328, 409, 937, 1531, 680, 126, 1388, 1799, 923, 218, 640, 1110, 431, 1590, 1891, 264, 1771, 1798, 95, 1735, 1237, 1469, 657, 2038, 1297, 356, 440, 88, 1537, 60, 700, 1665, 1856, 404, 1517, 1533, 2032, 389, 626, 656, 629, 1975, 427, 25, 1515, 688, 1126, 872, 373, 1437, 724, 1712, 855, 411, 1881, 1426, 1546, 1356, 46, 1329, 878, 1702, 1949, 1721, 1324, 89, 894, 530, 30, 1046, 301, 703, 21, 1652, 1865, 540, 339, 232, 1156, 1909, 1184, 1325, 165, 515, 1008, 234, 829, 1443, 90, 926, 835, 57, 323, 1328, 419, 1586, 15, 867, 1124, 1620, 378, 372, 374, 41, 24, 2043, 569, 1832, 1072, 140, 1956, 1823, 1172, 1937, 1335, 295, 166, 189, 1711, 192, 1373, 1682]",0.8625057339668274,0.306238908489762,0.4636480618878712,0.5360875129699707,0.4311857223510742,3968,/zhome/14/b/214266/Repos/ml-surrogates-for-power-systems/outputs/hpo_workflows/marker_directed_sm_avr_gov_v1_20260320_145448/refine/runs/cfg_00087_65d429ccf5/qbc/history.jsonl,128,2048,31,true,128,256,/zhome/14/b/214266/Repos/ml-surrogates-for-power-systems/outputs/hpo_workflows/marker_directed_sm_avr_gov_v1_20260320_145448/refine/runs/cfg_00087_65d429ccf5/run_manifest.json,active.candidate_method=lhs;;active.log_every=5;;active.marker.greedy_score_weight=0.9;;active.marker.include_anchor_state_markers=true;;active.marker.k_density=10;;active.marker.pca_explained_variance=0.95;;active.marker.preselect_factor=3;;active.marker.settling_fraction=0.05;;active.marker.weights.diversity=0.6;;active.marker.weights.sparsity=0.4;;qbc_K=128;;qbc_P=2048;;qbc_T=31;;qbc_enable_logging=true;;qbc_n0=128;;qbc_n_test=256,,
marker_directed_sm_avr_gov_v1,1,marker_directed,SM_AVR_GOV,default,refine,refinement_and_schedule_search,/zhome/14/b/214266/Repos/ml-surrogates-for-power-systems/outputs/hpo_workflows/marker_directed_sm_avr_gov_v1_20260320_145448/refine,cfg_00088_e021b885a0,88,/zhome/14/b/214266/Repos/ml-surrogates-for-power-systems/outputs/hpo_workflows/marker_directed_sm_avr_gov_v1_20260320_145448/refine/runs/cfg_00088_e021b885a0,,s02,b4096,thesis_marker_sm_avr_gov_hpo_refine,completed,0,True,final_eval_rmse,minimize,0.011777996881168788,0.011777996881168788,0.00013872121053282171,87.48161985602928,76.08290549600497,0.0031995790195651352,8.392324435000774,2.931452152028214,0.0,0.03796287998557091,lhs,5,0.9,true,10,0.95,3,0.05,0.6,0.4,,,,,/zhome/14/b/214266/Repos/ml-surrogates-for-power-systems/outputs/hpo_workflows/marker_directed_sm_avr_gov_v1_20260320_145448/refine/runs/cfg_00088_e021b885a0/dataset_manifest.json,0.6,4,0.4,0.9455907344818115,0.2066700193658753,0.40329367972758434,0.21245628595352173,0.32460246831960166,0.28006579046865965,0.43553974969796994,0.2851068377494812,384,30,"[169, 3221, 1509, 2000, 1822, 1155, 2667, 1834, 1795, 1853, 2653, 849, 108, 1119, 3149, 504, 1837, 3731, 2222, 3140, 2198, 26, 875, 50, 1439, 124, 2894, 1415, 2776, 2313, 1228, 220, 481, 2838, 999, 1729, 1300, 243, 2037, 1597, 3353, 757, 3341, 1417, 3259, 2413, 1966, 3891, 2078, 3973, 1202, 3650, 3508, 2480, 2574, 387, 822, 118, 1896, 285, 1518, 2181, 1095, 2623, 3990, 852, 1765, 44, 1370, 1835, 1714, 3318, 3525, 3061, 3630, 664, 4079, 592, 99, 3418, 3232, 428, 2340, 877, 1662, 3946, 561, 2624, 2209, 2338, 1, 2106, 1226, 1552, 3991, 246, 2370, 2434, 2565, 438, 2132, 3157, 3272, 2361, 3050, 2860, 367, 3485, 3921, 2376, 686, 1451, 2275, 3580, 3854, 1505, 1571, 1678, 2540, 4076, 704, 2907, 75, 2617, 21, 3582, 969, 1923]",0.9455907344818115,0.32460246831960166,0.46281680086634247,0.3530186414718628,0.29414844512939453,3968,/zhome/14/b/214266/Repos/ml-surrogates-for-power-systems/outputs/hpo_workflows/marker_directed_sm_avr_gov_v1_20260320_145448/refine/runs/cfg_00088_e021b885a0/qbc/history.jsonl,128,4096,31,true,128,256,/zhome/14/b/214266/Repos/ml-surrogates-for-power-systems/outputs/hpo_workflows/marker_directed_sm_avr_gov_v1_20260320_145448/refine/runs/cfg_00088_e021b885a0/run_manifest.json,active.candidate_method=lhs;;active.log_every=5;;active.marker.greedy_score_weight=0.9;;active.marker.include_anchor_state_markers=true;;active.marker.k_density=10;;active.marker.pca_explained_variance=0.95;;active.marker.preselect_factor=3;;active.marker.settling_fraction=0.05;;active.marker.weights.diversity=0.6;;active.marker.weights.sparsity=0.4;;qbc_K=128;;qbc_P=4096;;qbc_T=31;;qbc_enable_logging=true;;qbc_n0=128;;qbc_n_test=256,,
marker_directed_sm_avr_gov_v1,1,marker_directed,SM_AVR_GOV,default,refine,refinement_and_schedule_search,/zhome/14/b/214266/Repos/ml-surrogates-for-power-systems/outputs/hpo_workflows/marker_directed_sm_avr_gov_v1_20260320_145448/refine,cfg_00089_37df2344ed,89,/zhome/14/b/214266/Repos/ml-surrogates-for-power-systems/outputs/hpo_workflows/marker_directed_sm_avr_gov_v1_20260320_145448/refine/runs/cfg_00089_37df2344ed,,s02,b4096,thesis_marker_sm_avr_gov_hpo_refine,completed,0,True,final_eval_rmse,minimize,0.011644270144377343,0.011644270144377343,0.00013558902719523758,94.74388635600917,73.53660873603076,0.005107962992042303,16.865752177021932,4.264536117960233,0.0,0.03759446495678276,lhs,5,0.9,true,10,0.95,3,0.05,0.6,0.4,,,,,/zhome/14/b/214266/Repos/ml-surrogates-for-power-systems/outputs/hpo_workflows/marker_directed_sm_avr_gov_v1_20260320_145448/refine/runs/cfg_00089_37df2344ed/dataset_manifest.json,0.6,4,0.4,0.8534795045852661,0.21134405015717322,0.40975689282239625,0.41082948446273804,0.3322380515602831,0.2848055724279403,0.4403963455430646,0.5195198059082031,384,30,"[6099, 5736, 5371, 4712, 2733, 1217, 663, 7674, 5571, 2622, 6524, 5272, 8044, 5522, 4072, 2977, 6058, 4116, 6986, 1599, 7672, 3894, 7272, 8045, 4502, 7142, 572, 6168, 3336, 5357, 1926, 3281, 902, 298, 4465, 6629, 6774, 126, 2566, 6018, 3031, 991, 2360, 7981, 4556, 6007, 4453, 6767, 6258, 4122, 712, 5620, 6663, 1056, 7228, 4456, 1362, 1758, 4964, 6804, 1194, 1914, 7227, 6395, 7550, 2897, 5997, 6535, 514, 7873, 3865, 5528, 169, 7386, 1497, 5393, 1951, 5009, 6898, 5362, 4444, 2850, 7007, 4173, 1953, 7559, 3024, 495, 3197, 3672, 2910, 6728, 2739, 7682, 1339, 3032, 4707, 5416, 5823, 5918, 180, 6027, 1715, 294, 3572, 7533, 7948, 2570, 3238, 7732, 3126, 1781, 669, 7621, 4614, 7566, 8081, 3729, 2944, 6029, 5844, 3938, 6453, 2991, 2202, 6562, 7025, 4795]",0.8534795045852661,0.3322380515602831,0.4650711837049032,0.6199395656585693,0.5507121682167053,3968,/zhome/14/b/214266/Repos/ml-surrogates-for-power-systems/outputs/hpo_workflows/marker_directed_sm_avr_gov_v1_20260320_145448/refine/runs/cfg_00089_37df2344ed/qbc/history.jsonl,128,8192,31,true,128,256,/zhome/14/b/214266/Repos/ml-surrogates-for-power-systems/outputs/hpo_workflows/marker_directed_sm_avr_gov_v1_20260320_145448/refine/runs/cfg_00089_37df2344ed/run_manifest.json,active.candidate_method=lhs;;active.log_every=5;;active.marker.greedy_score_weight=0.9;;active.marker.include_anchor_state_markers=true;;active.marker.k_density=10;;active.marker.pca_explained_variance=0.95;;active.marker.preselect_factor=3;;active.marker.settling_fraction=0.05;;active.marker.weights.diversity=0.6;;active.marker.weights.sparsity=0.4;;qbc_K=128;;qbc_P=8192;;qbc_T=31;;qbc_enable_logging=true;;qbc_n0=128;;qbc_n_test=256,,
marker_directed_sm_avr_gov_v1,1,marker_directed,SM_AVR_GOV,default,refine,refinement_and_schedule_search,/zhome/14/b/214266/Repos/ml-surrogates-for-power-systems/outputs/hpo_workflows/marker_directed_sm_avr_gov_v1_20260320_145448/refine,cfg_00090_10e8cbde63,90,/zhome/14/b/214266/Repos/ml-surrogates-for-power-systems/outputs/hpo_workflows/marker_directed_sm_avr_gov_v1_20260320_145448/refine/runs/cfg_00090_10e8cbde63,,s02,b4096,thesis_marker_sm_avr_gov_hpo_refine,completed,0,True,final_eval_rmse,minimize,0.008243915156594853,0.008243915156594853,6.796213710913435e-05,81.27439093700377,74.71543765597744,0.002171918982639909,4.241817552014254,2.239205102028791,0.0,0.04167826101183891,lhs,5,0.7,true,20,0.95,3,0.05,0.6,0.4,,,,,/zhome/14/b/214266/Repos/ml-surrogates-for-power-systems/outputs/hpo_workflows/marker_directed_sm_avr_gov_v1_20260320_145448/refine/runs/cfg_00090_10e8cbde63/dataset_manifest.json,0.6,4,0.4,0.8427680730819702,0.2033124793842908,0.4949627788374125,0.3059059977531433,0.30645148679094825,0.28063180546271876,0.5326230756256856,0.4266752004623413,384,30,"[1874, 126, 427, 1194, 409, 328, 218, 1724, 923, 1935, 492, 1665, 1433, 1678, 937, 1711, 1531, 1940, 664, 1226, 298, 1492, 558, 787, 253, 411, 309, 1814, 1472, 431, 1163, 927, 1426, 1195, 1203, 1422, 1434, 980, 1524, 1798, 640, 378, 1799, 946, 1637, 569, 554, 519, 872, 1056, 1794, 248, 680, 1039, 60, 224, 32, 41, 1184, 657, 1260, 1156, 440, 323, 1014, 110, 1890, 626, 82, 1529, 33, 1488, 1652, 772, 356, 2031, 285, 1952, 1517, 1407, 198, 1462, 1922, 1120, 1455, 1588, 255, 1162, 1719, 1917, 1213, 2007, 405, 1145, 1110, 1676, 863, 165, 1388, 1723, 1312, 995, 758, 1809, 941, 753, 24, 1609, 1856, 1870, 1262, 29, 474, 1701, 1159, 1869, 2004, 131, 288, 1102, 189, 629, 2042, 1854, 1457, 190, 855, 1503]",0.8427680730819702,0.30645148679094825,0.5585560210391431,0.5043788552284241,0.3884716033935547,3968,/zhome/14/b/214266/Repos/ml-surrogates-for-power-systems/outputs/hpo_workflows/marker_directed_sm_avr_gov_v1_20260320_145448/refine/runs/cfg_00090_10e8cbde63/qbc/history.jsonl,128,2048,31,true,128,256,/zhome/14/b/214266/Repos/ml-surrogates-for-power-systems/outputs/hpo_workflows/marker_directed_sm_avr_gov_v1_20260320_145448/refine/runs/cfg_00090_10e8cbde63/run_manifest.json,active.candidate_method=lhs;;active.log_every=5;;active.marker.greedy_score_weight=0.7;;active.marker.include_anchor_state_markers=true;;active.marker.k_density=20;;active.marker.pca_explained_variance=0.95;;active.marker.preselect_factor=3;;active.marker.settling_fraction=0.05;;active.marker.weights.diversity=0.6;;active.marker.weights.sparsity=0.4;;qbc_K=128;;qbc_P=2048;;qbc_T=31;;qbc_enable_logging=true;;qbc_n0=128;;qbc_n_test=256,,
marker_directed_sm_avr_gov_v1,1,marker_directed,SM_AVR_GOV,default,refine,refinement_and_schedule_search,/zhome/14/b/214266/Repos/ml-surrogates-for-power-systems/outputs/hpo_workflows/marker_directed_sm_avr_gov_v1_20260320_145448/refine,cfg_00091_a1437397f8,91,/zhome/14/b/214266/Repos/ml-surrogates-for-power-systems/outputs/hpo_workflows/marker_directed_sm_avr_gov_v1_20260320_145448/refine/runs/cfg_00091_a1437397f8,,s02,b4096,thesis_marker_sm_avr_gov_hpo_refine,completed,0,True,final_eval_rmse,minimize,0.011481883908488128,0.011481883908488128,0.00013183365808799863,86.020515288983,74.62359731801553,0.00262262299656868,8.408288291015197,2.914863432000857,0.0,0.03728541900636628,lhs,5,0.7,true,20,0.95,3,0.05,0.6,0.4,,,,,/zhome/14/b/214266/Repos/ml-surrogates-for-power-systems/outputs/hpo_workflows/marker_directed_sm_avr_gov_v1_20260320_145448/refine/runs/cfg_00091_a1437397f8/dataset_manifest.json,0.6,4,0.4,0.9025158882141113,0.20510158434588896,0.4972750762018411,0.20473358035087585,0.3186808747500312,0.28403931267977656,0.5307925372013149,0.27924424409866333,384,30,"[169, 3221, 3106, 124, 246, 3525, 2574, 1155, 108, 2000, 999, 2470, 2331, 697, 1926, 220, 3779, 1016, 1809, 2617, 418, 422, 1931, 1355, 285, 3061, 1597, 2198, 3197, 2481, 1303, 2442, 2146, 1553, 1292, 3331, 26, 971, 1837, 537, 1490, 3316, 3393, 251, 1026, 1344, 3650, 1119, 849, 2450, 428, 1961, 3192, 1415, 72, 2058, 3931, 3111, 1832, 2914, 11, 664, 2559, 1345, 3680, 803, 2859, 563, 1952, 113, 3588, 1729, 1552, 815, 211, 3985, 2349, 3735, 3963, 479, 3279, 2878, 3004, 2570, 2670, 279, 613, 4076, 823, 3407, 3050, 1419, 2629, 2875, 1523, 4038, 2479, 2065, 50, 2874, 2801, 3236, 1505, 2504, 1707, 707, 1174, 2376, 2018, 106, 243, 2624, 616, 1745, 762, 1433, 2059, 481, 3408, 778, 2719, 1885, 1788, 336, 1313, 2937, 1858, 1501]",0.9025158882141113,0.3186808747500312,0.5542404533350167,0.3385128080844879,0.28207162022590637,3968,/zhome/14/b/214266/Repos/ml-surrogates-for-power-systems/outputs/hpo_workflows/marker_directed_sm_avr_gov_v1_20260320_145448/refine/runs/cfg_00091_a1437397f8/qbc/history.jsonl,128,4096,31,true,128,256,/zhome/14/b/214266/Repos/ml-surrogates-for-power-systems/outputs/hpo_workflows/marker_directed_sm_avr_gov_v1_20260320_145448/refine/runs/cfg_00091_a1437397f8/run_manifest.json,active.candidate_method=lhs;;active.log_every=5;;active.marker.greedy_score_weight=0.7;;active.marker.include_anchor_state_markers=true;;active.marker.k_density=20;;active.marker.pca_explained_variance=0.95;;active.marker.preselect_factor=3;;active.marker.settling_fraction=0.05;;active.marker.weights.diversity=0.6;;active.marker.weights.sparsity=0.4;;qbc_K=128;;qbc_P=4096;;qbc_T=31;;qbc_enable_logging=true;;qbc_n0=128;;qbc_n_test=256,,
marker_directed_sm_avr_gov_v1,1,marker_directed,SM_AVR_GOV,default,refine,refinement_and_schedule_search,/zhome/14/b/214266/Repos/ml-surrogates-for-power-systems/outputs/hpo_workflows/marker_directed_sm_avr_gov_v1_20260320_145448/refine,cfg_00092_ac38388b25,92,/zhome/14/b/214266/Repos/ml-surrogates-for-power-systems/outputs/hpo_workflows/marker_directed_sm_avr_gov_v1_20260320_145448/refine/runs/cfg_00092_ac38388b25,,s02,b4096,thesis_marker_sm_avr_gov_hpo_refine,completed,0,True,final_eval_rmse,minimize,0.0087141910166775,0.0087141910166775,7.593712507514283e-05,94.00542503100587,72.90357880102238,0.005673606006894261,16.75989742099773,4.265615580952726,0.0,0.035889856051653624,lhs,5,0.7,true,20,0.95,3,0.05,0.6,0.4,,,,,/zhome/14/b/214266/Repos/ml-surrogates-for-power-systems/outputs/hpo_workflows/marker_directed_sm_avr_gov_v1_20260320_145448/refine/runs/cfg_00092_ac38388b25/dataset_manifest.json,0.6,4,0.4,0.7710014581680298,0.20660916160005405,0.5030589054325173,0.3215049207210541,0.31835953520726434,0.28388666480679675,0.5343557343002772,0.4289534389972687,384,30,"[5371, 294, 3097, 5736, 6035, 3396, 2977, 887, 6806, 1272, 2850, 5917, 415, 433, 4712, 7338, 6099, 1575, 5568, 5250, 7830, 6678, 2202, 1222, 6615, 7142, 222, 5571, 6524, 4948, 3895, 1194, 5481, 3169, 7669, 5528, 4933, 7133, 6986, 522, 8111, 5326, 1282, 7854, 6141, 648, 1351, 1022, 7227, 1281, 4594, 4851, 7823, 3657, 5547, 7434, 877, 5637, 1625, 7033, 4611, 2178, 4145, 7633, 5055, 2081, 4979, 3419, 5700, 8045, 3131, 6898, 3542, 4038, 2803, 7991, 6767, 5453, 6105, 7097, 5472, 7607, 6728, 991, 3037, 5009, 6268, 563, 8179, 6380, 7627, 7934, 4843, 2200, 4123, 3345, 4082, 6629, 7981, 676, 5677, 2450, 5997, 6386, 6847, 5811, 6058, 3181, 531, 3753, 513, 105, 5864, 6483, 3418, 5510, 6463, 1654, 5157, 2499, 6345, 7566, 3477, 1082, 8042, 5484, 2990, 5333]",0.7710014581680298,0.31835953520726434,0.561106599965907,0.5218768119812012,0.45841044187545776,3968,/zhome/14/b/214266/Repos/ml-surrogates-for-power-systems/outputs/hpo_workflows/marker_directed_sm_avr_gov_v1_20260320_145448/refine/runs/cfg_00092_ac38388b25/qbc/history.jsonl,128,8192,31,true,128,256,/zhome/14/b/214266/Repos/ml-surrogates-for-power-systems/outputs/hpo_workflows/marker_directed_sm_avr_gov_v1_20260320_145448/refine/runs/cfg_00092_ac38388b25/run_manifest.json,active.candidate_method=lhs;;active.log_every=5;;active.marker.greedy_score_weight=0.7;;active.marker.include_anchor_state_markers=true;;active.marker.k_density=20;;active.marker.pca_explained_variance=0.95;;active.marker.preselect_factor=3;;active.marker.settling_fraction=0.05;;active.marker.weights.diversity=0.6;;active.marker.weights.sparsity=0.4;;qbc_K=128;;qbc_P=8192;;qbc_T=31;;qbc_enable_logging=true;;qbc_n0=128;;qbc_n_test=256,,
marker_directed_sm_avr_gov_v1,1,marker_directed,SM_AVR_GOV,default,refine,refinement_and_schedule_search,/zhome/14/b/214266/Repos/ml-surrogates-for-power-systems/outputs/hpo_workflows/marker_directed_sm_avr_gov_v1_20260320_145448/refine,cfg_00093_cc5d655190,93,/zhome/14/b/214266/Repos/ml-surrogates-for-power-systems/outputs/hpo_workflows/marker_directed_sm_avr_gov_v1_20260320_145448/refine/runs/cfg_00093_cc5d655190,,s02,b4096,thesis_marker_sm_avr_gov_hpo_refine,completed,0,True,final_eval_rmse,minimize,0.005860584973534215,0.005860584973534215,3.4346456232015043e-05,81.53867476899177,74.99099431704963,0.002225527015980333,4.234532712958753,2.237029032956343,0.0,0.04007837100652978,lhs,5,0.9,true,20,0.95,3,0.05,0.6,0.4,,,,,/zhome/14/b/214266/Repos/ml-surrogates-for-power-systems/outputs/hpo_workflows/marker_directed_sm_avr_gov_v1_20260320_145448/refine/runs/cfg_00093_cc5d655190/dataset_manifest.json,0.6,4,0.4,0.8332293033599854,0.20397471070111206,0.49734201918101334,0.31474894285202026,0.3063830357392793,0.2803144820244222,0.5353409314604112,0.4312784969806671,384,30,"[1874, 126, 328, 1799, 1940, 664, 409, 1678, 561, 1194, 1531, 923, 680, 218, 1735, 1331, 980, 640, 427, 1034, 404, 1156, 1388, 1346, 1302, 1798, 1590, 629, 411, 1145, 554, 626, 1665, 229, 1766, 1530, 1794, 1693, 263, 2038, 995, 878, 471, 356, 990, 1162, 1195, 533, 1711, 903, 1126, 483, 1296, 431, 1588, 758, 323, 1533, 1721, 88, 1282, 1637, 221, 855, 793, 1328, 862, 1297, 569, 1805, 1321, 2031, 201, 24, 955, 715, 1317, 168, 1144, 1856, 1337, 582, 1865, 1952, 155, 166, 1325, 225, 244, 1270, 95, 1831, 117, 428, 1652, 928, 1066, 1909, 1072, 1943, 1869, 606, 1469, 1768, 234, 371, 309, 772, 1455, 820, 1750, 698, 39, 60, 1795, 288, 777, 1586, 1281, 829, 657, 175, 625, 1508, 1198, 872, 1701, 1453]",0.8332293033599854,0.3063830357392793,0.5561360412553398,0.5035314559936523,0.3984386920928955,3968,/zhome/14/b/214266/Repos/ml-surrogates-for-power-systems/outputs/hpo_workflows/marker_directed_sm_avr_gov_v1_20260320_145448/refine/runs/cfg_00093_cc5d655190/qbc/history.jsonl,128,2048,31,true,128,256,/zhome/14/b/214266/Repos/ml-surrogates-for-power-systems/outputs/hpo_workflows/marker_directed_sm_avr_gov_v1_20260320_145448/refine/runs/cfg_00093_cc5d655190/run_manifest.json,active.candidate_method=lhs;;active.log_every=5;;active.marker.greedy_score_weight=0.9;;active.marker.include_anchor_state_markers=true;;active.marker.k_density=20;;active.marker.pca_explained_variance=0.95;;active.marker.preselect_factor=3;;active.marker.settling_fraction=0.05;;active.marker.weights.diversity=0.6;;active.marker.weights.sparsity=0.4;;qbc_K=128;;qbc_P=2048;;qbc_T=31;;qbc_enable_logging=true;;qbc_n0=128;;qbc_n_test=256,,
marker_directed_sm_avr_gov_v1,1,marker_directed,SM_AVR_GOV,default,refine,refinement_and_schedule_search,/zhome/14/b/214266/Repos/ml-surrogates-for-power-systems/outputs/hpo_workflows/marker_directed_sm_avr_gov_v1_20260320_145448/refine,cfg_00094_857eefdb5f,94,/zhome/14/b/214266/Repos/ml-surrogates-for-power-systems/outputs/hpo_workflows/marker_directed_sm_avr_gov_v1_20260320_145448/refine/runs/cfg_00094_857eefdb5f,,s02,b4096,thesis_marker_sm_avr_gov_hpo_refine,completed,0,True,final_eval_rmse,minimize,0.006581285935731851,0.006581285935731851,4.3313324567861855e-05,85.01272513100412,73.68943166302051,0.002971423964481801,8.321128626004793,2.9285640430171043,0.0,0.03655719297239557,lhs,5,0.9,true,20,0.95,3,0.05,0.6,0.4,,,,,/zhome/14/b/214266/Repos/ml-surrogates-for-power-systems/outputs/hpo_workflows/marker_directed_sm_avr_gov_v1_20260320_145448/refine/runs/cfg_00094_857eefdb5f/dataset_manifest.json,0.6,4,0.4,0.9185199737548828,0.20524668633608256,0.49849447466066477,0.21468153595924377,0.3200794664866512,0.28010376872215814,0.533138031875004,0.286179780960083,384,30,"[169, 3221, 3814, 2000, 50, 1834, 1155, 806, 1822, 108, 332, 26, 1344, 849, 1119, 3057, 1795, 1765, 2338, 1355, 1746, 211, 1726, 2222, 1228, 2313, 1415, 1386, 481, 1837, 1509, 1597, 2110, 3393, 815, 276, 2768, 3731, 3995, 2218, 3508, 1439, 1423, 3171, 3111, 2670, 1862, 2402, 3192, 903, 951, 3585, 1409, 3650, 1873, 1490, 1724, 426, 2559, 840, 556, 3061, 2397, 2574, 3816, 3888, 3197, 285, 915, 3149, 3325, 3086, 428, 315, 1046, 1677, 3450, 2537, 2181, 2061, 674, 1552, 2940, 2186, 3680, 2043, 124, 1608, 246, 1879, 1220, 3544, 1175, 600, 2599, 3050, 2471, 895, 3272, 3408, 119, 863, 1137, 3232, 2540, 803, 2095, 1952, 999, 214, 3179, 634, 3346, 1086, 1488, 973, 668, 1630, 1549, 3843, 25, 2703, 1860, 3259, 2697, 1934, 2426, 3133]",0.9185199737548828,0.3200794664866512,0.553368737731327,0.3476349115371704,0.2893892824649811,3968,/zhome/14/b/214266/Repos/ml-surrogates-for-power-systems/outputs/hpo_workflows/marker_directed_sm_avr_gov_v1_20260320_145448/refine/runs/cfg_00094_857eefdb5f/qbc/history.jsonl,128,4096,31,true,128,256,/zhome/14/b/214266/Repos/ml-surrogates-for-power-systems/outputs/hpo_workflows/marker_directed_sm_avr_gov_v1_20260320_145448/refine/runs/cfg_00094_857eefdb5f/run_manifest.json,active.candidate_method=lhs;;active.log_every=5;;active.marker.greedy_score_weight=0.9;;active.marker.include_anchor_state_markers=true;;active.marker.k_density=20;;active.marker.pca_explained_variance=0.95;;active.marker.preselect_factor=3;;active.marker.settling_fraction=0.05;;active.marker.weights.diversity=0.6;;active.marker.weights.sparsity=0.4;;qbc_K=128;;qbc_P=4096;;qbc_T=31;;qbc_enable_logging=true;;qbc_n0=128;;qbc_n_test=256,,
marker_directed_sm_avr_gov_v1,1,marker_directed,SM_AVR_GOV,default,refine,refinement_and_schedule_search,/zhome/14/b/214266/Repos/ml-surrogates-for-power-systems/outputs/hpo_workflows/marker_directed_sm_avr_gov_v1_20260320_145448/refine,cfg_00095_e16fb04c46,95,/zhome/14/b/214266/Repos/ml-surrogates-for-power-systems/outputs/hpo_workflows/marker_directed_sm_avr_gov_v1_20260320_145448/refine/runs/cfg_00095_e16fb04c46,,s02,b4096,thesis_marker_sm_avr_gov_hpo_refine,completed,0,True,final_eval_rmse,minimize,0.005525415830628012,0.005525415830628012,3.0530220101354644e-05,95.96400449296925,74.75234522100072,0.006197821989189833,16.83895029197447,4.294154680974316,0.0,0.036973780021071434,lhs,5,0.9,true,20,0.95,3,0.05,0.6,0.4,,,,,/zhome/14/b/214266/Repos/ml-surrogates-for-power-systems/outputs/hpo_workflows/marker_directed_sm_avr_gov_v1_20260320_145448/refine/runs/cfg_00095_e16fb04c46/dataset_manifest.json,0.6,4,0.4,0.8676338195800781,0.20896447552622133,0.5052537520441515,0.396053671836853,0.3344922199782697,0.2844744172796814,0.5404122101677198,0.5048052072525024,384,30,"[6986, 5736, 5371, 3085, 294, 4751, 7866, 6099, 7981, 126, 991, 4712, 7196, 6058, 5571, 6524, 2977, 7153, 7991, 1274, 1497, 6970, 4329, 7664, 7759, 186, 4015, 5027, 298, 4451, 7272, 6767, 8045, 7142, 6678, 6481, 1492, 5799, 5388, 4071, 6123, 2671, 6168, 6141, 6802, 2566, 3017, 7669, 1186, 1056, 3483, 1024, 4611, 116, 6007, 4719, 2320, 405, 3641, 5416, 7550, 3531, 6968, 6219, 3110, 3057, 8049, 569, 4453, 663, 8111, 558, 6613, 7273, 1298, 4942, 7889, 7627, 4626, 7163, 377, 6898, 6985, 4094, 5976, 1724, 3330, 2443, 5666, 7227, 662, 6495, 5528, 1758, 949, 1240, 2549, 6761, 3167, 3512, 2467, 2202, 1008, 1175, 1282, 2265, 2213, 2622, 2216, 5362, 1433, 2515, 3004, 2371, 14, 1693, 1156, 5482, 3636, 4850, 3376, 4597, 6823, 4998, 5748, 2494, 7873, 2088]",0.8676338195800781,0.3344922199782697,0.5601661858678821,0.6114137768745422,0.53813236951828,3968,/zhome/14/b/214266/Repos/ml-surrogates-for-power-systems/outputs/hpo_workflows/marker_directed_sm_avr_gov_v1_20260320_145448/refine/runs/cfg_00095_e16fb04c46/qbc/history.jsonl,128,8192,31,true,128,256,/zhome/14/b/214266/Repos/ml-surrogates-for-power-systems/outputs/hpo_workflows/marker_directed_sm_avr_gov_v1_20260320_145448/refine/runs/cfg_00095_e16fb04c46/run_manifest.json,active.candidate_method=lhs;;active.log_every=5;;active.marker.greedy_score_weight=0.9;;active.marker.include_anchor_state_markers=true;;active.marker.k_density=20;;active.marker.pca_explained_variance=0.95;;active.marker.preselect_factor=3;;active.marker.settling_fraction=0.05;;active.marker.weights.diversity=0.6;;active.marker.weights.sparsity=0.4;;qbc_K=128;;qbc_P=8192;;qbc_T=31;;qbc_enable_logging=true;;qbc_n0=128;;qbc_n_test=256,,
